id,srno,session,daysPresent,daysAbsent,attendancePercentage
1,2,Budget Session,9,0,100.0
2,2,Winter Session,15,0,100.0
3,2,Special Session,4,0,100.0
4,2,Monsoon Session,17,0,100.0
5,2,Budget Session,25,0,100.0
6,2,Winter Session,13,0,100.0
7,2,Monsoon Session,16,0,100.0
8,2,Budget Session,29,0,100.0
9,2,Winter Session,18,0,100.0
10,2,Monsoon Session,17,0,100.0
11,2,Budget Session,33,0,100.0
12,2,Monsoon Session,18,0,100.0
13,2,Budget Session,34,0,100.0
14,2,Winter Session,20,0,100.0
15,2,Budget Session,10,0,100.0
16,2,Winter Session,18,0,100.0
17,2,Monsoon Session,17,0,100.0
18,2,Budget Session,22,0,100.0
19,2,Budget Session,8,0,100.0
20,2,Winter Session,13,0,100.0
21,2,Monsoon Session,19,0,100.0
22,2,Budget Session,21,0,100.0
23,2,Budget Session,8,0,100.0
24,2,Winter Session,21,0,100.0
25,2,Monsoon Session,20,0,100.0
26,2,Budget Session,15,0,100.0
27,2,Budget Session,16,0,100.0
28,2,Winter Session,20,0,100.0
29,2,Monsoon Session,17,0,100.0
30,2,Budget Session,13,0,100.0
31,2,Budget Session,19,0,100.0
32,2,Winter Session,22,0,100.0
33,2,Budget Session,27,0,100.0
34,2,Special Session,3,0,100.0
35,2,Winter Session,12,0,100.0
36,2,Winter Session,10,0,100.0
37,2,Monsoon Session,21,0,100.0
38,2,Budget Session,11,0,100.0
39,2,Budget Session,21,0,100.0
40,2,Winter Session,20,0,100.0
41,2,Monsoon Session,19,0,100.0
42,2,225th Part-2,21,0,100.0
43,2,225th Part-1,14,0,100.0
44,2,Winter Session,24,0,100.0
45,2,Monsoon Session,26,0,100.0
46,2,Budget Session,23,0,100.0
47,2,Winter Session,23,0,100.0
48,2,Monsoon Session,26,0,100.0
49,2,219th Part-2,17,0,100.0
50,2,219th Part-1,15,0,100.0
51,2,Winter Session,23,0,100.0
52,2,Budget Session,26,0,100.0
53,2,Special Session,4,0,100.0
54,2,Budget Session,10,0,100.0
55,2,214th Part2,10,0,100.0
56,2,214th Part-1,6,0,100.0
57,2,Budget Session,35,0,100.0
58,2,Winter Session,17,0,100.0
59,8,Budget Session,35,0,100.0
60,8,Winter Session,17,0,100.0
61,10,Winter Session,15,0,100.0
62,10,Monsoon Session,21,0,100.0
63,10,Budget Session,27,0,100.0
64,10,Winter Session,19,0,100.0
65,10,Monsoon Session,16,0,100.0
66,10,Special Session,5,0,100.0
67,10,Budget Session,9,0,100.0
68,10,Winter Session,15,0,100.0
69,10,Special Session,4,0,100.0
70,10,Monsoon Session,17,0,100.0
71,10,Budget Session,25,0,100.0
72,10,Winter Session,13,0,100.0
73,10,Monsoon Session,16,0,100.0
74,10,Budget Session,29,0,100.0
75,10,Winter Session,18,0,100.0
76,10,Monsoon Session,17,0,100.0
77,10,Budget Session,33,0,100.0
78,10,Monsoon Session,18,0,100.0
79,10,Budget Session,34,0,100.0
80,10,Winter Session,20,0,100.0
81,10,Monsoon Session,35,0,100.0
82,10,Budget Session,10,0,100.0
83,10,Winter Session,18,0,100.0
84,10,Monsoon Session,17,0,100.0
85,10,Budget Session,22,0,100.0
86,10,Budget Session,8,0,100.0
87,10,Winter Session,13,0,100.0
88,10,Monsoon Session,19,0,100.0
89,10,Budget Session,21,0,100.0
90,10,Budget Session,8,0,100.0
91,10,Winter Session,21,0,100.0
92,10,Monsoon Session,20,0,100.0
93,10,Budget Session,15,0,100.0
94,10,Budget Session,16,0,100.0
95,10,Winter Session,20,0,100.0
96,10,Monsoon Session,17,0,100.0
97,10,Budget Session,13,0,100.0
98,10,Budget Session,19,0,100.0
99,10,Winter Session,22,0,100.0
100,10,Budget Session,27,0,100.0
101,10,Special Session,3,0,100.0
102,10,Winter Session,12,0,100.0
103,10,Winter Session,10,0,100.0
104,10,Monsoon Session,21,0,100.0
105,10,Budget Session,11,0,100.0
106,10,Budget Session,21,0,100.0
107,10,Winter Session,20,0,100.0
108,10,Monsoon Session,19,0,100.0
109,10,225th Part-2,21,0,100.0
110,10,225th Part-1,14,0,100.0
111,10,Winter Session,24,0,100.0
112,10,Monsoon Session,26,0,100.0
113,10,Budget Session,23,0,100.0
114,10,Winter Session,23,0,100.0
115,10,Monsoon Session,26,0,100.0
116,10,219th Part-2,17,0,100.0
117,10,219th Part-1,15,0,100.0
118,10,Winter Session,23,0,100.0
119,10,Budget Session,26,0,100.0
120,10,Special Session,4,0,100.0
121,10,Budget Session,10,0,100.0
122,10,214th Part2,10,0,100.0
123,10,214th Part-1,6,0,100.0
124,10,Budget Session,35,0,100.0
125,10,Winter Session,17,0,100.0
126,23,Budget Session,22,0,100.0
127,23,Budget Session,8,0,100.0
128,23,Winter Session,13,0,100.0
129,23,Monsoon Session,19,0,100.0
130,23,Budget Session,21,0,100.0
131,23,Budget Session,8,0,100.0
132,23,Winter Session,21,0,100.0
133,23,Monsoon Session,20,0,100.0
134,23,Budget Session,15,0,100.0
135,23,Budget Session,16,0,100.0
136,23,Winter Session,20,0,100.0
137,23,Monsoon Session,17,0,100.0
138,23,Budget Session,13,0,100.0
139,23,Budget Session,19,0,100.0
140,23,Winter Session,22,0,100.0
141,23,Budget Session,27,0,100.0
142,23,Special Session,3,0,100.0
143,23,Winter Session,12,0,100.0
144,23,Winter Session,10,0,100.0
145,23,Monsoon Session,21,0,100.0
146,23,Budget Session,11,0,100.0
147,23,Budget Session,21,0,100.0
148,23,Winter Session,20,0,100.0
149,23,Monsoon Session,19,0,100.0
150,23,225th Part-2,21,0,100.0
151,23,219th Part-2,17,0,100.0
152,23,219th Part-1,15,0,100.0
153,23,Winter Session,23,0,100.0
154,23,Budget Session,26,0,100.0
155,23,Special Session,4,0,100.0
156,23,Budget Session,10,0,100.0
157,23,214th Part2,10,0,100.0
158,23,214th Part-1,6,0,100.0
159,23,Budget Session,35,0,100.0
160,23,Winter Session,17,0,100.0
161,27,Budget Session,9,0,100.0
162,27,Winter Session,15,0,100.0
163,27,Special Session,4,0,100.0
164,27,Monsoon Session,17,0,100.0
165,27,Budget Session,25,0,100.0
166,27,Winter Session,13,0,100.0
167,27,Monsoon Session,16,0,100.0
168,27,Budget Session,29,0,100.0
169,27,Winter Session,18,0,100.0
170,27,Monsoon Session,17,0,100.0
171,27,Budget Session,33,0,100.0
172,27,Monsoon Session,18,0,100.0
173,27,Budget Session,34,0,100.0
174,27,Winter Session,20,0,100.0
175,27,Monsoon Session,35,0,100.0
176,27,Budget Session,10,0,100.0
177,27,Winter Session,18,0,100.0
178,27,Monsoon Session,17,0,100.0
179,27,Budget Session,22,0,100.0
180,27,Budget Session,22,0,100.0
181,27,Budget Session,8,0,100.0
182,27,Winter Session,13,0,100.0
183,27,Monsoon Session,19,0,100.0
184,27,Budget Session,21,0,100.0
185,27,Budget Session,8,0,100.0
186,27,Winter Session,21,0,100.0
187,27,Monsoon Session,20,0,100.0
188,27,Budget Session,15,0,100.0
189,27,Budget Session,16,0,100.0
190,27,Winter Session,20,0,100.0
191,27,Monsoon Session,17,0,100.0
192,27,Budget Session,13,0,100.0
193,27,Budget Session,19,0,100.0
194,27,Winter Session,22,0,100.0
195,27,Budget Session,27,0,100.0
196,27,Special Session,3,0,100.0
197,27,Winter Session,12,0,100.0
198,27,Winter Session,10,0,100.0
199,27,Monsoon Session,21,0,100.0
200,27,Budget Session,11,0,100.0
201,27,Budget Session,21,0,100.0
202,27,Winter Session,20,0,100.0
203,27,Monsoon Session,19,0,100.0
204,27,225th Part-2,21,0,100.0
205,27,225th Part-1,14,0,100.0
206,27,Winter Session,24,0,100.0
207,27,Monsoon Session,26,0,100.0
208,27,Budget Session,23,0,100.0
209,27,Winter Session,23,0,100.0
210,27,Monsoon Session,26,0,100.0
211,27,219th Part-2,17,0,100.0
212,27,219th Part-1,15,0,100.0
213,27,Winter Session,23,0,100.0
214,27,Budget Session,26,0,100.0
215,27,Special Session,4,0,100.0
216,27,Budget Session,10,0,100.0
217,27,214th Part2,10,0,100.0
218,27,214th Part-1,6,0,100.0
219,27,Budget Session,35,0,100.0
220,27,Winter Session,17,0,100.0
221,28,219th Part-2,17,0,100.0
222,28,219th Part-1,15,0,100.0
223,28,Winter Session,23,0,100.0
224,28,Budget Session,26,0,100.0
225,28,Special Session,4,0,100.0
226,28,Budget Session,10,0,100.0
227,28,214th Part2,10,0,100.0
228,28,214th Part-1,6,0,100.0
229,28,Budget Session,35,0,100.0
230,28,Winter Session,17,0,100.0
231,29,Budget Session,29,0,100.0
232,29,Winter Session,18,0,100.0
233,29,Monsoon Session,17,0,100.0
234,29,Budget Session,33,0,100.0
235,29,Monsoon Session,18,0,100.0
236,29,Budget Session,34,0,100.0
237,29,Winter Session,20,0,100.0
238,29,Monsoon Session,35,0,100.0
239,29,Budget Session,10,0,100.0
240,29,Winter Session,18,0,100.0
241,29,Monsoon Session,17,0,100.0
242,29,Budget Session,22,0,100.0
243,29,Budget Session,8,0,100.0
244,29,Winter Session,13,0,100.0
245,29,Monsoon Session,19,0,100.0
246,29,Budget Session,21,0,100.0
247,29,Budget Session,8,0,100.0
248,29,Winter Session,21,0,100.0
249,29,Monsoon Session,20,0,100.0
250,29,Budget Session,15,0,100.0
251,29,Budget Session,16,0,100.0
252,29,Winter Session,20,0,100.0
253,29,Monsoon Session,17,0,100.0
254,29,Budget Session,13,0,100.0
255,29,Budget Session,19,0,100.0
256,29,Winter Session,22,0,100.0
257,29,Budget Session,27,0,100.0
258,29,Special Session,3,0,100.0
259,29,Winter Session,12,0,100.0
260,29,Winter Session,10,0,100.0
261,29,Monsoon Session,21,0,100.0
262,29,Budget Session,11,0,100.0
263,29,Budget Session,21,0,100.0
264,29,Winter Session,20,0,100.0
265,29,Monsoon Session,19,0,100.0
266,29,225th Part-2,21,0,100.0
267,29,225th Part-1,14,0,100.0
268,29,Winter Session,24,0,100.0
269,29,Monsoon Session,26,0,100.0
270,29,Budget Session,23,0,100.0
271,29,Winter Session,23,0,100.0
272,29,Monsoon Session,26,0,100.0
273,29,Budget Session,26,0,100.0
274,29,Special Session,4,0,100.0
275,29,Budget Session,10,0,100.0
276,29,214th Part2,10,0,100.0
277,29,214th Part-1,6,0,100.0
278,29,Budget Session,35,0,100.0
279,29,Winter Session,17,0,100.0
280,43,Winter Session,12,0,100.0
281,43,Winter Session,10,0,100.0
282,43,Monsoon Session,21,0,100.0
283,43,Budget Session,11,0,100.0
284,43,Budget Session,21,0,100.0
285,43,Winter Session,20,0,100.0
286,43,Monsoon Session,19,0,100.0
287,43,225th Part-2,21,0,100.0
288,43,225th Part-1,14,0,100.0
289,43,Winter Session,24,0,100.0
290,43,Monsoon Session,26,0,100.0
291,43,Budget Session,23,0,100.0
292,43,Winter Session,23,0,100.0
293,43,Monsoon Session,26,0,100.0
294,43,219th Part-2,17,0,100.0
295,43,219th Part-1,15,0,100.0
296,43,Winter Session,23,0,100.0
297,43,Budget Session,26,0,100.0
298,43,Special Session,4,0,100.0
299,43,Budget Session,10,0,100.0
300,43,214th Part2,10,0,100.0
301,43,214th Part-1,6,0,100.0
302,72,219th Part-2,17,0,100.0
303,72,219th Part-1,15,0,100.0
304,72,Winter Session,23,0,100.0
305,72,Budget Session,26,0,100.0
306,72,Special Session,4,0,100.0
307,72,Budget Session,10,0,100.0
308,72,214th Part2,10,0,100.0
309,72,214th Part-1,6,0,100.0
310,72,Budget Session,35,0,100.0
311,72,Winter Session,17,0,100.0
312,73,Budget Session,29,0,100.0
313,73,Winter Session,18,0,100.0
314,73,Monsoon Session,17,0,100.0
315,73,Budget Session,33,0,100.0
316,73,Monsoon Session,18,0,100.0
317,73,Budget Session,34,0,100.0
318,73,Winter Session,20,0,100.0
319,73,Monsoon Session,35,0,100.0
320,73,Budget Session,10,0,100.0
321,73,Winter Session,18,0,100.0
322,73,Monsoon Session,17,0,100.0
323,73,Budget Session,22,0,100.0
324,73,Budget Session,8,0,100.0
325,73,Winter Session,13,0,100.0
326,73,Monsoon Session,19,0,100.0
327,73,Budget Session,21,0,100.0
328,73,Budget Session,8,0,100.0
329,73,Winter Session,21,0,100.0
330,73,Monsoon Session,20,0,100.0
331,73,Winter Session,22,0,100.0
332,73,Budget Session,27,0,100.0
333,73,Special Session,3,0,100.0
334,73,Winter Session,12,0,100.0
335,73,Winter Session,10,0,100.0
336,73,Monsoon Session,21,0,100.0
337,73,Budget Session,11,0,100.0
338,73,Budget Session,21,0,100.0
339,73,Winter Session,20,0,100.0
340,73,Monsoon Session,19,0,100.0
341,73,225th Part-2,21,0,100.0
342,73,225th Part-1,14,0,100.0
343,73,Winter Session,24,0,100.0
344,73,Monsoon Session,26,0,100.0
345,73,Budget Session,23,0,100.0
346,73,Winter Session,23,0,100.0
347,73,Monsoon Session,26,0,100.0
348,73,219th Part-2,17,0,100.0
349,73,219th Part-1,15,0,100.0
350,73,Winter Session,23,0,100.0
351,73,Budget Session,26,0,100.0
352,73,Special Session,4,0,100.0
353,73,Budget Session,10,0,100.0
354,73,214th Part2,10,0,100.0
355,73,214th Part-1,6,0,100.0
356,73,Budget Session,35,0,100.0
357,73,Winter Session,17,0,100.0
358,74,Winter Session,15,0,100.0
359,74,Monsoon Session,21,0,100.0
360,74,Budget Session,27,0,100.0
361,74,Winter Session,19,0,100.0
362,74,Monsoon Session,16,0,100.0
363,74,Special Session,5,0,100.0
364,74,Budget Session,9,0,100.0
365,74,Winter Session,15,0,100.0
366,74,Special Session,4,0,100.0
367,74,Monsoon Session,17,0,100.0
368,74,Budget Session,25,0,100.0
369,74,Winter Session,13,0,100.0
370,74,Monsoon Session,16,0,100.0
371,74,Budget Session,29,0,100.0
372,74,Winter Session,18,0,100.0
373,74,Monsoon Session,17,0,100.0
374,74,Budget Session,33,0,100.0
375,74,Monsoon Session,18,0,100.0
376,74,Budget Session,34,0,100.0
377,74,Winter Session,20,0,100.0
378,74,Monsoon Session,35,0,100.0
379,74,Budget Session,10,0,100.0
380,74,Winter Session,18,0,100.0
381,74,Monsoon Session,17,0,100.0
382,74,Budget Session,22,0,100.0
383,74,Budget Session,8,0,100.0
384,74,Winter Session,13,0,100.0
385,74,Monsoon Session,19,0,100.0
386,74,Budget Session,21,0,100.0
387,74,Budget Session,8,0,100.0
388,74,Winter Session,21,0,100.0
389,74,Monsoon Session,20,0,100.0
390,75,225th Part-1,14,0,100.0
391,75,Winter Session,24,0,100.0
392,75,Monsoon Session,26,0,100.0
393,75,Budget Session,23,0,100.0
394,75,Winter Session,23,0,100.0
395,75,Monsoon Session,26,0,100.0
396,75,219th Part-2,17,0,100.0
397,75,219th Part-1,15,0,100.0
398,75,Winter Session,23,0,100.0
399,75,Budget Session,26,0,100.0
400,75,Special Session,4,0,100.0
401,75,Budget Session,10,0,100.0
402,75,214th Part2,10,0,100.0
403,75,214th Part-1,6,0,100.0
404,75,Budget Session,35,0,100.0
405,75,Winter Session,17,0,100.0
406,77,219th Part-2,17,0,100.0
407,77,219th Part-1,15,0,100.0
408,77,Winter Session,23,0,100.0
409,77,Budget Session,26,0,100.0
410,77,Special Session,4,0,100.0
411,77,Budget Session,10,0,100.0
412,77,214th Part2,10,0,100.0
413,77,214th Part-1,6,0,100.0
414,77,Budget Session,35,0,100.0
415,77,Winter Session,17,0,100.0
416,78,219th Part-2,17,0,100.0
417,78,219th Part-1,15,0,100.0
418,78,Winter Session,23,0,100.0
419,78,Budget Session,26,0,100.0
420,78,Special Session,4,0,100.0
421,78,Budget Session,10,0,100.0
422,78,214th Part2,10,0,100.0
423,78,214th Part-1,6,0,100.0
424,78,Budget Session,35,0,100.0
425,78,Winter Session,17,0,100.0
426,79,214th Part-1,6,0,100.0
427,79,Budget Session,35,0,100.0
428,79,Winter Session,17,0,100.0
429,82,Winter Session,13,0,100.0
430,82,Monsoon Session,19,0,100.0
431,82,Budget Session,21,0,100.0
432,82,Budget Session,8,0,100.0
433,82,Winter Session,21,0,100.0
434,82,Monsoon Session,20,0,100.0
435,82,Budget Session,15,0,100.0
436,82,Budget Session,16,0,100.0
437,82,Winter Session,20,0,100.0
438,82,Monsoon Session,17,0,100.0
439,82,Budget Session,13,0,100.0
440,82,Budget Session,19,0,100.0
441,82,Winter Session,22,0,100.0
442,82,Budget Session,27,0,100.0
443,82,Special Session,3,0,100.0
444,82,Winter Session,12,0,100.0
445,82,Winter Session,10,0,100.0
446,82,Monsoon Session,21,0,100.0
447,82,Budget Session,11,0,100.0
448,82,Budget Session,21,0,100.0
449,82,Winter Session,20,0,100.0
450,82,Monsoon Session,19,0,100.0
451,82,225th Part-2,21,0,100.0
452,82,225th Part-1,14,0,100.0
453,82,Winter Session,24,0,100.0
454,82,Monsoon Session,26,0,100.0
455,82,Budget Session,23,0,100.0
456,82,Winter Session,23,0,100.0
457,82,Monsoon Session,26,0,100.0
458,82,219th Part-2,17,0,100.0
459,82,219th Part-1,15,0,100.0
460,82,Winter Session,23,0,100.0
461,82,Budget Session,26,0,100.0
462,82,Special Session,4,0,100.0
463,82,Budget Session,10,0,100.0
464,82,214th Part2,10,0,100.0
465,82,214th Part-1,6,0,100.0
466,82,Budget Session,35,0,100.0
467,82,Winter Session,17,0,100.0
468,83,Budget Session,29,0,100.0
469,83,Winter Session,18,0,100.0
470,83,Monsoon Session,17,0,100.0
471,83,Budget Session,33,0,100.0
472,83,Monsoon Session,18,0,100.0
473,83,Budget Session,34,0,100.0
474,83,Winter Session,20,0,100.0
475,83,Monsoon Session,35,0,100.0
476,83,Budget Session,10,0,100.0
477,83,Winter Session,18,0,100.0
478,83,Monsoon Session,17,0,100.0
479,83,Budget Session,22,0,100.0
480,83,Budget Session,8,0,100.0
481,83,Winter Session,13,0,100.0
482,83,Monsoon Session,19,0,100.0
483,83,Budget Session,21,0,100.0
484,83,Budget Session,8,0,100.0
485,83,Winter Session,21,0,100.0
486,83,Monsoon Session,20,0,100.0
487,83,Budget Session,15,0,100.0
488,83,Budget Session,16,0,100.0
489,83,Winter Session,20,0,100.0
490,83,Monsoon Session,17,0,100.0
491,83,Budget Session,13,0,100.0
492,83,Budget Session,19,0,100.0
493,83,Winter Session,22,0,100.0
494,83,Budget Session,27,0,100.0
495,83,Special Session,3,0,100.0
496,83,Winter Session,12,0,100.0
497,83,Winter Session,10,0,100.0
498,83,Monsoon Session,21,0,100.0
499,83,Budget Session,11,0,100.0
500,83,Budget Session,21,0,100.0
501,83,Winter Session,20,0,100.0
502,83,Monsoon Session,19,0,100.0
503,83,225th Part-2,21,0,100.0
504,83,225th Part-1,14,0,100.0
505,83,Winter Session,24,0,100.0
506,83,Monsoon Session,26,0,100.0
507,83,Budget Session,23,0,100.0
508,83,Winter Session,23,0,100.0
509,83,Monsoon Session,26,0,100.0
510,83,219th Part-2,17,0,100.0
511,83,219th Part-1,15,0,100.0
512,83,Winter Session,23,0,100.0
513,83,Budget Session,26,0,100.0
514,83,Special Session,4,0,100.0
515,83,Budget Session,10,0,100.0
516,83,214th Part2,10,0,100.0
517,83,214th Part-1,6,0,100.0
518,83,Budget Session,35,0,100.0
519,83,Winter Session,17,0,100.0
520,86,Budget Session,35,0,100.0
521,86,Winter Session,17,0,100.0
522,89,Winter Session,15,0,100.0
523,89,Monsoon Session,21,0,100.0
524,89,Budget Session,27,0,100.0
525,89,Winter Session,19,0,100.0
526,89,Monsoon Session,16,0,100.0
527,89,Special Session,5,0,100.0
528,89,Budget Session,9,0,100.0
529,89,Winter Session,15,0,100.0
530,89,Special Session,4,0,100.0
531,89,Monsoon Session,17,0,100.0
532,89,Budget Session,25,0,100.0
533,89,Winter Session,13,0,100.0
534,89,Monsoon Session,16,0,100.0
535,89,Budget Session,29,0,100.0
536,89,Winter Session,18,0,100.0
537,89,Monsoon Session,17,0,100.0
538,89,Budget Session,33,0,100.0
539,89,Monsoon Session,18,0,100.0
540,89,Budget Session,35,0,100.0
541,89,Winter Session,17,0,100.0
542,94,225th Part-1,14,0,100.0
543,94,Winter Session,24,0,100.0
544,94,Monsoon Session,26,0,100.0
545,94,Budget Session,23,0,100.0
546,94,Winter Session,23,0,100.0
547,94,Monsoon Session,26,0,100.0
548,94,219th Part-2,17,0,100.0
549,94,219th Part-1,15,0,100.0
550,94,Winter Session,23,0,100.0
551,94,Budget Session,26,0,100.0
552,94,Special Session,4,0,100.0
553,94,Budget Session,10,0,100.0
554,94,214th Part2,10,0,100.0
555,94,214th Part-1,6,0,100.0
556,94,Budget Session,35,0,100.0
557,94,Winter Session,17,0,100.0
558,101,225th Part-1,14,0,100.0
559,101,Winter Session,24,0,100.0
560,101,Monsoon Session,26,0,100.0
561,101,Budget Session,23,0,100.0
562,101,Winter Session,23,0,100.0
563,101,Monsoon Session,26,0,100.0
564,101,219th Part-2,17,0,100.0
565,101,219th Part-1,15,0,100.0
566,101,Winter Session,23,0,100.0
567,101,Budget Session,26,0,100.0
568,101,Special Session,4,0,100.0
569,101,Budget Session,10,0,100.0
570,101,214th Part2,10,0,100.0
571,101,214th Part-1,6,0,100.0
572,101,Budget Session,35,0,100.0
573,101,Winter Session,17,0,100.0
574,103,219th Part-1,15,0,100.0
575,103,Winter Session,23,0,100.0
576,103,Budget Session,26,0,100.0
577,103,Special Session,4,0,100.0
578,103,Budget Session,10,0,100.0
579,103,214th Part2,10,0,100.0
580,103,214th Part-1,6,0,100.0
581,103,Budget Session,35,0,100.0
582,103,Winter Session,17,0,100.0
583,109,Winter Session,15,0,100.0
584,109,Monsoon Session,21,0,100.0
585,109,Budget Session,27,0,100.0
586,109,Winter Session,19,0,100.0
587,109,Monsoon Session,16,0,100.0
588,109,Special Session,5,0,100.0
589,109,Budget Session,9,0,100.0
590,109,Winter Session,15,0,100.0
591,109,Special Session,4,0,100.0
592,109,Monsoon Session,17,0,100.0
593,109,Budget Session,25,0,100.0
594,109,Winter Session,13,0,100.0
595,109,Monsoon Session,16,0,100.0
596,109,Budget Session,29,0,100.0
597,109,Winter Session,18,0,100.0
598,109,Monsoon Session,17,0,100.0
599,109,Budget Session,33,0,100.0
600,109,Monsoon Session,18,0,100.0
601,109,Budget Session,34,0,100.0
602,109,Winter Session,20,0,100.0
603,109,Monsoon Session,35,0,100.0
604,109,Budget Session,10,0,100.0
605,109,Winter Session,18,0,100.0
606,109,Monsoon Session,17,0,100.0
607,109,Budget Session,22,0,100.0
608,109,Budget Session,8,0,100.0
609,109,Winter Session,13,0,100.0
610,109,Monsoon Session,19,0,100.0
611,109,Budget Session,21,0,100.0
612,109,Budget Session,8,0,100.0
613,109,Winter Session,21,0,100.0
614,109,Monsoon Session,20,0,100.0
615,109,Budget Session,15,0,100.0
616,109,Budget Session,16,0,100.0
617,109,Winter Session,20,0,100.0
618,109,Monsoon Session,17,0,100.0
619,109,Budget Session,13,0,100.0
620,109,Budget Session,19,0,100.0
621,109,Winter Session,22,0,100.0
622,109,Winter Session,22,0,100.0
623,109,Budget Session,27,0,100.0
624,109,Special Session,3,0,100.0
625,109,Winter Session,12,0,100.0
626,109,Winter Session,10,0,100.0
627,109,Monsoon Session,21,0,100.0
628,109,Budget Session,11,0,100.0
629,109,Budget Session,21,0,100.0
630,109,Winter Session,20,0,100.0
631,109,Monsoon Session,19,0,100.0
632,109,225th Part-2,21,0,100.0
633,109,225th Part-1,14,0,100.0
634,109,Winter Session,24,0,100.0
635,109,Monsoon Session,26,0,100.0
636,109,Budget Session,23,0,100.0
637,109,Winter Session,23,0,100.0
638,109,Monsoon Session,26,0,100.0
639,109,219th Part-2,17,0,100.0
640,109,219th Part-1,15,0,100.0
641,109,Winter Session,23,0,100.0
642,109,Budget Session,26,0,100.0
643,109,Special Session,4,0,100.0
644,109,Budget Session,10,0,100.0
645,109,214th Part2,10,0,100.0
646,115,225th Part-1,14,0,100.0
647,115,Winter Session,24,0,100.0
648,115,Monsoon Session,26,0,100.0
649,115,Budget Session,23,0,100.0
650,115,Winter Session,23,0,100.0
651,115,Monsoon Session,26,0,100.0
652,115,219th Part-2,17,0,100.0
653,115,219th Part-1,15,0,100.0
654,115,Winter Session,23,0,100.0
655,115,Budget Session,26,0,100.0
656,115,Special Session,4,0,100.0
657,115,Budget Session,10,0,100.0
658,115,214th Part2,10,0,100.0
659,115,214th Part-1,6,0,100.0
660,115,Budget Session,35,0,100.0
661,115,Winter Session,17,0,100.0
662,118,225th Part-1,14,0,100.0
663,118,Winter Session,24,0,100.0
664,118,Monsoon Session,26,0,100.0
665,118,Budget Session,23,0,100.0
666,118,Winter Session,23,0,100.0
667,118,Monsoon Session,26,0,100.0
668,118,219th Part-2,17,0,100.0
669,118,219th Part-1,15,0,100.0
670,118,Winter Session,23,0,100.0
671,118,Budget Session,26,0,100.0
672,118,Special Session,4,0,100.0
673,118,Budget Session,10,0,100.0
674,118,214th Part2,10,0,100.0
675,118,214th Part-1,6,0,100.0
676,118,Budget Session,35,0,100.0
677,118,Winter Session,17,0,100.0
678,119,Winter Session,22,0,100.0
679,119,Budget Session,27,0,100.0
680,119,Special Session,3,0,100.0
681,119,Winter Session,12,0,100.0
682,119,Winter Session,10,0,100.0
683,119,Monsoon Session,21,0,100.0
684,119,Budget Session,11,0,100.0
685,119,Budget Session,21,0,100.0
686,119,Winter Session,20,0,100.0
687,119,Monsoon Session,19,0,100.0
688,119,225th Part-2,21,0,100.0
689,119,225th Part-1,14,0,100.0
690,119,Winter Session,24,0,100.0
691,119,Monsoon Session,26,0,100.0
692,119,Budget Session,23,0,100.0
693,119,Winter Session,23,0,100.0
694,119,Monsoon Session,26,0,100.0
695,119,219th Part-2,17,0,100.0
696,119,219th Part-1,15,0,100.0
697,119,Winter Session,23,0,100.0
698,119,Budget Session,26,0,100.0
699,119,Special Session,4,0,100.0
700,119,Budget Session,10,0,100.0
701,119,214th Part2,10,0,100.0
702,119,214th Part-1,6,0,100.0
703,119,Budget Session,35,0,100.0
704,119,Winter Session,17,0,100.0
705,123,225th Part-1,14,0,100.0
706,123,Winter Session,24,0,100.0
707,123,Monsoon Session,26,0,100.0
708,123,Budget Session,23,0,100.0
709,123,Winter Session,23,0,100.0
710,123,Monsoon Session,26,0,100.0
711,123,219th Part-2,17,0,100.0
712,123,219th Part-1,15,0,100.0
713,123,Winter Session,23,0,100.0
714,123,Budget Session,26,0,100.0
715,123,Special Session,4,0,100.0
716,123,Budget Session,10,0,100.0
717,123,214th Part2,10,0,100.0
718,123,214th Part-1,6,0,100.0
719,123,Budget Session,35,0,100.0
720,123,Winter Session,17,0,100.0
721,125,214th Part-1,6,0,100.0
722,125,Budget Session,35,0,100.0
723,125,Winter Session,17,0,100.0
724,126,Budget Session,33,0,100.0
725,126,Monsoon Session,18,0,100.0
726,126,Budget Session,34,0,100.0
727,126,Winter Session,20,0,100.0
728,126,Monsoon Session,35,0,100.0
729,126,Budget Session,10,0,100.0
730,126,Winter Session,18,0,100.0
731,126,Monsoon Session,17,0,100.0
732,126,Budget Session,22,0,100.0
733,126,Budget Session,8,0,100.0
734,126,Winter Session,13,0,100.0
735,126,Monsoon Session,19,0,100.0
736,126,Budget Session,21,0,100.0
737,126,Budget Session,8,0,100.0
738,126,Winter Session,21,0,100.0
739,126,Monsoon Session,20,0,100.0
740,126,Budget Session,15,0,100.0
741,126,Budget Session,16,0,100.0
742,126,Winter Session,20,0,100.0
743,126,Monsoon Session,17,0,100.0
744,126,Budget Session,13,0,100.0
745,126,Budget Session,19,0,100.0
746,126,Winter Session,22,0,100.0
747,126,Budget Session,27,0,100.0
748,126,Special Session,3,0,100.0
749,126,Winter Session,12,0,100.0
750,126,Winter Session,10,0,100.0
751,126,Monsoon Session,21,0,100.0
752,126,Budget Session,11,0,100.0
753,126,Budget Session,21,0,100.0
754,126,Winter Session,20,0,100.0
755,126,Monsoon Session,19,0,100.0
756,126,225th Part-2,21,0,100.0
757,126,225th Part-1,14,0,100.0
758,126,Winter Session,24,0,100.0
759,126,Monsoon Session,26,0,100.0
760,126,Budget Session,23,0,100.0
761,126,Winter Session,23,0,100.0
762,126,Monsoon Session,26,0,100.0
763,126,219th Part-2,17,0,100.0
764,126,219th Part-1,15,0,100.0
765,126,Winter Session,23,0,100.0
766,126,Budget Session,26,0,100.0
767,126,Special Session,4,0,100.0
768,126,Budget Session,10,0,100.0
769,127,Budget Session,35,0,100.0
770,127,Winter Session,17,0,100.0
771,131,Budget Session,35,0,100.0
772,131,Winter Session,17,0,100.0
773,132,225th Part-1,14,0,100.0
774,132,Winter Session,24,0,100.0
775,132,Monsoon Session,26,0,100.0
776,132,Budget Session,23,0,100.0
777,132,Winter Session,23,0,100.0
778,132,Monsoon Session,26,0,100.0
779,132,219th Part-2,17,0,100.0
780,132,219th Part-1,15,0,100.0
781,132,Winter Session,23,0,100.0
782,132,Budget Session,26,0,100.0
783,132,Special Session,4,0,100.0
784,132,Budget Session,10,0,100.0
785,132,214th Part2,10,0,100.0
786,132,214th Part-1,6,0,100.0
787,132,Budget Session,35,0,100.0
788,132,Winter Session,17,0,100.0
789,135,219th Part-2,17,0,100.0
790,135,219th Part-1,15,0,100.0
791,135,Winter Session,23,0,100.0
792,135,Budget Session,26,0,100.0
793,135,Special Session,4,0,100.0
794,135,Budget Session,10,0,100.0
795,135,214th Part2,10,0,100.0
796,135,214th Part-1,6,0,100.0
797,135,Budget Session,35,0,100.0
798,135,Winter Session,17,0,100.0
799,140,Budget Session,35,0,100.0
800,140,Winter Session,17,0,100.0
801,143,Budget Session,29,0,100.0
802,143,Winter Session,18,0,100.0
803,143,Monsoon Session,17,0,100.0
804,143,Budget Session,33,0,100.0
805,143,Monsoon Session,18,0,100.0
806,143,Budget Session,34,0,100.0
807,143,Winter Session,20,0,100.0
808,143,Monsoon Session,35,0,100.0
809,143,Budget Session,10,0,100.0
810,143,Winter Session,18,0,100.0
811,143,Monsoon Session,17,0,100.0
812,143,Budget Session,22,0,100.0
813,143,Budget Session,8,0,100.0
814,143,Winter Session,13,0,100.0
815,143,Monsoon Session,19,0,100.0
816,143,Budget Session,21,0,100.0
817,143,Budget Session,8,0,100.0
818,143,Winter Session,21,0,100.0
819,143,Monsoon Session,20,0,100.0
820,143,Budget Session,15,0,100.0
821,143,Budget Session,16,0,100.0
822,143,Winter Session,20,0,100.0
823,143,Monsoon Session,17,0,100.0
824,143,Budget Session,13,0,100.0
825,143,Budget Session,19,0,100.0
826,143,Winter Session,22,0,100.0
827,143,Budget Session,27,0,100.0
828,143,Special Session,3,0,100.0
829,143,Winter Session,12,0,100.0
830,143,Winter Session,10,0,100.0
831,143,Monsoon Session,21,0,100.0
832,143,Budget Session,11,0,100.0
833,143,Budget Session,21,0,100.0
834,143,Winter Session,20,0,100.0
835,143,Monsoon Session,19,0,100.0
836,143,225th Part-2,21,0,100.0
837,143,225th Part-1,14,0,100.0
838,143,Winter Session,24,0,100.0
839,143,Monsoon Session,26,0,100.0
840,143,Budget Session,23,0,100.0
841,143,Winter Session,23,0,100.0
842,143,Monsoon Session,26,0,100.0
843,146,Winter Session,12,0,100.0
844,146,Winter Session,10,0,100.0
845,146,Monsoon Session,21,0,100.0
846,146,Budget Session,11,0,100.0
847,146,Budget Session,21,0,100.0
848,146,Winter Session,20,0,100.0
849,146,Monsoon Session,19,0,100.0
850,146,225th Part-2,21,0,100.0
851,146,225th Part-1,14,0,100.0
852,146,Winter Session,24,0,100.0
853,146,Monsoon Session,26,0,100.0
854,146,Budget Session,23,0,100.0
855,146,Winter Session,23,0,100.0
856,146,Monsoon Session,26,0,100.0
857,146,219th Part-2,17,0,100.0
858,146,219th Part-1,15,0,100.0
859,146,Winter Session,23,0,100.0
860,146,Budget Session,26,0,100.0
861,146,Special Session,4,0,100.0
862,146,Budget Session,10,0,100.0
863,146,214th Part2,10,0,100.0
864,146,214th Part-1,6,0,100.0
865,146,Budget Session,35,0,100.0
866,146,Winter Session,17,0,100.0
867,155,Budget Session,15,0,100.0
868,155,Budget Session,16,0,100.0
869,155,Winter Session,20,0,100.0
870,155,Monsoon Session,17,0,100.0
871,155,Budget Session,13,0,100.0
872,155,Budget Session,19,0,100.0
873,155,Winter Session,22,0,100.0
874,155,Budget Session,27,0,100.0
875,155,Special Session,3,0,100.0
876,155,Winter Session,12,0,100.0
877,155,Winter Session,10,0,100.0
878,155,Monsoon Session,21,0,100.0
879,155,Budget Session,11,0,100.0
880,155,Budget Session,21,0,100.0
881,155,Winter Session,20,0,100.0
882,155,Monsoon Session,19,0,100.0
883,155,225th Part-2,21,0,100.0
884,155,225th Part-1,14,0,100.0
885,155,Winter Session,24,0,100.0
886,155,Monsoon Session,26,0,100.0
887,155,Budget Session,23,0,100.0
888,155,Winter Session,23,0,100.0
889,155,Monsoon Session,26,0,100.0
890,155,219th Part-2,17,0,100.0
891,155,219th Part-1,15,0,100.0
892,155,Winter Session,23,0,100.0
893,155,Budget Session,26,0,100.0
894,155,Special Session,4,0,100.0
895,155,Budget Session,10,0,100.0
896,155,214th Part2,10,0,100.0
897,155,214th Part-1,6,0,100.0
898,155,Budget Session,35,0,100.0
899,155,Winter Session,17,0,100.0
900,164,Budget Session,29,0,100.0
901,164,Winter Session,18,0,100.0
902,164,Monsoon Session,17,0,100.0
903,164,Budget Session,33,0,100.0
904,164,Monsoon Session,18,0,100.0
905,164,Budget Session,34,0,100.0
906,164,Winter Session,20,0,100.0
907,164,Monsoon Session,35,0,100.0
908,164,Budget Session,10,0,100.0
909,164,Winter Session,18,0,100.0
910,164,Monsoon Session,17,0,100.0
911,164,Budget Session,22,0,100.0
912,164,Budget Session,8,0,100.0
913,164,Winter Session,13,0,100.0
914,164,Monsoon Session,19,0,100.0
915,164,Budget Session,21,0,100.0
916,164,Budget Session,8,0,100.0
917,164,Winter Session,21,0,100.0
918,164,Monsoon Session,20,0,100.0
919,164,Budget Session,15,0,100.0
920,164,Budget Session,16,0,100.0
921,164,Winter Session,20,0,100.0
922,164,Monsoon Session,17,0,100.0
923,164,Budget Session,13,0,100.0
924,164,Budget Session,19,0,100.0
925,164,Winter Session,22,0,100.0
926,164,Budget Session,27,0,100.0
927,164,Special Session,3,0,100.0
928,164,Winter Session,12,0,100.0
929,164,Winter Session,10,0,100.0
930,164,Monsoon Session,21,0,100.0
931,164,Budget Session,11,0,100.0
932,164,Budget Session,21,0,100.0
933,164,Winter Session,20,0,100.0
934,164,Monsoon Session,19,0,100.0
935,164,225th Part-2,21,0,100.0
936,164,225th Part-1,14,0,100.0
937,164,Winter Session,24,0,100.0
938,164,Monsoon Session,26,0,100.0
939,164,Budget Session,23,0,100.0
940,164,Winter Session,23,0,100.0
941,164,Monsoon Session,26,0,100.0
942,164,219th Part-2,17,0,100.0
943,173,Budget Session,29,0,100.0
944,173,Winter Session,18,0,100.0
945,173,Monsoon Session,17,0,100.0
946,173,Budget Session,33,0,100.0
947,173,Monsoon Session,18,0,100.0
948,173,Budget Session,34,0,100.0
949,173,Winter Session,20,0,100.0
950,173,Monsoon Session,35,0,100.0
951,173,Budget Session,10,0,100.0
952,173,Winter Session,18,0,100.0
953,173,Monsoon Session,17,0,100.0
954,173,Budget Session,22,0,100.0
955,173,Budget Session,8,0,100.0
956,173,Winter Session,13,0,100.0
957,173,Monsoon Session,19,0,100.0
958,173,Budget Session,21,0,100.0
959,173,Budget Session,8,0,100.0
960,173,Winter Session,21,0,100.0
961,173,Monsoon Session,20,0,100.0
962,173,Budget Session,15,0,100.0
963,173,Budget Session,16,0,100.0
964,173,Winter Session,20,0,100.0
965,173,Monsoon Session,17,0,100.0
966,173,Budget Session,13,0,100.0
967,173,Budget Session,19,0,100.0
968,173,Winter Session,22,0,100.0
969,173,Budget Session,27,0,100.0
970,173,Special Session,3,0,100.0
971,173,Winter Session,12,0,100.0
972,173,Winter Session,10,0,100.0
973,173,Monsoon Session,21,0,100.0
974,173,Budget Session,11,0,100.0
975,173,Budget Session,21,0,100.0
976,173,Winter Session,20,0,100.0
977,173,Monsoon Session,19,0,100.0
978,173,225th Part-2,21,0,100.0
979,173,225th Part-1,14,0,100.0
980,173,Winter Session,24,0,100.0
981,173,Monsoon Session,26,0,100.0
982,173,Budget Session,23,0,100.0
983,173,Winter Session,23,0,100.0
984,173,Monsoon Session,26,0,100.0
985,173,219th Part-2,17,0,100.0
986,173,219th Part-1,15,0,100.0
987,173,Winter Session,23,0,100.0
988,173,Budget Session,26,0,100.0
989,173,Special Session,4,0,100.0
990,173,Budget Session,10,0,100.0
991,173,214th Part2,10,0,100.0
992,173,214th Part-1,6,0,100.0
993,173,Budget Session,35,0,100.0
994,173,Winter Session,17,0,100.0
995,175,Winter Session,15,0,100.0
996,175,Monsoon Session,21,0,100.0
997,175,Budget Session,27,0,100.0
998,175,Winter Session,19,0,100.0
999,175,Monsoon Session,16,0,100.0
1000,175,Special Session,5,0,100.0
1001,175,Budget Session,9,0,100.0
1002,175,Winter Session,15,0,100.0
1003,175,Special Session,4,0,100.0
1004,175,Monsoon Session,17,0,100.0
1005,175,Budget Session,25,0,100.0
1006,175,Winter Session,13,0,100.0
1007,175,Monsoon Session,16,0,100.0
1008,175,Budget Session,22,0,100.0
1009,175,Budget Session,8,0,100.0
1010,175,Winter Session,13,0,100.0
1011,175,Monsoon Session,19,0,100.0
1012,175,Budget Session,21,0,100.0
1013,175,Budget Session,8,0,100.0
1014,175,Winter Session,21,0,100.0
1015,175,Monsoon Session,20,0,100.0
1016,175,Budget Session,15,0,100.0
1017,175,Budget Session,16,0,100.0
1018,175,Winter Session,20,0,100.0
1019,175,Monsoon Session,17,0,100.0
1020,175,Budget Session,13,0,100.0
1021,175,Budget Session,19,0,100.0
1022,175,Winter Session,22,0,100.0
1023,175,Budget Session,27,0,100.0
1024,175,Special Session,3,0,100.0
1025,175,Winter Session,12,0,100.0
1026,175,Winter Session,10,0,100.0
1027,175,Monsoon Session,21,0,100.0
1028,175,Budget Session,11,0,100.0
1029,175,Budget Session,21,0,100.0
1030,175,Winter Session,20,0,100.0
1031,175,Monsoon Session,19,0,100.0
1032,175,225th Part-2,21,0,100.0
1033,175,225th Part-1,14,0,100.0
1034,175,Winter Session,24,0,100.0
1035,175,Monsoon Session,26,0,100.0
1036,175,Budget Session,23,0,100.0
1037,175,Winter Session,23,0,100.0
1038,175,Monsoon Session,26,0,100.0
1039,175,219th Part-2,17,0,100.0
1040,175,219th Part-1,15,0,100.0
1041,175,Winter Session,23,0,100.0
1042,175,Budget Session,26,0,100.0
1043,175,Special Session,4,0,100.0
1044,175,Budget Session,10,0,100.0
1045,175,214th Part2,10,0,100.0
1046,175,214th Part-1,6,0,100.0
1047,175,Budget Session,35,0,100.0
1048,175,Winter Session,17,0,100.0
1049,177,Winter Session,15,0,100.0
1050,177,Monsoon Session,21,0,100.0
1051,177,Budget Session,27,0,100.0
1052,177,Winter Session,19,0,100.0
1053,177,Monsoon Session,16,0,100.0
1054,177,Special Session,5,0,100.0
1055,177,Budget Session,9,0,100.0
1056,177,Winter Session,15,0,100.0
1057,177,Special Session,4,0,100.0
1058,177,Monsoon Session,17,0,100.0
1059,177,Budget Session,25,0,100.0
1060,177,Winter Session,13,0,100.0
1061,177,Monsoon Session,16,0,100.0
1062,177,Budget Session,29,0,100.0
1063,177,Winter Session,18,0,100.0
1064,177,Monsoon Session,17,0,100.0
1065,177,Budget Session,33,0,100.0
1066,177,Monsoon Session,18,0,100.0
1067,177,Budget Session,34,0,100.0
1068,177,Budget Session,34,0,100.0
1069,177,Winter Session,20,0,100.0
1070,177,Monsoon Session,35,0,100.0
1071,177,Budget Session,10,0,100.0
1072,177,Winter Session,18,0,100.0
1073,177,Monsoon Session,17,0,100.0
1074,177,Budget Session,22,0,100.0
1075,177,Budget Session,8,0,100.0
1076,177,Winter Session,13,0,100.0
1077,177,Monsoon Session,19,0,100.0
1078,177,Budget Session,21,0,100.0
1079,177,Budget Session,8,0,100.0
1080,177,Winter Session,21,0,100.0
1081,177,Monsoon Session,20,0,100.0
1082,177,Budget Session,15,0,100.0
1083,177,Budget Session,16,0,100.0
1084,177,Winter Session,20,0,100.0
1085,177,Monsoon Session,17,0,100.0
1086,177,Budget Session,13,0,100.0
1087,177,Budget Session,19,0,100.0
1088,177,Winter Session,22,0,100.0
1089,177,Budget Session,27,0,100.0
1090,177,Special Session,3,0,100.0
1091,177,Budget Session,11,0,100.0
1092,177,Budget Session,21,0,100.0
1093,177,Winter Session,20,0,100.0
1094,177,Monsoon Session,19,0,100.0
1095,177,225th Part-2,21,0,100.0
1096,177,225th Part-1,14,0,100.0
1097,177,Winter Session,24,0,100.0
1098,177,Monsoon Session,26,0,100.0
1099,177,Budget Session,23,0,100.0
1100,177,Winter Session,23,0,100.0
1101,177,Monsoon Session,26,0,100.0
1102,177,219th Part-2,17,0,100.0
1103,177,219th Part-1,15,0,100.0
1104,177,Winter Session,23,0,100.0
1105,177,Budget Session,26,0,100.0
1106,177,Special Session,4,0,100.0
1107,177,Budget Session,10,0,100.0
1108,177,214th Part2,10,0,100.0
1109,177,214th Part-1,6,0,100.0
1110,177,Budget Session,35,0,100.0
1111,177,Winter Session,17,0,100.0
1112,181,225th Part-1,14,0,100.0
1113,181,Winter Session,24,0,100.0
1114,181,Monsoon Session,26,0,100.0
1115,181,Budget Session,23,0,100.0
1116,181,Winter Session,23,0,100.0
1117,181,Monsoon Session,26,0,100.0
1118,181,219th Part-2,17,0,100.0
1119,181,219th Part-1,15,0,100.0
1120,181,Winter Session,23,0,100.0
1121,181,Budget Session,26,0,100.0
1122,181,Special Session,4,0,100.0
1123,181,Budget Session,10,0,100.0
1124,181,214th Part2,10,0,100.0
1125,181,214th Part-1,6,0,100.0
1126,181,Budget Session,35,0,100.0
1127,181,Winter Session,17,0,100.0
1128,187,225th Part-1,14,0,100.0
1129,187,Winter Session,24,0,100.0
1130,187,Monsoon Session,26,0,100.0
1131,187,Budget Session,23,0,100.0
1132,187,Winter Session,23,0,100.0
1133,187,Monsoon Session,26,0,100.0
1134,187,219th Part-2,17,0,100.0
1135,187,219th Part-1,15,0,100.0
1136,187,Winter Session,23,0,100.0
1137,187,Budget Session,26,0,100.0
1138,187,Special Session,4,0,100.0
1139,187,Budget Session,10,0,100.0
1140,187,214th Part2,10,0,100.0
1141,187,214th Part-1,6,0,100.0
1142,187,Budget Session,35,0,100.0
1143,187,Winter Session,17,0,100.0
1144,190,Budget Session,29,0,100.0
1145,190,Winter Session,18,0,100.0
1146,190,Monsoon Session,17,0,100.0
1147,190,Budget Session,33,0,100.0
1148,190,Monsoon Session,18,0,100.0
1149,190,Budget Session,34,0,100.0
1150,190,Winter Session,20,0,100.0
1151,190,Monsoon Session,35,0,100.0
1152,190,Budget Session,10,0,100.0
1153,190,Winter Session,18,0,100.0
1154,190,Monsoon Session,17,0,100.0
1155,190,Budget Session,22,0,100.0
1156,190,Budget Session,8,0,100.0
1157,190,Winter Session,13,0,100.0
1158,190,Monsoon Session,19,0,100.0
1159,190,Budget Session,21,0,100.0
1160,190,Budget Session,8,0,100.0
1161,190,Winter Session,21,0,100.0
1162,190,Monsoon Session,20,0,100.0
1163,190,Budget Session,15,0,100.0
1164,190,Budget Session,16,0,100.0
1165,190,Winter Session,20,0,100.0
1166,190,Monsoon Session,17,0,100.0
1167,190,Budget Session,13,0,100.0
1168,190,Budget Session,19,0,100.0
1169,190,Winter Session,22,0,100.0
1170,190,Budget Session,27,0,100.0
1171,190,Special Session,3,0,100.0
1172,190,Winter Session,12,0,100.0
1173,190,Winter Session,10,0,100.0
1174,190,Monsoon Session,21,0,100.0
1175,190,Budget Session,11,0,100.0
1176,190,Budget Session,21,0,100.0
1177,190,Winter Session,20,0,100.0
1178,190,Monsoon Session,19,0,100.0
1179,190,225th Part-2,21,0,100.0
1180,190,225th Part-1,14,0,100.0
1181,190,Winter Session,24,0,100.0
1182,190,Monsoon Session,26,0,100.0
1183,190,Budget Session,23,0,100.0
1184,190,Winter Session,23,0,100.0
1185,190,Monsoon Session,26,0,100.0
1186,190,219th Part-2,17,0,100.0
1187,190,219th Part-1,15,0,100.0
1188,190,Winter Session,23,0,100.0
1189,190,Budget Session,26,0,100.0
1190,190,Special Session,4,0,100.0
1191,190,Budget Session,10,0,100.0
1192,190,214th Part2,10,0,100.0
1193,190,214th Part-1,6,0,100.0
1194,190,Budget Session,35,0,100.0
1195,190,Winter Session,17,0,100.0
1196,194,Winter Session,12,0,100.0
1197,194,Winter Session,10,0,100.0
1198,194,Monsoon Session,21,0,100.0
1199,194,Budget Session,11,0,100.0
1200,194,Budget Session,21,0,100.0
1201,194,Winter Session,20,0,100.0
1202,194,Monsoon Session,19,0,100.0
1203,194,225th Part-2,21,0,100.0
1204,194,225th Part-1,14,0,100.0
1205,194,Winter Session,24,0,100.0
1206,194,Monsoon Session,26,0,100.0
1207,194,Budget Session,23,0,100.0
1208,194,Winter Session,23,0,100.0
1209,194,Monsoon Session,26,0,100.0
1210,194,219th Part-2,17,0,100.0
1211,194,219th Part-1,15,0,100.0
1212,194,Winter Session,23,0,100.0
1213,194,Budget Session,26,0,100.0
1214,194,Special Session,4,0,100.0
1215,194,Budget Session,10,0,100.0
1216,194,214th Part2,10,0,100.0
1217,194,214th Part-1,6,0,100.0
1218,200,Budget Session,35,0,100.0
1219,200,Winter Session,17,0,100.0
1220,201,225th Part-1,14,0,100.0
1221,201,Winter Session,24,0,100.0
1222,201,Monsoon Session,26,0,100.0
1223,201,Budget Session,23,0,100.0
1224,201,Winter Session,23,0,100.0
1225,201,Monsoon Session,26,0,100.0
1226,201,219th Part-2,17,0,100.0
1227,201,219th Part-1,15,0,100.0
1228,201,Winter Session,23,0,100.0
1229,201,Budget Session,26,0,100.0
1230,201,Special Session,4,0,100.0
1231,201,Budget Session,10,0,100.0
1232,201,214th Part2,10,0,100.0
1233,201,214th Part-1,6,0,100.0
1234,201,Budget Session,35,0,100.0
1235,201,Winter Session,17,0,100.0
1236,205,Monsoon Session,17,0,100.0
1237,205,Budget Session,25,0,100.0
1238,205,Winter Session,13,0,100.0
1239,205,Monsoon Session,16,0,100.0
1240,205,Budget Session,29,0,100.0
1241,205,Winter Session,18,0,100.0
1242,205,Monsoon Session,17,0,100.0
1243,205,Budget Session,33,0,100.0
1244,205,Monsoon Session,18,0,100.0
1245,205,Budget Session,34,0,100.0
1246,205,Winter Session,20,0,100.0
1247,205,Monsoon Session,35,0,100.0
1248,205,Budget Session,10,0,100.0
1249,205,Winter Session,18,0,100.0
1250,205,Monsoon Session,17,0,100.0
1251,205,Budget Session,22,0,100.0
1252,205,Budget Session,8,0,100.0
1253,205,Winter Session,13,0,100.0
1254,205,Monsoon Session,19,0,100.0
1255,205,Budget Session,21,0,100.0
1256,205,Budget Session,8,0,100.0
1257,205,Winter Session,21,0,100.0
1258,205,Monsoon Session,20,0,100.0
1259,205,Budget Session,15,0,100.0
1260,205,Budget Session,16,0,100.0
1261,205,Winter Session,20,0,100.0
1262,205,Monsoon Session,17,0,100.0
1263,205,Budget Session,13,0,100.0
1264,205,Budget Session,19,0,100.0
1265,205,Winter Session,22,0,100.0
1266,205,Budget Session,27,0,100.0
1267,205,Special Session,3,0,100.0
1268,205,Winter Session,12,0,100.0
1269,205,Winter Session,10,0,100.0
1270,205,Monsoon Session,21,0,100.0
1271,205,Budget Session,11,0,100.0
1272,205,Budget Session,21,0,100.0
1273,205,Winter Session,20,0,100.0
1274,205,Monsoon Session,19,0,100.0
1275,205,225th Part-2,21,0,100.0
1276,205,225th Part-1,14,0,100.0
1277,205,Winter Session,24,0,100.0
1278,205,Monsoon Session,26,0,100.0
1279,205,Monsoon Session,26,0,100.0
1280,205,Budget Session,23,0,100.0
1281,205,Winter Session,23,0,100.0
1282,205,Monsoon Session,26,0,100.0
1283,205,219th Part-2,17,0,100.0
1284,205,219th Part-1,15,0,100.0
1285,205,Winter Session,23,0,100.0
1286,205,Budget Session,26,0,100.0
1287,205,Special Session,4,0,100.0
1288,205,Budget Session,10,0,100.0
1289,205,214th Part2,10,0,100.0
1290,205,214th Part-1,6,0,100.0
1291,205,Budget Session,35,0,100.0
1292,205,Winter Session,17,0,100.0
1293,207,Budget Session,35,0,100.0
1294,207,Winter Session,17,0,100.0
1295,208,Winter Session,15,0,100.0
1296,208,Winter Session,15,0,100.0
1297,208,Monsoon Session,21,0,100.0
1298,208,Monsoon Session,21,0,100.0
1299,208,Budget Session,27,0,100.0
1300,208,Budget Session,27,0,100.0
1301,208,Winter Session,19,0,100.0
1302,208,Winter Session,19,0,100.0
1303,208,Monsoon Session,16,0,100.0
1304,208,Monsoon Session,16,0,100.0
1305,208,Special Session,5,0,100.0
1306,208,Special Session,5,0,100.0
1307,208,Budget Session,9,0,100.0
1308,208,Winter Session,15,0,100.0
1309,208,Special Session,4,0,100.0
1310,208,Monsoon Session,17,0,100.0
1311,208,Budget Session,25,0,100.0
1312,208,Winter Session,13,0,100.0
1313,208,Monsoon Session,16,0,100.0
1314,208,Budget Session,29,0,100.0
1315,208,Winter Session,18,0,100.0
1316,208,Monsoon Session,17,0,100.0
1317,208,Budget Session,33,0,100.0
1318,208,Monsoon Session,18,0,100.0
1319,208,Budget Session,34,0,100.0
1320,208,Winter Session,20,0,100.0
1321,208,Monsoon Session,35,0,100.0
1322,208,Budget Session,10,0,100.0
1323,208,Winter Session,18,0,100.0
1324,208,Monsoon Session,17,0,100.0
1325,208,Budget Session,22,0,100.0
1326,208,Budget Session,8,0,100.0
1327,208,Winter Session,13,0,100.0
1328,208,Monsoon Session,19,0,100.0
1329,208,Budget Session,21,0,100.0
1330,208,Budget Session,8,0,100.0
1331,208,Winter Session,21,0,100.0
1332,208,Monsoon Session,20,0,100.0
1333,208,Budget Session,15,0,100.0
1334,208,Budget Session,16,0,100.0
1335,208,Winter Session,20,0,100.0
1336,208,Monsoon Session,17,0,100.0
1337,208,Budget Session,13,0,100.0
1338,208,Budget Session,19,0,100.0
1339,208,Winter Session,22,0,100.0
1340,208,Budget Session,27,0,100.0
1341,208,225th Part-1,14,0,100.0
1342,208,Winter Session,24,0,100.0
1343,208,Monsoon Session,26,0,100.0
1344,208,Budget Session,23,0,100.0
1345,208,Winter Session,23,0,100.0
1346,208,Monsoon Session,26,0,100.0
1347,208,219th Part-2,17,0,100.0
1348,208,219th Part-1,15,0,100.0
1349,208,Winter Session,23,0,100.0
1350,208,Budget Session,26,0,100.0
1351,208,Special Session,4,0,100.0
1352,208,Budget Session,10,0,100.0
1353,208,214th Part2,10,0,100.0
1354,208,214th Part-1,6,0,100.0
1355,208,Budget Session,35,0,100.0
1356,208,Winter Session,17,0,100.0
1357,212,Budget Session,9,0,100.0
1358,212,Winter Session,15,0,100.0
1359,212,Special Session,4,0,100.0
1360,212,Monsoon Session,17,0,100.0
1361,212,Budget Session,25,0,100.0
1362,212,Winter Session,13,0,100.0
1363,212,Monsoon Session,16,0,100.0
1364,212,Budget Session,29,0,100.0
1365,212,Winter Session,18,0,100.0
1366,212,Monsoon Session,17,0,100.0
1367,212,Budget Session,33,0,100.0
1368,212,Monsoon Session,18,0,100.0
1369,212,Budget Session,34,0,100.0
1370,212,Winter Session,20,0,100.0
1371,212,Monsoon Session,35,0,100.0
1372,212,Budget Session,10,0,100.0
1373,212,Winter Session,18,0,100.0
1374,212,Monsoon Session,17,0,100.0
1375,212,Budget Session,22,0,100.0
1376,212,Budget Session,22,0,100.0
1377,212,Budget Session,8,0,100.0
1378,212,Winter Session,13,0,100.0
1379,212,Monsoon Session,19,0,100.0
1380,212,Budget Session,21,0,100.0
1381,212,Budget Session,8,0,100.0
1382,212,Winter Session,21,0,100.0
1383,212,Monsoon Session,20,0,100.0
1384,212,Budget Session,15,0,100.0
1385,212,Budget Session,16,0,100.0
1386,212,Winter Session,20,0,100.0
1387,212,Monsoon Session,17,0,100.0
1388,212,Budget Session,13,0,100.0
1389,212,Budget Session,19,0,100.0
1390,212,Winter Session,22,0,100.0
1391,212,Budget Session,27,0,100.0
1392,212,Special Session,3,0,100.0
1393,212,Winter Session,12,0,100.0
1394,212,Winter Session,10,0,100.0
1395,212,Monsoon Session,21,0,100.0
1396,212,Budget Session,11,0,100.0
1397,212,Budget Session,21,0,100.0
1398,212,Winter Session,20,0,100.0
1399,212,Monsoon Session,19,0,100.0
1400,212,225th Part-2,21,0,100.0
1401,212,225th Part-1,14,0,100.0
1402,212,Winter Session,24,0,100.0
1403,212,Monsoon Session,26,0,100.0
1404,212,Budget Session,23,0,100.0
1405,212,Winter Session,23,0,100.0
1406,212,Monsoon Session,26,0,100.0
1407,212,219th Part-2,17,0,100.0
1408,212,219th Part-1,15,0,100.0
1409,212,Winter Session,23,0,100.0
1410,212,Budget Session,26,0,100.0
1411,212,Special Session,4,0,100.0
1412,212,Budget Session,10,0,100.0
1413,212,214th Part2,10,0,100.0
1414,212,214th Part-1,6,0,100.0
1415,212,Budget Session,35,0,100.0
1416,212,Winter Session,17,0,100.0
1417,213,Winter Session,12,0,100.0
1418,213,Winter Session,10,0,100.0
1419,213,Monsoon Session,21,0,100.0
1420,213,Budget Session,11,0,100.0
1421,213,Budget Session,21,0,100.0
1422,213,Winter Session,20,0,100.0
1423,213,Monsoon Session,19,0,100.0
1424,213,225th Part-2,21,0,100.0
1425,213,225th Part-1,14,0,100.0
1426,213,Winter Session,24,0,100.0
1427,213,Monsoon Session,26,0,100.0
1428,213,Budget Session,23,0,100.0
1429,213,Winter Session,23,0,100.0
1430,213,Monsoon Session,26,0,100.0
1431,213,219th Part-2,17,0,100.0
1432,213,219th Part-1,15,0,100.0
1433,213,Winter Session,23,0,100.0
1434,213,Budget Session,26,0,100.0
1435,213,Special Session,4,0,100.0
1436,213,Budget Session,10,0,100.0
1437,213,214th Part2,10,0,100.0
1438,213,214th Part-1,6,0,100.0
1439,214,Budget Session,9,0,100.0
1440,214,Winter Session,15,0,100.0
1441,214,Special Session,4,0,100.0
1442,214,Monsoon Session,17,0,100.0
1443,214,Budget Session,25,0,100.0
1444,214,Winter Session,13,0,100.0
1445,214,Monsoon Session,16,0,100.0
1446,214,Budget Session,29,0,100.0
1447,214,Winter Session,18,0,100.0
1448,214,Monsoon Session,17,0,100.0
1449,214,Budget Session,33,0,100.0
1450,214,Monsoon Session,18,0,100.0
1451,214,Budget Session,34,0,100.0
1452,214,Winter Session,20,0,100.0
1453,214,Monsoon Session,35,0,100.0
1454,214,Budget Session,10,0,100.0
1455,214,Winter Session,18,0,100.0
1456,214,Monsoon Session,17,0,100.0
1457,214,Budget Session,22,0,100.0
1458,214,Budget Session,22,0,100.0
1459,214,Budget Session,8,0,100.0
1460,214,Winter Session,13,0,100.0
1461,214,Monsoon Session,19,0,100.0
1462,214,Budget Session,21,0,100.0
1463,214,Budget Session,8,0,100.0
1464,214,Winter Session,21,0,100.0
1465,214,Monsoon Session,20,0,100.0
1466,214,Budget Session,15,0,100.0
1467,214,Budget Session,16,0,100.0
1468,214,Winter Session,20,0,100.0
1469,214,Monsoon Session,17,0,100.0
1470,214,Budget Session,13,0,100.0
1471,214,Budget Session,19,0,100.0
1472,214,Winter Session,22,0,100.0
1473,214,Budget Session,27,0,100.0
1474,214,Special Session,3,0,100.0
1475,214,Winter Session,12,0,100.0
1476,214,Winter Session,10,0,100.0
1477,214,Monsoon Session,21,0,100.0
1478,214,Budget Session,11,0,100.0
1479,214,Budget Session,21,0,100.0
1480,214,Winter Session,20,0,100.0
1481,214,Monsoon Session,19,0,100.0
1482,214,225th Part-2,21,0,100.0
1483,214,225th Part-1,14,0,100.0
1484,214,Winter Session,24,0,100.0
1485,214,Monsoon Session,26,0,100.0
1486,214,Budget Session,23,0,100.0
1487,214,Winter Session,23,0,100.0
1488,214,Monsoon Session,26,0,100.0
1489,214,219th Part-2,17,0,100.0
1490,214,219th Part-1,15,0,100.0
1491,214,Winter Session,23,0,100.0
1492,214,Budget Session,26,0,100.0
1493,214,Special Session,4,0,100.0
1494,214,Budget Session,10,0,100.0
1495,214,214th Part2,10,0,100.0
1496,214,214th Part-1,6,0,100.0
1497,214,Budget Session,35,0,100.0
1498,214,Winter Session,17,0,100.0
1499,223,219th Part-2,17,0,100.0
1500,223,219th Part-1,15,0,100.0
1501,223,Winter Session,23,0,100.0
1502,223,Budget Session,26,0,100.0
1503,223,Special Session,4,0,100.0
1504,223,Budget Session,10,0,100.0
1505,223,214th Part2,10,0,100.0
1506,223,214th Part-1,6,0,100.0
1507,223,Budget Session,35,0,100.0
1508,223,Winter Session,17,0,100.0
1509,227,225th Part-1,14,0,100.0
1510,227,Winter Session,24,0,100.0
1511,227,Monsoon Session,26,0,100.0
1512,227,Budget Session,23,0,100.0
1513,227,Winter Session,23,0,100.0
1514,227,Monsoon Session,26,0,100.0
1515,227,219th Part-2,17,0,100.0
1516,227,219th Part-1,15,0,100.0
1517,227,Winter Session,23,0,100.0
1518,227,Budget Session,26,0,100.0
1519,227,Special Session,4,0,100.0
1520,227,Budget Session,10,0,100.0
1521,227,214th Part2,10,0,100.0
1522,227,214th Part-1,6,0,100.0
1523,227,Budget Session,35,0,100.0
1524,227,Winter Session,17,0,100.0
1525,236,Budget Session,35,0,100.0
1526,236,Winter Session,17,0,100.0
1527,237,225th Part-1,14,0,100.0
1528,237,Winter Session,24,0,100.0
1529,237,Monsoon Session,26,0,100.0
1530,237,Budget Session,23,0,100.0
1531,237,Winter Session,23,0,100.0
1532,237,Monsoon Session,26,0,100.0
1533,237,219th Part-2,17,0,100.0
1534,237,219th Part-1,15,0,100.0
1535,237,Winter Session,23,0,100.0
1536,237,Budget Session,26,0,100.0
1537,237,Special Session,4,0,100.0
1538,237,Budget Session,10,0,100.0
1539,237,214th Part2,10,0,100.0
1540,237,214th Part-1,6,0,100.0
1541,237,Budget Session,35,0,100.0
1542,237,Winter Session,17,0,100.0
1543,238,Winter Session,15,0,100.0
1544,238,Monsoon Session,21,0,100.0
1545,238,Budget Session,27,0,100.0
1546,238,Winter Session,19,0,100.0
1547,238,Monsoon Session,16,0,100.0
1548,238,Special Session,5,0,100.0
1549,238,Budget Session,9,0,100.0
1550,238,Winter Session,15,0,100.0
1551,238,Special Session,4,0,100.0
1552,238,Monsoon Session,17,0,100.0
1553,238,Budget Session,25,0,100.0
1554,238,Winter Session,13,0,100.0
1555,238,Monsoon Session,16,0,100.0
1556,238,Budget Session,29,0,100.0
1557,238,Winter Session,18,0,100.0
1558,238,Monsoon Session,17,0,100.0
1559,238,Budget Session,33,0,100.0
1560,238,Monsoon Session,18,0,100.0
1561,238,Budget Session,35,0,100.0
1562,238,Winter Session,17,0,100.0
1563,244,Monsoon Session,26,0,100.0
1564,244,Budget Session,23,0,100.0
1565,244,Winter Session,23,0,100.0
1566,244,Monsoon Session,26,0,100.0
1567,244,219th Part-2,17,0,100.0
1568,244,219th Part-1,15,0,100.0
1569,244,Winter Session,23,0,100.0
1570,244,Budget Session,26,0,100.0
1571,244,Special Session,4,0,100.0
1572,244,Budget Session,10,0,100.0
1573,244,214th Part2,10,0,100.0
1574,244,214th Part-1,6,0,100.0
1575,244,Budget Session,35,0,100.0
1576,244,Winter Session,17,0,100.0
1577,245,Budget Session,22,0,100.0
1578,245,Budget Session,8,0,100.0
1579,245,Winter Session,13,0,100.0
1580,245,Monsoon Session,19,0,100.0
1581,245,Budget Session,21,0,100.0
1582,245,Budget Session,8,0,100.0
1583,245,Winter Session,21,0,100.0
1584,245,Monsoon Session,20,0,100.0
1585,245,Budget Session,15,0,100.0
1586,245,Budget Session,16,0,100.0
1587,245,Winter Session,20,0,100.0
1588,245,Monsoon Session,17,0,100.0
1589,245,Budget Session,13,0,100.0
1590,245,Budget Session,19,0,100.0
1591,245,Winter Session,22,0,100.0
1592,245,Budget Session,27,0,100.0
1593,245,Special Session,3,0,100.0
1594,245,Winter Session,12,0,100.0
1595,245,Winter Session,10,0,100.0
1596,245,Monsoon Session,21,0,100.0
1597,245,Budget Session,11,0,100.0
1598,245,Budget Session,21,0,100.0
1599,245,Winter Session,20,0,100.0
1600,245,Monsoon Session,19,0,100.0
1601,245,225th Part-2,21,0,100.0
1602,245,225th Part-1,14,0,100.0
1603,245,Winter Session,24,0,100.0
1604,245,Monsoon Session,26,0,100.0
1605,245,Budget Session,23,0,100.0
1606,245,Winter Session,23,0,100.0
1607,245,Monsoon Session,26,0,100.0
1608,245,219th Part-2,17,0,100.0
1609,245,219th Part-1,15,0,100.0
1610,245,Winter Session,23,0,100.0
1611,245,Budget Session,26,0,100.0
1612,245,Special Session,4,0,100.0
1613,245,Budget Session,10,0,100.0
1614,245,214th Part2,10,0,100.0
1615,245,214th Part-1,6,0,100.0
1616,245,Budget Session,35,0,100.0
1617,245,Winter Session,17,0,100.0
1618,247,219th Part-2,17,0,100.0
1619,247,219th Part-1,15,0,100.0
1620,247,Winter Session,23,0,100.0
1621,247,Budget Session,26,0,100.0
1622,247,Special Session,4,0,100.0
1623,247,Budget Session,10,0,100.0
1624,247,214th Part2,10,0,100.0
1625,247,214th Part-1,6,0,100.0
1626,247,Budget Session,35,0,100.0
1627,247,Winter Session,17,0,100.0
1628,253,Budget Session,33,0,100.0
1629,253,Monsoon Session,18,0,100.0
1630,253,Budget Session,34,0,100.0
1631,253,Winter Session,20,0,100.0
1632,253,Monsoon Session,35,0,100.0
1633,253,Budget Session,10,0,100.0
1634,253,Winter Session,18,0,100.0
1635,253,Monsoon Session,17,0,100.0
1636,253,Budget Session,22,0,100.0
1637,253,Budget Session,8,0,100.0
1638,253,Winter Session,13,0,100.0
1639,253,Monsoon Session,19,0,100.0
1640,253,Budget Session,21,0,100.0
1641,253,Budget Session,8,0,100.0
1642,253,Winter Session,21,0,100.0
1643,253,Monsoon Session,20,0,100.0
1644,253,Budget Session,15,0,100.0
1645,253,Budget Session,16,0,100.0
1646,253,Winter Session,20,0,100.0
1647,253,Monsoon Session,17,0,100.0
1648,253,Budget Session,13,0,100.0
1649,253,Budget Session,19,0,100.0
1650,253,Winter Session,22,0,100.0
1651,253,Budget Session,27,0,100.0
1652,253,Special Session,3,0,100.0
1653,253,Winter Session,12,0,100.0
1654,253,Winter Session,10,0,100.0
1655,253,Monsoon Session,21,0,100.0
1656,253,Budget Session,11,0,100.0
1657,253,Budget Session,21,0,100.0
1658,253,Winter Session,20,0,100.0
1659,253,Monsoon Session,19,0,100.0
1660,253,225th Part-2,21,0,100.0
1661,253,225th Part-1,14,0,100.0
1662,253,Winter Session,24,0,100.0
1663,253,Monsoon Session,26,0,100.0
1664,253,Budget Session,23,0,100.0
1665,253,Winter Session,23,0,100.0
1666,253,Monsoon Session,26,0,100.0
1667,253,219th Part-2,17,0,100.0
1668,253,219th Part-1,15,0,100.0
1669,253,Winter Session,23,0,100.0
1670,253,Budget Session,26,0,100.0
1671,253,Special Session,4,0,100.0
1672,253,Budget Session,10,0,100.0
1673,253,214th Part2,10,0,100.0
1674,253,214th Part-1,6,0,100.0
1675,253,Budget Session,35,0,100.0
1676,253,Winter Session,17,0,100.0
1677,258,225th Part-1,14,0,100.0
1678,258,Winter Session,24,0,100.0
1679,258,Monsoon Session,26,0,100.0
1680,258,Budget Session,23,0,100.0
1681,258,Winter Session,23,0,100.0
1682,258,Monsoon Session,26,0,100.0
1683,258,219th Part-2,17,0,100.0
1684,258,219th Part-1,15,0,100.0
1685,258,Winter Session,23,0,100.0
1686,258,Budget Session,26,0,100.0
1687,270,Budget Session,35,0,100.0
1688,270,Winter Session,17,0,100.0
1689,302,Monsoon Session,26,0,100.0
1690,302,Budget Session,23,0,100.0
1691,302,Winter Session,23,0,100.0
1692,302,Monsoon Session,26,0,100.0
1693,302,219th Part-2,17,0,100.0
1694,302,219th Part-1,15,0,100.0
1695,302,Winter Session,23,0,100.0
1696,302,Budget Session,26,0,100.0
1697,302,Special Session,4,0,100.0
1698,302,Budget Session,10,0,100.0
1699,302,214th Part2,10,0,100.0
1700,302,214th Part-1,6,0,100.0
1701,302,Budget Session,35,0,100.0
1702,302,Winter Session,17,0,100.0
2139,2,Budget Session,9,0,100.0
2140,2,Winter Session,15,0,100.0
2141,2,Special Session,4,0,100.0
2142,2,Monsoon Session,17,0,100.0
2143,2,Budget Session,25,0,100.0
2144,2,Winter Session,13,0,100.0
2145,2,Monsoon Session,16,0,100.0
2146,2,Budget Session,29,0,100.0
2147,2,Winter Session,18,0,100.0
2148,2,Monsoon Session,17,0,100.0
2149,2,Budget Session,33,0,100.0
2150,2,Monsoon Session,18,0,100.0
2151,2,Budget Session,34,0,100.0
2152,2,Winter Session,20,0,100.0
2153,2,Budget Session,10,0,100.0
2154,2,Winter Session,18,0,100.0
2155,2,Monsoon Session,17,0,100.0
2156,2,Budget Session,22,0,100.0
2157,2,Budget Session,8,0,100.0
2158,2,Winter Session,13,0,100.0
2159,2,Monsoon Session,19,0,100.0
2160,2,Budget Session,21,0,100.0
2161,2,Budget Session,8,0,100.0
2162,2,Winter Session,21,0,100.0
2163,2,Monsoon Session,20,0,100.0
2164,2,Budget Session,15,0,100.0
2165,2,Budget Session,16,0,100.0
2166,2,Winter Session,20,0,100.0
2167,2,Monsoon Session,17,0,100.0
2168,2,Budget Session,13,0,100.0
2169,2,Budget Session,19,0,100.0
2170,2,Winter Session,22,0,100.0
2171,2,Budget Session,27,0,100.0
2172,2,Special Session,3,0,100.0
2173,2,Winter Session,12,0,100.0
2174,2,Winter Session,10,0,100.0
2175,2,Monsoon Session,21,0,100.0
2176,2,Budget Session,11,0,100.0
2177,2,Budget Session,21,0,100.0
2178,2,Winter Session,20,0,100.0
2179,2,Monsoon Session,19,0,100.0
2180,2,225th Part-2,21,0,100.0
2181,2,225th Part-1,14,0,100.0
2182,2,Winter Session,24,0,100.0
2183,2,Monsoon Session,26,0,100.0
2184,2,Budget Session,23,0,100.0
2185,2,Winter Session,23,0,100.0
2186,2,Monsoon Session,26,0,100.0
2187,2,219th Part-2,17,0,100.0
2188,2,219th Part-1,15,0,100.0
2189,2,Winter Session,23,0,100.0
2190,2,Budget Session,26,0,100.0
2191,2,Special Session,4,0,100.0
2192,2,Budget Session,10,0,100.0
2193,2,214th Part2,10,0,100.0
2194,2,214th Part-1,6,0,100.0
2195,2,Budget Session,35,0,100.0
2196,2,Winter Session,17,0,100.0
2197,8,Budget Session,35,0,100.0
2198,8,Winter Session,17,0,100.0
2199,10,Winter Session,15,0,100.0
2200,10,Monsoon Session,21,0,100.0
2201,10,Budget Session,27,0,100.0
2202,10,Winter Session,19,0,100.0
2203,10,Monsoon Session,16,0,100.0
2204,10,Special Session,5,0,100.0
2205,10,Budget Session,9,0,100.0
2206,10,Winter Session,15,0,100.0
2207,10,Special Session,4,0,100.0
2208,10,Monsoon Session,17,0,100.0
2209,10,Budget Session,25,0,100.0
2210,10,Winter Session,13,0,100.0
2211,10,Monsoon Session,16,0,100.0
2212,10,Budget Session,29,0,100.0
2213,10,Winter Session,18,0,100.0
2214,10,Monsoon Session,17,0,100.0
2215,10,Budget Session,33,0,100.0
2216,10,Monsoon Session,18,0,100.0
2217,10,Budget Session,34,0,100.0
2218,10,Winter Session,20,0,100.0
2219,10,Monsoon Session,35,0,100.0
2220,10,Budget Session,10,0,100.0
2221,10,Winter Session,18,0,100.0
2222,10,Monsoon Session,17,0,100.0
2223,10,Budget Session,22,0,100.0
2224,10,Budget Session,8,0,100.0
2225,10,Winter Session,13,0,100.0
2226,10,Monsoon Session,19,0,100.0
2227,10,Budget Session,21,0,100.0
2228,10,Budget Session,8,0,100.0
2229,10,Winter Session,21,0,100.0
2230,10,Monsoon Session,20,0,100.0
2231,10,Budget Session,15,0,100.0
2232,10,Budget Session,16,0,100.0
2233,10,Winter Session,20,0,100.0
2234,10,Monsoon Session,17,0,100.0
2235,10,Budget Session,13,0,100.0
2236,10,Budget Session,19,0,100.0
2237,10,Winter Session,22,0,100.0
2238,10,Budget Session,27,0,100.0
2239,10,Special Session,3,0,100.0
2240,10,Winter Session,12,0,100.0
2241,10,Winter Session,10,0,100.0
2242,10,Monsoon Session,21,0,100.0
2243,10,Budget Session,11,0,100.0
2244,10,Budget Session,21,0,100.0
2245,10,Winter Session,20,0,100.0
2246,10,Monsoon Session,19,0,100.0
2247,10,225th Part-2,21,0,100.0
2248,10,225th Part-1,14,0,100.0
2249,10,Winter Session,24,0,100.0
2250,10,Monsoon Session,26,0,100.0
2251,10,Budget Session,23,0,100.0
2252,10,Winter Session,23,0,100.0
2253,10,Monsoon Session,26,0,100.0
2254,10,219th Part-2,17,0,100.0
2255,10,219th Part-1,15,0,100.0
2256,10,Winter Session,23,0,100.0
2257,10,Budget Session,26,0,100.0
2258,10,Special Session,4,0,100.0
2259,10,Budget Session,10,0,100.0
2260,10,214th Part2,10,0,100.0
2261,10,214th Part-1,6,0,100.0
2262,10,Budget Session,35,0,100.0
2263,10,Winter Session,17,0,100.0
2264,23,Budget Session,22,0,100.0
2265,23,Budget Session,8,0,100.0
2266,23,Winter Session,13,0,100.0
2267,23,Monsoon Session,19,0,100.0
2268,23,Budget Session,21,0,100.0
2269,23,Budget Session,8,0,100.0
2270,23,Winter Session,21,0,100.0
2271,23,Monsoon Session,20,0,100.0
2272,23,Budget Session,15,0,100.0
2273,23,Budget Session,16,0,100.0
2274,23,Winter Session,20,0,100.0
2275,23,Monsoon Session,17,0,100.0
2276,23,Budget Session,13,0,100.0
2277,23,Budget Session,19,0,100.0
2278,23,Winter Session,22,0,100.0
2279,23,Budget Session,27,0,100.0
2280,23,Special Session,3,0,100.0
2281,23,Winter Session,12,0,100.0
2282,23,Winter Session,10,0,100.0
2283,23,Monsoon Session,21,0,100.0
2284,23,Budget Session,11,0,100.0
2285,23,Budget Session,21,0,100.0
2286,23,Winter Session,20,0,100.0
2287,23,Monsoon Session,19,0,100.0
2288,23,225th Part-2,21,0,100.0
2289,23,219th Part-2,17,0,100.0
2290,23,219th Part-1,15,0,100.0
2291,23,Winter Session,23,0,100.0
2292,23,Budget Session,26,0,100.0
2293,23,Special Session,4,0,100.0
2294,23,Budget Session,10,0,100.0
2295,23,214th Part2,10,0,100.0
2296,23,214th Part-1,6,0,100.0
2297,23,Budget Session,35,0,100.0
2298,23,Winter Session,17,0,100.0
2299,27,Budget Session,9,0,100.0
2300,27,Winter Session,15,0,100.0
2301,27,Special Session,4,0,100.0
2302,27,Monsoon Session,17,0,100.0
2303,27,Budget Session,25,0,100.0
2304,27,Winter Session,13,0,100.0
2305,27,Monsoon Session,16,0,100.0
2306,27,Budget Session,29,0,100.0
2307,27,Winter Session,18,0,100.0
2308,27,Monsoon Session,17,0,100.0
2309,27,Budget Session,33,0,100.0
2310,27,Monsoon Session,18,0,100.0
2311,27,Budget Session,34,0,100.0
2312,27,Winter Session,20,0,100.0
2313,27,Monsoon Session,35,0,100.0
2314,27,Budget Session,10,0,100.0
2315,27,Winter Session,18,0,100.0
2316,27,Monsoon Session,17,0,100.0
2317,27,Budget Session,22,0,100.0
2318,27,Budget Session,22,0,100.0
2319,27,Budget Session,8,0,100.0
2320,27,Winter Session,13,0,100.0
2321,27,Monsoon Session,19,0,100.0
2322,27,Budget Session,21,0,100.0
2323,27,Budget Session,8,0,100.0
2324,27,Winter Session,21,0,100.0
2325,27,Monsoon Session,20,0,100.0
2326,27,Budget Session,15,0,100.0
2327,27,Budget Session,16,0,100.0
2328,27,Winter Session,20,0,100.0
2329,27,Monsoon Session,17,0,100.0
2330,27,Budget Session,13,0,100.0
2331,27,Budget Session,19,0,100.0
2332,27,Winter Session,22,0,100.0
2333,27,Budget Session,27,0,100.0
2334,27,Special Session,3,0,100.0
2335,27,Winter Session,12,0,100.0
2336,27,Winter Session,10,0,100.0
2337,27,Monsoon Session,21,0,100.0
2338,27,Budget Session,11,0,100.0
2339,27,Budget Session,21,0,100.0
2340,27,Winter Session,20,0,100.0
2341,27,Monsoon Session,19,0,100.0
2342,27,225th Part-2,21,0,100.0
2343,27,225th Part-1,14,0,100.0
2344,27,Winter Session,24,0,100.0
2345,27,Monsoon Session,26,0,100.0
2346,27,Budget Session,23,0,100.0
2347,27,Winter Session,23,0,100.0
2348,27,Monsoon Session,26,0,100.0
2349,27,219th Part-2,17,0,100.0
2350,27,219th Part-1,15,0,100.0
2351,27,Winter Session,23,0,100.0
2352,27,Budget Session,26,0,100.0
2353,27,Special Session,4,0,100.0
2354,27,Budget Session,10,0,100.0
2355,27,214th Part2,10,0,100.0
2356,27,214th Part-1,6,0,100.0
2357,27,Budget Session,35,0,100.0
2358,27,Winter Session,17,0,100.0
2359,28,219th Part-2,17,0,100.0
2360,28,219th Part-1,15,0,100.0
2361,28,Winter Session,23,0,100.0
2362,28,Budget Session,26,0,100.0
2363,28,Special Session,4,0,100.0
2364,28,Budget Session,10,0,100.0
2365,28,214th Part2,10,0,100.0
2366,28,214th Part-1,6,0,100.0
2367,28,Budget Session,35,0,100.0
2368,28,Winter Session,17,0,100.0
2369,29,Budget Session,29,0,100.0
2370,29,Winter Session,18,0,100.0
2371,29,Monsoon Session,17,0,100.0
2372,29,Budget Session,33,0,100.0
2373,29,Monsoon Session,18,0,100.0
2374,29,Budget Session,34,0,100.0
2375,29,Winter Session,20,0,100.0
2376,29,Monsoon Session,35,0,100.0
2377,29,Budget Session,10,0,100.0
2378,29,Winter Session,18,0,100.0
2379,29,Monsoon Session,17,0,100.0
2380,29,Budget Session,22,0,100.0
2381,29,Budget Session,8,0,100.0
2382,29,Winter Session,13,0,100.0
2383,29,Monsoon Session,19,0,100.0
2384,29,Budget Session,21,0,100.0
2385,29,Budget Session,8,0,100.0
2386,29,Winter Session,21,0,100.0
2387,29,Monsoon Session,20,0,100.0
2388,29,Budget Session,15,0,100.0
2389,29,Budget Session,16,0,100.0
2390,29,Winter Session,20,0,100.0
2391,29,Monsoon Session,17,0,100.0
2392,29,Budget Session,13,0,100.0
2393,29,Budget Session,19,0,100.0
2394,29,Winter Session,22,0,100.0
2395,29,Budget Session,27,0,100.0
2396,29,Special Session,3,0,100.0
2397,29,Winter Session,12,0,100.0
2398,29,Winter Session,10,0,100.0
2399,29,Monsoon Session,21,0,100.0
2400,29,Budget Session,11,0,100.0
2401,29,Budget Session,21,0,100.0
2402,29,Winter Session,20,0,100.0
2403,29,Monsoon Session,19,0,100.0
2404,29,225th Part-2,21,0,100.0
2405,29,225th Part-1,14,0,100.0
2406,29,Winter Session,24,0,100.0
2407,29,Monsoon Session,26,0,100.0
2408,29,Budget Session,23,0,100.0
2409,29,Winter Session,23,0,100.0
2410,29,Monsoon Session,26,0,100.0
2411,29,Budget Session,26,0,100.0
2412,29,Special Session,4,0,100.0
2413,29,Budget Session,10,0,100.0
2414,29,214th Part2,10,0,100.0
2415,29,214th Part-1,6,0,100.0
2416,29,Budget Session,35,0,100.0
2417,29,Winter Session,17,0,100.0
2418,43,Winter Session,12,0,100.0
2419,43,Winter Session,10,0,100.0
2420,43,Monsoon Session,21,0,100.0
2421,43,Budget Session,11,0,100.0
2422,43,Budget Session,21,0,100.0
2423,43,Winter Session,20,0,100.0
2424,43,Monsoon Session,19,0,100.0
2425,43,225th Part-2,21,0,100.0
2426,43,225th Part-1,14,0,100.0
2427,43,Winter Session,24,0,100.0
2428,43,Monsoon Session,26,0,100.0
2429,43,Budget Session,23,0,100.0
2430,43,Winter Session,23,0,100.0
2431,43,Monsoon Session,26,0,100.0
2432,43,219th Part-2,17,0,100.0
2433,43,219th Part-1,15,0,100.0
2434,43,Winter Session,23,0,100.0
2435,43,Budget Session,26,0,100.0
2436,43,Special Session,4,0,100.0
2437,43,Budget Session,10,0,100.0
2438,43,214th Part2,10,0,100.0
2439,43,214th Part-1,6,0,100.0
2440,72,219th Part-2,17,0,100.0
2441,72,219th Part-1,15,0,100.0
2442,72,Winter Session,23,0,100.0
2443,72,Budget Session,26,0,100.0
2444,72,Special Session,4,0,100.0
2445,72,Budget Session,10,0,100.0
2446,72,214th Part2,10,0,100.0
2447,72,214th Part-1,6,0,100.0
2448,72,Budget Session,35,0,100.0
2449,72,Winter Session,17,0,100.0
2450,73,Budget Session,29,0,100.0
2451,73,Winter Session,18,0,100.0
2452,73,Monsoon Session,17,0,100.0
2453,73,Budget Session,33,0,100.0
2454,73,Monsoon Session,18,0,100.0
2455,73,Budget Session,34,0,100.0
2456,73,Winter Session,20,0,100.0
2457,73,Monsoon Session,35,0,100.0
2458,73,Budget Session,10,0,100.0
2459,73,Winter Session,18,0,100.0
2460,73,Monsoon Session,17,0,100.0
2461,73,Budget Session,22,0,100.0
2462,73,Budget Session,8,0,100.0
2463,73,Winter Session,13,0,100.0
2464,73,Monsoon Session,19,0,100.0
2465,73,Budget Session,21,0,100.0
2466,73,Budget Session,8,0,100.0
2467,73,Winter Session,21,0,100.0
2468,73,Monsoon Session,20,0,100.0
2469,73,Winter Session,22,0,100.0
2470,73,Budget Session,27,0,100.0
2471,73,Special Session,3,0,100.0
2472,73,Winter Session,12,0,100.0
2473,73,Winter Session,10,0,100.0
2474,73,Monsoon Session,21,0,100.0
2475,73,Budget Session,11,0,100.0
2476,73,Budget Session,21,0,100.0
2477,73,Winter Session,20,0,100.0
2478,73,Monsoon Session,19,0,100.0
2479,73,225th Part-2,21,0,100.0
2480,73,225th Part-1,14,0,100.0
2481,73,Winter Session,24,0,100.0
2482,73,Monsoon Session,26,0,100.0
2483,73,Budget Session,23,0,100.0
2484,73,Winter Session,23,0,100.0
2485,73,Monsoon Session,26,0,100.0
2486,73,219th Part-2,17,0,100.0
2487,73,219th Part-1,15,0,100.0
2488,73,Winter Session,23,0,100.0
2489,73,Budget Session,26,0,100.0
2490,73,Special Session,4,0,100.0
2491,73,Budget Session,10,0,100.0
2492,73,214th Part2,10,0,100.0
2493,73,214th Part-1,6,0,100.0
2494,73,Budget Session,35,0,100.0
2495,73,Winter Session,17,0,100.0
2496,74,Winter Session,15,0,100.0
2497,74,Monsoon Session,21,0,100.0
2498,74,Budget Session,27,0,100.0
2499,74,Winter Session,19,0,100.0
2500,74,Monsoon Session,16,0,100.0
2501,74,Special Session,5,0,100.0
2502,74,Budget Session,9,0,100.0
2503,74,Winter Session,15,0,100.0
2504,74,Special Session,4,0,100.0
2505,74,Monsoon Session,17,0,100.0
2506,74,Budget Session,25,0,100.0
2507,74,Winter Session,13,0,100.0
2508,74,Monsoon Session,16,0,100.0
2509,74,Budget Session,29,0,100.0
2510,74,Winter Session,18,0,100.0
2511,74,Monsoon Session,17,0,100.0
2512,74,Budget Session,33,0,100.0
2513,74,Monsoon Session,18,0,100.0
2514,74,Budget Session,34,0,100.0
2515,74,Winter Session,20,0,100.0
2516,74,Monsoon Session,35,0,100.0
2517,74,Budget Session,10,0,100.0
2518,74,Winter Session,18,0,100.0
2519,74,Monsoon Session,17,0,100.0
2520,74,Budget Session,22,0,100.0
2521,74,Budget Session,8,0,100.0
2522,74,Winter Session,13,0,100.0
2523,74,Monsoon Session,19,0,100.0
2524,74,Budget Session,21,0,100.0
2525,74,Budget Session,8,0,100.0
2526,74,Winter Session,21,0,100.0
2527,74,Monsoon Session,20,0,100.0
2528,75,225th Part-1,14,0,100.0
2529,75,Winter Session,24,0,100.0
2530,75,Monsoon Session,26,0,100.0
2531,75,Budget Session,23,0,100.0
2532,75,Winter Session,23,0,100.0
2533,75,Monsoon Session,26,0,100.0
2534,75,219th Part-2,17,0,100.0
2535,75,219th Part-1,15,0,100.0
2536,75,Winter Session,23,0,100.0
2537,75,Budget Session,26,0,100.0
2538,75,Special Session,4,0,100.0
2539,75,Budget Session,10,0,100.0
2540,75,214th Part2,10,0,100.0
2541,75,214th Part-1,6,0,100.0
2542,75,Budget Session,35,0,100.0
2543,75,Winter Session,17,0,100.0
2544,77,219th Part-2,17,0,100.0
2545,77,219th Part-1,15,0,100.0
2546,77,Winter Session,23,0,100.0
2547,77,Budget Session,26,0,100.0
2548,77,Special Session,4,0,100.0
2549,77,Budget Session,10,0,100.0
2550,77,214th Part2,10,0,100.0
2551,77,214th Part-1,6,0,100.0
2552,77,Budget Session,35,0,100.0
2553,77,Winter Session,17,0,100.0
2554,78,219th Part-2,17,0,100.0
2555,78,219th Part-1,15,0,100.0
2556,78,Winter Session,23,0,100.0
2557,78,Budget Session,26,0,100.0
2558,78,Special Session,4,0,100.0
2559,78,Budget Session,10,0,100.0
2560,78,214th Part2,10,0,100.0
2561,78,214th Part-1,6,0,100.0
2562,78,Budget Session,35,0,100.0
2563,78,Winter Session,17,0,100.0
2564,79,214th Part-1,6,0,100.0
2565,79,Budget Session,35,0,100.0
2566,79,Winter Session,17,0,100.0
2567,82,Winter Session,13,0,100.0
2568,82,Monsoon Session,19,0,100.0
2569,82,Budget Session,21,0,100.0
2570,82,Budget Session,8,0,100.0
2571,82,Winter Session,21,0,100.0
2572,82,Monsoon Session,20,0,100.0
2573,82,Budget Session,15,0,100.0
2574,82,Budget Session,16,0,100.0
2575,82,Winter Session,20,0,100.0
2576,82,Monsoon Session,17,0,100.0
2577,82,Budget Session,13,0,100.0
2578,82,Budget Session,19,0,100.0
2579,82,Winter Session,22,0,100.0
2580,82,Budget Session,27,0,100.0
2581,82,Special Session,3,0,100.0
2582,82,Winter Session,12,0,100.0
2583,82,Winter Session,10,0,100.0
2584,82,Monsoon Session,21,0,100.0
2585,82,Budget Session,11,0,100.0
2586,82,Budget Session,21,0,100.0
2587,82,Winter Session,20,0,100.0
2588,82,Monsoon Session,19,0,100.0
2589,82,225th Part-2,21,0,100.0
2590,82,225th Part-1,14,0,100.0
2591,82,Winter Session,24,0,100.0
2592,82,Monsoon Session,26,0,100.0
2593,82,Budget Session,23,0,100.0
2594,82,Winter Session,23,0,100.0
2595,82,Monsoon Session,26,0,100.0
2596,82,219th Part-2,17,0,100.0
2597,82,219th Part-1,15,0,100.0
2598,82,Winter Session,23,0,100.0
2599,82,Budget Session,26,0,100.0
2600,82,Special Session,4,0,100.0
2601,82,Budget Session,10,0,100.0
2602,82,214th Part2,10,0,100.0
2603,82,214th Part-1,6,0,100.0
2604,82,Budget Session,35,0,100.0
2605,82,Winter Session,17,0,100.0
2606,83,Budget Session,29,0,100.0
2607,83,Winter Session,18,0,100.0
2608,83,Monsoon Session,17,0,100.0
2609,83,Budget Session,33,0,100.0
2610,83,Monsoon Session,18,0,100.0
2611,83,Budget Session,34,0,100.0
2612,83,Winter Session,20,0,100.0
2613,83,Monsoon Session,35,0,100.0
2614,83,Budget Session,10,0,100.0
2615,83,Winter Session,18,0,100.0
2616,83,Monsoon Session,17,0,100.0
2617,83,Budget Session,22,0,100.0
2618,83,Budget Session,8,0,100.0
2619,83,Winter Session,13,0,100.0
2620,83,Monsoon Session,19,0,100.0
2621,83,Budget Session,21,0,100.0
2622,83,Budget Session,8,0,100.0
2623,83,Winter Session,21,0,100.0
2624,83,Monsoon Session,20,0,100.0
2625,83,Budget Session,15,0,100.0
2626,83,Budget Session,16,0,100.0
2627,83,Winter Session,20,0,100.0
2628,83,Monsoon Session,17,0,100.0
2629,83,Budget Session,13,0,100.0
2630,83,Budget Session,19,0,100.0
2631,83,Winter Session,22,0,100.0
2632,83,Budget Session,27,0,100.0
2633,83,Special Session,3,0,100.0
2634,83,Winter Session,12,0,100.0
2635,83,Winter Session,10,0,100.0
2636,83,Monsoon Session,21,0,100.0
2637,83,Budget Session,11,0,100.0
2638,83,Budget Session,21,0,100.0
2639,83,Winter Session,20,0,100.0
2640,83,Monsoon Session,19,0,100.0
2641,83,225th Part-2,21,0,100.0
2642,83,225th Part-1,14,0,100.0
2643,83,Winter Session,24,0,100.0
2644,83,Monsoon Session,26,0,100.0
2645,83,Budget Session,23,0,100.0
2646,83,Winter Session,23,0,100.0
2647,83,Monsoon Session,26,0,100.0
2648,83,219th Part-2,17,0,100.0
2649,83,219th Part-1,15,0,100.0
2650,83,Winter Session,23,0,100.0
2651,83,Budget Session,26,0,100.0
2652,83,Special Session,4,0,100.0
2653,83,Budget Session,10,0,100.0
2654,83,214th Part2,10,0,100.0
2655,83,214th Part-1,6,0,100.0
2656,83,Budget Session,35,0,100.0
2657,83,Winter Session,17,0,100.0
2658,86,Budget Session,35,0,100.0
2659,86,Winter Session,17,0,100.0
2660,89,Winter Session,15,0,100.0
2661,89,Monsoon Session,21,0,100.0
2662,89,Budget Session,27,0,100.0
2663,89,Winter Session,19,0,100.0
2664,89,Monsoon Session,16,0,100.0
2665,89,Special Session,5,0,100.0
2666,89,Budget Session,9,0,100.0
2667,89,Winter Session,15,0,100.0
2668,89,Special Session,4,0,100.0
2669,89,Monsoon Session,17,0,100.0
2670,89,Budget Session,25,0,100.0
2671,89,Winter Session,13,0,100.0
2672,89,Monsoon Session,16,0,100.0
2673,89,Budget Session,29,0,100.0
2674,89,Winter Session,18,0,100.0
2675,89,Monsoon Session,17,0,100.0
2676,89,Budget Session,33,0,100.0
2677,89,Monsoon Session,18,0,100.0
2678,89,Budget Session,35,0,100.0
2679,89,Winter Session,17,0,100.0
2680,94,225th Part-1,14,0,100.0
2681,94,Winter Session,24,0,100.0
2682,94,Monsoon Session,26,0,100.0
2683,94,Budget Session,23,0,100.0
2684,94,Winter Session,23,0,100.0
2685,94,Monsoon Session,26,0,100.0
2686,94,219th Part-2,17,0,100.0
2687,94,219th Part-1,15,0,100.0
2688,94,Winter Session,23,0,100.0
2689,94,Budget Session,26,0,100.0
2690,94,Special Session,4,0,100.0
2691,94,Budget Session,10,0,100.0
2692,94,214th Part2,10,0,100.0
2693,94,214th Part-1,6,0,100.0
2694,94,Budget Session,35,0,100.0
2695,94,Winter Session,17,0,100.0
2696,101,225th Part-1,14,0,100.0
2697,101,Winter Session,24,0,100.0
2698,101,Monsoon Session,26,0,100.0
2699,101,Budget Session,23,0,100.0
2700,101,Winter Session,23,0,100.0
2701,101,Monsoon Session,26,0,100.0
2702,101,219th Part-2,17,0,100.0
2703,101,219th Part-1,15,0,100.0
2704,101,Winter Session,23,0,100.0
2705,101,Budget Session,26,0,100.0
2706,101,Special Session,4,0,100.0
2707,101,Budget Session,10,0,100.0
2708,101,214th Part2,10,0,100.0
2709,101,214th Part-1,6,0,100.0
2710,101,Budget Session,35,0,100.0
2711,101,Winter Session,17,0,100.0
2712,103,219th Part-1,15,0,100.0
2713,103,Winter Session,23,0,100.0
2714,103,Budget Session,26,0,100.0
2715,103,Special Session,4,0,100.0
2716,103,Budget Session,10,0,100.0
2717,103,214th Part2,10,0,100.0
2718,103,214th Part-1,6,0,100.0
2719,103,Budget Session,35,0,100.0
2720,103,Winter Session,17,0,100.0
2721,109,Winter Session,15,0,100.0
2722,109,Monsoon Session,21,0,100.0
2723,109,Budget Session,27,0,100.0
2724,109,Winter Session,19,0,100.0
2725,109,Monsoon Session,16,0,100.0
2726,109,Special Session,5,0,100.0
2727,109,Budget Session,9,0,100.0
2728,109,Winter Session,15,0,100.0
2729,109,Special Session,4,0,100.0
2730,109,Monsoon Session,17,0,100.0
2731,109,Budget Session,25,0,100.0
2732,109,Winter Session,13,0,100.0
2733,109,Monsoon Session,16,0,100.0
2734,109,Budget Session,29,0,100.0
2735,109,Winter Session,18,0,100.0
2736,109,Monsoon Session,17,0,100.0
2737,109,Budget Session,33,0,100.0
2738,109,Monsoon Session,18,0,100.0
2739,109,Budget Session,34,0,100.0
2740,109,Winter Session,20,0,100.0
2741,109,Monsoon Session,35,0,100.0
2742,109,Budget Session,10,0,100.0
2743,109,Winter Session,18,0,100.0
2744,109,Monsoon Session,17,0,100.0
2745,109,Budget Session,22,0,100.0
2746,109,Budget Session,8,0,100.0
2747,109,Winter Session,13,0,100.0
2748,109,Monsoon Session,19,0,100.0
2749,109,Budget Session,21,0,100.0
2750,109,Budget Session,8,0,100.0
2751,109,Winter Session,21,0,100.0
2752,109,Monsoon Session,20,0,100.0
2753,109,Budget Session,15,0,100.0
2754,109,Budget Session,16,0,100.0
2755,109,Winter Session,20,0,100.0
2756,109,Monsoon Session,17,0,100.0
2757,109,Budget Session,13,0,100.0
2758,109,Budget Session,19,0,100.0
2759,109,Winter Session,22,0,100.0
2760,109,Winter Session,22,0,100.0
2761,109,Budget Session,27,0,100.0
2762,109,Special Session,3,0,100.0
2763,109,Winter Session,12,0,100.0
2764,109,Winter Session,10,0,100.0
2765,109,Monsoon Session,21,0,100.0
2766,109,Budget Session,11,0,100.0
2767,109,Budget Session,21,0,100.0
2768,109,Winter Session,20,0,100.0
2769,109,Monsoon Session,19,0,100.0
2770,109,225th Part-2,21,0,100.0
2771,109,225th Part-1,14,0,100.0
2772,109,Winter Session,24,0,100.0
2773,109,Monsoon Session,26,0,100.0
2774,109,Budget Session,23,0,100.0
2775,109,Winter Session,23,0,100.0
2776,109,Monsoon Session,26,0,100.0
2777,109,219th Part-2,17,0,100.0
2778,109,219th Part-1,15,0,100.0
2779,109,Winter Session,23,0,100.0
2780,109,Budget Session,26,0,100.0
2781,109,Special Session,4,0,100.0
2782,109,Budget Session,10,0,100.0
2783,109,214th Part2,10,0,100.0
2784,115,225th Part-1,14,0,100.0
2785,115,Winter Session,24,0,100.0
2786,115,Monsoon Session,26,0,100.0
2787,115,Budget Session,23,0,100.0
2788,115,Winter Session,23,0,100.0
2789,115,Monsoon Session,26,0,100.0
2790,115,219th Part-2,17,0,100.0
2791,115,219th Part-1,15,0,100.0
2792,115,Winter Session,23,0,100.0
2793,115,Budget Session,26,0,100.0
2794,115,Special Session,4,0,100.0
2795,115,Budget Session,10,0,100.0
2796,115,214th Part2,10,0,100.0
2797,115,214th Part-1,6,0,100.0
2798,115,Budget Session,35,0,100.0
2799,115,Winter Session,17,0,100.0
2800,118,225th Part-1,14,0,100.0
2801,118,Winter Session,24,0,100.0
2802,118,Monsoon Session,26,0,100.0
2803,118,Budget Session,23,0,100.0
2804,118,Winter Session,23,0,100.0
2805,118,Monsoon Session,26,0,100.0
2806,118,219th Part-2,17,0,100.0
2807,118,219th Part-1,15,0,100.0
2808,118,Winter Session,23,0,100.0
2809,118,Budget Session,26,0,100.0
2810,118,Special Session,4,0,100.0
2811,118,Budget Session,10,0,100.0
2812,118,214th Part2,10,0,100.0
2813,118,214th Part-1,6,0,100.0
2814,118,Budget Session,35,0,100.0
2815,118,Winter Session,17,0,100.0
2816,119,Winter Session,22,0,100.0
2817,119,Budget Session,27,0,100.0
2818,119,Special Session,3,0,100.0
2819,119,Winter Session,12,0,100.0
2820,119,Winter Session,10,0,100.0
2821,119,Monsoon Session,21,0,100.0
2822,119,Budget Session,11,0,100.0
2823,119,Budget Session,21,0,100.0
2824,119,Winter Session,20,0,100.0
2825,119,Monsoon Session,19,0,100.0
2826,119,225th Part-2,21,0,100.0
2827,119,225th Part-1,14,0,100.0
2828,119,Winter Session,24,0,100.0
2829,119,Monsoon Session,26,0,100.0
2830,119,Budget Session,23,0,100.0
2831,119,Winter Session,23,0,100.0
2832,119,Monsoon Session,26,0,100.0
2833,119,219th Part-2,17,0,100.0
2834,119,219th Part-1,15,0,100.0
2835,119,Winter Session,23,0,100.0
2836,119,Budget Session,26,0,100.0
2837,119,Special Session,4,0,100.0
2838,119,Budget Session,10,0,100.0
2839,119,214th Part2,10,0,100.0
2840,119,214th Part-1,6,0,100.0
2841,119,Budget Session,35,0,100.0
2842,119,Winter Session,17,0,100.0
2843,123,225th Part-1,14,0,100.0
2844,123,Winter Session,24,0,100.0
2845,123,Monsoon Session,26,0,100.0
2846,123,Budget Session,23,0,100.0
2847,123,Winter Session,23,0,100.0
2848,123,Monsoon Session,26,0,100.0
2849,123,219th Part-2,17,0,100.0
2850,123,219th Part-1,15,0,100.0
2851,123,Winter Session,23,0,100.0
2852,123,Budget Session,26,0,100.0
2853,123,Special Session,4,0,100.0
2854,123,Budget Session,10,0,100.0
2855,123,214th Part2,10,0,100.0
2856,123,214th Part-1,6,0,100.0
2857,123,Budget Session,35,0,100.0
2858,123,Winter Session,17,0,100.0
2859,125,214th Part-1,6,0,100.0
2860,125,Budget Session,35,0,100.0
2861,125,Winter Session,17,0,100.0
2862,126,Budget Session,33,0,100.0
2863,126,Monsoon Session,18,0,100.0
2864,126,Budget Session,34,0,100.0
2865,126,Winter Session,20,0,100.0
2866,126,Monsoon Session,35,0,100.0
2867,126,Budget Session,10,0,100.0
2868,126,Winter Session,18,0,100.0
2869,126,Monsoon Session,17,0,100.0
2870,126,Budget Session,22,0,100.0
2871,126,Budget Session,8,0,100.0
2872,126,Winter Session,13,0,100.0
2873,126,Monsoon Session,19,0,100.0
2874,126,Budget Session,21,0,100.0
2875,126,Budget Session,8,0,100.0
2876,126,Winter Session,21,0,100.0
2877,126,Monsoon Session,20,0,100.0
2878,126,Budget Session,15,0,100.0
2879,126,Budget Session,16,0,100.0
2880,126,Winter Session,20,0,100.0
2881,126,Monsoon Session,17,0,100.0
2882,126,Budget Session,13,0,100.0
2883,126,Budget Session,19,0,100.0
2884,126,Winter Session,22,0,100.0
2885,126,Budget Session,27,0,100.0
2886,126,Special Session,3,0,100.0
2887,126,Winter Session,12,0,100.0
2888,126,Winter Session,10,0,100.0
2889,126,Monsoon Session,21,0,100.0
2890,126,Budget Session,11,0,100.0
2891,126,Budget Session,21,0,100.0
2892,126,Winter Session,20,0,100.0
2893,126,Monsoon Session,19,0,100.0
2894,126,225th Part-2,21,0,100.0
2895,126,225th Part-1,14,0,100.0
2896,126,Winter Session,24,0,100.0
2897,126,Monsoon Session,26,0,100.0
2898,126,Budget Session,23,0,100.0
2899,126,Winter Session,23,0,100.0
2900,126,Monsoon Session,26,0,100.0
2901,126,219th Part-2,17,0,100.0
2902,126,219th Part-1,15,0,100.0
2903,126,Winter Session,23,0,100.0
2904,126,Budget Session,26,0,100.0
2905,126,Special Session,4,0,100.0
2906,126,Budget Session,10,0,100.0
2907,127,Budget Session,35,0,100.0
2908,127,Winter Session,17,0,100.0
2909,131,Budget Session,35,0,100.0
2910,131,Winter Session,17,0,100.0
2911,132,225th Part-1,14,0,100.0
2912,132,Winter Session,24,0,100.0
2913,132,Monsoon Session,26,0,100.0
2914,132,Budget Session,23,0,100.0
2915,132,Winter Session,23,0,100.0
2916,132,Monsoon Session,26,0,100.0
2917,132,219th Part-2,17,0,100.0
2918,132,219th Part-1,15,0,100.0
2919,132,Winter Session,23,0,100.0
2920,132,Budget Session,26,0,100.0
2921,132,Special Session,4,0,100.0
2922,132,Budget Session,10,0,100.0
2923,132,214th Part2,10,0,100.0
2924,132,214th Part-1,6,0,100.0
2925,132,Budget Session,35,0,100.0
2926,132,Winter Session,17,0,100.0
2927,135,219th Part-2,17,0,100.0
2928,135,219th Part-1,15,0,100.0
2929,135,Winter Session,23,0,100.0
2930,135,Budget Session,26,0,100.0
2931,135,Special Session,4,0,100.0
2932,135,Budget Session,10,0,100.0
2933,135,214th Part2,10,0,100.0
2934,135,214th Part-1,6,0,100.0
2935,135,Budget Session,35,0,100.0
2936,135,Winter Session,17,0,100.0
2937,140,Budget Session,35,0,100.0
2938,140,Winter Session,17,0,100.0
2939,143,Budget Session,29,0,100.0
2940,143,Winter Session,18,0,100.0
2941,143,Monsoon Session,17,0,100.0
2942,143,Budget Session,33,0,100.0
2943,143,Monsoon Session,18,0,100.0
2944,143,Budget Session,34,0,100.0
2945,143,Winter Session,20,0,100.0
2946,143,Monsoon Session,35,0,100.0
2947,143,Budget Session,10,0,100.0
2948,143,Winter Session,18,0,100.0
2949,143,Monsoon Session,17,0,100.0
2950,143,Budget Session,22,0,100.0
2951,143,Budget Session,8,0,100.0
2952,143,Winter Session,13,0,100.0
2953,143,Monsoon Session,19,0,100.0
2954,143,Budget Session,21,0,100.0
2955,143,Budget Session,8,0,100.0
2956,143,Winter Session,21,0,100.0
2957,143,Monsoon Session,20,0,100.0
2958,143,Budget Session,15,0,100.0
2959,143,Budget Session,16,0,100.0
2960,143,Winter Session,20,0,100.0
2961,143,Monsoon Session,17,0,100.0
2962,143,Budget Session,13,0,100.0
2963,143,Budget Session,19,0,100.0
2964,143,Winter Session,22,0,100.0
2965,143,Budget Session,27,0,100.0
2966,143,Special Session,3,0,100.0
2967,143,Winter Session,12,0,100.0
2968,143,Winter Session,10,0,100.0
2969,143,Monsoon Session,21,0,100.0
2970,143,Budget Session,11,0,100.0
2971,143,Budget Session,21,0,100.0
2972,143,Winter Session,20,0,100.0
2973,143,Monsoon Session,19,0,100.0
2974,143,225th Part-2,21,0,100.0
2975,143,225th Part-1,14,0,100.0
2976,143,Winter Session,24,0,100.0
2977,143,Monsoon Session,26,0,100.0
2978,143,Budget Session,23,0,100.0
2979,143,Winter Session,23,0,100.0
2980,143,Monsoon Session,26,0,100.0
2981,146,Winter Session,12,0,100.0
2982,146,Winter Session,10,0,100.0
2983,146,Monsoon Session,21,0,100.0
2984,146,Budget Session,11,0,100.0
2985,146,Budget Session,21,0,100.0
2986,146,Winter Session,20,0,100.0
2987,146,Monsoon Session,19,0,100.0
2988,146,225th Part-2,21,0,100.0
2989,146,225th Part-1,14,0,100.0
2990,146,Winter Session,24,0,100.0
2991,146,Monsoon Session,26,0,100.0
2992,146,Budget Session,23,0,100.0
2993,146,Winter Session,23,0,100.0
2994,146,Monsoon Session,26,0,100.0
2995,146,219th Part-2,17,0,100.0
2996,146,219th Part-1,15,0,100.0
2997,146,Winter Session,23,0,100.0
2998,146,Budget Session,26,0,100.0
2999,146,Special Session,4,0,100.0
3000,146,Budget Session,10,0,100.0
3001,146,214th Part2,10,0,100.0
3002,146,214th Part-1,6,0,100.0
3003,146,Budget Session,35,0,100.0
3004,146,Winter Session,17,0,100.0
3005,155,Budget Session,15,0,100.0
3006,155,Budget Session,16,0,100.0
3007,155,Winter Session,20,0,100.0
3008,155,Monsoon Session,17,0,100.0
3009,155,Budget Session,13,0,100.0
3010,155,Budget Session,19,0,100.0
3011,155,Winter Session,22,0,100.0
3012,155,Budget Session,27,0,100.0
3013,155,Special Session,3,0,100.0
3014,155,Winter Session,12,0,100.0
3015,155,Winter Session,10,0,100.0
3016,155,Monsoon Session,21,0,100.0
3017,155,Budget Session,11,0,100.0
3018,155,Budget Session,21,0,100.0
3019,155,Winter Session,20,0,100.0
3020,155,Monsoon Session,19,0,100.0
3021,155,225th Part-2,21,0,100.0
3022,155,225th Part-1,14,0,100.0
3023,155,Winter Session,24,0,100.0
3024,155,Monsoon Session,26,0,100.0
3025,155,Budget Session,23,0,100.0
3026,155,Winter Session,23,0,100.0
3027,155,Monsoon Session,26,0,100.0
3028,155,219th Part-2,17,0,100.0
3029,155,219th Part-1,15,0,100.0
3030,155,Winter Session,23,0,100.0
3031,155,Budget Session,26,0,100.0
3032,155,Special Session,4,0,100.0
3033,155,Budget Session,10,0,100.0
3034,155,214th Part2,10,0,100.0
3035,155,214th Part-1,6,0,100.0
3036,155,Budget Session,35,0,100.0
3037,155,Winter Session,17,0,100.0
3038,164,Budget Session,29,0,100.0
3039,164,Winter Session,18,0,100.0
3040,164,Monsoon Session,17,0,100.0
3041,164,Budget Session,33,0,100.0
3042,164,Monsoon Session,18,0,100.0
3043,164,Budget Session,34,0,100.0
3044,164,Winter Session,20,0,100.0
3045,164,Monsoon Session,35,0,100.0
3046,164,Budget Session,10,0,100.0
3047,164,Winter Session,18,0,100.0
3048,164,Monsoon Session,17,0,100.0
3049,164,Budget Session,22,0,100.0
3050,164,Budget Session,8,0,100.0
3051,164,Winter Session,13,0,100.0
3052,164,Monsoon Session,19,0,100.0
3053,164,Budget Session,21,0,100.0
3054,164,Budget Session,8,0,100.0
3055,164,Winter Session,21,0,100.0
3056,164,Monsoon Session,20,0,100.0
3057,164,Budget Session,15,0,100.0
3058,164,Budget Session,16,0,100.0
3059,164,Winter Session,20,0,100.0
3060,164,Monsoon Session,17,0,100.0
3061,164,Budget Session,13,0,100.0
3062,164,Budget Session,19,0,100.0
3063,164,Winter Session,22,0,100.0
3064,164,Budget Session,27,0,100.0
3065,164,Special Session,3,0,100.0
3066,164,Winter Session,12,0,100.0
3067,164,Winter Session,10,0,100.0
3068,164,Monsoon Session,21,0,100.0
3069,164,Budget Session,11,0,100.0
3070,164,Budget Session,21,0,100.0
3071,164,Winter Session,20,0,100.0
3072,164,Monsoon Session,19,0,100.0
3073,164,225th Part-2,21,0,100.0
3074,164,225th Part-1,14,0,100.0
3075,164,Winter Session,24,0,100.0
3076,164,Monsoon Session,26,0,100.0
3077,164,Budget Session,23,0,100.0
3078,164,Winter Session,23,0,100.0
3079,164,Monsoon Session,26,0,100.0
3080,164,219th Part-2,17,0,100.0
3081,173,Budget Session,29,0,100.0
3082,173,Winter Session,18,0,100.0
3083,173,Monsoon Session,17,0,100.0
3084,173,Budget Session,33,0,100.0
3085,173,Monsoon Session,18,0,100.0
3086,173,Budget Session,34,0,100.0
3087,173,Winter Session,20,0,100.0
3088,173,Monsoon Session,35,0,100.0
3089,173,Budget Session,10,0,100.0
3090,173,Winter Session,18,0,100.0
3091,173,Monsoon Session,17,0,100.0
3092,173,Budget Session,22,0,100.0
3093,173,Budget Session,8,0,100.0
3094,173,Winter Session,13,0,100.0
3095,173,Monsoon Session,19,0,100.0
3096,173,Budget Session,21,0,100.0
3097,173,Budget Session,8,0,100.0
3098,173,Winter Session,21,0,100.0
3099,173,Monsoon Session,20,0,100.0
3100,173,Budget Session,15,0,100.0
3101,173,Budget Session,16,0,100.0
3102,173,Winter Session,20,0,100.0
3103,173,Monsoon Session,17,0,100.0
3104,173,Budget Session,13,0,100.0
3105,173,Budget Session,19,0,100.0
3106,173,Winter Session,22,0,100.0
3107,173,Budget Session,27,0,100.0
3108,173,Special Session,3,0,100.0
3109,173,Winter Session,12,0,100.0
3110,173,Winter Session,10,0,100.0
3111,173,Monsoon Session,21,0,100.0
3112,173,Budget Session,11,0,100.0
3113,173,Budget Session,21,0,100.0
3114,173,Winter Session,20,0,100.0
3115,173,Monsoon Session,19,0,100.0
3116,173,225th Part-2,21,0,100.0
3117,173,225th Part-1,14,0,100.0
3118,173,Winter Session,24,0,100.0
3119,173,Monsoon Session,26,0,100.0
3120,173,Budget Session,23,0,100.0
3121,173,Winter Session,23,0,100.0
3122,173,Monsoon Session,26,0,100.0
3123,173,219th Part-2,17,0,100.0
3124,173,219th Part-1,15,0,100.0
3125,173,Winter Session,23,0,100.0
3126,173,Budget Session,26,0,100.0
3127,173,Special Session,4,0,100.0
3128,173,Budget Session,10,0,100.0
3129,173,214th Part2,10,0,100.0
3130,173,214th Part-1,6,0,100.0
3131,173,Budget Session,35,0,100.0
3132,173,Winter Session,17,0,100.0
3133,175,Winter Session,15,0,100.0
3134,175,Monsoon Session,21,0,100.0
3135,175,Budget Session,27,0,100.0
3136,175,Winter Session,19,0,100.0
3137,175,Monsoon Session,16,0,100.0
3138,175,Special Session,5,0,100.0
3139,175,Budget Session,9,0,100.0
3140,175,Winter Session,15,0,100.0
3141,175,Special Session,4,0,100.0
3142,175,Monsoon Session,17,0,100.0
3143,175,Budget Session,25,0,100.0
3144,175,Winter Session,13,0,100.0
3145,175,Monsoon Session,16,0,100.0
3146,175,Budget Session,22,0,100.0
3147,175,Budget Session,8,0,100.0
3148,175,Winter Session,13,0,100.0
3149,175,Monsoon Session,19,0,100.0
3150,175,Budget Session,21,0,100.0
3151,175,Budget Session,8,0,100.0
3152,175,Winter Session,21,0,100.0
3153,175,Monsoon Session,20,0,100.0
3154,175,Budget Session,15,0,100.0
3155,175,Budget Session,16,0,100.0
3156,175,Winter Session,20,0,100.0
3157,175,Monsoon Session,17,0,100.0
3158,175,Budget Session,13,0,100.0
3159,175,Budget Session,19,0,100.0
3160,175,Winter Session,22,0,100.0
3161,175,Budget Session,27,0,100.0
3162,175,Special Session,3,0,100.0
3163,175,Winter Session,12,0,100.0
3164,175,Winter Session,10,0,100.0
3165,175,Monsoon Session,21,0,100.0
3166,175,Budget Session,11,0,100.0
3167,175,Budget Session,21,0,100.0
3168,175,Winter Session,20,0,100.0
3169,175,Monsoon Session,19,0,100.0
3170,175,225th Part-2,21,0,100.0
3171,175,225th Part-1,14,0,100.0
3172,175,Winter Session,24,0,100.0
3173,175,Monsoon Session,26,0,100.0
3174,175,Budget Session,23,0,100.0
3175,175,Winter Session,23,0,100.0
3176,175,Monsoon Session,26,0,100.0
3177,175,219th Part-2,17,0,100.0
3178,175,219th Part-1,15,0,100.0
3179,175,Winter Session,23,0,100.0
3180,175,Budget Session,26,0,100.0
3181,175,Special Session,4,0,100.0
3182,175,Budget Session,10,0,100.0
3183,175,214th Part2,10,0,100.0
3184,175,214th Part-1,6,0,100.0
3185,175,Budget Session,35,0,100.0
3186,175,Winter Session,17,0,100.0
3187,177,Winter Session,15,0,100.0
3188,177,Monsoon Session,21,0,100.0
3189,177,Budget Session,27,0,100.0
3190,177,Winter Session,19,0,100.0
3191,177,Monsoon Session,16,0,100.0
3192,177,Special Session,5,0,100.0
3193,177,Budget Session,9,0,100.0
3194,177,Winter Session,15,0,100.0
3195,177,Special Session,4,0,100.0
3196,177,Monsoon Session,17,0,100.0
3197,177,Budget Session,25,0,100.0
3198,177,Winter Session,13,0,100.0
3199,177,Monsoon Session,16,0,100.0
3200,177,Budget Session,29,0,100.0
3201,177,Winter Session,18,0,100.0
3202,177,Monsoon Session,17,0,100.0
3203,177,Budget Session,33,0,100.0
3204,177,Monsoon Session,18,0,100.0
3205,177,Budget Session,34,0,100.0
3206,177,Budget Session,34,0,100.0
3207,177,Winter Session,20,0,100.0
3208,177,Monsoon Session,35,0,100.0
3209,177,Budget Session,10,0,100.0
3210,177,Winter Session,18,0,100.0
3211,177,Monsoon Session,17,0,100.0
3212,177,Budget Session,22,0,100.0
3213,177,Budget Session,8,0,100.0
3214,177,Winter Session,13,0,100.0
3215,177,Monsoon Session,19,0,100.0
3216,177,Budget Session,21,0,100.0
3217,177,Budget Session,8,0,100.0
3218,177,Winter Session,21,0,100.0
3219,177,Monsoon Session,20,0,100.0
3220,177,Budget Session,15,0,100.0
3221,177,Budget Session,16,0,100.0
3222,177,Winter Session,20,0,100.0
3223,177,Monsoon Session,17,0,100.0
3224,177,Budget Session,13,0,100.0
3225,177,Budget Session,19,0,100.0
3226,177,Winter Session,22,0,100.0
3227,177,Budget Session,27,0,100.0
3228,177,Special Session,3,0,100.0
3229,177,Budget Session,11,0,100.0
3230,177,Budget Session,21,0,100.0
3231,177,Winter Session,20,0,100.0
3232,177,Monsoon Session,19,0,100.0
3233,177,225th Part-2,21,0,100.0
3234,177,225th Part-1,14,0,100.0
3235,177,Winter Session,24,0,100.0
3236,177,Monsoon Session,26,0,100.0
3237,177,Budget Session,23,0,100.0
3238,177,Winter Session,23,0,100.0
3239,177,Monsoon Session,26,0,100.0
3240,177,219th Part-2,17,0,100.0
3241,177,219th Part-1,15,0,100.0
3242,177,Winter Session,23,0,100.0
3243,177,Budget Session,26,0,100.0
3244,177,Special Session,4,0,100.0
3245,177,Budget Session,10,0,100.0
3246,177,214th Part2,10,0,100.0
3247,177,214th Part-1,6,0,100.0
3248,177,Budget Session,35,0,100.0
3249,177,Winter Session,17,0,100.0
3250,181,225th Part-1,14,0,100.0
3251,181,Winter Session,24,0,100.0
3252,181,Monsoon Session,26,0,100.0
3253,181,Budget Session,23,0,100.0
3254,181,Winter Session,23,0,100.0
3255,181,Monsoon Session,26,0,100.0
3256,181,219th Part-2,17,0,100.0
3257,181,219th Part-1,15,0,100.0
3258,181,Winter Session,23,0,100.0
3259,181,Budget Session,26,0,100.0
3260,181,Special Session,4,0,100.0
3261,181,Budget Session,10,0,100.0
3262,181,214th Part2,10,0,100.0
3263,181,214th Part-1,6,0,100.0
3264,181,Budget Session,35,0,100.0
3265,181,Winter Session,17,0,100.0
3266,187,225th Part-1,14,0,100.0
3267,187,Winter Session,24,0,100.0
3268,187,Monsoon Session,26,0,100.0
3269,187,Budget Session,23,0,100.0
3270,187,Winter Session,23,0,100.0
3271,187,Monsoon Session,26,0,100.0
3272,187,219th Part-2,17,0,100.0
3273,187,219th Part-1,15,0,100.0
3274,187,Winter Session,23,0,100.0
3275,187,Budget Session,26,0,100.0
3276,187,Special Session,4,0,100.0
3277,187,Budget Session,10,0,100.0
3278,187,214th Part2,10,0,100.0
3279,187,214th Part-1,6,0,100.0
3280,187,Budget Session,35,0,100.0
3281,187,Winter Session,17,0,100.0
3282,190,Budget Session,29,0,100.0
3283,190,Winter Session,18,0,100.0
3284,190,Monsoon Session,17,0,100.0
3285,190,Budget Session,33,0,100.0
3286,190,Monsoon Session,18,0,100.0
3287,190,Budget Session,34,0,100.0
3288,190,Winter Session,20,0,100.0
3289,190,Monsoon Session,35,0,100.0
3290,190,Budget Session,10,0,100.0
3291,190,Winter Session,18,0,100.0
3292,190,Monsoon Session,17,0,100.0
3293,190,Budget Session,22,0,100.0
3294,190,Budget Session,8,0,100.0
3295,190,Winter Session,13,0,100.0
3296,190,Monsoon Session,19,0,100.0
3297,190,Budget Session,21,0,100.0
3298,190,Budget Session,8,0,100.0
3299,190,Winter Session,21,0,100.0
3300,190,Monsoon Session,20,0,100.0
3301,190,Budget Session,15,0,100.0
3302,190,Budget Session,16,0,100.0
3303,190,Winter Session,20,0,100.0
3304,190,Monsoon Session,17,0,100.0
3305,190,Budget Session,13,0,100.0
3306,190,Budget Session,19,0,100.0
3307,190,Winter Session,22,0,100.0
3308,190,Budget Session,27,0,100.0
3309,190,Special Session,3,0,100.0
3310,190,Winter Session,12,0,100.0
3311,190,Winter Session,10,0,100.0
3312,190,Monsoon Session,21,0,100.0
3313,190,Budget Session,11,0,100.0
3314,190,Budget Session,21,0,100.0
3315,190,Winter Session,20,0,100.0
3316,190,Monsoon Session,19,0,100.0
3317,190,225th Part-2,21,0,100.0
3318,190,225th Part-1,14,0,100.0
3319,190,Winter Session,24,0,100.0
3320,190,Monsoon Session,26,0,100.0
3321,190,Budget Session,23,0,100.0
3322,190,Winter Session,23,0,100.0
3323,190,Monsoon Session,26,0,100.0
3324,190,219th Part-2,17,0,100.0
3325,190,219th Part-1,15,0,100.0
3326,190,Winter Session,23,0,100.0
3327,190,Budget Session,26,0,100.0
3328,190,Special Session,4,0,100.0
3329,190,Budget Session,10,0,100.0
3330,190,214th Part2,10,0,100.0
3331,190,214th Part-1,6,0,100.0
3332,190,Budget Session,35,0,100.0
3333,190,Winter Session,17,0,100.0
3334,194,Winter Session,12,0,100.0
3335,194,Winter Session,10,0,100.0
3336,194,Monsoon Session,21,0,100.0
3337,194,Budget Session,11,0,100.0
3338,194,Budget Session,21,0,100.0
3339,194,Winter Session,20,0,100.0
3340,194,Monsoon Session,19,0,100.0
3341,194,225th Part-2,21,0,100.0
3342,194,225th Part-1,14,0,100.0
3343,194,Winter Session,24,0,100.0
3344,194,Monsoon Session,26,0,100.0
3345,194,Budget Session,23,0,100.0
3346,194,Winter Session,23,0,100.0
3347,194,Monsoon Session,26,0,100.0
3348,194,219th Part-2,17,0,100.0
3349,194,219th Part-1,15,0,100.0
3350,194,Winter Session,23,0,100.0
3351,194,Budget Session,26,0,100.0
3352,194,Special Session,4,0,100.0
3353,194,Budget Session,10,0,100.0
3354,194,214th Part2,10,0,100.0
3355,194,214th Part-1,6,0,100.0
3356,200,Budget Session,35,0,100.0
3357,200,Winter Session,17,0,100.0
3358,201,225th Part-1,14,0,100.0
3359,201,Winter Session,24,0,100.0
3360,201,Monsoon Session,26,0,100.0
3361,201,Budget Session,23,0,100.0
3362,201,Winter Session,23,0,100.0
3363,201,Monsoon Session,26,0,100.0
3364,201,219th Part-2,17,0,100.0
3365,201,219th Part-1,15,0,100.0
3366,201,Winter Session,23,0,100.0
3367,201,Budget Session,26,0,100.0
3368,201,Special Session,4,0,100.0
3369,201,Budget Session,10,0,100.0
3370,201,214th Part2,10,0,100.0
3371,201,214th Part-1,6,0,100.0
3372,201,Budget Session,35,0,100.0
3373,201,Winter Session,17,0,100.0
3374,205,Monsoon Session,17,0,100.0
3375,205,Budget Session,25,0,100.0
3376,205,Winter Session,13,0,100.0
3377,205,Monsoon Session,16,0,100.0
3378,205,Budget Session,29,0,100.0
3379,205,Winter Session,18,0,100.0
3380,205,Monsoon Session,17,0,100.0
3381,205,Budget Session,33,0,100.0
3382,205,Monsoon Session,18,0,100.0
3383,205,Budget Session,34,0,100.0
3384,205,Winter Session,20,0,100.0
3385,205,Monsoon Session,35,0,100.0
3386,205,Budget Session,10,0,100.0
3387,205,Winter Session,18,0,100.0
3388,205,Monsoon Session,17,0,100.0
3389,205,Budget Session,22,0,100.0
3390,205,Budget Session,8,0,100.0
3391,205,Winter Session,13,0,100.0
3392,205,Monsoon Session,19,0,100.0
3393,205,Budget Session,21,0,100.0
3394,205,Budget Session,8,0,100.0
3395,205,Winter Session,21,0,100.0
3396,205,Monsoon Session,20,0,100.0
3397,205,Budget Session,15,0,100.0
3398,205,Budget Session,16,0,100.0
3399,205,Winter Session,20,0,100.0
3400,205,Monsoon Session,17,0,100.0
3401,205,Budget Session,13,0,100.0
3402,205,Budget Session,19,0,100.0
3403,205,Winter Session,22,0,100.0
3404,205,Budget Session,27,0,100.0
3405,205,Special Session,3,0,100.0
3406,205,Winter Session,12,0,100.0
3407,205,Winter Session,10,0,100.0
3408,205,Monsoon Session,21,0,100.0
3409,205,Budget Session,11,0,100.0
3410,205,Budget Session,21,0,100.0
3411,205,Winter Session,20,0,100.0
3412,205,Monsoon Session,19,0,100.0
3413,205,225th Part-2,21,0,100.0
3414,205,225th Part-1,14,0,100.0
3415,205,Winter Session,24,0,100.0
3416,205,Monsoon Session,26,0,100.0
3417,205,Monsoon Session,26,0,100.0
3418,205,Budget Session,23,0,100.0
3419,205,Winter Session,23,0,100.0
3420,205,Monsoon Session,26,0,100.0
3421,205,219th Part-2,17,0,100.0
3422,205,219th Part-1,15,0,100.0
3423,205,Winter Session,23,0,100.0
3424,205,Budget Session,26,0,100.0
3425,205,Special Session,4,0,100.0
3426,205,Budget Session,10,0,100.0
3427,205,214th Part2,10,0,100.0
3428,205,214th Part-1,6,0,100.0
3429,205,Budget Session,35,0,100.0
3430,205,Winter Session,17,0,100.0
3815,1860,Budget Session,35,0,100.0
3816,1860,Winter Session,17,0,100.0
3817,2336,Budget Session,29,0,100.0
3818,2336,Winter Session,18,0,100.0
3819,2336,Monsoon Session,17,0,100.0
3820,2336,Budget Session,33,0,100.0
3821,2336,Monsoon Session,18,0,100.0
3822,2336,Budget Session,34,0,100.0
3823,2336,Winter Session,20,0,100.0
3824,2336,Monsoon Session,35,0,100.0
3825,2336,Budget Session,10,0,100.0
3826,2336,Winter Session,18,0,100.0
3827,2336,Monsoon Session,17,0,100.0
3828,2336,Budget Session,22,0,100.0
3829,2336,Budget Session,8,0,100.0
3830,2336,Winter Session,13,0,100.0
3831,2336,Monsoon Session,19,0,100.0
3832,2336,Budget Session,21,0,100.0
3833,2336,Budget Session,8,0,100.0
3834,2336,Winter Session,21,0,100.0
3835,2336,Monsoon Session,20,0,100.0
3836,2337,Budget Session,29,0,100.0
3837,2337,Winter Session,18,0,100.0
3838,2337,Monsoon Session,17,0,100.0
3839,2337,Budget Session,33,0,100.0
3840,2337,Monsoon Session,18,0,100.0
3841,2337,Budget Session,34,0,100.0
3842,2337,Winter Session,20,0,100.0
3843,2337,Monsoon Session,35,0,100.0
3844,2337,Budget Session,10,0,100.0
3845,2337,Winter Session,18,0,100.0
3846,2337,Monsoon Session,17,0,100.0
3847,2337,Budget Session,22,0,100.0
3848,2337,Budget Session,8,0,100.0
3849,2337,Winter Session,13,0,100.0
3850,2337,Monsoon Session,19,0,100.0
3851,2337,Budget Session,21,0,100.0
3852,2337,Budget Session,8,0,100.0
3853,2337,Winter Session,21,0,100.0
3854,2337,Monsoon Session,20,0,100.0
3855,1861,Budget Session,35,0,100.0
3856,1861,Winter Session,17,0,100.0
3857,2339,Budget Session,29,0,100.0
3858,2339,Budget Session,29,0,100.0
3859,2339,Winter Session,18,0,100.0
3860,2339,Winter Session,18,0,100.0
3861,2339,Monsoon Session,17,0,100.0
3862,2339,Monsoon Session,17,0,100.0
3863,2339,Budget Session,33,0,100.0
3864,2339,Budget Session,33,0,100.0
3865,2339,Monsoon Session,18,0,100.0
3866,2339,Monsoon Session,18,0,100.0
3867,2339,Budget Session,34,0,100.0
3868,2339,Budget Session,34,0,100.0
3869,2339,Winter Session,20,0,100.0
3870,2339,Winter Session,20,0,100.0
3871,2339,Monsoon Session,35,0,100.0
3872,2339,Budget Session,10,0,100.0
3873,2339,Winter Session,18,0,100.0
3874,2339,Monsoon Session,17,0,100.0
3875,2339,Budget Session,22,0,100.0
3876,2339,Budget Session,8,0,100.0
3877,2339,Winter Session,13,0,100.0
3878,2339,Monsoon Session,19,0,100.0
3879,2339,Budget Session,21,0,100.0
3880,2339,Budget Session,8,0,100.0
3881,2339,Winter Session,21,0,100.0
3882,2339,Monsoon Session,20,0,100.0
3883,1863,Budget Session,35,0,100.0
3884,1863,Winter Session,17,0,100.0
3885,2338,Budget Session,29,0,100.0
3886,2338,Winter Session,18,0,100.0
3887,2338,Monsoon Session,17,0,100.0
3888,2338,Budget Session,33,0,100.0
3889,2338,Monsoon Session,18,0,100.0
3890,2338,Budget Session,34,0,100.0
3891,2338,Winter Session,20,0,100.0
3892,2338,Monsoon Session,35,0,100.0
3893,2338,Budget Session,10,0,100.0
3894,2338,Winter Session,18,0,100.0
3895,2338,Monsoon Session,17,0,100.0
3896,2338,Budget Session,22,0,100.0
3897,2338,Budget Session,8,0,100.0
3898,2338,Winter Session,13,0,100.0
3899,2338,Monsoon Session,19,0,100.0
3900,2338,Budget Session,21,0,100.0
3901,2338,Budget Session,8,0,100.0
3902,2338,Winter Session,21,0,100.0
3903,2338,Monsoon Session,20,0,100.0
3904,1862,Budget Session,35,0,100.0
3905,1862,Winter Session,17,0,100.0
3906,2340,Budget Session,29,0,100.0
3907,2340,Winter Session,18,0,100.0
3908,2340,Monsoon Session,17,0,100.0
3909,2340,Budget Session,33,0,100.0
3910,2340,Monsoon Session,18,0,100.0
3911,2340,Budget Session,34,0,100.0
3912,2340,Winter Session,20,0,100.0
3913,2340,Monsoon Session,35,0,100.0
3914,2340,Budget Session,10,0,100.0
3915,2340,Winter Session,18,0,100.0
3916,2340,Monsoon Session,17,0,100.0
3917,2340,Budget Session,22,0,100.0
3918,2340,Budget Session,8,0,100.0
3919,2340,Winter Session,13,0,100.0
3920,2340,Monsoon Session,19,0,100.0
3921,2340,Budget Session,21,0,100.0
3922,2340,Budget Session,8,0,100.0
3923,2340,Winter Session,21,0,100.0
3924,2340,Monsoon Session,20,0,100.0
3925,1864,Budget Session,35,0,100.0
3926,1864,Winter Session,17,0,100.0
3927,2341,Budget Session,29,0,100.0
3928,2341,Winter Session,18,0,100.0
3929,2341,Monsoon Session,17,0,100.0
3930,2341,Budget Session,33,0,100.0
3931,2341,Monsoon Session,18,0,100.0
3932,2341,Budget Session,34,0,100.0
3933,2341,Winter Session,20,0,100.0
3934,2341,Monsoon Session,35,0,100.0
3935,2341,Budget Session,10,0,100.0
3936,2341,Winter Session,18,0,100.0
3937,2341,Monsoon Session,17,0,100.0
3938,2341,Budget Session,22,0,100.0
3939,2341,Budget Session,8,0,100.0
3940,2341,Winter Session,13,0,100.0
3941,2341,Monsoon Session,19,0,100.0
3942,2341,Budget Session,21,0,100.0
3943,2341,Budget Session,8,0,100.0
3944,2341,Winter Session,21,0,100.0
3945,2341,Monsoon Session,20,0,100.0
3946,1865,Budget Session,35,0,100.0
3947,1865,Winter Session,17,0,100.0
3948,2342,Budget Session,29,0,100.0
3949,2342,Winter Session,18,0,100.0
3950,2342,Monsoon Session,17,0,100.0
3951,2342,Budget Session,33,0,100.0
3952,2342,Monsoon Session,18,0,100.0
3953,2342,Budget Session,34,0,100.0
3954,2342,Winter Session,20,0,100.0
3955,2342,Monsoon Session,35,0,100.0
3956,2342,Budget Session,10,0,100.0
3957,2342,Winter Session,18,0,100.0
3958,2342,Monsoon Session,17,0,100.0
3959,2342,Budget Session,22,0,100.0
3960,2342,Budget Session,8,0,100.0
3961,2342,Winter Session,13,0,100.0
3962,2342,Monsoon Session,19,0,100.0
3963,2342,Budget Session,21,0,100.0
3964,2342,Budget Session,8,0,100.0
3965,2342,Winter Session,21,0,100.0
3966,2342,Monsoon Session,20,0,100.0
3967,1866,Winter Session,15,0,100.0
3968,1866,Monsoon Session,21,0,100.0
3969,1866,Budget Session,27,0,100.0
3970,1866,Winter Session,19,0,100.0
3971,1866,Monsoon Session,16,0,100.0
3972,1866,Special Session,5,0,100.0
3973,1866,Budget Session,9,0,100.0
3974,1866,Winter Session,15,0,100.0
3975,1866,Special Session,4,0,100.0
3976,1866,Monsoon Session,17,0,100.0
3977,1866,Budget Session,25,0,100.0
3978,1866,Winter Session,13,0,100.0
3979,1866,Monsoon Session,16,0,100.0
3980,1866,Budget Session,29,0,100.0
3981,1866,Winter Session,18,0,100.0
3982,1866,Monsoon Session,17,0,100.0
3983,1866,Budget Session,33,0,100.0
3984,1866,Monsoon Session,18,0,100.0
3985,1866,Budget Session,34,0,100.0
3986,1866,Winter Session,12,0,100.0
3987,1866,Winter Session,10,0,100.0
3988,1866,Monsoon Session,21,0,100.0
3989,1866,Budget Session,11,0,100.0
3990,1866,Budget Session,21,0,100.0
3991,1866,Winter Session,20,0,100.0
3992,1866,Monsoon Session,19,0,100.0
3993,1866,225th Part-2,21,0,100.0
3994,1866,225th Part-1,14,0,100.0
3995,1866,Winter Session,24,0,100.0
3996,1866,Monsoon Session,26,0,100.0
3997,1866,Budget Session,23,0,100.0
3998,1866,Winter Session,23,0,100.0
3999,1866,Monsoon Session,26,0,100.0
4000,1866,219th Part-2,17,0,100.0
4001,1866,219th Part-1,15,0,100.0
4002,1866,Winter Session,23,0,100.0
4003,1866,Budget Session,26,0,100.0
4004,1866,Special Session,4,0,100.0
4005,1866,Budget Session,10,0,100.0
4006,1866,214th Part2,10,0,100.0
4007,1866,214th Part-1,6,0,100.0
4008,1866,Budget Session,35,0,100.0
4009,1866,Winter Session,17,0,100.0
4010,1867,Budget Session,35,0,100.0
4011,1867,Winter Session,17,0,100.0
4012,2343,Winter Session,15,0,100.0
4013,2343,Monsoon Session,21,0,100.0
4014,2343,Budget Session,27,0,100.0
4015,2343,Winter Session,19,0,100.0
4016,2343,Monsoon Session,16,0,100.0
4017,2343,Special Session,5,0,100.0
4018,2343,Budget Session,9,0,100.0
4019,2343,Winter Session,15,0,100.0
4020,2343,Special Session,4,0,100.0
4021,2343,Monsoon Session,17,0,100.0
4022,2343,Budget Session,25,0,100.0
4023,2343,Winter Session,13,0,100.0
4024,2343,Monsoon Session,16,0,100.0
4025,2343,Budget Session,29,0,100.0
4026,2343,Winter Session,18,0,100.0
4027,2343,Monsoon Session,17,0,100.0
4028,2343,Budget Session,33,0,100.0
4029,2343,Monsoon Session,18,0,100.0
4030,2343,Budget Session,34,0,100.0
4031,2343,Winter Session,20,0,100.0
4032,2343,Monsoon Session,35,0,100.0
4033,2343,Budget Session,10,0,100.0
4034,2343,Winter Session,18,0,100.0
4035,2343,Monsoon Session,17,0,100.0
4036,2343,Budget Session,22,0,100.0
4037,2343,Budget Session,8,0,100.0
4038,2343,Winter Session,13,0,100.0
4039,2343,Monsoon Session,19,0,100.0
4040,2343,Budget Session,21,0,100.0
4041,2343,Budget Session,8,0,100.0
4042,2343,Winter Session,21,0,100.0
4043,2343,Monsoon Session,20,0,100.0
4044,2344,Budget Session,29,0,100.0
4045,2344,Winter Session,18,0,100.0
4046,2344,Monsoon Session,17,0,100.0
4047,2344,Budget Session,33,0,100.0
4048,2344,Monsoon Session,18,0,100.0
4049,2344,Budget Session,34,0,100.0
4050,2344,Winter Session,20,0,100.0
4051,2344,Monsoon Session,35,0,100.0
4052,2344,Budget Session,10,0,100.0
4053,2344,Winter Session,18,0,100.0
4054,2344,Monsoon Session,17,0,100.0
4055,2344,Budget Session,22,0,100.0
4056,2344,Budget Session,8,0,100.0
4057,2344,Winter Session,13,0,100.0
4058,2344,Monsoon Session,19,0,100.0
4059,2344,Budget Session,21,0,100.0
4060,2344,Budget Session,8,0,100.0
4061,2344,Winter Session,21,0,100.0
4062,2344,Monsoon Session,20,0,100.0
4063,1868,Winter Session,12,0,100.0
4064,1868,Winter Session,10,0,100.0
4065,1868,Monsoon Session,21,0,100.0
4066,1868,Budget Session,11,0,100.0
4067,1868,Budget Session,21,0,100.0
4068,1868,Winter Session,20,0,100.0
4069,1868,Monsoon Session,19,0,100.0
4070,1868,225th Part-2,21,0,100.0
4071,1868,225th Part-1,14,0,100.0
4072,1868,Winter Session,24,0,100.0
4073,1868,Monsoon Session,26,0,100.0
4074,1868,Budget Session,23,0,100.0
4075,1868,Winter Session,23,0,100.0
4076,1868,Monsoon Session,26,0,100.0
4077,1868,219th Part-2,17,0,100.0
4078,1868,219th Part-1,15,0,100.0
4079,1868,Winter Session,23,0,100.0
4080,1868,Budget Session,26,0,100.0
4081,1868,Special Session,4,0,100.0
4082,1868,Budget Session,10,0,100.0
4083,1868,214th Part2,10,0,100.0
4084,1868,214th Part-1,6,0,100.0
4085,1868,Budget Session,35,0,100.0
4086,1868,Winter Session,17,0,100.0
4087,2345,Budget Session,29,0,100.0
4088,2345,Winter Session,18,0,100.0
4089,2345,Monsoon Session,17,0,100.0
4090,2345,Budget Session,33,0,100.0
4091,2345,Monsoon Session,18,0,100.0
4092,2345,Budget Session,34,0,100.0
4093,2345,Winter Session,20,0,100.0
4094,2345,Monsoon Session,35,0,100.0
4095,2345,Budget Session,10,0,100.0
4096,2345,Winter Session,18,0,100.0
4097,2345,Monsoon Session,17,0,100.0
4098,2345,Budget Session,22,0,100.0
4099,2345,Budget Session,8,0,100.0
4100,2345,Winter Session,13,0,100.0
4101,2345,Monsoon Session,19,0,100.0
4102,2345,Budget Session,21,0,100.0
4103,2345,Budget Session,8,0,100.0
4104,2345,Winter Session,21,0,100.0
4105,2345,Monsoon Session,20,0,100.0
4106,1869,Winter Session,12,0,100.0
4107,1869,Winter Session,10,0,100.0
4108,1869,Monsoon Session,21,0,100.0
4109,1869,Budget Session,11,0,100.0
4110,1869,Budget Session,21,0,100.0
4111,1869,Winter Session,20,0,100.0
4112,1869,Monsoon Session,19,0,100.0
4113,1869,225th Part-2,21,0,100.0
4114,1869,225th Part-1,14,0,100.0
4115,1869,Winter Session,24,0,100.0
4116,1869,Monsoon Session,26,0,100.0
4117,1869,Budget Session,23,0,100.0
4118,1869,Winter Session,23,0,100.0
4119,1869,Monsoon Session,26,0,100.0
4120,1869,219th Part-2,17,0,100.0
4121,1869,219th Part-1,15,0,100.0
4122,1869,Winter Session,23,0,100.0
4123,1869,Budget Session,26,0,100.0
4124,1869,Special Session,4,0,100.0
4125,1869,Budget Session,10,0,100.0
4126,1869,214th Part2,10,0,100.0
4127,1869,214th Part-1,6,0,100.0
4128,1869,Budget Session,35,0,100.0
4129,1869,Winter Session,17,0,100.0
4130,2346,Budget Session,29,0,100.0
4131,2346,Winter Session,18,0,100.0
4132,2346,Monsoon Session,17,0,100.0
4133,2346,Budget Session,33,0,100.0
4134,2346,Monsoon Session,18,0,100.0
4135,2346,Budget Session,34,0,100.0
4136,2346,Winter Session,20,0,100.0
4137,2346,Monsoon Session,35,0,100.0
4138,2346,Budget Session,10,0,100.0
4139,2346,Winter Session,18,0,100.0
4140,2346,Monsoon Session,17,0,100.0
4141,2346,Budget Session,22,0,100.0
4142,2346,Budget Session,8,0,100.0
4143,2346,Winter Session,13,0,100.0
4144,2346,Monsoon Session,19,0,100.0
4145,2346,Budget Session,21,0,100.0
4146,2346,Budget Session,8,0,100.0
4147,2346,Winter Session,21,0,100.0
4148,2346,Monsoon Session,20,0,100.0
4149,1870,Budget Session,35,0,100.0
4150,1870,Winter Session,17,0,100.0
4151,1871,Budget Session,35,0,100.0
4152,1871,Winter Session,17,0,100.0
4153,2347,Budget Session,29,0,100.0
4154,2347,Winter Session,18,0,100.0
4155,2347,Monsoon Session,17,0,100.0
4156,2347,Budget Session,33,0,100.0
4157,2347,Monsoon Session,18,0,100.0
4158,2347,Budget Session,34,0,100.0
4159,2347,Winter Session,20,0,100.0
4160,2347,Monsoon Session,35,0,100.0
4161,2347,Budget Session,10,0,100.0
4162,2347,Winter Session,18,0,100.0
4163,2347,Monsoon Session,17,0,100.0
4164,2347,Budget Session,22,0,100.0
4165,2347,Budget Session,8,0,100.0
4166,2347,Winter Session,13,0,100.0
4167,2347,Monsoon Session,19,0,100.0
4168,2347,Budget Session,21,0,100.0
4169,2347,Budget Session,8,0,100.0
4170,2347,Winter Session,21,0,100.0
4171,2347,Monsoon Session,20,0,100.0
4172,2348,Budget Session,29,0,100.0
4173,2348,Winter Session,18,0,100.0
4174,2348,Monsoon Session,17,0,100.0
4175,2348,Budget Session,33,0,100.0
4176,2348,Monsoon Session,18,0,100.0
4177,2348,Budget Session,34,0,100.0
4178,2348,Winter Session,20,0,100.0
4179,2348,Monsoon Session,35,0,100.0
4180,2348,Budget Session,10,0,100.0
4181,2348,Winter Session,18,0,100.0
4182,2348,Monsoon Session,17,0,100.0
4183,2348,Budget Session,22,0,100.0
4184,2348,Budget Session,8,0,100.0
4185,2348,Winter Session,13,0,100.0
4186,2348,Monsoon Session,19,0,100.0
4187,2348,Budget Session,21,0,100.0
4188,2348,Budget Session,8,0,100.0
4189,2348,Winter Session,21,0,100.0
4190,2348,Monsoon Session,20,0,100.0
4191,1872,Budget Session,34,0,100.0
4192,1872,Winter Session,20,0,100.0
4193,1872,Monsoon Session,35,0,100.0
4194,1872,Budget Session,10,0,100.0
4195,1872,Winter Session,18,0,100.0
4196,1872,Monsoon Session,17,0,100.0
4197,1872,Budget Session,22,0,100.0
4198,1872,Budget Session,8,0,100.0
4199,1872,Winter Session,13,0,100.0
4200,1872,Monsoon Session,19,0,100.0
4201,1872,Budget Session,21,0,100.0
4202,1872,Budget Session,8,0,100.0
4203,1872,Winter Session,21,0,100.0
4204,1872,Monsoon Session,20,0,100.0
4205,1872,Budget Session,15,0,100.0
4206,1872,Budget Session,16,0,100.0
4207,1872,Winter Session,20,0,100.0
4208,1872,Monsoon Session,17,0,100.0
4209,1872,Budget Session,13,0,100.0
4210,1872,Budget Session,19,0,100.0
4211,1872,Winter Session,22,0,100.0
4212,1872,Budget Session,27,0,100.0
4213,1872,Special Session,3,0,100.0
4214,1872,Winter Session,12,0,100.0
4215,1872,Winter Session,10,0,100.0
4216,1872,Monsoon Session,21,0,100.0
4217,1872,Budget Session,11,0,100.0
4218,1872,Budget Session,21,0,100.0
4219,1872,Winter Session,20,0,100.0
4220,1872,Monsoon Session,19,0,100.0
4221,1872,225th Part-2,21,0,100.0
4222,1872,225th Part-1,14,0,100.0
4223,1872,Winter Session,24,0,100.0
4224,1872,Monsoon Session,26,0,100.0
4225,1872,Budget Session,23,0,100.0
4226,1872,Winter Session,23,0,100.0
4227,1872,Monsoon Session,26,0,100.0
4228,1872,219th Part-2,17,0,100.0
4229,1872,219th Part-1,15,0,100.0
4230,1872,Winter Session,23,0,100.0
4231,1872,Budget Session,26,0,100.0
4232,1872,Special Session,4,0,100.0
4233,1872,Budget Session,10,0,100.0
4234,1872,214th Part2,10,0,100.0
4235,1872,214th Part-1,6,0,100.0
4236,1872,Budget Session,35,0,100.0
4237,1872,Winter Session,17,0,100.0
4238,2349,Budget Session,29,0,100.0
4239,2349,Winter Session,18,0,100.0
4240,2349,Monsoon Session,17,0,100.0
4241,2349,Budget Session,33,0,100.0
4242,2349,Monsoon Session,18,0,100.0
4243,2349,Budget Session,34,0,100.0
4244,2349,Winter Session,20,0,100.0
4245,2349,Monsoon Session,35,0,100.0
4246,2349,Budget Session,10,0,100.0
4247,2349,Winter Session,18,0,100.0
4248,2349,Monsoon Session,17,0,100.0
4249,2349,Budget Session,22,0,100.0
4250,2349,Budget Session,8,0,100.0
4251,2349,Winter Session,13,0,100.0
4252,2349,Monsoon Session,19,0,100.0
4253,2349,Budget Session,21,0,100.0
4254,2349,Budget Session,8,0,100.0
4255,2349,Winter Session,21,0,100.0
4256,2349,Monsoon Session,20,0,100.0
4257,1873,Budget Session,35,0,100.0
4258,1873,Winter Session,17,0,100.0
4259,2350,Budget Session,29,0,100.0
4260,2350,Winter Session,18,0,100.0
4261,2350,Monsoon Session,17,0,100.0
4262,2350,Budget Session,33,0,100.0
4263,2350,Monsoon Session,18,0,100.0
4264,2350,Budget Session,34,0,100.0
4265,2350,Winter Session,20,0,100.0
4266,2350,Monsoon Session,35,0,100.0
4267,2350,Budget Session,10,0,100.0
4268,2350,Winter Session,18,0,100.0
4269,2350,Monsoon Session,17,0,100.0
4270,2350,Budget Session,22,0,100.0
4271,2350,Budget Session,8,0,100.0
4272,2350,Winter Session,13,0,100.0
4273,2350,Monsoon Session,19,0,100.0
4274,2350,Budget Session,21,0,100.0
4275,2350,Budget Session,8,0,100.0
4276,2350,Winter Session,21,0,100.0
4277,2350,Monsoon Session,20,0,100.0
4278,1874,Winter Session,12,0,100.0
4279,1874,Winter Session,10,0,100.0
4280,1874,Monsoon Session,21,0,100.0
4281,1874,Budget Session,11,0,100.0
4282,1874,Budget Session,21,0,100.0
4283,1874,Winter Session,20,0,100.0
4284,1874,Monsoon Session,19,0,100.0
4285,1874,225th Part-2,21,0,100.0
4286,1874,225th Part-1,14,0,100.0
4287,1874,Winter Session,24,0,100.0
4288,1874,Monsoon Session,26,0,100.0
4289,1874,Budget Session,23,0,100.0
4290,1874,Winter Session,23,0,100.0
4291,1874,Monsoon Session,26,0,100.0
4292,1874,219th Part-2,17,0,100.0
4293,1874,219th Part-1,15,0,100.0
4294,1874,Winter Session,23,0,100.0
4295,1874,Budget Session,26,0,100.0
4296,1874,Special Session,4,0,100.0
4297,1874,Budget Session,10,0,100.0
4298,1874,214th Part2,10,0,100.0
4299,1874,214th Part-1,6,0,100.0
4300,1874,Budget Session,35,0,100.0
4301,1874,Winter Session,17,0,100.0
4302,1875,Budget Session,35,0,100.0
4303,1875,Winter Session,17,0,100.0
4304,1879,Budget Session,35,0,100.0
4305,1879,Winter Session,17,0,100.0
4306,2351,Winter Session,15,0,100.0
4307,2351,Monsoon Session,21,0,100.0
4308,2351,Budget Session,27,0,100.0
4309,2351,Winter Session,19,0,100.0
4310,2351,Monsoon Session,16,0,100.0
4311,2351,Special Session,5,0,100.0
4312,2351,Budget Session,29,0,100.0
4313,2351,Budget Session,29,0,100.0
4314,2351,Winter Session,18,0,100.0
4315,2351,Winter Session,18,0,100.0
4316,2351,Monsoon Session,17,0,100.0
4317,2351,Monsoon Session,17,0,100.0
4318,2351,Budget Session,33,0,100.0
4319,2351,Budget Session,33,0,100.0
4320,2351,Monsoon Session,18,0,100.0
4321,2351,Monsoon Session,18,0,100.0
4322,2351,Budget Session,34,0,100.0
4323,2351,Budget Session,34,0,100.0
4324,2351,Winter Session,20,0,100.0
4325,2351,Winter Session,20,0,100.0
4326,2351,Monsoon Session,35,0,100.0
4327,2351,Budget Session,10,0,100.0
4328,2351,Winter Session,18,0,100.0
4329,2351,Monsoon Session,17,0,100.0
4330,2351,Budget Session,22,0,100.0
4331,2351,Budget Session,8,0,100.0
4332,2351,Winter Session,13,0,100.0
4333,2351,Monsoon Session,19,0,100.0
4334,2351,Budget Session,21,0,100.0
4335,2351,Budget Session,8,0,100.0
4336,2351,Winter Session,21,0,100.0
4337,2351,Monsoon Session,20,0,100.0
4338,2352,Budget Session,29,0,100.0
4339,2352,Winter Session,18,0,100.0
4340,2352,Monsoon Session,17,0,100.0
4341,2352,Budget Session,33,0,100.0
4342,2352,Monsoon Session,18,0,100.0
4343,2352,Budget Session,34,0,100.0
4344,2352,Winter Session,20,0,100.0
4345,2352,Monsoon Session,35,0,100.0
4346,2352,Budget Session,10,0,100.0
4347,2352,Winter Session,18,0,100.0
4348,2352,Monsoon Session,17,0,100.0
4349,2352,Budget Session,22,0,100.0
4350,2352,Budget Session,8,0,100.0
4351,2352,Winter Session,13,0,100.0
4352,2352,Monsoon Session,19,0,100.0
4353,2352,Budget Session,21,0,100.0
4354,2352,Budget Session,8,0,100.0
4355,2352,Winter Session,21,0,100.0
4356,2352,Monsoon Session,20,0,100.0
4357,1876,Budget Session,35,0,100.0
4358,1876,Winter Session,17,0,100.0
4359,2353,Winter Session,15,0,100.0
4360,2353,Monsoon Session,21,0,100.0
4361,2353,Budget Session,27,0,100.0
4362,2353,Winter Session,19,0,100.0
4363,2353,Monsoon Session,16,0,100.0
4364,2353,Special Session,5,0,100.0
4365,2353,Budget Session,9,0,100.0
4366,2353,Winter Session,15,0,100.0
4367,2353,Special Session,4,0,100.0
4368,2353,Monsoon Session,17,0,100.0
4369,2353,Budget Session,25,0,100.0
4370,2353,Winter Session,13,0,100.0
4371,2353,Monsoon Session,16,0,100.0
4372,2353,Budget Session,29,0,100.0
4373,2353,Budget Session,29,0,100.0
4374,2353,Winter Session,18,0,100.0
4375,2353,Winter Session,18,0,100.0
4376,2353,Monsoon Session,17,0,100.0
4377,2353,Monsoon Session,17,0,100.0
4378,2353,Budget Session,33,0,100.0
4379,2353,Budget Session,33,0,100.0
4380,2353,Monsoon Session,18,0,100.0
4381,2353,Monsoon Session,18,0,100.0
4382,2353,Budget Session,34,0,100.0
4383,2353,Budget Session,34,0,100.0
4384,2353,Winter Session,20,0,100.0
4385,2353,Winter Session,20,0,100.0
4386,2353,Monsoon Session,35,0,100.0
4387,2353,Budget Session,10,0,100.0
4388,2353,Winter Session,18,0,100.0
4389,2353,Monsoon Session,17,0,100.0
4390,2353,Budget Session,22,0,100.0
4391,2353,Budget Session,8,0,100.0
4392,2353,Winter Session,13,0,100.0
4393,2353,Monsoon Session,19,0,100.0
4394,2353,Budget Session,21,0,100.0
4395,2353,Budget Session,8,0,100.0
4396,2353,Winter Session,21,0,100.0
4397,2353,Monsoon Session,20,0,100.0
4398,1877,Budget Session,35,0,100.0
4399,1877,Winter Session,17,0,100.0
4400,2354,Budget Session,29,0,100.0
4401,2354,Winter Session,18,0,100.0
4402,2354,Monsoon Session,17,0,100.0
4403,2354,Budget Session,33,0,100.0
4404,2354,Monsoon Session,18,0,100.0
4405,2354,Budget Session,34,0,100.0
4406,2354,Winter Session,20,0,100.0
4407,2354,Monsoon Session,35,0,100.0
4408,2354,Budget Session,10,0,100.0
4409,2354,Winter Session,18,0,100.0
4410,2354,Monsoon Session,17,0,100.0
4411,2354,Budget Session,22,0,100.0
4412,2354,Budget Session,8,0,100.0
4413,2354,Winter Session,13,0,100.0
4414,2354,Monsoon Session,19,0,100.0
4415,2354,Budget Session,21,0,100.0
4416,2354,Budget Session,8,0,100.0
4417,2354,Winter Session,21,0,100.0
4418,2354,Monsoon Session,20,0,100.0
4419,1878,Budget Session,35,0,100.0
4420,1878,Winter Session,17,0,100.0
4421,2355,Budget Session,29,0,100.0
4422,2355,Winter Session,18,0,100.0
4423,2355,Monsoon Session,17,0,100.0
4424,2355,Budget Session,33,0,100.0
4425,2355,Monsoon Session,18,0,100.0
4426,2355,Budget Session,34,0,100.0
4427,2355,Winter Session,20,0,100.0
4428,2355,Monsoon Session,35,0,100.0
4429,2355,Budget Session,10,0,100.0
4430,2355,Winter Session,18,0,100.0
4431,2355,Monsoon Session,17,0,100.0
4432,2355,Budget Session,22,0,100.0
4433,2355,Budget Session,8,0,100.0
4434,2355,Winter Session,13,0,100.0
4435,2355,Monsoon Session,19,0,100.0
4436,2355,Budget Session,21,0,100.0
4437,2355,Budget Session,8,0,100.0
4438,2355,Winter Session,21,0,100.0
4439,2355,Monsoon Session,20,0,100.0
4440,1880,Budget Session,9,0,100.0
4441,1880,Winter Session,15,0,100.0
4442,1880,Special Session,4,0,100.0
4443,1880,Monsoon Session,17,0,100.0
4444,1880,Budget Session,25,0,100.0
4445,1880,Winter Session,13,0,100.0
4446,1880,Monsoon Session,16,0,100.0
4447,1880,Budget Session,29,0,100.0
4448,1880,Winter Session,18,0,100.0
4449,1880,Monsoon Session,17,0,100.0
4450,1880,Budget Session,33,0,100.0
4451,1880,Monsoon Session,18,0,100.0
4452,1880,Budget Session,34,0,100.0
4453,1880,Winter Session,20,0,100.0
4454,1880,Monsoon Session,35,0,100.0
4455,1880,Budget Session,10,0,100.0
4456,1880,Winter Session,18,0,100.0
4457,1880,Monsoon Session,17,0,100.0
4458,1880,Budget Session,22,0,100.0
4459,1880,Budget Session,22,0,100.0
4460,1880,Budget Session,8,0,100.0
4461,1880,Winter Session,13,0,100.0
4462,1880,Monsoon Session,19,0,100.0
4463,1880,Budget Session,21,0,100.0
4464,1880,Budget Session,8,0,100.0
4465,1880,Winter Session,21,0,100.0
4466,1880,Monsoon Session,20,0,100.0
4467,1880,Budget Session,15,0,100.0
4468,1880,Budget Session,16,0,100.0
4469,1880,Winter Session,20,0,100.0
4470,1880,Monsoon Session,17,0,100.0
4471,1880,Budget Session,13,0,100.0
4472,1880,Budget Session,19,0,100.0
4473,1880,Winter Session,22,0,100.0
4474,1880,Budget Session,27,0,100.0
4475,1880,Special Session,3,0,100.0
4476,1880,Winter Session,12,0,100.0
4477,1880,Winter Session,10,0,100.0
4478,1880,Monsoon Session,21,0,100.0
4479,1880,Budget Session,11,0,100.0
4480,1880,Budget Session,21,0,100.0
4481,1880,Winter Session,20,0,100.0
4482,1880,Monsoon Session,19,0,100.0
4483,1880,225th Part-2,21,0,100.0
4484,1880,Budget Session,35,0,100.0
4485,1880,Winter Session,17,0,100.0
4486,2356,Budget Session,29,0,100.0
4487,2356,Winter Session,18,0,100.0
4488,2356,Monsoon Session,17,0,100.0
4489,2356,Budget Session,33,0,100.0
4490,2356,Monsoon Session,18,0,100.0
4491,2356,Budget Session,34,0,100.0
4492,2356,Winter Session,20,0,100.0
4493,2356,Monsoon Session,35,0,100.0
4494,2356,Budget Session,10,0,100.0
4495,2356,Winter Session,18,0,100.0
4496,2356,Monsoon Session,17,0,100.0
4497,2356,Budget Session,22,0,100.0
4498,2356,Budget Session,8,0,100.0
4499,2356,Winter Session,13,0,100.0
4500,2356,Monsoon Session,19,0,100.0
4501,2356,Budget Session,21,0,100.0
4502,2356,Budget Session,8,0,100.0
4503,2356,Winter Session,21,0,100.0
4504,2356,Monsoon Session,20,0,100.0
4505,1881,Budget Session,35,0,100.0
4506,1881,Winter Session,17,0,100.0
4507,2357,Winter Session,15,0,100.0
4508,2357,Monsoon Session,21,0,100.0
4509,2357,Budget Session,27,0,100.0
4510,2357,Winter Session,19,0,100.0
4511,2357,Monsoon Session,16,0,100.0
4512,2357,Special Session,5,0,100.0
4513,2357,Budget Session,9,0,100.0
4514,2357,Winter Session,15,0,100.0
4515,2357,Special Session,4,0,100.0
4516,2357,Monsoon Session,17,0,100.0
4517,2357,Budget Session,25,0,100.0
4518,2357,Winter Session,13,0,100.0
4519,2357,Monsoon Session,16,0,100.0
4520,2357,Budget Session,29,0,100.0
4521,2357,Winter Session,18,0,100.0
4522,2357,Monsoon Session,17,0,100.0
4523,2357,Budget Session,33,0,100.0
4524,2357,Monsoon Session,18,0,100.0
4525,2357,Budget Session,34,0,100.0
4526,2357,Winter Session,20,0,100.0
4527,2357,Monsoon Session,35,0,100.0
4528,2357,Budget Session,10,0,100.0
4529,2357,Winter Session,18,0,100.0
4530,2357,Monsoon Session,17,0,100.0
4531,2357,Budget Session,22,0,100.0
4532,2357,Budget Session,8,0,100.0
4533,2357,Winter Session,13,0,100.0
4534,2357,Monsoon Session,19,0,100.0
4535,2357,Budget Session,21,0,100.0
4536,2357,Budget Session,8,0,100.0
4537,2357,Winter Session,21,0,100.0
4538,2357,Monsoon Session,20,0,100.0
4539,2358,Budget Session,29,0,100.0
4540,2358,Winter Session,18,0,100.0
4541,2358,Monsoon Session,17,0,100.0
4542,2358,Budget Session,33,0,100.0
4543,2358,Monsoon Session,18,0,100.0
4544,2358,Budget Session,34,0,100.0
4545,2358,Winter Session,20,0,100.0
4546,2358,Monsoon Session,35,0,100.0
4547,2358,Budget Session,10,0,100.0
4548,2358,Winter Session,18,0,100.0
4549,2358,Monsoon Session,17,0,100.0
4550,2358,Budget Session,22,0,100.0
4551,2358,Budget Session,8,0,100.0
4552,2358,Winter Session,13,0,100.0
4553,2358,Monsoon Session,19,0,100.0
4554,2358,Budget Session,21,0,100.0
4555,2358,Budget Session,8,0,100.0
4556,2358,Winter Session,21,0,100.0
4557,2358,Monsoon Session,20,0,100.0
4558,1882,Budget Session,35,0,100.0
4559,1882,Winter Session,17,0,100.0
4560,1883,Budget Session,35,0,100.0
4561,1883,Winter Session,17,0,100.0
4562,2359,Monsoon Session,16,0,100.0
4563,2359,Budget Session,29,0,100.0
4564,2359,Winter Session,18,0,100.0
4565,2359,Monsoon Session,17,0,100.0
4566,2359,Budget Session,33,0,100.0
4567,2359,Monsoon Session,18,0,100.0
4568,2359,Budget Session,34,0,100.0
4569,2359,Winter Session,20,0,100.0
4570,2359,Monsoon Session,35,0,100.0
4571,2359,Budget Session,10,0,100.0
4572,2359,Winter Session,18,0,100.0
4573,2359,Monsoon Session,17,0,100.0
4574,2359,Budget Session,22,0,100.0
4575,2359,Budget Session,8,0,100.0
4576,2359,Winter Session,13,0,100.0
4577,2359,Monsoon Session,19,0,100.0
4578,2359,Budget Session,21,0,100.0
4579,2359,Budget Session,8,0,100.0
4580,2359,Winter Session,21,0,100.0
4581,2359,Monsoon Session,20,0,100.0
4582,1884,Budget Session,35,0,100.0
4583,1884,Winter Session,17,0,100.0
4584,2360,Budget Session,29,0,100.0
4585,2360,Winter Session,18,0,100.0
4586,2360,Monsoon Session,17,0,100.0
4587,2360,Budget Session,33,0,100.0
4588,2360,Monsoon Session,18,0,100.0
4589,2360,Budget Session,34,0,100.0
4590,2360,Winter Session,20,0,100.0
4591,2360,Monsoon Session,35,0,100.0
4592,2360,Budget Session,10,0,100.0
4593,2360,Winter Session,18,0,100.0
4594,2360,Monsoon Session,17,0,100.0
4595,2360,Budget Session,22,0,100.0
4596,2360,Budget Session,8,0,100.0
4597,2360,Winter Session,13,0,100.0
4598,2360,Monsoon Session,19,0,100.0
4599,2360,Budget Session,21,0,100.0
4600,2360,Budget Session,8,0,100.0
4601,2360,Winter Session,21,0,100.0
4602,1885,Winter Session,12,0,100.0
4603,1885,Winter Session,10,0,100.0
4604,1885,Monsoon Session,21,0,100.0
4605,1885,Budget Session,11,0,100.0
4606,1885,Budget Session,21,0,100.0
4607,1885,Winter Session,20,0,100.0
4608,1885,Monsoon Session,19,0,100.0
4609,1885,225th Part-2,21,0,100.0
4610,1885,225th Part-1,14,0,100.0
4611,1885,Winter Session,24,0,100.0
4612,1885,Monsoon Session,26,0,100.0
4613,1885,Budget Session,23,0,100.0
4614,1885,Winter Session,23,0,100.0
4615,1885,Monsoon Session,26,0,100.0
4616,1885,219th Part-2,17,0,100.0
4617,1885,219th Part-1,15,0,100.0
4618,1885,Winter Session,23,0,100.0
4619,1885,Budget Session,26,0,100.0
4620,1885,Special Session,4,0,100.0
4621,1885,Budget Session,10,0,100.0
4622,1885,214th Part2,10,0,100.0
4623,1885,214th Part-1,6,0,100.0
4624,1885,Budget Session,35,0,100.0
4625,1885,Winter Session,17,0,100.0
4626,2361,Budget Session,22,0,100.0
4627,2361,Budget Session,8,0,100.0
4628,2361,Winter Session,13,0,100.0
4629,2361,Monsoon Session,19,0,100.0
4630,2361,Budget Session,21,0,100.0
4631,2361,Budget Session,8,0,100.0
4632,2361,Winter Session,21,0,100.0
4633,1886,Budget Session,35,0,100.0
4634,1886,Winter Session,17,0,100.0
4635,2362,Budget Session,34,0,100.0
4636,2362,Winter Session,20,0,100.0
4637,2362,Monsoon Session,35,0,100.0
4638,2362,Budget Session,10,0,100.0
4639,2362,Winter Session,18,0,100.0
4640,2362,Monsoon Session,17,0,100.0
4641,2362,Budget Session,22,0,100.0
4642,2362,Budget Session,8,0,100.0
4643,2362,Winter Session,13,0,100.0
4644,2362,Monsoon Session,19,0,100.0
4645,2362,Budget Session,21,0,100.0
4646,1887,Budget Session,35,0,100.0
4647,1887,Winter Session,17,0,100.0
4648,2363,Budget Session,29,0,100.0
4649,2363,Winter Session,18,0,100.0
4650,2363,Monsoon Session,17,0,100.0
4651,2363,Budget Session,33,0,100.0
4652,2363,Monsoon Session,18,0,100.0
4653,2363,Budget Session,34,0,100.0
4654,2363,Winter Session,20,0,100.0
4655,2363,Monsoon Session,35,0,100.0
4656,2363,Budget Session,10,0,100.0
4657,2363,Winter Session,18,0,100.0
4658,2363,Monsoon Session,17,0,100.0
4659,2363,Budget Session,22,0,100.0
4660,2363,Budget Session,8,0,100.0
4661,2363,Winter Session,13,0,100.0
4662,2363,Monsoon Session,19,0,100.0
4663,2364,Budget Session,34,0,100.0
4664,2364,Winter Session,20,0,100.0
4665,2364,Monsoon Session,35,0,100.0
4666,2364,Budget Session,10,0,100.0
4667,2364,Winter Session,18,0,100.0
4668,2364,Monsoon Session,17,0,100.0
4669,2364,Budget Session,22,0,100.0
4670,2364,Budget Session,8,0,100.0
4671,2364,Winter Session,13,0,100.0
4672,2364,Monsoon Session,19,0,100.0
4673,1888,Winter Session,17,0,100.0
4674,2365,Monsoon Session,17,0,100.0
4675,2365,Budget Session,25,0,100.0
4676,2365,Winter Session,13,0,100.0
4677,2365,Monsoon Session,16,0,100.0
4678,2365,Budget Session,29,0,100.0
4679,2365,Winter Session,18,0,100.0
4680,2365,Monsoon Session,17,0,100.0
4681,2365,Budget Session,33,0,100.0
4682,2365,Monsoon Session,18,0,100.0
4683,2365,Budget Session,34,0,100.0
4684,2365,Winter Session,20,0,100.0
4685,2365,Monsoon Session,35,0,100.0
4686,2365,Budget Session,10,0,100.0
4687,2365,Winter Session,18,0,100.0
4688,2365,Monsoon Session,17,0,100.0
4689,2365,Budget Session,22,0,100.0
4690,2365,Budget Session,8,0,100.0
4691,2365,Winter Session,13,0,100.0
4692,2365,Monsoon Session,19,0,100.0
4693,1889,Budget Session,35,0,100.0
4694,1889,Winter Session,17,0,100.0
4695,2366,Budget Session,29,0,100.0
4696,2366,Winter Session,18,0,100.0
4697,2366,Monsoon Session,17,0,100.0
4698,2366,Budget Session,33,0,100.0
4699,2366,Monsoon Session,18,0,100.0
4700,2366,Budget Session,34,0,100.0
4701,2366,Winter Session,20,0,100.0
4702,2366,Monsoon Session,35,0,100.0
4703,2366,Budget Session,10,0,100.0
4704,2366,Winter Session,18,0,100.0
4705,2366,Monsoon Session,17,0,100.0
4706,2366,Budget Session,22,0,100.0
4707,2366,Budget Session,8,0,100.0
4708,2366,Winter Session,13,0,100.0
4709,2366,Monsoon Session,19,0,100.0
4710,1890,Budget Session,35,0,100.0
4711,1890,Winter Session,17,0,100.0
4712,1891,Budget Session,35,0,100.0
4713,1891,Winter Session,17,0,100.0
4714,2367,Monsoon Session,17,0,100.0
4715,2367,Budget Session,25,0,100.0
4716,2367,Winter Session,13,0,100.0
4717,2367,Monsoon Session,16,0,100.0
4718,2367,Budget Session,29,0,100.0
4719,2367,Winter Session,18,0,100.0
4720,2367,Monsoon Session,17,0,100.0
4721,2367,Budget Session,33,0,100.0
4722,2367,Monsoon Session,18,0,100.0
4723,2367,Budget Session,34,0,100.0
4724,2367,Winter Session,20,0,100.0
4725,2367,Monsoon Session,35,0,100.0
4726,2367,Budget Session,10,0,100.0
4727,2367,Winter Session,18,0,100.0
4728,2367,Monsoon Session,17,0,100.0
4729,2367,Budget Session,22,0,100.0
4730,2367,Budget Session,8,0,100.0
4731,2367,Winter Session,13,0,100.0
4732,1892,Budget Session,15,0,100.0
4733,1892,Budget Session,16,0,100.0
4734,1892,Winter Session,20,0,100.0
4735,1892,Monsoon Session,17,0,100.0
4736,1892,Budget Session,13,0,100.0
4737,1892,Budget Session,19,0,100.0
4738,1892,Winter Session,22,0,100.0
4739,1892,Budget Session,27,0,100.0
4740,1892,Special Session,3,0,100.0
4741,1892,Winter Session,12,0,100.0
4742,1892,Winter Session,10,0,100.0
4743,1892,Monsoon Session,21,0,100.0
4744,1892,Budget Session,11,0,100.0
4745,1892,Budget Session,21,0,100.0
4746,1892,Winter Session,20,0,100.0
4747,1892,Monsoon Session,19,0,100.0
4748,1892,225th Part-2,21,0,100.0
4749,1892,225th Part-1,14,0,100.0
4750,1892,Winter Session,24,0,100.0
4751,1892,Monsoon Session,26,0,100.0
4752,1892,Budget Session,23,0,100.0
4753,1892,Winter Session,23,0,100.0
4754,1892,Monsoon Session,26,0,100.0
4755,1892,Budget Session,35,0,100.0
4756,1892,Winter Session,17,0,100.0
4757,2368,Monsoon Session,17,0,100.0
4758,2368,Budget Session,25,0,100.0
4759,2368,Winter Session,13,0,100.0
4760,2368,Monsoon Session,16,0,100.0
4761,2368,Budget Session,29,0,100.0
4762,2368,Winter Session,18,0,100.0
4763,2368,Monsoon Session,17,0,100.0
4764,2368,Budget Session,33,0,100.0
4765,2368,Monsoon Session,18,0,100.0
4766,2368,Budget Session,34,0,100.0
4767,2368,Winter Session,20,0,100.0
4768,2368,Monsoon Session,35,0,100.0
4769,2368,Budget Session,10,0,100.0
4770,2368,Winter Session,18,0,100.0
4771,2368,Monsoon Session,17,0,100.0
4772,2368,Budget Session,22,0,100.0
4773,2368,Budget Session,8,0,100.0
4774,2368,Winter Session,13,0,100.0
4775,1893,Winter Session,12,0,100.0
4776,1893,Winter Session,10,0,100.0
4777,1893,Monsoon Session,21,0,100.0
4778,1893,Budget Session,11,0,100.0
4779,1893,Budget Session,21,0,100.0
4780,1893,Winter Session,20,0,100.0
4781,1893,Monsoon Session,19,0,100.0
4782,1893,225th Part-2,21,0,100.0
4783,1893,225th Part-1,14,0,100.0
4784,1893,Winter Session,24,0,100.0
4785,1893,Monsoon Session,26,0,100.0
4786,1893,Budget Session,23,0,100.0
4787,1893,Winter Session,23,0,100.0
4788,1893,Monsoon Session,26,0,100.0
4789,1893,219th Part-2,17,0,100.0
4790,1893,219th Part-1,15,0,100.0
4791,1893,Winter Session,23,0,100.0
4792,1893,Budget Session,26,0,100.0
4793,1893,Special Session,4,0,100.0
4794,1893,Budget Session,10,0,100.0
4795,1893,214th Part2,10,0,100.0
4796,1893,214th Part-1,6,0,100.0
4797,1893,Budget Session,35,0,100.0
4798,1893,Winter Session,17,0,100.0
4799,2369,Monsoon Session,17,0,100.0
4800,2369,Budget Session,25,0,100.0
4801,2369,Winter Session,13,0,100.0
4802,2369,Monsoon Session,16,0,100.0
4803,2369,Budget Session,29,0,100.0
4804,2369,Winter Session,18,0,100.0
4805,2369,Monsoon Session,17,0,100.0
4806,2369,Budget Session,33,0,100.0
4807,2369,Monsoon Session,18,0,100.0
4808,2369,Budget Session,34,0,100.0
4809,2369,Winter Session,20,0,100.0
4810,2369,Monsoon Session,35,0,100.0
4811,2369,Budget Session,10,0,100.0
4812,2369,Winter Session,18,0,100.0
4813,2369,Monsoon Session,17,0,100.0
4814,2369,Budget Session,22,0,100.0
4815,2369,Budget Session,8,0,100.0
4816,2369,Winter Session,13,0,100.0
4817,2370,Budget Session,29,0,100.0
4818,2370,Winter Session,18,0,100.0
4819,2370,Monsoon Session,17,0,100.0
4820,2370,Budget Session,33,0,100.0
4821,2370,Monsoon Session,18,0,100.0
4822,2370,Budget Session,34,0,100.0
4823,2370,Winter Session,20,0,100.0
4824,2370,Monsoon Session,35,0,100.0
4825,2370,Budget Session,10,0,100.0
4826,2370,Winter Session,18,0,100.0
4827,2370,Monsoon Session,17,0,100.0
4828,2370,Budget Session,22,0,100.0
4829,2370,Budget Session,8,0,100.0
4830,2370,Winter Session,13,0,100.0
4831,1894,Winter Session,12,0,100.0
4832,1894,Winter Session,10,0,100.0
4833,1894,Monsoon Session,21,0,100.0
4834,1894,Budget Session,11,0,100.0
4835,1894,Budget Session,21,0,100.0
4836,1894,Winter Session,20,0,100.0
4837,1894,Monsoon Session,19,0,100.0
4838,1894,225th Part-2,21,0,100.0
4839,1894,225th Part-1,14,0,100.0
4840,1894,Winter Session,24,0,100.0
4841,1894,Monsoon Session,26,0,100.0
4842,1894,Budget Session,23,0,100.0
4843,1894,Winter Session,23,0,100.0
4844,1894,Monsoon Session,26,0,100.0
4845,1894,219th Part-2,17,0,100.0
4846,1894,219th Part-1,15,0,100.0
4847,1894,Winter Session,23,0,100.0
4848,1894,Budget Session,26,0,100.0
4849,1894,Special Session,4,0,100.0
4850,1894,Budget Session,10,0,100.0
4851,1894,214th Part2,10,0,100.0
4852,1894,214th Part-1,6,0,100.0
4853,1894,Budget Session,35,0,100.0
4854,1894,Winter Session,17,0,100.0
4855,1895,Budget Session,35,0,100.0
4856,1895,Winter Session,17,0,100.0
4857,2371,Winter Session,15,0,100.0
4858,2371,Monsoon Session,21,0,100.0
4859,2371,Budget Session,27,0,100.0
4860,2371,Winter Session,19,0,100.0
4861,2371,Monsoon Session,16,0,100.0
4862,2371,Special Session,5,0,100.0
4863,2371,Budget Session,9,0,100.0
4864,2371,Winter Session,15,0,100.0
4865,2371,Special Session,4,0,100.0
4866,2371,Monsoon Session,17,0,100.0
4867,2371,Budget Session,25,0,100.0
4868,2371,Winter Session,13,0,100.0
4869,2371,Monsoon Session,16,0,100.0
4870,2371,Budget Session,29,0,100.0
4871,2371,Winter Session,18,0,100.0
4872,2371,Monsoon Session,17,0,100.0
4873,2371,Budget Session,33,0,100.0
4874,2371,Monsoon Session,18,0,100.0
4875,2371,Budget Session,34,0,100.0
4876,2371,Winter Session,20,0,100.0
4877,2371,Monsoon Session,35,0,100.0
4878,2371,Budget Session,10,0,100.0
4879,2371,Winter Session,18,0,100.0
4880,2371,Monsoon Session,17,0,100.0
4881,2371,Budget Session,22,0,100.0
4882,2371,Budget Session,8,0,100.0
4883,2372,Winter Session,15,0,100.0
4884,2372,Monsoon Session,21,0,100.0
4885,2372,Budget Session,27,0,100.0
4886,2372,Winter Session,19,0,100.0
4887,2372,Monsoon Session,16,0,100.0
4888,2372,Special Session,5,0,100.0
4889,2372,Budget Session,9,0,100.0
4890,2372,Winter Session,15,0,100.0
4891,2372,Special Session,4,0,100.0
4892,2372,Monsoon Session,17,0,100.0
4893,2372,Budget Session,25,0,100.0
4894,2372,Winter Session,13,0,100.0
4895,2372,Monsoon Session,16,0,100.0
4896,2372,Budget Session,29,0,100.0
4897,2372,Winter Session,18,0,100.0
4898,2372,Monsoon Session,17,0,100.0
4899,2372,Budget Session,33,0,100.0
4900,2372,Monsoon Session,18,0,100.0
4901,2372,Budget Session,34,0,100.0
4902,2372,Winter Session,20,0,100.0
4903,2372,Monsoon Session,35,0,100.0
4904,2372,Budget Session,10,0,100.0
4905,2372,Winter Session,18,0,100.0
4906,2372,Monsoon Session,17,0,100.0
4907,2372,Budget Session,22,0,100.0
4908,2372,Budget Session,8,0,100.0
4909,1896,Winter Session,12,0,100.0
4910,1896,Winter Session,10,0,100.0
4911,1896,Monsoon Session,21,0,100.0
4912,1896,Budget Session,11,0,100.0
4913,1896,Budget Session,21,0,100.0
4914,1896,Winter Session,20,0,100.0
4915,1896,Monsoon Session,19,0,100.0
4916,1896,225th Part-2,21,0,100.0
4917,1896,225th Part-1,14,0,100.0
4918,1896,Winter Session,24,0,100.0
4919,1896,Monsoon Session,26,0,100.0
4920,1896,Budget Session,23,0,100.0
4921,1896,Winter Session,23,0,100.0
4922,1896,Monsoon Session,26,0,100.0
4923,1896,219th Part-2,17,0,100.0
4924,1896,219th Part-1,15,0,100.0
4925,1896,Winter Session,23,0,100.0
4926,1896,Budget Session,26,0,100.0
4927,1896,Special Session,4,0,100.0
4928,1896,Budget Session,10,0,100.0
4929,1896,214th Part2,10,0,100.0
4930,1896,214th Part-1,6,0,100.0
4931,1896,Budget Session,35,0,100.0
4932,1896,Winter Session,17,0,100.0
4933,1897,Budget Session,35,0,100.0
4934,1897,Winter Session,17,0,100.0
4935,2373,Winter Session,15,0,100.0
4936,2373,Special Session,4,0,100.0
4937,2373,Monsoon Session,17,0,100.0
4938,2373,Budget Session,25,0,100.0
4939,2373,Winter Session,13,0,100.0
4940,2373,Monsoon Session,16,0,100.0
4941,2373,Budget Session,29,0,100.0
4942,2373,Winter Session,18,0,100.0
4943,2373,Monsoon Session,17,0,100.0
4944,2373,Budget Session,33,0,100.0
4945,2373,Monsoon Session,18,0,100.0
4946,2373,Budget Session,34,0,100.0
4947,2373,Winter Session,20,0,100.0
4948,2373,Monsoon Session,35,0,100.0
4949,2373,Budget Session,10,0,100.0
4950,2373,Winter Session,18,0,100.0
4951,2373,Monsoon Session,17,0,100.0
4952,2373,Budget Session,22,0,100.0
4953,2373,Budget Session,8,0,100.0
4954,489,Budget Session,29,0,100.0
4955,489,Winter Session,18,0,100.0
4956,489,Monsoon Session,17,0,100.0
4957,489,Budget Session,33,0,100.0
4958,489,Monsoon Session,18,0,100.0
4959,489,Budget Session,34,0,100.0
4960,489,Winter Session,20,0,100.0
4961,489,Monsoon Session,35,0,100.0
4962,489,Budget Session,10,0,100.0
4963,489,Winter Session,18,0,100.0
4964,489,Monsoon Session,17,0,100.0
4965,489,Budget Session,22,0,100.0
4966,489,Budget Session,8,0,100.0
4967,489,Winter Session,13,0,100.0
4968,489,Monsoon Session,19,0,100.0
4969,489,Budget Session,21,0,100.0
4970,489,Budget Session,8,0,100.0
4971,489,Winter Session,21,0,100.0
4972,489,Monsoon Session,20,0,100.0
4973,489,Budget Session,15,0,100.0
4974,489,Budget Session,16,0,100.0
4975,489,Winter Session,20,0,100.0
4976,489,Monsoon Session,17,0,100.0
4977,489,Budget Session,13,0,100.0
4978,489,Budget Session,19,0,100.0
4979,489,Winter Session,22,0,100.0
4980,489,Budget Session,27,0,100.0
4981,489,219th Part-2,17,0,100.0
4982,489,219th Part-1,15,0,100.0
4983,489,Winter Session,23,0,100.0
4984,489,Budget Session,26,0,100.0
4985,489,Special Session,4,0,100.0
4986,489,Budget Session,10,0,100.0
4987,489,214th Part2,10,0,100.0
4988,489,214th Part-1,6,0,100.0
4989,489,Budget Session,35,0,100.0
4990,489,Winter Session,17,0,100.0
4991,2374,Winter Session,15,0,100.0
4992,2374,Monsoon Session,21,0,100.0
4993,2374,Budget Session,27,0,100.0
4994,2374,Winter Session,19,0,100.0
4995,2374,Monsoon Session,16,0,100.0
4996,2374,Special Session,5,0,100.0
4997,2374,Budget Session,9,0,100.0
4998,2374,Winter Session,15,0,100.0
4999,2374,Special Session,4,0,100.0
5000,2374,Monsoon Session,17,0,100.0
5001,2374,Budget Session,25,0,100.0
5002,2374,Winter Session,13,0,100.0
5003,2374,Monsoon Session,16,0,100.0
5004,2374,Budget Session,29,0,100.0
5005,2374,Winter Session,18,0,100.0
5006,2374,Monsoon Session,17,0,100.0
5007,2374,Budget Session,33,0,100.0
5008,2374,Monsoon Session,18,0,100.0
5009,2374,Budget Session,34,0,100.0
5010,2374,Winter Session,20,0,100.0
5011,2374,Monsoon Session,35,0,100.0
5012,2374,Budget Session,10,0,100.0
5013,2374,Winter Session,18,0,100.0
5014,2374,Monsoon Session,17,0,100.0
5015,2374,Budget Session,22,0,100.0
5016,2374,Budget Session,8,0,100.0
5017,2375,Budget Session,9,0,100.0
5018,2375,Winter Session,15,0,100.0
5019,2375,Special Session,4,0,100.0
5020,2375,Monsoon Session,17,0,100.0
5021,2375,Budget Session,25,0,100.0
5022,2375,Winter Session,13,0,100.0
5023,2375,Monsoon Session,16,0,100.0
5024,2375,Budget Session,29,0,100.0
5025,2375,Winter Session,18,0,100.0
5026,2375,Monsoon Session,17,0,100.0
5027,2375,Budget Session,33,0,100.0
5028,2375,Monsoon Session,18,0,100.0
5029,2375,Budget Session,34,0,100.0
5030,2375,Winter Session,20,0,100.0
5031,2375,Monsoon Session,35,0,100.0
5032,2375,Budget Session,10,0,100.0
5033,2375,Winter Session,18,0,100.0
5034,2375,Monsoon Session,17,0,100.0
5035,2375,Budget Session,22,0,100.0
5036,1900,219th Part-1,15,0,100.0
5037,1900,Winter Session,23,0,100.0
5038,1900,Budget Session,26,0,100.0
5039,1900,Special Session,4,0,100.0
5040,1900,Budget Session,10,0,100.0
5041,1900,214th Part2,10,0,100.0
5042,1900,214th Part-1,6,0,100.0
5043,1900,Budget Session,35,0,100.0
5044,1900,Winter Session,17,0,100.0
5045,2376,Budget Session,9,0,100.0
5046,2376,Winter Session,15,0,100.0
5047,2376,Special Session,4,0,100.0
5048,2376,Monsoon Session,17,0,100.0
5049,2376,Budget Session,25,0,100.0
5050,2376,Winter Session,13,0,100.0
5051,2376,Monsoon Session,16,0,100.0
5052,2376,Budget Session,29,0,100.0
5053,2376,Winter Session,18,0,100.0
5054,2376,Monsoon Session,17,0,100.0
5055,2376,Budget Session,33,0,100.0
5056,2376,Monsoon Session,18,0,100.0
5057,2376,Budget Session,34,0,100.0
5058,2376,Winter Session,20,0,100.0
5059,2376,Monsoon Session,35,0,100.0
5060,2376,Budget Session,10,0,100.0
5061,2376,Winter Session,18,0,100.0
5062,2376,Monsoon Session,17,0,100.0
5063,2376,Budget Session,22,0,100.0
5064,1901,Budget Session,35,0,100.0
5065,1901,Winter Session,17,0,100.0
5066,1902,Budget Session,16,0,100.0
5067,1902,Winter Session,20,0,100.0
5068,1902,Monsoon Session,17,0,100.0
5069,1902,Budget Session,13,0,100.0
5070,1902,Budget Session,19,0,100.0
5071,1902,Winter Session,22,0,100.0
5072,1902,Budget Session,27,0,100.0
5073,1902,Special Session,3,0,100.0
5074,1902,Winter Session,12,0,100.0
5075,1902,Winter Session,10,0,100.0
5076,1902,Monsoon Session,21,0,100.0
5077,1902,Budget Session,11,0,100.0
5078,1902,Budget Session,21,0,100.0
5079,1902,Winter Session,20,0,100.0
5080,1902,Monsoon Session,19,0,100.0
5081,1902,225th Part-2,21,0,100.0
5082,1902,225th Part-1,14,0,100.0
5083,1902,Winter Session,24,0,100.0
5084,1902,Monsoon Session,26,0,100.0
5085,1902,Budget Session,23,0,100.0
5086,1902,Winter Session,23,0,100.0
5087,1902,Monsoon Session,26,0,100.0
5088,1902,219th Part-2,17,0,100.0
5089,1902,219th Part-1,15,0,100.0
5090,1902,Winter Session,23,0,100.0
5091,1902,Budget Session,26,0,100.0
5092,1902,Special Session,4,0,100.0
5093,1902,Budget Session,10,0,100.0
5094,1902,214th Part2,10,0,100.0
5095,1902,214th Part-1,6,0,100.0
5096,1902,Budget Session,35,0,100.0
5097,1902,Winter Session,17,0,100.0
5098,2377,Winter Session,15,0,100.0
5099,2377,Monsoon Session,21,0,100.0
5100,2377,Budget Session,27,0,100.0
5101,2377,Winter Session,19,0,100.0
5102,2377,Monsoon Session,16,0,100.0
5103,2377,Special Session,5,0,100.0
5104,2377,Budget Session,9,0,100.0
5105,2377,Winter Session,15,0,100.0
5106,2377,Special Session,4,0,100.0
5107,2377,Monsoon Session,17,0,100.0
5108,2377,Budget Session,25,0,100.0
5109,2377,Winter Session,13,0,100.0
5110,2377,Monsoon Session,16,0,100.0
5111,2377,Budget Session,29,0,100.0
5112,2377,Winter Session,18,0,100.0
5113,2377,Monsoon Session,17,0,100.0
5114,2377,Budget Session,33,0,100.0
5115,2377,Monsoon Session,18,0,100.0
5116,2377,Budget Session,34,0,100.0
5117,2377,Winter Session,20,0,100.0
5118,2377,Monsoon Session,35,0,100.0
5119,2377,Budget Session,10,0,100.0
5120,2377,Winter Session,18,0,100.0
5121,2377,Monsoon Session,17,0,100.0
5122,2377,Budget Session,22,0,100.0
5123,2378,Budget Session,9,0,100.0
5124,2378,Winter Session,15,0,100.0
5125,2378,Special Session,4,0,100.0
5126,2378,Monsoon Session,17,0,100.0
5127,2378,Budget Session,25,0,100.0
5128,2378,Winter Session,13,0,100.0
5129,2378,Monsoon Session,16,0,100.0
5130,2378,Budget Session,29,0,100.0
5131,2378,Winter Session,18,0,100.0
5132,2378,Monsoon Session,17,0,100.0
5133,2378,Budget Session,33,0,100.0
5134,2378,Monsoon Session,18,0,100.0
5135,2378,Budget Session,34,0,100.0
5136,2378,Winter Session,20,0,100.0
5137,2378,Monsoon Session,35,0,100.0
5138,2378,Budget Session,10,0,100.0
5139,2378,Winter Session,18,0,100.0
5140,2378,Monsoon Session,17,0,100.0
5141,2378,Budget Session,22,0,100.0
5142,2379,Winter Session,15,0,100.0
5143,2379,Monsoon Session,21,0,100.0
5144,2379,Budget Session,27,0,100.0
5145,2379,Winter Session,19,0,100.0
5146,2379,Monsoon Session,16,0,100.0
5147,2379,Special Session,5,0,100.0
5148,2379,Budget Session,9,0,100.0
5149,2379,Winter Session,15,0,100.0
5150,2379,Special Session,4,0,100.0
5151,2379,Monsoon Session,17,0,100.0
5152,2379,Budget Session,25,0,100.0
5153,2379,Winter Session,13,0,100.0
5154,2379,Monsoon Session,16,0,100.0
5155,2379,Budget Session,29,0,100.0
5156,2379,Winter Session,18,0,100.0
5157,2379,Monsoon Session,17,0,100.0
5158,2379,Budget Session,33,0,100.0
5159,2379,Monsoon Session,18,0,100.0
5160,2379,Budget Session,34,0,100.0
5161,2379,Winter Session,20,0,100.0
5162,2379,Monsoon Session,35,0,100.0
5163,2379,Budget Session,10,0,100.0
5164,2379,Winter Session,18,0,100.0
5165,2379,Monsoon Session,17,0,100.0
5166,2379,Budget Session,22,0,100.0
5167,2380,Budget Session,9,0,100.0
5168,2380,Winter Session,15,0,100.0
5169,2380,Special Session,4,0,100.0
5170,2380,Monsoon Session,17,0,100.0
5171,2380,Budget Session,25,0,100.0
5172,2380,Winter Session,13,0,100.0
5173,2380,Monsoon Session,16,0,100.0
5174,2380,Budget Session,29,0,100.0
5175,2380,Winter Session,18,0,100.0
5176,2380,Monsoon Session,17,0,100.0
5177,2380,Budget Session,33,0,100.0
5178,2380,Monsoon Session,18,0,100.0
5179,2380,Budget Session,34,0,100.0
5180,2380,Winter Session,20,0,100.0
5181,2380,Monsoon Session,35,0,100.0
5182,2380,Budget Session,10,0,100.0
5183,2380,Winter Session,18,0,100.0
5184,2380,Monsoon Session,17,0,100.0
5185,2380,Budget Session,22,0,100.0
5186,2381,Budget Session,9,0,100.0
5187,2381,Winter Session,15,0,100.0
5188,2381,Special Session,4,0,100.0
5189,2381,Monsoon Session,17,0,100.0
5190,2381,Budget Session,25,0,100.0
5191,2381,Winter Session,13,0,100.0
5192,2381,Monsoon Session,16,0,100.0
5193,2381,Budget Session,29,0,100.0
5194,2381,Winter Session,18,0,100.0
5195,2381,Monsoon Session,17,0,100.0
5196,2381,Budget Session,33,0,100.0
5197,2381,Monsoon Session,18,0,100.0
5198,2381,Budget Session,34,0,100.0
5199,2381,Winter Session,20,0,100.0
5200,2381,Monsoon Session,35,0,100.0
5201,2381,Budget Session,10,0,100.0
5202,2381,Winter Session,18,0,100.0
5203,2381,Monsoon Session,17,0,100.0
5204,2381,Budget Session,22,0,100.0
5205,1906,Budget Session,35,0,100.0
5206,1906,Winter Session,17,0,100.0
5207,1907,Budget Session,27,0,100.0
5208,1907,Special Session,3,0,100.0
5209,1907,Winter Session,12,0,100.0
5210,1907,Winter Session,10,0,100.0
5211,1907,Monsoon Session,21,0,100.0
5212,1907,Budget Session,11,0,100.0
5213,1907,Budget Session,21,0,100.0
5214,1907,Winter Session,20,0,100.0
5215,1907,Monsoon Session,19,0,100.0
5216,1907,225th Part-2,21,0,100.0
5217,1907,225th Part-1,14,0,100.0
5218,1907,Winter Session,24,0,100.0
5219,1907,Monsoon Session,26,0,100.0
5220,1907,Budget Session,23,0,100.0
5221,1907,Winter Session,23,0,100.0
5222,1907,Monsoon Session,26,0,100.0
5223,1907,219th Part-2,17,0,100.0
5224,1907,219th Part-1,15,0,100.0
5225,1907,Winter Session,23,0,100.0
5226,1907,Budget Session,26,0,100.0
5227,1907,Special Session,4,0,100.0
5228,1907,Budget Session,10,0,100.0
5229,1907,214th Part2,10,0,100.0
5230,1907,214th Part-1,6,0,100.0
5231,1907,Budget Session,35,0,100.0
5232,1907,Winter Session,17,0,100.0
5233,2382,Budget Session,9,0,100.0
5234,2382,Winter Session,15,0,100.0
5235,2382,Special Session,4,0,100.0
5236,2382,Monsoon Session,17,0,100.0
5237,2382,Budget Session,25,0,100.0
5238,2382,Winter Session,13,0,100.0
5239,2382,Monsoon Session,16,0,100.0
5240,2382,Budget Session,29,0,100.0
5241,2382,Winter Session,18,0,100.0
5242,2382,Monsoon Session,17,0,100.0
5243,2382,Budget Session,33,0,100.0
5244,2382,Monsoon Session,18,0,100.0
5245,2382,Budget Session,34,0,100.0
5246,2382,Winter Session,20,0,100.0
5247,2382,Monsoon Session,35,0,100.0
5248,2382,Budget Session,10,0,100.0
5249,2382,Winter Session,18,0,100.0
5250,2382,Monsoon Session,17,0,100.0
5251,2382,Budget Session,22,0,100.0
5252,2383,Budget Session,9,0,100.0
5253,2383,Winter Session,15,0,100.0
5254,2383,Special Session,4,0,100.0
5255,2383,Monsoon Session,17,0,100.0
5256,2383,Budget Session,25,0,100.0
5257,2383,Winter Session,13,0,100.0
5258,2383,Monsoon Session,16,0,100.0
5259,2383,Budget Session,29,0,100.0
5260,2383,Winter Session,18,0,100.0
5261,2383,Monsoon Session,17,0,100.0
5262,2383,Budget Session,33,0,100.0
5263,2383,Monsoon Session,18,0,100.0
5264,2383,Budget Session,34,0,100.0
5265,2383,Winter Session,20,0,100.0
5266,2383,Monsoon Session,35,0,100.0
5267,2383,Budget Session,10,0,100.0
5268,2383,Winter Session,18,0,100.0
5269,2383,Monsoon Session,17,0,100.0
5270,2383,Budget Session,22,0,100.0
5271,1908,Budget Session,35,0,100.0
5272,1908,Winter Session,17,0,100.0
5273,1909,219th Part-2,17,0,100.0
5274,1909,219th Part-1,15,0,100.0
5275,1909,Winter Session,23,0,100.0
5276,1909,Budget Session,26,0,100.0
5277,1909,Special Session,4,0,100.0
5278,1909,Budget Session,10,0,100.0
5279,1909,214th Part2,10,0,100.0
5280,1909,214th Part-1,6,0,100.0
5281,1909,Budget Session,35,0,100.0
5282,1909,Winter Session,17,0,100.0
5283,2384,Winter Session,15,0,100.0
5284,2384,Monsoon Session,21,0,100.0
5285,2384,Budget Session,27,0,100.0
5286,2384,Winter Session,19,0,100.0
5287,2384,Monsoon Session,16,0,100.0
5288,2384,Special Session,5,0,100.0
5289,2384,Budget Session,9,0,100.0
5290,2384,Winter Session,15,0,100.0
5291,2384,Special Session,4,0,100.0
5292,2384,Monsoon Session,17,0,100.0
5293,2384,Budget Session,25,0,100.0
5294,2384,Winter Session,13,0,100.0
5295,2384,Monsoon Session,16,0,100.0
5296,2384,Budget Session,29,0,100.0
5297,2384,Winter Session,18,0,100.0
5298,2384,Monsoon Session,17,0,100.0
5299,2384,Budget Session,33,0,100.0
5300,2384,Monsoon Session,18,0,100.0
5301,2384,Budget Session,34,0,100.0
5302,2384,Winter Session,20,0,100.0
5303,2384,Monsoon Session,35,0,100.0
5304,2384,Budget Session,10,0,100.0
5305,2384,Winter Session,18,0,100.0
5306,2384,Monsoon Session,17,0,100.0
5307,2384,Budget Session,22,0,100.0
5308,1910,214th Part-1,6,0,100.0
5309,1910,Budget Session,35,0,100.0
5310,1910,Winter Session,17,0,100.0
5311,2385,Budget Session,9,0,100.0
5312,2385,Winter Session,15,0,100.0
5313,2385,Special Session,4,0,100.0
5314,2385,Monsoon Session,17,0,100.0
5315,2385,Budget Session,25,0,100.0
5316,2385,Winter Session,13,0,100.0
5317,2385,Monsoon Session,16,0,100.0
5318,2385,Budget Session,29,0,100.0
5319,2385,Winter Session,18,0,100.0
5320,2385,Monsoon Session,17,0,100.0
5321,2385,Budget Session,33,0,100.0
5322,2385,Monsoon Session,18,0,100.0
5323,2385,Budget Session,34,0,100.0
5324,2385,Winter Session,20,0,100.0
5325,2385,Monsoon Session,35,0,100.0
5326,2385,Budget Session,10,0,100.0
5327,2385,Winter Session,18,0,100.0
5328,2385,Monsoon Session,17,0,100.0
5329,2385,Budget Session,22,0,100.0
5330,1911,214th Part-1,6,0,100.0
5331,1911,Budget Session,35,0,100.0
5332,1911,Winter Session,17,0,100.0
5333,1912,214th Part-1,6,0,100.0
5334,1912,Budget Session,35,0,100.0
5335,1912,Winter Session,17,0,100.0
5336,2386,Winter Session,15,0,100.0
5337,2386,Monsoon Session,21,0,100.0
5338,2386,Budget Session,27,0,100.0
5339,2386,Winter Session,19,0,100.0
5340,2386,Monsoon Session,16,0,100.0
5341,2386,Special Session,5,0,100.0
5342,2386,Budget Session,9,0,100.0
5343,2386,Winter Session,15,0,100.0
5344,2386,Special Session,4,0,100.0
5345,2386,Monsoon Session,17,0,100.0
5346,2386,Budget Session,25,0,100.0
5347,2386,Winter Session,13,0,100.0
5348,2386,Monsoon Session,16,0,100.0
5349,2386,Budget Session,29,0,100.0
5350,2386,Winter Session,18,0,100.0
5351,2386,Monsoon Session,17,0,100.0
5352,2386,Budget Session,33,0,100.0
5353,2386,Monsoon Session,18,0,100.0
5354,2386,Budget Session,34,0,100.0
5355,2386,Winter Session,20,0,100.0
5356,2386,Monsoon Session,35,0,100.0
5357,2386,Budget Session,10,0,100.0
5358,2386,Winter Session,18,0,100.0
5359,2386,Monsoon Session,17,0,100.0
5360,2386,Budget Session,22,0,100.0
5361,2387,Budget Session,9,0,100.0
5362,2387,Winter Session,15,0,100.0
5363,2387,Special Session,4,0,100.0
5364,2387,Monsoon Session,17,0,100.0
5365,2387,Budget Session,25,0,100.0
5366,2387,Winter Session,13,0,100.0
5367,2387,Monsoon Session,16,0,100.0
5368,2387,Budget Session,29,0,100.0
5369,2387,Winter Session,18,0,100.0
5370,2387,Monsoon Session,17,0,100.0
5371,2387,Budget Session,33,0,100.0
5372,2387,Monsoon Session,18,0,100.0
5373,2387,Budget Session,34,0,100.0
5374,2387,Winter Session,20,0,100.0
5375,2387,Monsoon Session,35,0,100.0
5376,2387,Budget Session,10,0,100.0
5377,2387,Winter Session,18,0,100.0
5378,2387,Monsoon Session,17,0,100.0
5379,2387,Budget Session,22,0,100.0
5380,503,Winter Session,15,0,100.0
5381,503,Monsoon Session,21,0,100.0
5382,503,Budget Session,27,0,100.0
5383,503,Winter Session,19,0,100.0
5384,503,Monsoon Session,16,0,100.0
5385,503,Special Session,5,0,100.0
5386,503,Budget Session,22,0,100.0
5387,503,Budget Session,8,0,100.0
5388,503,Winter Session,13,0,100.0
5389,503,Monsoon Session,19,0,100.0
5390,503,Budget Session,21,0,100.0
5391,503,Budget Session,8,0,100.0
5392,503,Winter Session,21,0,100.0
5393,503,Monsoon Session,20,0,100.0
5394,503,Budget Session,15,0,100.0
5395,503,Budget Session,16,0,100.0
5396,503,Winter Session,20,0,100.0
5397,503,Monsoon Session,17,0,100.0
5398,503,Budget Session,13,0,100.0
5399,503,Budget Session,19,0,100.0
5400,503,Winter Session,22,0,100.0
5401,503,Budget Session,27,0,100.0
5402,503,Special Session,3,0,100.0
5403,503,Winter Session,12,0,100.0
5404,503,Winter Session,10,0,100.0
5405,503,Monsoon Session,21,0,100.0
5406,503,Budget Session,11,0,100.0
5407,503,Budget Session,21,0,100.0
5408,503,Winter Session,20,0,100.0
5409,503,Monsoon Session,19,0,100.0
5410,503,225th Part-2,21,0,100.0
5411,2388,Budget Session,9,0,100.0
5412,2388,Winter Session,15,0,100.0
5413,2388,Special Session,4,0,100.0
5414,2388,Monsoon Session,17,0,100.0
5415,2388,Budget Session,25,0,100.0
5416,2388,Winter Session,13,0,100.0
5417,2388,Monsoon Session,16,0,100.0
5418,2388,Budget Session,29,0,100.0
5419,2388,Winter Session,18,0,100.0
5420,2388,Monsoon Session,17,0,100.0
5421,2388,Budget Session,33,0,100.0
5422,2388,Monsoon Session,18,0,100.0
5423,2388,Budget Session,34,0,100.0
5424,2388,Winter Session,20,0,100.0
5425,2388,Monsoon Session,35,0,100.0
5426,2388,Budget Session,10,0,100.0
5427,2388,Winter Session,18,0,100.0
5428,2388,Monsoon Session,17,0,100.0
5429,2388,Budget Session,22,0,100.0
5430,1913,214th Part-1,6,0,100.0
5431,1913,Budget Session,35,0,100.0
5432,1913,Winter Session,17,0,100.0
5433,2389,Budget Session,9,0,100.0
5434,2389,Winter Session,15,0,100.0
5435,2389,Special Session,4,0,100.0
5436,2389,Monsoon Session,17,0,100.0
5437,2389,Budget Session,25,0,100.0
5438,2389,Winter Session,13,0,100.0
5439,2389,Monsoon Session,16,0,100.0
5440,2389,Budget Session,29,0,100.0
5441,2389,Winter Session,18,0,100.0
5442,2389,Monsoon Session,17,0,100.0
5443,2389,Budget Session,33,0,100.0
5444,2389,Monsoon Session,18,0,100.0
5445,2389,Budget Session,34,0,100.0
5446,2389,Winter Session,20,0,100.0
5447,2389,Monsoon Session,35,0,100.0
5448,2389,Budget Session,10,0,100.0
5449,2389,Winter Session,18,0,100.0
5450,2389,Monsoon Session,17,0,100.0
5451,2389,Budget Session,22,0,100.0
5452,1914,214th Part-1,6,0,100.0
5453,1914,Budget Session,35,0,100.0
5454,1914,Winter Session,17,0,100.0
5455,2390,Budget Session,9,0,100.0
5456,2390,Winter Session,15,0,100.0
5457,2390,Special Session,4,0,100.0
5458,2390,Monsoon Session,17,0,100.0
5459,2390,Budget Session,25,0,100.0
5460,2390,Winter Session,13,0,100.0
5461,2390,Monsoon Session,16,0,100.0
5462,2390,Budget Session,29,0,100.0
5463,2390,Winter Session,18,0,100.0
5464,2390,Monsoon Session,17,0,100.0
5465,2390,Budget Session,33,0,100.0
5466,2390,Monsoon Session,18,0,100.0
5467,2390,Budget Session,34,0,100.0
5468,2390,Winter Session,20,0,100.0
5469,2390,Monsoon Session,35,0,100.0
5470,2390,Budget Session,10,0,100.0
5471,2390,Winter Session,18,0,100.0
5472,2390,Monsoon Session,17,0,100.0
5473,2390,Budget Session,22,0,100.0
5474,1915,Budget Session,29,0,100.0
5475,1915,Winter Session,18,0,100.0
5476,1915,Monsoon Session,17,0,100.0
5477,1915,Budget Session,33,0,100.0
5478,1915,Monsoon Session,18,0,100.0
5479,1915,Budget Session,34,0,100.0
5480,1915,Winter Session,20,0,100.0
5481,1915,Monsoon Session,35,0,100.0
5482,1915,Budget Session,10,0,100.0
5483,1915,Winter Session,18,0,100.0
5484,1915,Monsoon Session,17,0,100.0
5485,1915,Budget Session,22,0,100.0
5486,1915,Budget Session,8,0,100.0
5487,1915,Winter Session,13,0,100.0
5488,1915,Monsoon Session,19,0,100.0
5489,1915,Budget Session,21,0,100.0
5490,1915,Budget Session,8,0,100.0
5491,1915,Winter Session,21,0,100.0
5492,1915,Monsoon Session,20,0,100.0
5493,1915,Budget Session,15,0,100.0
5494,1915,Budget Session,16,0,100.0
5495,1915,Winter Session,20,0,100.0
5496,1915,Monsoon Session,17,0,100.0
5497,1915,Budget Session,13,0,100.0
5498,1915,Budget Session,19,0,100.0
5499,1915,Winter Session,22,0,100.0
5500,1915,Budget Session,27,0,100.0
5501,1915,Special Session,3,0,100.0
5502,1915,Winter Session,12,0,100.0
5503,1915,Winter Session,10,0,100.0
5504,1915,Monsoon Session,21,0,100.0
5505,1915,Budget Session,11,0,100.0
5506,1915,Budget Session,21,0,100.0
5507,1915,Winter Session,20,0,100.0
5508,1915,Monsoon Session,19,0,100.0
5509,1915,225th Part-2,21,0,100.0
5510,1915,225th Part-1,14,0,100.0
5511,1915,Winter Session,24,0,100.0
5512,1915,Monsoon Session,26,0,100.0
5513,1915,Budget Session,23,0,100.0
5514,1915,Winter Session,23,0,100.0
5515,1915,Monsoon Session,26,0,100.0
5516,1915,214th Part-1,6,0,100.0
5517,1915,Budget Session,35,0,100.0
5518,1915,Winter Session,17,0,100.0
5519,1916,Monsoon Session,18,0,100.0
5520,1916,Budget Session,34,0,100.0
5521,1916,Winter Session,20,0,100.0
5522,1916,Monsoon Session,35,0,100.0
5523,1916,Budget Session,10,0,100.0
5524,1916,Winter Session,18,0,100.0
5525,1916,Monsoon Session,17,0,100.0
5526,1916,Budget Session,22,0,100.0
5527,1916,Budget Session,8,0,100.0
5528,1916,Winter Session,13,0,100.0
5529,1916,Monsoon Session,19,0,100.0
5530,1916,Budget Session,21,0,100.0
5531,1916,Budget Session,8,0,100.0
5532,1916,Winter Session,21,0,100.0
5533,1916,Monsoon Session,20,0,100.0
5534,1916,Budget Session,15,0,100.0
5535,1916,Budget Session,16,0,100.0
5536,1916,Winter Session,20,0,100.0
5537,1916,Monsoon Session,17,0,100.0
5538,1916,Budget Session,13,0,100.0
5539,1916,Budget Session,19,0,100.0
5540,1916,Winter Session,22,0,100.0
5541,1916,Winter Session,22,0,100.0
5542,1916,Budget Session,27,0,100.0
5543,1916,Special Session,3,0,100.0
5544,1916,Winter Session,12,0,100.0
5545,1916,Winter Session,10,0,100.0
5546,1916,Monsoon Session,21,0,100.0
5547,1916,Budget Session,11,0,100.0
5548,1916,Budget Session,21,0,100.0
5549,1916,Winter Session,20,0,100.0
5550,1916,Monsoon Session,19,0,100.0
5551,1916,225th Part-2,21,0,100.0
5552,1916,225th Part-1,14,0,100.0
5553,1916,Winter Session,24,0,100.0
5554,1916,Monsoon Session,26,0,100.0
5555,1916,Budget Session,23,0,100.0
5556,1916,Winter Session,23,0,100.0
5557,1916,Monsoon Session,26,0,100.0
5558,1916,219th Part-2,17,0,100.0
5559,1916,219th Part-1,15,0,100.0
5560,1916,Winter Session,23,0,100.0
5561,1916,Budget Session,26,0,100.0
5562,1916,Special Session,4,0,100.0
5563,1916,Budget Session,10,0,100.0
5564,1916,214th Part2,10,0,100.0
5565,1916,214th Part-1,6,0,100.0
5566,1916,Budget Session,35,0,100.0
5567,1916,Winter Session,17,0,100.0
5568,2391,Budget Session,9,0,100.0
5569,2391,Winter Session,15,0,100.0
5570,2391,Special Session,4,0,100.0
5571,2391,Monsoon Session,17,0,100.0
5572,2391,Budget Session,25,0,100.0
5573,2391,Winter Session,13,0,100.0
5574,2391,Monsoon Session,16,0,100.0
5575,2391,Budget Session,29,0,100.0
5576,2391,Winter Session,18,0,100.0
5577,2391,Monsoon Session,17,0,100.0
5578,2391,Budget Session,33,0,100.0
5579,2391,Monsoon Session,18,0,100.0
5580,2391,Budget Session,34,0,100.0
5581,2391,Winter Session,20,0,100.0
5582,2391,Monsoon Session,35,0,100.0
5583,2391,Budget Session,10,0,100.0
5584,2391,Winter Session,18,0,100.0
5585,2391,Monsoon Session,17,0,100.0
5586,2391,Budget Session,22,0,100.0
5587,1917,214th Part-1,6,0,100.0
5588,1917,Budget Session,35,0,100.0
5589,1917,Winter Session,17,0,100.0
5590,2392,Budget Session,9,0,100.0
5591,2392,Winter Session,15,0,100.0
5592,2392,Special Session,4,0,100.0
5593,2392,Monsoon Session,17,0,100.0
5594,2392,Budget Session,25,0,100.0
5595,2392,Winter Session,13,0,100.0
5596,2392,Monsoon Session,16,0,100.0
5597,2392,Budget Session,29,0,100.0
5598,2392,Winter Session,18,0,100.0
5599,2392,Monsoon Session,17,0,100.0
5600,2392,Budget Session,33,0,100.0
5601,2392,Monsoon Session,18,0,100.0
5602,2392,Budget Session,34,0,100.0
5603,2392,Winter Session,20,0,100.0
5604,2392,Monsoon Session,35,0,100.0
5605,2392,Budget Session,10,0,100.0
5606,2392,Winter Session,18,0,100.0
5607,2392,Monsoon Session,17,0,100.0
5608,2392,Budget Session,22,0,100.0
5609,2393,Budget Session,9,0,100.0
5610,2393,Winter Session,15,0,100.0
5611,2393,Special Session,4,0,100.0
5612,2393,Monsoon Session,17,0,100.0
5613,2393,Budget Session,25,0,100.0
5614,2393,Winter Session,13,0,100.0
5615,2393,Monsoon Session,16,0,100.0
5616,2393,Budget Session,29,0,100.0
5617,2393,Winter Session,18,0,100.0
5618,2393,Monsoon Session,17,0,100.0
5619,2393,Budget Session,33,0,100.0
5620,2393,Monsoon Session,18,0,100.0
5621,2393,Budget Session,34,0,100.0
5622,2393,Winter Session,20,0,100.0
5623,2393,Monsoon Session,35,0,100.0
5624,2393,Budget Session,10,0,100.0
5625,2393,Winter Session,18,0,100.0
5626,2393,Monsoon Session,17,0,100.0
5627,2393,Budget Session,22,0,100.0
5628,1918,Winter Session,22,0,100.0
5629,1918,Budget Session,27,0,100.0
5630,1918,Special Session,3,0,100.0
5631,1918,Winter Session,12,0,100.0
5632,1918,Winter Session,10,0,100.0
5633,1918,Monsoon Session,21,0,100.0
5634,1918,Budget Session,11,0,100.0
5635,1918,Budget Session,21,0,100.0
5636,1918,Winter Session,20,0,100.0
5637,1918,Monsoon Session,19,0,100.0
5638,1918,225th Part-2,21,0,100.0
5639,1918,225th Part-1,14,0,100.0
5640,1918,Winter Session,24,0,100.0
5641,1918,Monsoon Session,26,0,100.0
5642,1918,Budget Session,23,0,100.0
5643,1918,Winter Session,23,0,100.0
5644,1918,Monsoon Session,26,0,100.0
5645,1918,219th Part-2,17,0,100.0
5646,1918,219th Part-1,15,0,100.0
5647,1918,Winter Session,23,0,100.0
5648,1918,Budget Session,26,0,100.0
5649,1918,Special Session,4,0,100.0
5650,1918,Budget Session,10,0,100.0
5651,1918,214th Part-1,6,0,100.0
5652,1918,Budget Session,35,0,100.0
5653,1918,Winter Session,17,0,100.0
5654,1919,Budget Session,10,0,100.0
5655,1919,214th Part2,10,0,100.0
5656,1919,214th Part-1,6,0,100.0
5657,1919,Budget Session,35,0,100.0
5658,1919,Winter Session,17,0,100.0
5659,1920,Budget Session,26,0,100.0
5660,1920,Special Session,4,0,100.0
5661,1920,Budget Session,10,0,100.0
5662,1920,214th Part2,10,0,100.0
5663,1920,214th Part-1,6,0,100.0
5664,1920,Budget Session,35,0,100.0
5665,1920,Winter Session,17,0,100.0
5666,2394,Budget Session,9,0,100.0
5667,2394,Winter Session,15,0,100.0
5668,2394,Special Session,4,0,100.0
5669,2394,Monsoon Session,17,0,100.0
5670,2394,Budget Session,25,0,100.0
5671,2394,Winter Session,13,0,100.0
5672,2394,Monsoon Session,16,0,100.0
5673,2394,Budget Session,29,0,100.0
5674,2394,Winter Session,18,0,100.0
5675,2394,Monsoon Session,17,0,100.0
5676,2394,Budget Session,33,0,100.0
5677,2394,Monsoon Session,18,0,100.0
5678,2394,Budget Session,34,0,100.0
5679,2394,Winter Session,20,0,100.0
5680,2394,Monsoon Session,35,0,100.0
5681,2394,Budget Session,10,0,100.0
5682,2394,Winter Session,18,0,100.0
5683,2394,Monsoon Session,17,0,100.0
5684,2394,Budget Session,22,0,100.0
5685,985,Budget Session,34,0,100.0
5686,985,Winter Session,20,0,100.0
5687,985,Monsoon Session,35,0,100.0
5688,985,Budget Session,10,0,100.0
5689,985,Winter Session,18,0,100.0
5690,985,Monsoon Session,17,0,100.0
5691,985,Budget Session,22,0,100.0
5692,985,Budget Session,8,0,100.0
5693,985,Winter Session,13,0,100.0
5694,985,Monsoon Session,19,0,100.0
5695,985,Budget Session,21,0,100.0
5696,985,Budget Session,8,0,100.0
5697,985,Winter Session,21,0,100.0
5698,985,Monsoon Session,20,0,100.0
5699,985,Budget Session,15,0,100.0
5700,985,Budget Session,16,0,100.0
5701,985,Winter Session,20,0,100.0
5702,985,Monsoon Session,17,0,100.0
5703,985,Budget Session,13,0,100.0
5704,985,Budget Session,19,0,100.0
5705,985,Winter Session,22,0,100.0
5706,985,Budget Session,27,0,100.0
5707,985,Special Session,3,0,100.0
5708,985,Winter Session,12,0,100.0
5709,985,Winter Session,10,0,100.0
5710,985,Monsoon Session,21,0,100.0
5711,985,219th Part-2,17,0,100.0
5712,985,219th Part-1,15,0,100.0
5713,985,Winter Session,23,0,100.0
5714,985,Budget Session,26,0,100.0
5715,985,Special Session,4,0,100.0
5716,985,Budget Session,10,0,100.0
5717,985,214th Part2,10,0,100.0
5718,985,214th Part-1,6,0,100.0
5719,985,Budget Session,35,0,100.0
5720,985,Winter Session,17,0,100.0
5721,2395,Budget Session,9,0,100.0
5722,2395,Winter Session,15,0,100.0
5723,2395,Special Session,4,0,100.0
5724,2395,Monsoon Session,17,0,100.0
5725,2395,Budget Session,25,0,100.0
5726,2395,Winter Session,13,0,100.0
5727,2395,Monsoon Session,16,0,100.0
5728,2395,Budget Session,29,0,100.0
5729,2395,Winter Session,18,0,100.0
5730,2395,Monsoon Session,17,0,100.0
5731,2395,Budget Session,33,0,100.0
5732,2395,Monsoon Session,18,0,100.0
5733,2395,Budget Session,34,0,100.0
5734,2395,Winter Session,20,0,100.0
5735,2395,Monsoon Session,35,0,100.0
5736,2395,Budget Session,10,0,100.0
5737,2395,Winter Session,18,0,100.0
5738,2395,Monsoon Session,17,0,100.0
5739,2395,Budget Session,22,0,100.0
5740,1921,Budget Session,26,0,100.0
5741,1921,Special Session,4,0,100.0
5742,1921,Budget Session,10,0,100.0
5743,1921,214th Part2,10,0,100.0
5744,1921,214th Part-1,6,0,100.0
5745,1921,Budget Session,35,0,100.0
5746,1921,Winter Session,17,0,100.0
5747,2396,Budget Session,9,0,100.0
5748,2396,Winter Session,15,0,100.0
5749,2396,Special Session,4,0,100.0
5750,2396,Monsoon Session,17,0,100.0
5751,2396,Budget Session,25,0,100.0
5752,2396,Winter Session,13,0,100.0
5753,2396,Monsoon Session,16,0,100.0
5754,2396,Budget Session,29,0,100.0
5755,2396,Winter Session,18,0,100.0
5756,2396,Monsoon Session,17,0,100.0
5757,2396,Budget Session,33,0,100.0
5758,2396,Monsoon Session,18,0,100.0
5759,2396,Budget Session,34,0,100.0
5760,2396,Winter Session,20,0,100.0
5761,2396,Monsoon Session,35,0,100.0
5762,2396,Budget Session,10,0,100.0
5763,2396,Winter Session,18,0,100.0
5764,2396,Monsoon Session,17,0,100.0
5765,2396,Budget Session,22,0,100.0
5766,2397,Budget Session,9,0,100.0
5767,2397,Winter Session,15,0,100.0
5768,2397,Special Session,4,0,100.0
5769,2397,Monsoon Session,17,0,100.0
5770,2397,Budget Session,25,0,100.0
5771,2397,Winter Session,13,0,100.0
5772,2397,Monsoon Session,16,0,100.0
5773,2397,Budget Session,29,0,100.0
5774,2397,Winter Session,18,0,100.0
5775,2397,Monsoon Session,17,0,100.0
5776,2397,Budget Session,33,0,100.0
5777,2397,Monsoon Session,18,0,100.0
5778,2397,Budget Session,34,0,100.0
5779,2397,Winter Session,20,0,100.0
5780,2397,Monsoon Session,35,0,100.0
5781,2397,Budget Session,10,0,100.0
5782,2397,Winter Session,18,0,100.0
5783,2397,Monsoon Session,17,0,100.0
5784,2397,Budget Session,22,0,100.0
5785,1922,225th Part-1,14,0,100.0
5786,1922,Winter Session,24,0,100.0
5787,1922,Monsoon Session,26,0,100.0
5788,1922,Budget Session,23,0,100.0
5789,1922,Budget Session,26,0,100.0
5790,1922,Special Session,4,0,100.0
5791,1922,Budget Session,10,0,100.0
5792,1922,214th Part2,10,0,100.0
5793,1922,214th Part-1,6,0,100.0
5794,1922,Budget Session,35,0,100.0
5795,1922,Winter Session,17,0,100.0
5796,2398,Budget Session,9,0,100.0
5797,2398,Winter Session,15,0,100.0
5798,2398,Special Session,4,0,100.0
5799,2398,Monsoon Session,17,0,100.0
5800,2398,Budget Session,25,0,100.0
5801,2398,Winter Session,13,0,100.0
5802,2398,Monsoon Session,16,0,100.0
5803,2398,Budget Session,29,0,100.0
5804,2398,Winter Session,18,0,100.0
5805,2398,Monsoon Session,17,0,100.0
5806,2398,Budget Session,33,0,100.0
5807,2398,Monsoon Session,18,0,100.0
5808,2398,Budget Session,34,0,100.0
5809,2398,Winter Session,20,0,100.0
5810,2398,Monsoon Session,35,0,100.0
5811,2398,Budget Session,10,0,100.0
5812,2398,Winter Session,18,0,100.0
5813,2398,Monsoon Session,17,0,100.0
5814,2398,Budget Session,22,0,100.0
5815,1923,Budget Session,15,0,100.0
5816,1923,Budget Session,16,0,100.0
5817,1923,Winter Session,20,0,100.0
5818,1923,Monsoon Session,17,0,100.0
5819,1923,Budget Session,13,0,100.0
5820,1923,Budget Session,19,0,100.0
5821,1923,Winter Session,22,0,100.0
5822,1923,Budget Session,27,0,100.0
5823,1923,Special Session,3,0,100.0
5824,1923,Winter Session,12,0,100.0
5825,1923,Winter Session,10,0,100.0
5826,1923,Monsoon Session,21,0,100.0
5827,1923,Budget Session,11,0,100.0
5828,1923,Budget Session,21,0,100.0
5829,1923,Winter Session,20,0,100.0
5830,1923,Monsoon Session,19,0,100.0
5831,1923,225th Part-2,21,0,100.0
5832,1923,225th Part-1,14,0,100.0
5833,1923,Winter Session,24,0,100.0
5834,1923,Monsoon Session,26,0,100.0
5835,1923,Budget Session,23,0,100.0
5836,1923,Winter Session,23,0,100.0
5837,1923,Monsoon Session,26,0,100.0
5838,1923,Budget Session,26,0,100.0
5839,1923,Special Session,4,0,100.0
5840,1923,Budget Session,10,0,100.0
5841,1923,214th Part2,10,0,100.0
5842,1923,214th Part-1,6,0,100.0
5843,1923,Budget Session,35,0,100.0
5844,1923,Winter Session,17,0,100.0
5845,1924,Budget Session,26,0,100.0
5846,1924,Special Session,4,0,100.0
5847,1924,Budget Session,10,0,100.0
5848,1924,214th Part2,10,0,100.0
5849,1924,214th Part-1,6,0,100.0
5850,1924,Budget Session,35,0,100.0
5851,1924,Winter Session,17,0,100.0
5852,2399,Budget Session,9,0,100.0
5853,2399,Winter Session,15,0,100.0
5854,2399,Special Session,4,0,100.0
5855,2399,Monsoon Session,17,0,100.0
5856,2399,Budget Session,25,0,100.0
5857,2399,Winter Session,13,0,100.0
5858,2399,Monsoon Session,16,0,100.0
5859,2399,Budget Session,29,0,100.0
5860,2399,Winter Session,18,0,100.0
5861,2399,Monsoon Session,17,0,100.0
5862,2399,Budget Session,33,0,100.0
5863,2399,Monsoon Session,18,0,100.0
5864,2399,Budget Session,34,0,100.0
5865,2399,Winter Session,20,0,100.0
5866,2399,Monsoon Session,35,0,100.0
5867,2399,Budget Session,10,0,100.0
5868,2399,Winter Session,18,0,100.0
5869,2399,Monsoon Session,17,0,100.0
5870,2399,Budget Session,22,0,100.0
5871,2400,Budget Session,9,0,100.0
5872,2400,Winter Session,15,0,100.0
5873,2400,Special Session,4,0,100.0
5874,2400,Monsoon Session,17,0,100.0
5875,2400,Budget Session,25,0,100.0
5876,2400,Winter Session,13,0,100.0
5877,2400,Monsoon Session,16,0,100.0
5878,2400,Budget Session,29,0,100.0
5879,2400,Winter Session,18,0,100.0
5880,2400,Monsoon Session,17,0,100.0
5881,2400,Budget Session,33,0,100.0
5882,2400,Monsoon Session,18,0,100.0
5883,2400,Budget Session,34,0,100.0
5884,2400,Winter Session,20,0,100.0
5885,2400,Monsoon Session,35,0,100.0
5886,2400,Budget Session,10,0,100.0
5887,2400,Winter Session,18,0,100.0
5888,2400,Monsoon Session,17,0,100.0
5889,2400,Budget Session,22,0,100.0
5890,1925,Budget Session,26,0,100.0
5891,1925,Special Session,4,0,100.0
5892,1925,Budget Session,10,0,100.0
5893,1925,214th Part2,10,0,100.0
5894,1925,214th Part-1,6,0,100.0
5895,1925,Budget Session,35,0,100.0
5896,1925,Winter Session,17,0,100.0
5897,517,Budget Session,29,0,100.0
5898,517,Winter Session,18,0,100.0
5899,517,Monsoon Session,17,0,100.0
5900,517,Budget Session,33,0,100.0
5901,517,Monsoon Session,18,0,100.0
5902,517,Budget Session,34,0,100.0
5903,517,Winter Session,20,0,100.0
5904,517,Monsoon Session,35,0,100.0
5905,517,Budget Session,10,0,100.0
5906,517,Winter Session,18,0,100.0
5907,517,Monsoon Session,17,0,100.0
5908,517,Budget Session,22,0,100.0
5909,517,Budget Session,8,0,100.0
5910,517,Winter Session,13,0,100.0
5911,517,Monsoon Session,19,0,100.0
5912,517,Budget Session,21,0,100.0
5913,517,Budget Session,8,0,100.0
5914,517,Winter Session,21,0,100.0
5915,517,Monsoon Session,20,0,100.0
5916,517,Budget Session,15,0,100.0
5917,517,Budget Session,16,0,100.0
5918,517,Winter Session,20,0,100.0
5919,517,Monsoon Session,17,0,100.0
5920,517,Budget Session,13,0,100.0
5921,517,Budget Session,19,0,100.0
5922,517,Winter Session,22,0,100.0
5923,517,Budget Session,27,0,100.0
5924,517,Special Session,3,0,100.0
5925,517,Winter Session,12,0,100.0
5926,517,Winter Session,10,0,100.0
5927,517,Monsoon Session,21,0,100.0
5928,517,Budget Session,11,0,100.0
5929,517,Budget Session,21,0,100.0
5930,517,Winter Session,20,0,100.0
5931,517,Monsoon Session,19,0,100.0
5932,517,225th Part-2,21,0,100.0
5933,517,225th Part-1,14,0,100.0
5934,517,Winter Session,24,0,100.0
5935,517,Monsoon Session,26,0,100.0
5936,517,Budget Session,23,0,100.0
5937,517,Winter Session,23,0,100.0
5938,517,Monsoon Session,26,0,100.0
5939,517,219th Part-2,17,0,100.0
5940,517,219th Part-1,15,0,100.0
5941,517,Winter Session,23,0,100.0
5942,517,Budget Session,26,0,100.0
5943,517,Special Session,4,0,100.0
5944,517,Budget Session,10,0,100.0
5945,517,214th Part2,10,0,100.0
5946,517,214th Part-1,6,0,100.0
5947,517,Budget Session,35,0,100.0
5948,517,Winter Session,17,0,100.0
5949,2401,Budget Session,9,0,100.0
5950,2401,Winter Session,15,0,100.0
5951,2401,Special Session,4,0,100.0
5952,2401,Monsoon Session,17,0,100.0
5953,2401,Budget Session,25,0,100.0
5954,2401,Winter Session,13,0,100.0
5955,2401,Monsoon Session,16,0,100.0
5956,2401,Budget Session,29,0,100.0
5957,2401,Winter Session,18,0,100.0
5958,2401,Monsoon Session,17,0,100.0
5959,2401,Budget Session,33,0,100.0
5960,2401,Monsoon Session,18,0,100.0
5961,2401,Budget Session,34,0,100.0
5962,2401,Winter Session,20,0,100.0
5963,2401,Monsoon Session,35,0,100.0
5964,2401,Budget Session,10,0,100.0
5965,2401,Winter Session,18,0,100.0
5966,2401,Monsoon Session,17,0,100.0
5967,2401,Budget Session,22,0,100.0
5968,1926,Budget Session,26,0,100.0
5969,1926,Special Session,4,0,100.0
5970,1926,Budget Session,10,0,100.0
5971,1926,214th Part2,10,0,100.0
5972,1926,214th Part-1,6,0,100.0
5973,1926,Budget Session,35,0,100.0
5974,1926,Winter Session,17,0,100.0
5975,2402,Budget Session,9,0,100.0
5976,2402,Winter Session,15,0,100.0
5977,2402,Special Session,4,0,100.0
5978,2402,Monsoon Session,17,0,100.0
5979,2402,Budget Session,25,0,100.0
5980,2402,Winter Session,13,0,100.0
5981,2402,Monsoon Session,16,0,100.0
5982,2402,Budget Session,29,0,100.0
5983,2402,Winter Session,18,0,100.0
5984,2402,Monsoon Session,17,0,100.0
5985,2402,Budget Session,33,0,100.0
5986,2402,Monsoon Session,18,0,100.0
5987,2402,Budget Session,34,0,100.0
5988,2402,Winter Session,20,0,100.0
5989,2402,Monsoon Session,35,0,100.0
5990,2402,Budget Session,10,0,100.0
5991,2402,Winter Session,18,0,100.0
5992,2402,Monsoon Session,17,0,100.0
5993,2402,Budget Session,22,0,100.0
5994,1468,Budget Session,22,0,100.0
5995,1468,Budget Session,8,0,100.0
5996,1468,Winter Session,13,0,100.0
5997,1468,Monsoon Session,19,0,100.0
5998,1468,Budget Session,21,0,100.0
5999,1468,Budget Session,8,0,100.0
6000,1468,Winter Session,21,0,100.0
6001,1468,Monsoon Session,20,0,100.0
6002,1468,Budget Session,15,0,100.0
6003,1468,Budget Session,15,0,100.0
6004,1468,Budget Session,16,0,100.0
6005,1468,Budget Session,16,0,100.0
6006,1468,Winter Session,20,0,100.0
6007,1468,Winter Session,20,0,100.0
6008,1468,Monsoon Session,17,0,100.0
6009,1468,Monsoon Session,17,0,100.0
6010,1468,Budget Session,13,0,100.0
6011,1468,Budget Session,13,0,100.0
6012,1468,Budget Session,19,0,100.0
6013,1468,Budget Session,19,0,100.0
6014,1468,Winter Session,22,0,100.0
6015,1468,Winter Session,22,0,100.0
6016,1468,Budget Session,27,0,100.0
6017,1468,Budget Session,27,0,100.0
6018,1468,Special Session,3,0,100.0
6019,1468,Special Session,3,0,100.0
6020,1468,Winter Session,12,0,100.0
6021,1468,Winter Session,12,0,100.0
6022,1468,Winter Session,10,0,100.0
6023,1468,Winter Session,10,0,100.0
6024,1468,Monsoon Session,21,0,100.0
6025,1468,Monsoon Session,21,0,100.0
6026,1468,Budget Session,11,0,100.0
6027,1468,Budget Session,11,0,100.0
6028,1468,Budget Session,21,0,100.0
6029,1468,Budget Session,21,0,100.0
6030,1468,Winter Session,20,0,100.0
6031,1468,Winter Session,20,0,100.0
6032,1468,Monsoon Session,19,0,100.0
6033,1468,Monsoon Session,19,0,100.0
6034,1468,225th Part-2,21,0,100.0
6035,1468,225th Part-2,21,0,100.0
6036,1468,225th Part-1,14,0,100.0
6037,1468,Winter Session,24,0,100.0
6038,1468,Monsoon Session,26,0,100.0
6039,1468,Budget Session,23,0,100.0
6040,1468,Winter Session,23,0,100.0
6041,1468,Monsoon Session,26,0,100.0
6042,1928,Budget Session,16,0,100.0
6043,1928,Winter Session,20,0,100.0
6044,1928,Monsoon Session,17,0,100.0
6045,1928,Budget Session,13,0,100.0
6046,1928,Budget Session,19,0,100.0
6047,1928,Winter Session,22,0,100.0
6048,1928,Budget Session,27,0,100.0
6049,1928,Special Session,3,0,100.0
6050,1928,Winter Session,12,0,100.0
6051,1928,Winter Session,10,0,100.0
6052,1928,Monsoon Session,21,0,100.0
6053,1928,Budget Session,11,0,100.0
6054,1928,Budget Session,21,0,100.0
6055,1928,Winter Session,20,0,100.0
6056,1928,Monsoon Session,19,0,100.0
6057,1928,225th Part-2,21,0,100.0
6058,1928,225th Part-1,14,0,100.0
6059,1928,Winter Session,24,0,100.0
6060,1928,Monsoon Session,26,0,100.0
6061,1928,Budget Session,23,0,100.0
6062,1928,Winter Session,23,0,100.0
6063,1928,Monsoon Session,26,0,100.0
6064,1928,219th Part-2,17,0,100.0
6065,1928,219th Part-1,15,0,100.0
6066,1928,Winter Session,23,0,100.0
6067,1928,Budget Session,26,0,100.0
6068,1928,Special Session,4,0,100.0
6069,1928,Budget Session,10,0,100.0
6070,1928,214th Part2,10,0,100.0
6071,1928,214th Part-1,6,0,100.0
6072,1928,Budget Session,35,0,100.0
6073,1928,Winter Session,17,0,100.0
6074,2403,Budget Session,9,0,100.0
6075,2403,Winter Session,15,0,100.0
6076,2403,Special Session,4,0,100.0
6077,2403,Monsoon Session,17,0,100.0
6078,2403,Budget Session,25,0,100.0
6079,2403,Winter Session,13,0,100.0
6080,2403,Monsoon Session,16,0,100.0
6081,2403,Budget Session,29,0,100.0
6082,2403,Winter Session,18,0,100.0
6083,2403,Monsoon Session,17,0,100.0
6084,2403,Budget Session,33,0,100.0
6085,2403,Monsoon Session,18,0,100.0
6086,2403,Budget Session,34,0,100.0
6087,2403,Winter Session,20,0,100.0
6088,2403,Monsoon Session,35,0,100.0
6089,2403,Budget Session,10,0,100.0
6090,2403,Winter Session,18,0,100.0
6091,2403,Monsoon Session,17,0,100.0
6092,2403,Budget Session,22,0,100.0
6093,1929,Winter Session,15,0,100.0
6094,1929,Monsoon Session,21,0,100.0
6095,1929,Budget Session,27,0,100.0
6096,1929,Winter Session,19,0,100.0
6097,1929,Monsoon Session,16,0,100.0
6098,1929,Special Session,5,0,100.0
6099,1929,Budget Session,9,0,100.0
6100,1929,Winter Session,15,0,100.0
6101,1929,Special Session,4,0,100.0
6102,1929,Monsoon Session,17,0,100.0
6103,1929,Budget Session,25,0,100.0
6104,1929,Winter Session,13,0,100.0
6105,1929,Monsoon Session,16,0,100.0
6106,1929,Budget Session,29,0,100.0
6107,1929,Winter Session,18,0,100.0
6108,1929,Monsoon Session,17,0,100.0
6109,1929,Budget Session,33,0,100.0
6110,1929,Monsoon Session,18,0,100.0
6111,1929,Budget Session,34,0,100.0
6112,1929,Winter Session,20,0,100.0
6113,1929,Monsoon Session,35,0,100.0
6114,1929,Budget Session,10,0,100.0
6115,1929,Winter Session,18,0,100.0
6116,1929,Monsoon Session,17,0,100.0
6117,1929,Budget Session,22,0,100.0
6118,1929,Budget Session,8,0,100.0
6119,1929,Winter Session,13,0,100.0
6120,1929,Monsoon Session,19,0,100.0
6121,1929,Budget Session,21,0,100.0
6122,1929,Budget Session,8,0,100.0
6123,1929,Winter Session,21,0,100.0
6124,1929,Monsoon Session,20,0,100.0
6125,1929,Budget Session,15,0,100.0
6126,1929,Budget Session,16,0,100.0
6127,1929,Winter Session,20,0,100.0
6128,1929,Monsoon Session,17,0,100.0
6129,1929,Budget Session,13,0,100.0
6130,1929,219th Part-1,15,0,100.0
6131,1929,Winter Session,23,0,100.0
6132,1929,Budget Session,26,0,100.0
6133,1929,Special Session,4,0,100.0
6134,1929,Budget Session,10,0,100.0
6135,1929,214th Part2,10,0,100.0
6136,1929,214th Part-1,6,0,100.0
6137,1929,Budget Session,35,0,100.0
6138,1929,Winter Session,17,0,100.0
6139,2404,Budget Session,9,0,100.0
6140,2404,Winter Session,15,0,100.0
6141,2404,Special Session,4,0,100.0
6142,2404,Monsoon Session,17,0,100.0
6143,2404,Budget Session,25,0,100.0
6144,2404,Winter Session,13,0,100.0
6145,2404,Monsoon Session,16,0,100.0
6146,2404,Budget Session,29,0,100.0
6147,2404,Winter Session,18,0,100.0
6148,2404,Monsoon Session,17,0,100.0
6149,2404,Budget Session,33,0,100.0
6150,2404,Monsoon Session,18,0,100.0
6151,2404,Budget Session,34,0,100.0
6152,2404,Winter Session,20,0,100.0
6153,2404,Monsoon Session,35,0,100.0
6154,2404,Budget Session,10,0,100.0
6155,2404,Winter Session,18,0,100.0
6156,2404,Monsoon Session,17,0,100.0
6157,2404,Budget Session,22,0,100.0
6158,2405,Budget Session,9,0,100.0
6159,2405,Winter Session,15,0,100.0
6160,2405,Special Session,4,0,100.0
6161,2405,Monsoon Session,17,0,100.0
6162,2405,Budget Session,25,0,100.0
6163,2405,Winter Session,13,0,100.0
6164,2405,Monsoon Session,16,0,100.0
6165,2405,Budget Session,29,0,100.0
6166,2405,Winter Session,18,0,100.0
6167,2405,Monsoon Session,17,0,100.0
6168,2405,Budget Session,33,0,100.0
6169,2405,Monsoon Session,18,0,100.0
6170,2405,Budget Session,34,0,100.0
6171,2405,Winter Session,20,0,100.0
6172,2405,Monsoon Session,35,0,100.0
6173,2405,Budget Session,10,0,100.0
6174,2405,Winter Session,18,0,100.0
6175,2405,Monsoon Session,17,0,100.0
6176,2405,Budget Session,22,0,100.0
6177,1930,219th Part-1,15,0,100.0
6178,1930,Winter Session,23,0,100.0
6179,1930,Budget Session,26,0,100.0
6180,1930,Special Session,4,0,100.0
6181,1930,Budget Session,10,0,100.0
6182,1930,214th Part2,10,0,100.0
6183,1930,214th Part-1,6,0,100.0
6184,1930,Budget Session,35,0,100.0
6185,1930,Winter Session,17,0,100.0
6186,1932,219th Part-1,15,0,100.0
6187,1932,Winter Session,23,0,100.0
6188,1932,Budget Session,26,0,100.0
6189,1932,Special Session,4,0,100.0
6190,1932,Budget Session,10,0,100.0
6191,1932,214th Part2,10,0,100.0
6192,1932,214th Part-1,6,0,100.0
6193,1932,Budget Session,35,0,100.0
6194,1932,Winter Session,17,0,100.0
6195,2406,Budget Session,9,0,100.0
6196,2406,Winter Session,15,0,100.0
6197,2406,Special Session,4,0,100.0
6198,2406,Monsoon Session,17,0,100.0
6199,2406,Budget Session,25,0,100.0
6200,2406,Winter Session,13,0,100.0
6201,2406,Monsoon Session,16,0,100.0
6202,2406,Budget Session,29,0,100.0
6203,2406,Winter Session,18,0,100.0
6204,2406,Monsoon Session,17,0,100.0
6205,2406,Budget Session,33,0,100.0
6206,2406,Monsoon Session,18,0,100.0
6207,2406,Budget Session,34,0,100.0
6208,2406,Winter Session,20,0,100.0
6209,2406,Monsoon Session,35,0,100.0
6210,2406,Budget Session,10,0,100.0
6211,2406,Winter Session,18,0,100.0
6212,2406,Monsoon Session,17,0,100.0
6213,2406,Budget Session,22,0,100.0
6214,1931,Budget Session,16,0,100.0
6215,1931,Winter Session,20,0,100.0
6216,1931,Monsoon Session,17,0,100.0
6217,1931,Budget Session,13,0,100.0
6218,1931,Budget Session,19,0,100.0
6219,1931,Winter Session,22,0,100.0
6220,1931,Budget Session,27,0,100.0
6221,1931,Special Session,3,0,100.0
6222,1931,Winter Session,12,0,100.0
6223,1931,Winter Session,10,0,100.0
6224,1931,Monsoon Session,21,0,100.0
6225,1931,Budget Session,11,0,100.0
6226,1931,Budget Session,21,0,100.0
6227,1931,Winter Session,20,0,100.0
6228,1931,Monsoon Session,19,0,100.0
6229,1931,225th Part-2,21,0,100.0
6230,1931,225th Part-1,14,0,100.0
6231,1931,Winter Session,24,0,100.0
6232,1931,Monsoon Session,26,0,100.0
6233,1931,Budget Session,23,0,100.0
6234,1931,Winter Session,23,0,100.0
6235,1931,Monsoon Session,26,0,100.0
6236,1931,219th Part-2,17,0,100.0
6237,1931,219th Part-1,15,0,100.0
6238,1931,Winter Session,23,0,100.0
6239,1931,Budget Session,26,0,100.0
6240,1931,Special Session,4,0,100.0
6241,1931,Budget Session,10,0,100.0
6242,1931,214th Part2,10,0,100.0
6243,1931,214th Part-1,6,0,100.0
6244,1931,Budget Session,35,0,100.0
6245,1931,Winter Session,17,0,100.0
6246,2407,Budget Session,9,0,100.0
6247,2407,Winter Session,15,0,100.0
6248,2407,Special Session,4,0,100.0
6249,2407,Monsoon Session,17,0,100.0
6250,2407,Budget Session,25,0,100.0
6251,2407,Winter Session,13,0,100.0
6252,2407,Monsoon Session,16,0,100.0
6253,2407,Budget Session,29,0,100.0
6254,2407,Winter Session,18,0,100.0
6255,2407,Monsoon Session,17,0,100.0
6256,2407,Budget Session,33,0,100.0
6257,2407,Monsoon Session,18,0,100.0
6258,2407,Budget Session,34,0,100.0
6259,2407,Winter Session,20,0,100.0
6260,2407,Monsoon Session,35,0,100.0
6261,2407,Budget Session,10,0,100.0
6262,2407,Winter Session,18,0,100.0
6263,2407,Monsoon Session,17,0,100.0
6264,2407,Budget Session,22,0,100.0
6265,2408,Budget Session,9,0,100.0
6266,2408,Winter Session,15,0,100.0
6267,2408,Special Session,4,0,100.0
6268,2408,Monsoon Session,17,0,100.0
6269,2408,Budget Session,25,0,100.0
6270,2408,Winter Session,13,0,100.0
6271,2408,Monsoon Session,16,0,100.0
6272,2408,Budget Session,29,0,100.0
6273,2408,Winter Session,18,0,100.0
6274,2408,Monsoon Session,17,0,100.0
6275,2408,Budget Session,33,0,100.0
6276,2408,Monsoon Session,18,0,100.0
6277,2408,Budget Session,34,0,100.0
6278,2408,Winter Session,20,0,100.0
6279,2408,Monsoon Session,35,0,100.0
6280,2408,Budget Session,10,0,100.0
6281,2408,Winter Session,18,0,100.0
6282,2408,Monsoon Session,17,0,100.0
6283,2408,Budget Session,22,0,100.0
6284,1933,219th Part-1,15,0,100.0
6285,1933,Winter Session,23,0,100.0
6286,1933,Budget Session,26,0,100.0
6287,1933,Special Session,4,0,100.0
6288,1933,Budget Session,10,0,100.0
6289,1933,214th Part2,10,0,100.0
6290,1933,214th Part-1,6,0,100.0
6291,1933,Budget Session,35,0,100.0
6292,1933,Winter Session,17,0,100.0
6293,1934,219th Part-2,17,0,100.0
6294,1934,219th Part-1,15,0,100.0
6295,1934,Winter Session,23,0,100.0
6296,1934,Budget Session,26,0,100.0
6297,1934,Special Session,4,0,100.0
6298,1934,Budget Session,10,0,100.0
6299,1934,214th Part2,10,0,100.0
6300,1934,214th Part-1,6,0,100.0
6301,1934,Budget Session,35,0,100.0
6302,1934,Winter Session,17,0,100.0
6303,2409,Budget Session,9,0,100.0
6304,2409,Winter Session,15,0,100.0
6305,2409,Special Session,4,0,100.0
6306,2409,Monsoon Session,17,0,100.0
6307,2409,Budget Session,25,0,100.0
6308,2409,Winter Session,13,0,100.0
6309,2409,Monsoon Session,16,0,100.0
6310,2409,Budget Session,29,0,100.0
6311,2409,Winter Session,18,0,100.0
6312,2409,Monsoon Session,17,0,100.0
6313,2409,Budget Session,33,0,100.0
6314,2409,Monsoon Session,18,0,100.0
6315,2409,Budget Session,34,0,100.0
6316,2409,Winter Session,20,0,100.0
6317,2409,Monsoon Session,35,0,100.0
6318,2409,Budget Session,10,0,100.0
6319,2409,Winter Session,18,0,100.0
6320,2409,Monsoon Session,17,0,100.0
6321,2409,Budget Session,22,0,100.0
6322,1935,Winter Session,15,0,100.0
6323,1935,Monsoon Session,21,0,100.0
6324,1935,Budget Session,27,0,100.0
6325,1935,Winter Session,19,0,100.0
6326,1935,Monsoon Session,16,0,100.0
6327,1935,Special Session,5,0,100.0
6328,1935,Budget Session,9,0,100.0
6329,1935,Winter Session,15,0,100.0
6330,1935,Special Session,4,0,100.0
6331,1935,Monsoon Session,17,0,100.0
6332,1935,Budget Session,25,0,100.0
6333,1935,Winter Session,13,0,100.0
6334,1935,Monsoon Session,16,0,100.0
6335,1935,Budget Session,29,0,100.0
6336,1935,Winter Session,18,0,100.0
6337,1935,Monsoon Session,17,0,100.0
6338,1935,Budget Session,33,0,100.0
6339,1935,Monsoon Session,18,0,100.0
6340,1935,Budget Session,34,0,100.0
6341,1935,Winter Session,20,0,100.0
6342,1935,Monsoon Session,35,0,100.0
6343,1935,Budget Session,10,0,100.0
6344,1935,Winter Session,18,0,100.0
6345,1935,Monsoon Session,17,0,100.0
6346,1935,Budget Session,22,0,100.0
6347,1935,Budget Session,8,0,100.0
6348,1935,Winter Session,13,0,100.0
6349,1935,Monsoon Session,19,0,100.0
6350,1935,Budget Session,21,0,100.0
6351,1935,Budget Session,8,0,100.0
6352,1935,Winter Session,21,0,100.0
6353,1935,Monsoon Session,20,0,100.0
6354,1935,Budget Session,15,0,100.0
6355,1935,Budget Session,16,0,100.0
6356,1935,Winter Session,20,0,100.0
6357,1935,Monsoon Session,17,0,100.0
6358,1935,Budget Session,13,0,100.0
6359,1935,Budget Session,19,0,100.0
6360,1935,Winter Session,22,0,100.0
6361,1935,Budget Session,27,0,100.0
6362,1935,Special Session,3,0,100.0
6363,1935,Winter Session,12,0,100.0
6364,1935,Winter Session,10,0,100.0
6365,1935,Monsoon Session,21,0,100.0
6366,1935,Budget Session,11,0,100.0
6367,1935,Budget Session,21,0,100.0
6368,1935,Winter Session,20,0,100.0
6369,1935,Monsoon Session,19,0,100.0
6370,1935,225th Part-2,21,0,100.0
6371,1935,225th Part-1,14,0,100.0
6372,1935,Winter Session,24,0,100.0
6373,1935,Monsoon Session,26,0,100.0
6374,1935,Budget Session,23,0,100.0
6375,1935,Winter Session,23,0,100.0
6376,1935,Monsoon Session,26,0,100.0
6377,1935,219th Part-2,17,0,100.0
6378,1935,219th Part-1,15,0,100.0
6379,1935,Winter Session,23,0,100.0
6380,1935,Budget Session,26,0,100.0
6381,1935,Special Session,4,0,100.0
6382,1935,Budget Session,10,0,100.0
6383,1935,214th Part2,10,0,100.0
6384,1935,214th Part-1,6,0,100.0
6385,1935,Budget Session,35,0,100.0
6386,1935,Winter Session,17,0,100.0
6387,2410,Budget Session,9,0,100.0
6388,2410,Winter Session,15,0,100.0
6389,2410,Special Session,4,0,100.0
6390,2410,Monsoon Session,17,0,100.0
6391,2410,Budget Session,25,0,100.0
6392,2410,Winter Session,13,0,100.0
6393,2410,Monsoon Session,16,0,100.0
6394,2410,Budget Session,29,0,100.0
6395,2410,Winter Session,18,0,100.0
6396,2410,Monsoon Session,17,0,100.0
6397,2410,Budget Session,33,0,100.0
6398,2410,Monsoon Session,18,0,100.0
6399,2410,Budget Session,34,0,100.0
6400,2410,Winter Session,20,0,100.0
6401,2410,Monsoon Session,35,0,100.0
6402,2410,Budget Session,10,0,100.0
6403,2410,Winter Session,18,0,100.0
6404,2410,Monsoon Session,17,0,100.0
6405,2410,Budget Session,22,0,100.0
6406,1936,Budget Session,15,0,100.0
6407,1936,Budget Session,16,0,100.0
6408,1936,Winter Session,20,0,100.0
6409,1936,Monsoon Session,17,0,100.0
6410,1936,Budget Session,13,0,100.0
6411,1936,Budget Session,19,0,100.0
6412,1936,Winter Session,22,0,100.0
6413,1936,Budget Session,27,0,100.0
6414,1936,Special Session,3,0,100.0
6415,1936,Winter Session,12,0,100.0
6416,1936,Winter Session,10,0,100.0
6417,1936,Monsoon Session,21,0,100.0
6418,1936,Budget Session,11,0,100.0
6419,1936,Budget Session,21,0,100.0
6420,1936,Winter Session,20,0,100.0
6421,1936,Monsoon Session,19,0,100.0
6422,1936,225th Part-2,21,0,100.0
6423,1936,225th Part-1,14,0,100.0
6424,1936,Winter Session,24,0,100.0
6425,1936,Monsoon Session,26,0,100.0
6426,1936,Budget Session,23,0,100.0
6427,1936,Winter Session,23,0,100.0
6428,1936,Monsoon Session,26,0,100.0
6429,1936,219th Part-2,17,0,100.0
6430,1936,219th Part-1,15,0,100.0
6431,1936,Winter Session,23,0,100.0
6432,1936,Budget Session,26,0,100.0
6433,1936,Special Session,4,0,100.0
6434,1936,Budget Session,10,0,100.0
6435,1936,214th Part2,10,0,100.0
6436,1936,214th Part-1,6,0,100.0
6437,1936,Budget Session,35,0,100.0
6438,1936,Winter Session,17,0,100.0
6439,2411,Budget Session,9,0,100.0
6440,2411,Winter Session,15,0,100.0
6441,2411,Special Session,4,0,100.0
6442,2411,Monsoon Session,17,0,100.0
6443,2411,Budget Session,25,0,100.0
6444,2411,Winter Session,13,0,100.0
6445,2411,Monsoon Session,16,0,100.0
6446,2411,Budget Session,29,0,100.0
6447,2411,Winter Session,18,0,100.0
6448,2411,Monsoon Session,17,0,100.0
6449,2411,Budget Session,33,0,100.0
6450,2411,Monsoon Session,18,0,100.0
6451,2411,Budget Session,34,0,100.0
6452,2411,Winter Session,20,0,100.0
6453,2411,Monsoon Session,35,0,100.0
6454,2411,Budget Session,10,0,100.0
6455,2411,Winter Session,18,0,100.0
6456,2411,Monsoon Session,17,0,100.0
6457,2411,Budget Session,22,0,100.0
6458,1937,219th Part-2,17,0,100.0
6459,1937,219th Part-1,15,0,100.0
6460,1937,Winter Session,23,0,100.0
6461,1937,Budget Session,26,0,100.0
6462,1937,Special Session,4,0,100.0
6463,1937,Budget Session,10,0,100.0
6464,1937,214th Part2,10,0,100.0
6465,1937,214th Part-1,6,0,100.0
6466,1937,Budget Session,35,0,100.0
6467,1937,Winter Session,17,0,100.0
6468,2412,Budget Session,9,0,100.0
6469,2412,Winter Session,15,0,100.0
6470,2412,Special Session,4,0,100.0
6471,2412,Monsoon Session,17,0,100.0
6472,2412,Budget Session,25,0,100.0
6473,2412,Winter Session,13,0,100.0
6474,2412,Monsoon Session,16,0,100.0
6475,2412,Budget Session,29,0,100.0
6476,2412,Winter Session,18,0,100.0
6477,2412,Monsoon Session,17,0,100.0
6478,2412,Budget Session,33,0,100.0
6479,2412,Monsoon Session,18,0,100.0
6480,2412,Budget Session,34,0,100.0
6481,2412,Winter Session,20,0,100.0
6482,2412,Monsoon Session,35,0,100.0
6483,2412,Budget Session,10,0,100.0
6484,2412,Winter Session,18,0,100.0
6485,2412,Monsoon Session,17,0,100.0
6486,2412,Budget Session,22,0,100.0
6487,1004,Budget Session,15,0,100.0
6488,1004,Budget Session,16,0,100.0
6489,1004,Winter Session,20,0,100.0
6490,1004,Monsoon Session,17,0,100.0
6491,1004,Budget Session,13,0,100.0
6492,1004,Budget Session,19,0,100.0
6493,1004,Winter Session,22,0,100.0
6494,1004,Budget Session,27,0,100.0
6495,1004,Special Session,3,0,100.0
6496,1004,Winter Session,12,0,100.0
6497,1004,Winter Session,10,0,100.0
6498,1004,Monsoon Session,21,0,100.0
6499,1004,Budget Session,11,0,100.0
6500,1004,Budget Session,21,0,100.0
6501,1004,Winter Session,20,0,100.0
6502,1004,Monsoon Session,19,0,100.0
6503,1004,225th Part-2,21,0,100.0
6504,1004,225th Part-1,14,0,100.0
6505,1004,Winter Session,24,0,100.0
6506,1004,Monsoon Session,26,0,100.0
6507,1004,Budget Session,23,0,100.0
6508,1004,Winter Session,23,0,100.0
6509,1004,Monsoon Session,26,0,100.0
6510,1004,219th Part-2,17,0,100.0
6511,1004,219th Part-1,15,0,100.0
6512,1004,Winter Session,23,0,100.0
6513,1004,Budget Session,26,0,100.0
6514,1004,Special Session,4,0,100.0
6515,1004,Budget Session,10,0,100.0
6516,1004,214th Part2,10,0,100.0
6517,1004,214th Part-1,6,0,100.0
6518,1004,Budget Session,35,0,100.0
6519,1004,Winter Session,17,0,100.0
6520,1938,225th Part-1,14,0,100.0
6521,1938,Winter Session,24,0,100.0
6522,1938,Monsoon Session,26,0,100.0
6523,1938,Budget Session,23,0,100.0
6524,1938,Winter Session,23,0,100.0
6525,1938,Monsoon Session,26,0,100.0
6526,1938,219th Part-2,17,0,100.0
6527,1938,219th Part-1,15,0,100.0
6528,1938,Winter Session,23,0,100.0
6529,1938,Budget Session,26,0,100.0
6530,1938,Special Session,4,0,100.0
6531,1938,Budget Session,10,0,100.0
6532,1938,214th Part2,10,0,100.0
6533,1938,214th Part-1,6,0,100.0
6534,1938,Budget Session,35,0,100.0
6535,1938,Winter Session,17,0,100.0
6536,2413,Budget Session,9,0,100.0
6537,2413,Winter Session,15,0,100.0
6538,2413,Special Session,4,0,100.0
6539,2413,Monsoon Session,17,0,100.0
6540,2413,Budget Session,25,0,100.0
6541,2413,Winter Session,13,0,100.0
6542,2413,Monsoon Session,16,0,100.0
6543,2413,Budget Session,29,0,100.0
6544,2413,Winter Session,18,0,100.0
6545,2413,Monsoon Session,17,0,100.0
6546,2413,Budget Session,33,0,100.0
6547,2413,Monsoon Session,18,0,100.0
6548,2413,Budget Session,34,0,100.0
6549,2413,Winter Session,20,0,100.0
6550,2413,Monsoon Session,35,0,100.0
6551,2413,Budget Session,10,0,100.0
6552,2413,Winter Session,18,0,100.0
6553,2413,Monsoon Session,17,0,100.0
6554,2414,Special Session,5,0,100.0
6555,2414,Budget Session,9,0,100.0
6556,2414,Winter Session,15,0,100.0
6557,2414,Special Session,4,0,100.0
6558,2414,Monsoon Session,17,0,100.0
6559,2414,Budget Session,25,0,100.0
6560,2414,Winter Session,13,0,100.0
6561,2414,Monsoon Session,16,0,100.0
6562,2414,Budget Session,29,0,100.0
6563,2414,Winter Session,18,0,100.0
6564,2414,Monsoon Session,17,0,100.0
6565,2414,Budget Session,33,0,100.0
6566,2414,Monsoon Session,18,0,100.0
6567,2414,Budget Session,34,0,100.0
6568,2414,Winter Session,20,0,100.0
6569,2414,Monsoon Session,35,0,100.0
6570,2414,Budget Session,10,0,100.0
6571,2414,Winter Session,18,0,100.0
6572,2414,Monsoon Session,17,0,100.0
6573,1939,Budget Session,35,0,100.0
6574,1939,Winter Session,17,0,100.0
6575,2415,Special Session,5,0,100.0
6576,2415,Budget Session,9,0,100.0
6577,2415,Winter Session,15,0,100.0
6578,2415,Special Session,4,0,100.0
6579,2415,Monsoon Session,17,0,100.0
6580,2415,Budget Session,25,0,100.0
6581,2415,Winter Session,13,0,100.0
6582,2415,Monsoon Session,16,0,100.0
6583,2415,Budget Session,29,0,100.0
6584,2415,Winter Session,18,0,100.0
6585,2415,Monsoon Session,17,0,100.0
6586,2415,Budget Session,33,0,100.0
6587,2415,Monsoon Session,18,0,100.0
6588,2415,Budget Session,34,0,100.0
6589,2415,Winter Session,20,0,100.0
6590,2415,Monsoon Session,35,0,100.0
6591,2415,Budget Session,10,0,100.0
6592,2415,Winter Session,18,0,100.0
6593,2415,Monsoon Session,17,0,100.0
6594,1941,225th Part-1,14,0,100.0
6595,1941,Winter Session,24,0,100.0
6596,1941,Monsoon Session,26,0,100.0
6597,1941,Budget Session,23,0,100.0
6598,1941,Winter Session,23,0,100.0
6599,1941,Monsoon Session,26,0,100.0
6600,1941,219th Part-2,17,0,100.0
6601,1941,219th Part-1,15,0,100.0
6602,1941,Winter Session,23,0,100.0
6603,1941,Budget Session,26,0,100.0
6604,1941,Special Session,4,0,100.0
6605,1941,Budget Session,10,0,100.0
6606,1941,214th Part2,10,0,100.0
6607,1941,214th Part-1,6,0,100.0
6608,1941,Budget Session,35,0,100.0
6609,1941,Winter Session,17,0,100.0
6610,2416,Winter Session,15,0,100.0
6611,2416,Monsoon Session,21,0,100.0
6612,2416,Budget Session,27,0,100.0
6613,2416,Winter Session,19,0,100.0
6614,2416,Monsoon Session,16,0,100.0
6615,2416,Special Session,5,0,100.0
6616,2416,Special Session,5,0,100.0
6617,2416,Special Session,5,0,100.0
6618,2416,Budget Session,9,0,100.0
6619,2416,Budget Session,9,0,100.0
6620,2416,Winter Session,15,0,100.0
6621,2416,Winter Session,15,0,100.0
6622,2416,Special Session,4,0,100.0
6623,2416,Special Session,4,0,100.0
6624,2416,Monsoon Session,17,0,100.0
6625,2416,Monsoon Session,17,0,100.0
6626,2416,Budget Session,25,0,100.0
6627,2416,Budget Session,25,0,100.0
6628,2416,Winter Session,13,0,100.0
6629,2416,Winter Session,13,0,100.0
6630,2416,Monsoon Session,16,0,100.0
6631,2416,Monsoon Session,16,0,100.0
6632,2416,Budget Session,29,0,100.0
6633,2416,Budget Session,29,0,100.0
6634,2416,Winter Session,18,0,100.0
6635,2416,Winter Session,18,0,100.0
6636,2416,Monsoon Session,17,0,100.0
6637,2416,Budget Session,33,0,100.0
6638,2416,Monsoon Session,18,0,100.0
6639,2416,Budget Session,34,0,100.0
6640,2416,Winter Session,20,0,100.0
6641,2416,Monsoon Session,35,0,100.0
6642,2416,Budget Session,10,0,100.0
6643,2416,Winter Session,18,0,100.0
6644,2416,Monsoon Session,17,0,100.0
6645,1942,225th Part-1,14,0,100.0
6646,1942,Winter Session,24,0,100.0
6647,1942,Monsoon Session,26,0,100.0
6648,1942,Budget Session,23,0,100.0
6649,1942,Winter Session,23,0,100.0
6650,1942,Monsoon Session,26,0,100.0
6651,1942,219th Part-2,17,0,100.0
6652,1942,219th Part-1,15,0,100.0
6653,1942,Winter Session,23,0,100.0
6654,1942,Budget Session,26,0,100.0
6655,1942,Special Session,4,0,100.0
6656,1942,Budget Session,10,0,100.0
6657,1942,214th Part2,10,0,100.0
6658,1942,214th Part-1,6,0,100.0
6659,1942,Budget Session,35,0,100.0
6660,1942,Winter Session,17,0,100.0
6661,2418,Special Session,5,0,100.0
6662,2418,Budget Session,9,0,100.0
6663,2418,Winter Session,15,0,100.0
6664,2418,Special Session,4,0,100.0
6665,2418,Monsoon Session,17,0,100.0
6666,2418,Budget Session,25,0,100.0
6667,2418,Winter Session,13,0,100.0
6668,2418,Monsoon Session,16,0,100.0
6669,2418,Budget Session,29,0,100.0
6670,2418,Winter Session,18,0,100.0
6671,2418,Monsoon Session,17,0,100.0
6672,2418,Budget Session,33,0,100.0
6673,2418,Monsoon Session,18,0,100.0
6674,2418,Budget Session,34,0,100.0
6675,2418,Winter Session,20,0,100.0
6676,2418,Monsoon Session,35,0,100.0
6677,2418,Budget Session,10,0,100.0
6678,2418,Winter Session,18,0,100.0
6679,2418,Monsoon Session,17,0,100.0
6680,1944,Winter Session,12,0,100.0
6681,1944,Winter Session,10,0,100.0
6682,1944,Monsoon Session,21,0,100.0
6683,1944,Budget Session,11,0,100.0
6684,1944,Budget Session,21,0,100.0
6685,1944,Winter Session,20,0,100.0
6686,1944,Monsoon Session,19,0,100.0
6687,1944,225th Part-2,21,0,100.0
6688,1944,225th Part-1,14,0,100.0
6689,1944,Winter Session,24,0,100.0
6690,1944,Monsoon Session,26,0,100.0
6691,1944,Budget Session,23,0,100.0
6692,1944,Winter Session,23,0,100.0
6693,1944,Monsoon Session,26,0,100.0
6694,1944,219th Part-2,17,0,100.0
6695,1944,219th Part-1,15,0,100.0
6696,1944,Winter Session,23,0,100.0
6697,1944,Budget Session,26,0,100.0
6698,1944,Special Session,4,0,100.0
6699,1944,Budget Session,10,0,100.0
6700,1944,214th Part2,10,0,100.0
6701,1944,214th Part-1,6,0,100.0
6702,1944,Budget Session,35,0,100.0
6703,1944,Winter Session,17,0,100.0
6704,2419,Special Session,5,0,100.0
6705,2419,Budget Session,9,0,100.0
6706,2419,Winter Session,15,0,100.0
6707,2419,Special Session,4,0,100.0
6708,2419,Monsoon Session,17,0,100.0
6709,2419,Budget Session,25,0,100.0
6710,2419,Winter Session,13,0,100.0
6711,2419,Monsoon Session,16,0,100.0
6712,2419,Budget Session,29,0,100.0
6713,2419,Winter Session,18,0,100.0
6714,2419,Monsoon Session,17,0,100.0
6715,2419,Budget Session,33,0,100.0
6716,2419,Monsoon Session,18,0,100.0
6717,2419,Budget Session,34,0,100.0
6718,2419,Winter Session,20,0,100.0
6719,2419,Monsoon Session,35,0,100.0
6720,2419,Budget Session,10,0,100.0
6721,2419,Winter Session,18,0,100.0
6722,2419,Monsoon Session,17,0,100.0
6723,1943,219th Part-1,15,0,100.0
6724,1943,Winter Session,23,0,100.0
6725,1943,Budget Session,26,0,100.0
6726,1943,Special Session,4,0,100.0
6727,1943,Budget Session,10,0,100.0
6728,1943,214th Part2,10,0,100.0
6729,1943,214th Part-1,6,0,100.0
6730,1943,Budget Session,35,0,100.0
6731,1943,Winter Session,17,0,100.0
6732,2420,Special Session,5,0,100.0
6733,2420,Budget Session,9,0,100.0
6734,2420,Winter Session,15,0,100.0
6735,2420,Special Session,4,0,100.0
6736,2420,Monsoon Session,17,0,100.0
6737,2420,Budget Session,25,0,100.0
6738,2420,Winter Session,13,0,100.0
6739,2420,Monsoon Session,16,0,100.0
6740,2420,Budget Session,29,0,100.0
6741,2420,Winter Session,18,0,100.0
6742,2420,Monsoon Session,17,0,100.0
6743,2420,Budget Session,33,0,100.0
6744,2420,Monsoon Session,18,0,100.0
6745,2420,Budget Session,34,0,100.0
6746,2420,Winter Session,20,0,100.0
6747,2420,Monsoon Session,35,0,100.0
6748,2420,Budget Session,10,0,100.0
6749,2420,Winter Session,18,0,100.0
6750,2420,Monsoon Session,17,0,100.0
6751,1945,Winter Session,15,0,100.0
6752,1945,Monsoon Session,21,0,100.0
6753,1945,Budget Session,27,0,100.0
6754,1945,Winter Session,19,0,100.0
6755,1945,Monsoon Session,16,0,100.0
6756,1945,Special Session,5,0,100.0
6757,1945,Budget Session,9,0,100.0
6758,1945,Winter Session,15,0,100.0
6759,1945,Special Session,4,0,100.0
6760,1945,Monsoon Session,17,0,100.0
6761,1945,Budget Session,25,0,100.0
6762,1945,Winter Session,13,0,100.0
6763,1945,Monsoon Session,16,0,100.0
6764,1945,Budget Session,29,0,100.0
6765,1945,Winter Session,18,0,100.0
6766,1945,Monsoon Session,17,0,100.0
6767,1945,Budget Session,33,0,100.0
6768,1945,Monsoon Session,18,0,100.0
6769,1945,Budget Session,34,0,100.0
6770,1945,Winter Session,20,0,100.0
6771,1945,Monsoon Session,35,0,100.0
6772,1945,Budget Session,10,0,100.0
6773,1945,Winter Session,18,0,100.0
6774,1945,Monsoon Session,17,0,100.0
6775,1945,Budget Session,22,0,100.0
6776,1945,Budget Session,8,0,100.0
6777,1945,Winter Session,13,0,100.0
6778,1945,Monsoon Session,19,0,100.0
6779,1945,Budget Session,21,0,100.0
6780,1945,Budget Session,8,0,100.0
6781,1945,Winter Session,21,0,100.0
6782,1945,Monsoon Session,20,0,100.0
6783,1945,Budget Session,15,0,100.0
6784,1945,Budget Session,16,0,100.0
6785,1945,Winter Session,20,0,100.0
6786,1945,Monsoon Session,17,0,100.0
6787,1945,Budget Session,13,0,100.0
6788,1945,Budget Session,19,0,100.0
6789,1945,Winter Session,22,0,100.0
6790,1945,Budget Session,27,0,100.0
6791,1945,Special Session,3,0,100.0
6792,1945,Winter Session,12,0,100.0
6793,1945,Winter Session,10,0,100.0
6794,1945,Monsoon Session,21,0,100.0
6795,1945,Budget Session,11,0,100.0
6796,1945,Budget Session,21,0,100.0
6797,1945,Winter Session,20,0,100.0
6798,1945,Monsoon Session,19,0,100.0
6799,1945,225th Part-2,21,0,100.0
6800,1945,225th Part-1,14,0,100.0
6801,1945,Winter Session,24,0,100.0
6802,1945,Monsoon Session,26,0,100.0
6803,1945,Budget Session,23,0,100.0
6804,1945,Winter Session,23,0,100.0
6805,1945,Monsoon Session,26,0,100.0
6806,1945,219th Part-2,17,0,100.0
6807,1945,219th Part-1,15,0,100.0
6808,1945,Winter Session,23,0,100.0
6809,1945,Budget Session,26,0,100.0
6810,1945,Special Session,4,0,100.0
6811,1945,Budget Session,10,0,100.0
6812,1945,214th Part2,10,0,100.0
6813,1945,214th Part-1,6,0,100.0
6814,1945,Budget Session,35,0,100.0
6815,1945,Winter Session,17,0,100.0
6816,2421,Special Session,5,0,100.0
6817,2421,Budget Session,9,0,100.0
6818,2421,Winter Session,15,0,100.0
6819,2421,Special Session,4,0,100.0
6820,2421,Monsoon Session,17,0,100.0
6821,2421,Budget Session,25,0,100.0
6822,2421,Winter Session,13,0,100.0
6823,2421,Monsoon Session,16,0,100.0
6824,2421,Budget Session,29,0,100.0
6825,2421,Winter Session,18,0,100.0
6826,2421,Monsoon Session,17,0,100.0
6827,2421,Budget Session,33,0,100.0
6828,2421,Monsoon Session,18,0,100.0
6829,2421,Budget Session,34,0,100.0
6830,2421,Winter Session,20,0,100.0
6831,2421,Monsoon Session,35,0,100.0
6832,2421,Budget Session,10,0,100.0
6833,2421,Winter Session,18,0,100.0
6834,2421,Monsoon Session,17,0,100.0
6835,2422,Budget Session,27,0,100.0
6836,2422,Winter Session,19,0,100.0
6837,2422,Monsoon Session,16,0,100.0
6838,2422,Special Session,5,0,100.0
6839,2422,Budget Session,9,0,100.0
6840,2422,Winter Session,15,0,100.0
6841,2422,Special Session,4,0,100.0
6842,2422,Monsoon Session,17,0,100.0
6843,2422,Budget Session,25,0,100.0
6844,2422,Winter Session,13,0,100.0
6845,2422,Monsoon Session,16,0,100.0
6846,2422,Budget Session,29,0,100.0
6847,2422,Winter Session,18,0,100.0
6848,2422,Monsoon Session,17,0,100.0
6849,2422,Budget Session,33,0,100.0
6850,2422,Monsoon Session,18,0,100.0
6851,2422,Budget Session,34,0,100.0
6852,2422,Winter Session,20,0,100.0
6853,2422,Monsoon Session,35,0,100.0
6854,2423,Winter Session,15,0,100.0
6855,2423,Monsoon Session,21,0,100.0
6856,2423,Budget Session,27,0,100.0
6857,2423,Winter Session,19,0,100.0
6858,2423,Monsoon Session,16,0,100.0
6859,2423,Special Session,5,0,100.0
6860,2423,Budget Session,9,0,100.0
6861,2423,Winter Session,15,0,100.0
6862,2423,Special Session,4,0,100.0
6863,2423,Monsoon Session,17,0,100.0
6864,2423,Budget Session,25,0,100.0
6865,2423,Winter Session,13,0,100.0
6866,2423,Monsoon Session,16,0,100.0
6867,2423,Budget Session,29,0,100.0
6868,2423,Winter Session,18,0,100.0
6869,2423,Monsoon Session,17,0,100.0
6870,2423,Budget Session,33,0,100.0
6871,2423,Monsoon Session,18,0,100.0
6872,2423,Budget Session,34,0,100.0
6873,2423,Winter Session,20,0,100.0
6874,2423,Monsoon Session,35,0,100.0
6875,1947,Budget Session,15,0,100.0
6876,1947,Budget Session,16,0,100.0
6877,1947,Winter Session,20,0,100.0
6878,1947,Monsoon Session,17,0,100.0
6879,1947,Budget Session,13,0,100.0
6880,1947,Budget Session,19,0,100.0
6881,1947,Winter Session,22,0,100.0
6882,1947,Budget Session,27,0,100.0
6883,1947,Special Session,3,0,100.0
6884,1947,Winter Session,12,0,100.0
6885,1947,Winter Session,10,0,100.0
6886,1947,Monsoon Session,21,0,100.0
6887,1947,Budget Session,11,0,100.0
6888,1947,Budget Session,21,0,100.0
6889,1947,Winter Session,20,0,100.0
6890,1947,Monsoon Session,19,0,100.0
6891,1947,225th Part-2,21,0,100.0
6892,1947,225th Part-1,14,0,100.0
6893,1947,Winter Session,24,0,100.0
6894,1947,Monsoon Session,26,0,100.0
6895,1947,Budget Session,23,0,100.0
6896,1947,Winter Session,23,0,100.0
6897,1947,Monsoon Session,26,0,100.0
6898,1947,219th Part-2,17,0,100.0
6899,1947,219th Part-1,15,0,100.0
6900,1947,Winter Session,23,0,100.0
6901,1947,Budget Session,26,0,100.0
6902,1947,Special Session,4,0,100.0
6903,1947,Budget Session,10,0,100.0
6904,1947,214th Part2,10,0,100.0
6905,1947,214th Part-1,6,0,100.0
6906,1947,Budget Session,35,0,100.0
6907,1947,Winter Session,17,0,100.0
6908,1948,219th Part-2,17,0,100.0
6909,1948,219th Part-1,15,0,100.0
6910,1948,Winter Session,23,0,100.0
6911,1948,Budget Session,26,0,100.0
6912,1948,Special Session,4,0,100.0
6913,1948,Budget Session,10,0,100.0
6914,1948,214th Part2,10,0,100.0
6915,1948,214th Part-1,6,0,100.0
6916,1948,Budget Session,35,0,100.0
6917,1948,Winter Session,17,0,100.0
6918,2424,Budget Session,9,0,100.0
6919,2424,Winter Session,15,0,100.0
6920,2424,Special Session,4,0,100.0
6921,2424,Monsoon Session,17,0,100.0
6922,2424,Budget Session,25,0,100.0
6923,2424,Winter Session,13,0,100.0
6924,2424,Monsoon Session,16,0,100.0
6925,2424,Budget Session,29,0,100.0
6926,2424,Winter Session,18,0,100.0
6927,2424,Monsoon Session,17,0,100.0
6928,2424,Budget Session,33,0,100.0
6929,2424,Monsoon Session,18,0,100.0
6930,2424,Budget Session,34,0,100.0
6931,2424,Winter Session,20,0,100.0
6932,2424,Monsoon Session,35,0,100.0
6933,1949,Monsoon Session,21,0,100.0
6934,1949,Budget Session,27,0,100.0
6935,1949,Winter Session,19,0,100.0
6936,1949,Monsoon Session,16,0,100.0
6937,1949,Special Session,5,0,100.0
6938,1949,Budget Session,9,0,100.0
6939,1949,Winter Session,15,0,100.0
6940,1949,Special Session,4,0,100.0
6941,1949,Monsoon Session,17,0,100.0
6942,1949,Budget Session,25,0,100.0
6943,1949,Winter Session,13,0,100.0
6944,1949,Monsoon Session,16,0,100.0
6945,1949,Budget Session,29,0,100.0
6946,1949,Winter Session,18,0,100.0
6947,1949,Monsoon Session,17,0,100.0
6948,1949,Budget Session,33,0,100.0
6949,1949,Monsoon Session,18,0,100.0
6950,1949,Budget Session,34,0,100.0
6951,1949,Winter Session,20,0,100.0
6952,1949,Monsoon Session,35,0,100.0
6953,1949,219th Part-2,17,0,100.0
6954,1949,219th Part-1,15,0,100.0
6955,1949,Winter Session,23,0,100.0
6956,1949,Budget Session,26,0,100.0
6957,1949,Special Session,4,0,100.0
6958,1949,Budget Session,10,0,100.0
6959,1949,214th Part2,10,0,100.0
6960,1949,214th Part-1,6,0,100.0
6961,1949,Budget Session,35,0,100.0
6962,1949,Winter Session,17,0,100.0
6963,2425,Winter Session,15,0,100.0
6964,2425,Monsoon Session,21,0,100.0
6965,2425,Budget Session,27,0,100.0
6966,2425,Winter Session,19,0,100.0
6967,2425,Monsoon Session,16,0,100.0
6968,2425,Special Session,5,0,100.0
6969,2425,Budget Session,9,0,100.0
6970,2425,Winter Session,15,0,100.0
6971,2425,Special Session,4,0,100.0
6972,2425,Monsoon Session,17,0,100.0
6973,2425,Budget Session,25,0,100.0
6974,2425,Winter Session,13,0,100.0
6975,2425,Monsoon Session,16,0,100.0
6976,2425,Budget Session,29,0,100.0
6977,2425,Winter Session,18,0,100.0
6978,2425,Monsoon Session,17,0,100.0
6979,2425,Budget Session,33,0,100.0
6980,2425,Monsoon Session,18,0,100.0
6981,2425,Budget Session,34,0,100.0
6982,2425,Winter Session,20,0,100.0
6983,2425,Monsoon Session,35,0,100.0
6984,1950,219th Part-2,17,0,100.0
6985,1950,219th Part-1,15,0,100.0
6986,1950,Winter Session,23,0,100.0
6987,1950,Budget Session,26,0,100.0
6988,1950,Special Session,4,0,100.0
6989,1950,Budget Session,10,0,100.0
6990,1950,214th Part2,10,0,100.0
6991,1950,214th Part-1,6,0,100.0
6992,1950,Budget Session,35,0,100.0
6993,1950,Winter Session,17,0,100.0
6994,2426,Winter Session,15,0,100.0
6995,2426,Monsoon Session,21,0,100.0
6996,2426,Budget Session,27,0,100.0
6997,2426,Winter Session,19,0,100.0
6998,2426,Monsoon Session,16,0,100.0
6999,2426,Special Session,5,0,100.0
7000,2426,Budget Session,9,0,100.0
7001,2426,Winter Session,15,0,100.0
7002,2426,Special Session,4,0,100.0
7003,2426,Monsoon Session,17,0,100.0
7004,2426,Budget Session,25,0,100.0
7005,2426,Winter Session,13,0,100.0
7006,2426,Monsoon Session,16,0,100.0
7007,2426,Budget Session,29,0,100.0
7008,2426,Winter Session,18,0,100.0
7009,2426,Monsoon Session,17,0,100.0
7010,2426,Budget Session,33,0,100.0
7011,2426,Monsoon Session,18,0,100.0
7012,2426,Budget Session,34,0,100.0
7013,2426,Winter Session,20,0,100.0
7014,2426,Monsoon Session,35,0,100.0
7015,2427,Monsoon Session,17,0,100.0
7016,2427,Budget Session,25,0,100.0
7017,2427,Winter Session,13,0,100.0
7018,2427,Monsoon Session,16,0,100.0
7019,2427,Budget Session,29,0,100.0
7020,2427,Winter Session,18,0,100.0
7021,2427,Monsoon Session,17,0,100.0
7022,2427,Budget Session,33,0,100.0
7023,2427,Monsoon Session,18,0,100.0
7024,2427,Budget Session,34,0,100.0
7025,2427,Winter Session,20,0,100.0
7026,2427,Monsoon Session,35,0,100.0
7027,1951,Budget Session,15,0,100.0
7028,1951,Budget Session,16,0,100.0
7029,1951,Winter Session,20,0,100.0
7030,1951,Monsoon Session,17,0,100.0
7031,1951,Budget Session,13,0,100.0
7032,1951,Budget Session,19,0,100.0
7033,1951,Winter Session,22,0,100.0
7034,1951,Budget Session,27,0,100.0
7035,1951,Special Session,3,0,100.0
7036,1951,Winter Session,12,0,100.0
7037,1951,Winter Session,10,0,100.0
7038,1951,Monsoon Session,21,0,100.0
7039,1951,Budget Session,11,0,100.0
7040,1951,Budget Session,21,0,100.0
7041,1951,Winter Session,20,0,100.0
7042,1951,Monsoon Session,19,0,100.0
7043,1951,225th Part-2,21,0,100.0
7044,1951,225th Part-1,14,0,100.0
7045,1951,Winter Session,24,0,100.0
7046,1951,Monsoon Session,26,0,100.0
7047,1951,Budget Session,23,0,100.0
7048,1951,Winter Session,23,0,100.0
7049,1951,Monsoon Session,26,0,100.0
7050,1951,219th Part-2,17,0,100.0
7051,1951,219th Part-1,15,0,100.0
7052,1951,Winter Session,23,0,100.0
7053,1951,Budget Session,26,0,100.0
7054,1951,Special Session,4,0,100.0
7055,1951,Budget Session,10,0,100.0
7056,1951,214th Part2,10,0,100.0
7057,1951,214th Part-1,6,0,100.0
7058,1951,Budget Session,35,0,100.0
7059,1951,Winter Session,17,0,100.0
7060,2428,Monsoon Session,21,0,100.0
7061,2428,Budget Session,27,0,100.0
7062,2428,Winter Session,19,0,100.0
7063,2428,Monsoon Session,16,0,100.0
7064,2428,Special Session,5,0,100.0
7065,2428,Budget Session,9,0,100.0
7066,2428,Winter Session,15,0,100.0
7067,2428,Special Session,4,0,100.0
7068,2428,Monsoon Session,17,0,100.0
7069,2428,Budget Session,25,0,100.0
7070,2428,Winter Session,13,0,100.0
7071,2428,Monsoon Session,16,0,100.0
7072,2428,Budget Session,29,0,100.0
7073,2428,Winter Session,18,0,100.0
7074,2428,Monsoon Session,17,0,100.0
7075,2428,Budget Session,33,0,100.0
7076,2428,Monsoon Session,18,0,100.0
7077,2428,Budget Session,34,0,100.0
7078,2428,Winter Session,20,0,100.0
7079,2428,Monsoon Session,35,0,100.0
7080,1952,219th Part-2,17,0,100.0
7081,1952,219th Part-1,15,0,100.0
7082,1952,Winter Session,23,0,100.0
7083,1952,Budget Session,26,0,100.0
7084,1952,Special Session,4,0,100.0
7085,1952,Budget Session,10,0,100.0
7086,1952,214th Part2,10,0,100.0
7087,1952,214th Part-1,6,0,100.0
7088,1952,Budget Session,35,0,100.0
7089,1952,Winter Session,17,0,100.0
7090,2429,Monsoon Session,21,0,100.0
7091,2429,Budget Session,27,0,100.0
7092,2429,Winter Session,19,0,100.0
7093,2429,Monsoon Session,16,0,100.0
7094,2429,Special Session,5,0,100.0
7095,2429,Budget Session,9,0,100.0
7096,2429,Winter Session,15,0,100.0
7097,2429,Special Session,4,0,100.0
7098,2429,Monsoon Session,17,0,100.0
7099,2429,Budget Session,25,0,100.0
7100,2429,Winter Session,13,0,100.0
7101,2429,Monsoon Session,16,0,100.0
7102,2429,Budget Session,29,0,100.0
7103,2429,Winter Session,18,0,100.0
7104,2429,Monsoon Session,17,0,100.0
7105,2429,Budget Session,33,0,100.0
7106,2429,Monsoon Session,18,0,100.0
7107,2429,Budget Session,34,0,100.0
7108,2429,Winter Session,20,0,100.0
7109,2429,Monsoon Session,35,0,100.0
7110,1953,219th Part-2,17,0,100.0
7111,1953,219th Part-1,15,0,100.0
7112,1953,Winter Session,23,0,100.0
7113,1953,Budget Session,26,0,100.0
7114,1953,Special Session,4,0,100.0
7115,1953,Budget Session,10,0,100.0
7116,1953,214th Part2,10,0,100.0
7117,1953,214th Part-1,6,0,100.0
7118,1953,Budget Session,35,0,100.0
7119,1953,Winter Session,17,0,100.0
7120,1954,219th Part-2,17,0,100.0
7121,1954,219th Part-1,15,0,100.0
7122,1954,Winter Session,23,0,100.0
7123,1954,Budget Session,26,0,100.0
7124,1954,Special Session,4,0,100.0
7125,1954,Budget Session,10,0,100.0
7126,1954,214th Part2,10,0,100.0
7127,1954,214th Part-1,6,0,100.0
7128,1954,Budget Session,35,0,100.0
7129,1954,Winter Session,17,0,100.0
7130,2430,Monsoon Session,21,0,100.0
7131,2430,Budget Session,27,0,100.0
7132,2430,Winter Session,19,0,100.0
7133,2430,Monsoon Session,16,0,100.0
7134,2430,Special Session,5,0,100.0
7135,2430,Budget Session,9,0,100.0
7136,2430,Winter Session,15,0,100.0
7137,2430,Special Session,4,0,100.0
7138,2430,Monsoon Session,17,0,100.0
7139,2430,Budget Session,25,0,100.0
7140,2430,Winter Session,13,0,100.0
7141,2430,Monsoon Session,16,0,100.0
7142,2430,Budget Session,29,0,100.0
7143,2430,Winter Session,18,0,100.0
7144,2430,Monsoon Session,17,0,100.0
7145,2430,Budget Session,33,0,100.0
7146,2430,Monsoon Session,18,0,100.0
7147,2430,Budget Session,34,0,100.0
7148,2430,Winter Session,20,0,100.0
7149,2430,Monsoon Session,35,0,100.0
7150,2431,Winter Session,15,0,100.0
7151,2431,Monsoon Session,21,0,100.0
7152,2431,Monsoon Session,21,0,100.0
7153,2431,Budget Session,27,0,100.0
7154,2431,Winter Session,19,0,100.0
7155,2431,Monsoon Session,16,0,100.0
7156,2431,Special Session,5,0,100.0
7157,2431,Budget Session,9,0,100.0
7158,2431,Winter Session,15,0,100.0
7159,2431,Special Session,4,0,100.0
7160,2431,Monsoon Session,17,0,100.0
7161,2431,Budget Session,25,0,100.0
7162,2431,Winter Session,13,0,100.0
7163,2431,Monsoon Session,16,0,100.0
7164,2431,Budget Session,29,0,100.0
7165,2431,Winter Session,18,0,100.0
7166,2431,Monsoon Session,17,0,100.0
7167,2431,Budget Session,33,0,100.0
7168,2431,Monsoon Session,18,0,100.0
7169,2431,Budget Session,34,0,100.0
7170,2431,Winter Session,20,0,100.0
7171,2431,Monsoon Session,35,0,100.0
7172,1955,Budget Session,15,0,100.0
7173,1955,Budget Session,16,0,100.0
7174,1955,Winter Session,20,0,100.0
7175,1955,Monsoon Session,17,0,100.0
7176,1955,Budget Session,13,0,100.0
7177,1955,Budget Session,19,0,100.0
7178,1955,Winter Session,22,0,100.0
7179,1955,Budget Session,27,0,100.0
7180,1955,Special Session,3,0,100.0
7181,1955,Winter Session,12,0,100.0
7182,1955,Winter Session,10,0,100.0
7183,1955,Monsoon Session,21,0,100.0
7184,1955,Budget Session,11,0,100.0
7185,1955,Budget Session,21,0,100.0
7186,1955,Winter Session,20,0,100.0
7187,1955,Monsoon Session,19,0,100.0
7188,1955,225th Part-2,21,0,100.0
7189,1955,225th Part-1,14,0,100.0
7190,1955,Winter Session,24,0,100.0
7191,1955,Monsoon Session,26,0,100.0
7192,1955,Budget Session,23,0,100.0
7193,1955,Winter Session,23,0,100.0
7194,1955,Monsoon Session,26,0,100.0
7195,1955,219th Part-2,17,0,100.0
7196,1955,219th Part-1,15,0,100.0
7197,1955,Winter Session,23,0,100.0
7198,1955,Budget Session,26,0,100.0
7199,1955,Special Session,4,0,100.0
7200,1955,Budget Session,10,0,100.0
7201,1955,214th Part2,10,0,100.0
7202,1955,214th Part-1,6,0,100.0
7203,1955,Budget Session,35,0,100.0
7204,1955,Winter Session,17,0,100.0
7205,548,Winter Session,15,0,100.0
7206,548,Monsoon Session,21,0,100.0
7207,548,Budget Session,27,0,100.0
7208,548,Winter Session,19,0,100.0
7209,548,Monsoon Session,16,0,100.0
7210,548,Special Session,5,0,100.0
7211,548,Budget Session,9,0,100.0
7212,548,Winter Session,15,0,100.0
7213,548,Special Session,4,0,100.0
7214,548,Monsoon Session,17,0,100.0
7215,548,Budget Session,25,0,100.0
7216,548,Winter Session,13,0,100.0
7217,548,Monsoon Session,16,0,100.0
7218,548,Budget Session,29,0,100.0
7219,548,Winter Session,18,0,100.0
7220,548,Monsoon Session,17,0,100.0
7221,548,Budget Session,33,0,100.0
7222,548,Monsoon Session,18,0,100.0
7223,548,Budget Session,34,0,100.0
7224,548,Budget Session,35,0,100.0
7225,548,Winter Session,17,0,100.0
7226,1956,219th Part-2,17,0,100.0
7227,1956,219th Part-1,15,0,100.0
7228,1956,Winter Session,23,0,100.0
7229,1956,Budget Session,26,0,100.0
7230,1956,Special Session,4,0,100.0
7231,1956,Budget Session,10,0,100.0
7232,1956,214th Part2,10,0,100.0
7233,1956,214th Part-1,6,0,100.0
7234,1956,Budget Session,35,0,100.0
7235,1956,Winter Session,17,0,100.0
7236,2435,Winter Session,15,0,100.0
7237,2435,Monsoon Session,21,0,100.0
7238,2435,Budget Session,27,0,100.0
7239,2435,Winter Session,19,0,100.0
7240,2435,Monsoon Session,16,0,100.0
7241,2435,Special Session,5,0,100.0
7242,2435,Budget Session,9,0,100.0
7243,2435,Winter Session,15,0,100.0
7244,2435,Special Session,4,0,100.0
7245,2435,Monsoon Session,17,0,100.0
7246,2435,Budget Session,25,0,100.0
7247,2435,Winter Session,13,0,100.0
7248,2435,Monsoon Session,16,0,100.0
7249,2435,Budget Session,29,0,100.0
7250,2435,Winter Session,18,0,100.0
7251,2435,Monsoon Session,17,0,100.0
7252,2435,Budget Session,33,0,100.0
7253,2435,Monsoon Session,18,0,100.0
7254,2435,Budget Session,34,0,100.0
7255,2435,Winter Session,20,0,100.0
7256,1957,219th Part-2,17,0,100.0
7257,1957,219th Part-1,15,0,100.0
7258,1957,Winter Session,23,0,100.0
7259,1957,Budget Session,26,0,100.0
7260,1957,Special Session,4,0,100.0
7261,1957,Budget Session,10,0,100.0
7262,1957,214th Part2,10,0,100.0
7263,1957,214th Part-1,6,0,100.0
7264,1957,Budget Session,35,0,100.0
7265,1957,Winter Session,17,0,100.0
7266,2436,Winter Session,15,0,100.0
7267,2436,Monsoon Session,21,0,100.0
7268,2436,Budget Session,27,0,100.0
7269,2436,Winter Session,19,0,100.0
7270,2436,Monsoon Session,16,0,100.0
7271,2436,Special Session,5,0,100.0
7272,2436,Budget Session,9,0,100.0
7273,2436,Winter Session,15,0,100.0
7274,2436,Special Session,4,0,100.0
7275,2436,Monsoon Session,17,0,100.0
7276,2436,Budget Session,25,0,100.0
7277,2436,Winter Session,13,0,100.0
7278,2436,Monsoon Session,16,0,100.0
7279,2436,Budget Session,29,0,100.0
7280,2436,Winter Session,18,0,100.0
7281,2436,Monsoon Session,17,0,100.0
7282,2436,Budget Session,33,0,100.0
7283,2436,Monsoon Session,18,0,100.0
7284,2436,Budget Session,34,0,100.0
7285,2436,Winter Session,20,0,100.0
7286,1958,219th Part-2,17,0,100.0
7287,1958,219th Part-1,15,0,100.0
7288,1958,Winter Session,23,0,100.0
7289,1958,Budget Session,26,0,100.0
7290,1958,Special Session,4,0,100.0
7291,1958,Budget Session,10,0,100.0
7292,1958,214th Part2,10,0,100.0
7293,1958,214th Part-1,6,0,100.0
7294,1958,Budget Session,35,0,100.0
7295,1958,Winter Session,17,0,100.0
7296,2437,Winter Session,15,0,100.0
7297,2437,Monsoon Session,21,0,100.0
7298,2437,Budget Session,27,0,100.0
7299,2437,Winter Session,19,0,100.0
7300,2437,Monsoon Session,16,0,100.0
7301,2437,Special Session,5,0,100.0
7302,2437,Budget Session,9,0,100.0
7303,2437,Winter Session,15,0,100.0
7304,2437,Special Session,4,0,100.0
7305,2437,Monsoon Session,17,0,100.0
7306,2437,Budget Session,25,0,100.0
7307,2437,Winter Session,13,0,100.0
7308,2437,Monsoon Session,16,0,100.0
7309,2437,Budget Session,29,0,100.0
7310,2437,Winter Session,18,0,100.0
7311,2437,Monsoon Session,17,0,100.0
7312,2437,Budget Session,33,0,100.0
7313,2437,Monsoon Session,18,0,100.0
7314,2437,Budget Session,34,0,100.0
7315,2437,Winter Session,20,0,100.0
7316,1959,Budget Session,15,0,100.0
7317,1959,Budget Session,16,0,100.0
7318,1959,Winter Session,20,0,100.0
7319,1959,Monsoon Session,17,0,100.0
7320,1959,Budget Session,13,0,100.0
7321,1959,Budget Session,19,0,100.0
7322,1959,Winter Session,22,0,100.0
7323,1959,Budget Session,27,0,100.0
7324,1959,Special Session,3,0,100.0
7325,1959,Winter Session,12,0,100.0
7326,1959,Winter Session,10,0,100.0
7327,1959,Monsoon Session,21,0,100.0
7328,1959,Budget Session,11,0,100.0
7329,1959,Budget Session,21,0,100.0
7330,1959,Winter Session,20,0,100.0
7331,1959,Monsoon Session,19,0,100.0
7332,1959,225th Part-2,21,0,100.0
7333,1959,225th Part-1,14,0,100.0
7334,1959,Winter Session,24,0,100.0
7335,1959,Monsoon Session,26,0,100.0
7336,1959,Budget Session,23,0,100.0
7337,1959,Winter Session,23,0,100.0
7338,1959,Monsoon Session,26,0,100.0
7339,1959,219th Part-2,17,0,100.0
7340,1959,219th Part-1,15,0,100.0
7341,1959,Winter Session,23,0,100.0
7342,1959,Budget Session,26,0,100.0
7343,1959,Special Session,4,0,100.0
7344,1959,Budget Session,10,0,100.0
7345,1959,214th Part2,10,0,100.0
7346,1959,214th Part-1,6,0,100.0
7347,1959,Budget Session,35,0,100.0
7348,1959,Winter Session,17,0,100.0
7349,2438,Winter Session,15,0,100.0
7350,2438,Monsoon Session,21,0,100.0
7351,2438,Budget Session,27,0,100.0
7352,2438,Winter Session,19,0,100.0
7353,2438,Monsoon Session,16,0,100.0
7354,2438,Special Session,5,0,100.0
7355,2438,Budget Session,9,0,100.0
7356,2438,Winter Session,15,0,100.0
7357,2438,Special Session,4,0,100.0
7358,2438,Monsoon Session,17,0,100.0
7359,2438,Budget Session,25,0,100.0
7360,2438,Winter Session,13,0,100.0
7361,2438,Monsoon Session,16,0,100.0
7362,2438,Budget Session,29,0,100.0
7363,2438,Winter Session,18,0,100.0
7364,2438,Monsoon Session,17,0,100.0
7365,2438,Budget Session,33,0,100.0
7366,2438,Monsoon Session,18,0,100.0
7367,2438,Budget Session,34,0,100.0
7368,1960,219th Part-2,17,0,100.0
7369,1960,219th Part-1,15,0,100.0
7370,1960,Winter Session,23,0,100.0
7371,1960,Budget Session,26,0,100.0
7372,1960,Special Session,4,0,100.0
7373,1960,Budget Session,10,0,100.0
7374,1960,214th Part2,10,0,100.0
7375,1960,214th Part-1,6,0,100.0
7376,1960,Budget Session,35,0,100.0
7377,1960,Winter Session,17,0,100.0
7378,2439,Monsoon Session,16,0,100.0
7379,2439,Budget Session,29,0,100.0
7380,2439,Winter Session,18,0,100.0
7381,2439,Monsoon Session,17,0,100.0
7382,2439,Budget Session,33,0,100.0
7383,2439,Monsoon Session,18,0,100.0
7384,2439,Budget Session,34,0,100.0
7385,1961,219th Part-2,17,0,100.0
7386,1961,219th Part-1,15,0,100.0
7387,1961,Winter Session,23,0,100.0
7388,1961,Budget Session,26,0,100.0
7389,1961,Special Session,4,0,100.0
7390,1961,Budget Session,10,0,100.0
7391,1961,214th Part2,10,0,100.0
7392,1961,214th Part-1,6,0,100.0
7393,1961,Budget Session,35,0,100.0
7394,1961,Winter Session,17,0,100.0
7395,2440,Winter Session,15,0,100.0
7396,2440,Monsoon Session,21,0,100.0
7397,2440,Budget Session,27,0,100.0
7398,2440,Winter Session,19,0,100.0
7399,2440,Monsoon Session,16,0,100.0
7400,2440,Special Session,5,0,100.0
7401,2440,Budget Session,9,0,100.0
7402,2440,Winter Session,15,0,100.0
7403,2440,Special Session,4,0,100.0
7404,2440,Monsoon Session,17,0,100.0
7405,2440,Budget Session,25,0,100.0
7406,2440,Winter Session,13,0,100.0
7407,2440,Monsoon Session,16,0,100.0
7408,2440,Budget Session,29,0,100.0
7409,2440,Winter Session,18,0,100.0
7410,2440,Monsoon Session,17,0,100.0
7411,2440,Budget Session,33,0,100.0
7412,2440,Monsoon Session,18,0,100.0
7413,2440,Budget Session,34,0,100.0
7414,1962,219th Part-2,17,0,100.0
7415,1962,219th Part-1,15,0,100.0
7416,1962,Winter Session,23,0,100.0
7417,1962,Budget Session,26,0,100.0
7418,1962,Special Session,4,0,100.0
7419,1962,Budget Session,10,0,100.0
7420,1962,214th Part2,10,0,100.0
7421,1962,214th Part-1,6,0,100.0
7422,1962,Budget Session,35,0,100.0
7423,1962,Winter Session,17,0,100.0
7424,2441,Winter Session,15,0,100.0
7425,2441,Monsoon Session,21,0,100.0
7426,2441,Budget Session,27,0,100.0
7427,2441,Winter Session,19,0,100.0
7428,2441,Monsoon Session,16,0,100.0
7429,2441,Special Session,5,0,100.0
7430,2441,Budget Session,9,0,100.0
7431,2441,Winter Session,15,0,100.0
7432,2441,Special Session,4,0,100.0
7433,2441,Monsoon Session,17,0,100.0
7434,2441,Budget Session,25,0,100.0
7435,2441,Winter Session,13,0,100.0
7436,2441,Monsoon Session,16,0,100.0
7437,2441,Budget Session,29,0,100.0
7438,2441,Winter Session,18,0,100.0
7439,2441,Monsoon Session,17,0,100.0
7440,2441,Budget Session,33,0,100.0
7441,2441,Monsoon Session,18,0,100.0
7442,2441,Budget Session,34,0,100.0
7443,2441,Monsoon Session,26,0,100.0
7444,2442,Winter Session,15,0,100.0
7445,2442,Monsoon Session,21,0,100.0
7446,2442,Budget Session,27,0,100.0
7447,2442,Winter Session,19,0,100.0
7448,2442,Monsoon Session,16,0,100.0
7449,2442,Special Session,5,0,100.0
7450,2442,Budget Session,9,0,100.0
7451,2442,Winter Session,15,0,100.0
7452,2442,Special Session,4,0,100.0
7453,2442,Monsoon Session,17,0,100.0
7454,2442,Budget Session,25,0,100.0
7455,2442,Winter Session,13,0,100.0
7456,2442,Monsoon Session,16,0,100.0
7457,2442,Budget Session,29,0,100.0
7458,2442,Winter Session,18,0,100.0
7459,2442,Monsoon Session,17,0,100.0
7460,2442,Budget Session,33,0,100.0
7461,2442,Monsoon Session,18,0,100.0
7462,2442,Budget Session,34,0,100.0
7463,1963,219th Part-2,17,0,100.0
7464,1963,219th Part-1,15,0,100.0
7465,1963,Winter Session,23,0,100.0
7466,1963,Budget Session,26,0,100.0
7467,1963,Special Session,4,0,100.0
7468,1963,Budget Session,10,0,100.0
7469,1963,214th Part2,10,0,100.0
7470,1963,214th Part-1,6,0,100.0
7471,1963,Budget Session,35,0,100.0
7472,1963,Winter Session,17,0,100.0
7473,1964,Winter Session,15,0,100.0
7474,1964,Monsoon Session,21,0,100.0
7475,1964,Budget Session,27,0,100.0
7476,1964,Winter Session,19,0,100.0
7477,1964,Monsoon Session,16,0,100.0
7478,1964,Special Session,5,0,100.0
7479,1964,Budget Session,9,0,100.0
7480,1964,Winter Session,15,0,100.0
7481,1964,Special Session,4,0,100.0
7482,1964,Monsoon Session,17,0,100.0
7483,1964,Budget Session,25,0,100.0
7484,1964,Winter Session,13,0,100.0
7485,1964,Monsoon Session,16,0,100.0
7486,1964,Budget Session,29,0,100.0
7487,1964,Winter Session,18,0,100.0
7488,1964,Monsoon Session,17,0,100.0
7489,1964,Budget Session,33,0,100.0
7490,1964,Monsoon Session,18,0,100.0
7491,1964,Budget Session,34,0,100.0
7492,1964,Winter Session,20,0,100.0
7493,1964,Monsoon Session,35,0,100.0
7494,1964,Budget Session,10,0,100.0
7495,1964,Winter Session,18,0,100.0
7496,1964,Monsoon Session,17,0,100.0
7497,1964,Budget Session,22,0,100.0
7498,1964,Budget Session,22,0,100.0
7499,1964,Budget Session,8,0,100.0
7500,1964,Winter Session,13,0,100.0
7501,1964,Monsoon Session,19,0,100.0
7502,1964,Budget Session,21,0,100.0
7503,1964,Budget Session,8,0,100.0
7504,1964,Winter Session,21,0,100.0
7505,1964,Monsoon Session,20,0,100.0
7506,1964,Budget Session,15,0,100.0
7507,1964,Budget Session,16,0,100.0
7508,1964,Winter Session,20,0,100.0
7509,1964,Monsoon Session,17,0,100.0
7510,1964,Budget Session,13,0,100.0
7511,1964,Budget Session,19,0,100.0
7512,1964,Winter Session,22,0,100.0
7513,1964,Budget Session,27,0,100.0
7514,1964,Special Session,3,0,100.0
7515,1964,Winter Session,12,0,100.0
7516,1964,Winter Session,10,0,100.0
7517,1964,Monsoon Session,21,0,100.0
7518,1964,Budget Session,11,0,100.0
7519,1964,Budget Session,21,0,100.0
7520,1964,Winter Session,20,0,100.0
7521,1964,Monsoon Session,19,0,100.0
7522,1964,225th Part-2,21,0,100.0
7523,1964,219th Part-2,17,0,100.0
7524,1964,219th Part-2,17,0,100.0
7525,1964,219th Part-1,15,0,100.0
7526,1964,219th Part-1,15,0,100.0
7527,1964,Winter Session,23,0,100.0
7528,1964,Winter Session,23,0,100.0
7529,1964,Budget Session,26,0,100.0
7530,1964,Budget Session,26,0,100.0
7531,1964,Special Session,4,0,100.0
7532,1964,Special Session,4,0,100.0
7533,1964,Budget Session,10,0,100.0
7534,1964,Budget Session,10,0,100.0
7535,1964,214th Part2,10,0,100.0
7536,1964,214th Part2,10,0,100.0
7537,1964,214th Part-1,6,0,100.0
7538,1964,214th Part-1,6,0,100.0
7539,1964,Budget Session,35,0,100.0
7540,1964,Budget Session,35,0,100.0
7541,1964,Winter Session,17,0,100.0
7542,1964,Winter Session,17,0,100.0
7543,2443,Winter Session,15,0,100.0
7544,2443,Monsoon Session,21,0,100.0
7545,2443,Budget Session,27,0,100.0
7546,2443,Winter Session,19,0,100.0
7547,2443,Monsoon Session,16,0,100.0
7548,2443,Special Session,5,0,100.0
7549,2443,Budget Session,9,0,100.0
7550,2443,Winter Session,15,0,100.0
7551,2443,Special Session,4,0,100.0
7552,2443,Monsoon Session,17,0,100.0
7553,2443,Budget Session,25,0,100.0
7554,2443,Winter Session,13,0,100.0
7555,2443,Monsoon Session,16,0,100.0
7556,2443,Budget Session,29,0,100.0
7557,2443,Winter Session,18,0,100.0
7558,2443,Monsoon Session,17,0,100.0
7559,2443,Budget Session,33,0,100.0
7560,2443,Monsoon Session,18,0,100.0
7561,2443,Budget Session,34,0,100.0
7562,1965,219th Part-2,17,0,100.0
7563,1965,219th Part-1,15,0,100.0
7564,1965,Winter Session,23,0,100.0
7565,1965,Budget Session,26,0,100.0
7566,1965,Special Session,4,0,100.0
7567,1965,Budget Session,10,0,100.0
7568,1965,214th Part2,10,0,100.0
7569,1965,214th Part-1,6,0,100.0
7570,1965,Budget Session,35,0,100.0
7571,1965,Winter Session,17,0,100.0
7572,2444,Winter Session,15,0,100.0
7573,2444,Monsoon Session,21,0,100.0
7574,2444,Budget Session,27,0,100.0
7575,2444,Winter Session,19,0,100.0
7576,2444,Monsoon Session,16,0,100.0
7577,2444,Special Session,5,0,100.0
7578,2444,Budget Session,9,0,100.0
7579,2444,Winter Session,15,0,100.0
7580,2444,Special Session,4,0,100.0
7581,2444,Monsoon Session,17,0,100.0
7582,2444,Budget Session,25,0,100.0
7583,2444,Winter Session,13,0,100.0
7584,2444,Monsoon Session,16,0,100.0
7585,2444,Budget Session,29,0,100.0
7586,2444,Winter Session,18,0,100.0
7587,2444,Monsoon Session,17,0,100.0
7588,2444,Budget Session,33,0,100.0
7589,2444,Monsoon Session,18,0,100.0
7590,2444,Budget Session,34,0,100.0
7591,1966,219th Part-2,17,0,100.0
7592,1966,219th Part-1,15,0,100.0
7593,1966,Winter Session,23,0,100.0
7594,1966,Budget Session,26,0,100.0
7595,1966,Special Session,4,0,100.0
7596,1966,Budget Session,10,0,100.0
7597,1966,214th Part2,10,0,100.0
7598,1966,214th Part-1,6,0,100.0
7599,1966,Budget Session,35,0,100.0
7600,1966,Winter Session,17,0,100.0
7601,2445,Winter Session,15,0,100.0
7602,2445,Winter Session,15,0,100.0
7603,2445,Monsoon Session,21,0,100.0
7604,2445,Monsoon Session,21,0,100.0
7605,2445,Budget Session,27,0,100.0
7606,2445,Budget Session,27,0,100.0
7607,2445,Winter Session,19,0,100.0
7608,2445,Winter Session,19,0,100.0
7609,2445,Monsoon Session,16,0,100.0
7610,2445,Special Session,5,0,100.0
7611,2445,Budget Session,9,0,100.0
7612,2445,Winter Session,15,0,100.0
7613,2445,Special Session,4,0,100.0
7614,2445,Monsoon Session,17,0,100.0
7615,2445,Budget Session,25,0,100.0
7616,2445,Winter Session,13,0,100.0
7617,2445,Monsoon Session,16,0,100.0
7618,2445,Budget Session,29,0,100.0
7619,2445,Winter Session,18,0,100.0
7620,2445,Monsoon Session,17,0,100.0
7621,2445,Budget Session,33,0,100.0
7622,2445,Monsoon Session,18,0,100.0
7623,2445,Budget Session,34,0,100.0
7624,1034,Winter Session,15,0,100.0
7625,1034,Monsoon Session,21,0,100.0
7626,1034,Budget Session,27,0,100.0
7627,1034,Winter Session,19,0,100.0
7628,1034,Monsoon Session,16,0,100.0
7629,1034,Special Session,5,0,100.0
7630,1034,Budget Session,9,0,100.0
7631,1034,Winter Session,15,0,100.0
7632,1034,Special Session,4,0,100.0
7633,1034,Monsoon Session,17,0,100.0
7634,1034,Budget Session,25,0,100.0
7635,1034,Winter Session,13,0,100.0
7636,1034,Monsoon Session,16,0,100.0
7637,1034,Budget Session,29,0,100.0
7638,1034,Winter Session,18,0,100.0
7639,1034,Monsoon Session,17,0,100.0
7640,1034,Budget Session,33,0,100.0
7641,1034,Monsoon Session,18,0,100.0
7642,1034,Budget Session,34,0,100.0
7643,1034,Winter Session,20,0,100.0
7644,1034,Monsoon Session,35,0,100.0
7645,1034,Budget Session,10,0,100.0
7646,1034,Winter Session,18,0,100.0
7647,1034,Monsoon Session,17,0,100.0
7648,1034,Budget Session,22,0,100.0
7649,1034,Budget Session,8,0,100.0
7650,1034,Winter Session,13,0,100.0
7651,1034,Monsoon Session,19,0,100.0
7652,1034,Budget Session,21,0,100.0
7653,1034,Budget Session,8,0,100.0
7654,1034,Winter Session,21,0,100.0
7655,1034,Monsoon Session,20,0,100.0
7656,1034,Budget Session,15,0,100.0
7657,1034,Budget Session,16,0,100.0
7658,1034,Winter Session,20,0,100.0
7659,1034,Monsoon Session,17,0,100.0
7660,1034,Budget Session,13,0,100.0
7661,1034,Budget Session,19,0,100.0
7662,1034,Winter Session,22,0,100.0
7663,1034,Budget Session,27,0,100.0
7664,1034,Special Session,3,0,100.0
7665,1034,Winter Session,12,0,100.0
7666,1034,Winter Session,10,0,100.0
7667,1034,Monsoon Session,21,0,100.0
7668,1034,Budget Session,11,0,100.0
7669,1034,Budget Session,21,0,100.0
7670,1034,Winter Session,20,0,100.0
7671,1034,Monsoon Session,19,0,100.0
7672,1034,225th Part-2,21,0,100.0
7673,1034,225th Part-1,14,0,100.0
7674,1034,Winter Session,24,0,100.0
7675,1034,Monsoon Session,26,0,100.0
7676,1034,Budget Session,23,0,100.0
7677,1034,Winter Session,23,0,100.0
7678,1034,Monsoon Session,26,0,100.0
7679,1034,219th Part-2,17,0,100.0
7680,1034,219th Part-1,15,0,100.0
7681,1034,Winter Session,23,0,100.0
7682,1034,Budget Session,26,0,100.0
7683,1034,Special Session,4,0,100.0
7684,1034,Budget Session,10,0,100.0
7685,1034,214th Part2,10,0,100.0
7686,1034,214th Part-1,6,0,100.0
7687,1511,Budget Session,22,0,100.0
7688,1511,Budget Session,8,0,100.0
7689,1511,Winter Session,13,0,100.0
7690,1511,Monsoon Session,19,0,100.0
7691,1511,Budget Session,21,0,100.0
7692,1511,Budget Session,8,0,100.0
7693,1511,Winter Session,21,0,100.0
7694,1511,Monsoon Session,20,0,100.0
7695,1511,Budget Session,15,0,100.0
7696,1511,Budget Session,16,0,100.0
7697,1511,Winter Session,20,0,100.0
7698,1511,Monsoon Session,17,0,100.0
7699,1511,Budget Session,13,0,100.0
7700,1511,Budget Session,19,0,100.0
7701,1511,Winter Session,22,0,100.0
7702,1511,Budget Session,27,0,100.0
7703,1511,Special Session,3,0,100.0
7704,1511,Winter Session,12,0,100.0
7705,1511,Winter Session,10,0,100.0
7706,1511,Monsoon Session,21,0,100.0
7707,1511,Budget Session,11,0,100.0
7708,1511,Budget Session,21,0,100.0
7709,1511,Winter Session,20,0,100.0
7710,1511,Monsoon Session,19,0,100.0
7711,1511,225th Part-2,21,0,100.0
7712,2446,Winter Session,15,0,100.0
7713,2446,Monsoon Session,21,0,100.0
7714,2446,Budget Session,27,0,100.0
7715,2446,Winter Session,19,0,100.0
7716,2446,Monsoon Session,16,0,100.0
7717,2446,Special Session,5,0,100.0
7718,2446,Budget Session,9,0,100.0
7719,2446,Winter Session,15,0,100.0
7720,2446,Special Session,4,0,100.0
7721,2446,Monsoon Session,17,0,100.0
7722,2446,Budget Session,25,0,100.0
7723,2446,Winter Session,13,0,100.0
7724,2446,Monsoon Session,16,0,100.0
7725,2446,Budget Session,29,0,100.0
7726,2446,Winter Session,18,0,100.0
7727,2446,Monsoon Session,17,0,100.0
7728,2446,Budget Session,33,0,100.0
7729,2446,Monsoon Session,18,0,100.0
7730,2446,Budget Session,34,0,100.0
7731,1967,Budget Session,29,0,100.0
7732,1967,Winter Session,18,0,100.0
7733,1967,Monsoon Session,17,0,100.0
7734,1967,Budget Session,33,0,100.0
7735,1967,Monsoon Session,18,0,100.0
7736,1967,Budget Session,34,0,100.0
7737,1967,Winter Session,20,0,100.0
7738,1967,Monsoon Session,35,0,100.0
7739,1967,Budget Session,10,0,100.0
7740,1967,Winter Session,18,0,100.0
7741,1967,Monsoon Session,17,0,100.0
7742,1967,Budget Session,22,0,100.0
7743,1967,Budget Session,8,0,100.0
7744,1967,Winter Session,13,0,100.0
7745,1967,Monsoon Session,19,0,100.0
7746,1967,Budget Session,21,0,100.0
7747,1967,Budget Session,8,0,100.0
7748,1967,Winter Session,21,0,100.0
7749,1967,Monsoon Session,20,0,100.0
7750,1967,Budget Session,15,0,100.0
7751,1967,Budget Session,16,0,100.0
7752,1967,Winter Session,20,0,100.0
7753,1967,Monsoon Session,17,0,100.0
7754,1967,Budget Session,13,0,100.0
7755,1967,Budget Session,19,0,100.0
7756,1967,Winter Session,22,0,100.0
7757,1967,Budget Session,27,0,100.0
7758,1967,Special Session,3,0,100.0
7759,1967,Winter Session,12,0,100.0
7760,1967,Winter Session,10,0,100.0
7761,1967,Monsoon Session,21,0,100.0
7762,1967,Budget Session,11,0,100.0
7763,1967,Budget Session,21,0,100.0
7764,1967,Winter Session,20,0,100.0
7765,1967,Monsoon Session,19,0,100.0
7766,1967,225th Part-2,21,0,100.0
7767,1967,225th Part-1,14,0,100.0
7768,1967,Winter Session,24,0,100.0
7769,1967,Monsoon Session,26,0,100.0
7770,1967,Budget Session,23,0,100.0
7771,1967,Winter Session,23,0,100.0
7772,1967,Monsoon Session,26,0,100.0
7773,1967,219th Part-2,17,0,100.0
7774,1967,219th Part-1,15,0,100.0
7775,1967,Winter Session,23,0,100.0
7776,1967,Budget Session,26,0,100.0
7777,1967,Special Session,4,0,100.0
7778,1967,Budget Session,10,0,100.0
7779,1967,214th Part2,10,0,100.0
7780,1967,214th Part-1,6,0,100.0
7781,1967,Budget Session,35,0,100.0
7782,1967,Winter Session,17,0,100.0
7783,2447,Winter Session,15,0,100.0
7784,2447,Winter Session,15,0,100.0
7785,2447,Monsoon Session,21,0,100.0
7786,2447,Monsoon Session,21,0,100.0
7787,2447,Budget Session,27,0,100.0
7788,2447,Budget Session,27,0,100.0
7789,2447,Winter Session,19,0,100.0
7790,2447,Winter Session,19,0,100.0
7791,2447,Monsoon Session,16,0,100.0
7792,2447,Special Session,5,0,100.0
7793,2447,Budget Session,9,0,100.0
7794,2447,Winter Session,15,0,100.0
7795,2447,Special Session,4,0,100.0
7796,2447,Monsoon Session,17,0,100.0
7797,2447,Budget Session,25,0,100.0
7798,2447,Winter Session,13,0,100.0
7799,2447,Monsoon Session,16,0,100.0
7800,2447,Budget Session,29,0,100.0
7801,2447,Winter Session,18,0,100.0
7802,2447,Monsoon Session,17,0,100.0
7803,2447,Budget Session,33,0,100.0
7804,2447,Monsoon Session,18,0,100.0
7805,2447,Budget Session,34,0,100.0
7806,2448,Winter Session,15,0,100.0
7807,2448,Monsoon Session,21,0,100.0
7808,2448,Budget Session,27,0,100.0
7809,2448,Winter Session,19,0,100.0
7810,2448,Monsoon Session,16,0,100.0
7811,2448,Special Session,5,0,100.0
7812,2448,Budget Session,9,0,100.0
7813,2448,Winter Session,15,0,100.0
7814,2448,Special Session,4,0,100.0
7815,2448,Monsoon Session,17,0,100.0
7816,2448,Budget Session,25,0,100.0
7817,2448,Winter Session,13,0,100.0
7818,2448,Monsoon Session,16,0,100.0
7819,2448,Budget Session,29,0,100.0
7820,2448,Winter Session,18,0,100.0
7821,2448,Monsoon Session,17,0,100.0
7822,2448,Budget Session,33,0,100.0
7823,2448,Monsoon Session,18,0,100.0
7824,2448,Budget Session,34,0,100.0
7825,1969,219th Part-2,17,0,100.0
7826,1969,219th Part-1,15,0,100.0
7827,1969,Winter Session,23,0,100.0
7828,1969,Budget Session,26,0,100.0
7829,1969,Special Session,4,0,100.0
7830,1969,Budget Session,10,0,100.0
7831,1969,214th Part2,10,0,100.0
7832,1969,214th Part-1,6,0,100.0
7833,1969,Budget Session,35,0,100.0
7834,1969,Winter Session,17,0,100.0
7835,1970,219th Part-2,17,0,100.0
7836,1970,219th Part-1,15,0,100.0
7837,1970,Winter Session,23,0,100.0
7838,1970,Budget Session,26,0,100.0
7839,1970,Special Session,4,0,100.0
7840,1970,Budget Session,10,0,100.0
7841,1970,214th Part2,10,0,100.0
7842,1970,214th Part-1,6,0,100.0
7843,1970,Budget Session,35,0,100.0
7844,1970,Winter Session,17,0,100.0
7845,2449,Winter Session,15,0,100.0
7846,2449,Monsoon Session,21,0,100.0
7847,2449,Budget Session,27,0,100.0
7848,2449,Winter Session,19,0,100.0
7849,2449,Monsoon Session,16,0,100.0
7850,2449,Special Session,5,0,100.0
7851,2449,Budget Session,9,0,100.0
7852,2449,Winter Session,15,0,100.0
7853,2449,Special Session,4,0,100.0
7854,2449,Monsoon Session,17,0,100.0
7855,2449,Budget Session,25,0,100.0
7856,2449,Winter Session,13,0,100.0
7857,2449,Monsoon Session,16,0,100.0
7858,2449,Budget Session,29,0,100.0
7859,2449,Winter Session,18,0,100.0
7860,2449,Monsoon Session,17,0,100.0
7861,2449,Budget Session,33,0,100.0
7862,2449,Monsoon Session,18,0,100.0
7863,2449,Budget Session,34,0,100.0
7864,2450,Winter Session,15,0,100.0
7865,2450,Monsoon Session,21,0,100.0
7866,2450,Budget Session,27,0,100.0
7867,2450,Winter Session,19,0,100.0
7868,2450,Monsoon Session,16,0,100.0
7869,2450,Special Session,5,0,100.0
7870,2450,Budget Session,9,0,100.0
7871,2450,Winter Session,15,0,100.0
7872,2450,Special Session,4,0,100.0
7873,2450,Monsoon Session,17,0,100.0
7874,2450,Budget Session,25,0,100.0
7875,2450,Winter Session,13,0,100.0
7876,2450,Monsoon Session,16,0,100.0
7877,2450,Budget Session,29,0,100.0
7878,2450,Winter Session,18,0,100.0
7879,2450,Monsoon Session,17,0,100.0
7880,2450,Budget Session,33,0,100.0
7881,2450,Monsoon Session,18,0,100.0
7882,2450,Budget Session,34,0,100.0
7883,1971,219th Part-2,17,0,100.0
7884,1971,219th Part-1,15,0,100.0
7885,1971,Winter Session,23,0,100.0
7886,1971,Budget Session,26,0,100.0
7887,1971,Special Session,4,0,100.0
7888,1971,Budget Session,10,0,100.0
7889,1971,214th Part2,10,0,100.0
7890,1971,214th Part-1,6,0,100.0
7891,1971,Budget Session,35,0,100.0
7892,1971,Winter Session,17,0,100.0
7893,1972,219th Part-2,17,0,100.0
7894,1972,219th Part-1,15,0,100.0
7895,1972,Winter Session,23,0,100.0
7896,1972,Budget Session,26,0,100.0
7897,1972,Special Session,4,0,100.0
7898,1972,Budget Session,10,0,100.0
7899,1972,214th Part2,10,0,100.0
7900,1972,214th Part-1,6,0,100.0
7901,1972,Budget Session,35,0,100.0
7902,1972,Winter Session,17,0,100.0
7903,2451,Winter Session,15,0,100.0
7904,2451,Monsoon Session,21,0,100.0
7905,2451,Budget Session,27,0,100.0
7906,2451,Winter Session,19,0,100.0
7907,2451,Monsoon Session,16,0,100.0
7908,2451,Special Session,5,0,100.0
7909,2451,Budget Session,9,0,100.0
7910,2451,Winter Session,15,0,100.0
7911,2451,Special Session,4,0,100.0
7912,2451,Monsoon Session,17,0,100.0
7913,2451,Budget Session,25,0,100.0
7914,2451,Winter Session,13,0,100.0
7915,2451,Monsoon Session,16,0,100.0
7916,2451,Budget Session,29,0,100.0
7917,2451,Winter Session,18,0,100.0
7918,2451,Monsoon Session,17,0,100.0
7919,2451,Budget Session,33,0,100.0
7920,2451,Monsoon Session,18,0,100.0
7921,2451,Budget Session,34,0,100.0
7922,2452,Winter Session,15,0,100.0
7923,2452,Monsoon Session,21,0,100.0
7924,2452,Budget Session,27,0,100.0
7925,2452,Winter Session,19,0,100.0
7926,2452,Monsoon Session,16,0,100.0
7927,2452,Special Session,5,0,100.0
7928,2452,Budget Session,9,0,100.0
7929,2452,Winter Session,15,0,100.0
7930,2452,Special Session,4,0,100.0
7931,2452,Monsoon Session,17,0,100.0
7932,2452,Budget Session,25,0,100.0
7933,2452,Winter Session,13,0,100.0
7934,2452,Monsoon Session,16,0,100.0
7935,2452,Budget Session,29,0,100.0
7936,2452,Winter Session,18,0,100.0
7937,2452,Monsoon Session,17,0,100.0
7938,2452,Budget Session,33,0,100.0
7939,2452,Monsoon Session,18,0,100.0
7940,2452,Budget Session,34,0,100.0
7941,1973,219th Part-2,17,0,100.0
7942,1973,219th Part-1,15,0,100.0
7943,1973,Winter Session,23,0,100.0
7944,1973,Budget Session,26,0,100.0
7945,1973,Special Session,4,0,100.0
7946,1973,Budget Session,10,0,100.0
7947,1973,214th Part2,10,0,100.0
7948,1973,214th Part-1,6,0,100.0
7949,1973,Budget Session,35,0,100.0
7950,1973,Winter Session,17,0,100.0
7951,1974,Monsoon Session,26,0,100.0
7952,1974,Budget Session,23,0,100.0
7953,1974,Winter Session,23,0,100.0
7954,1974,Monsoon Session,26,0,100.0
7955,1974,219th Part-2,17,0,100.0
7956,1974,219th Part-1,15,0,100.0
7957,1974,Winter Session,23,0,100.0
7958,1974,Budget Session,26,0,100.0
7959,1974,Special Session,4,0,100.0
7960,1974,Budget Session,10,0,100.0
7961,1974,214th Part2,10,0,100.0
7962,1974,214th Part-1,6,0,100.0
7963,1974,Budget Session,35,0,100.0
7964,1974,Winter Session,17,0,100.0
7965,2453,Winter Session,15,0,100.0
7966,2453,Monsoon Session,21,0,100.0
7967,2453,Budget Session,27,0,100.0
7968,2453,Winter Session,19,0,100.0
7969,2453,Monsoon Session,16,0,100.0
7970,2453,Special Session,5,0,100.0
7971,2453,Budget Session,9,0,100.0
7972,2453,Winter Session,15,0,100.0
7973,2453,Special Session,4,0,100.0
7974,2453,Monsoon Session,17,0,100.0
7975,2453,Budget Session,25,0,100.0
7976,2453,Winter Session,13,0,100.0
7977,2453,Monsoon Session,16,0,100.0
7978,2453,Budget Session,29,0,100.0
7979,2453,Winter Session,18,0,100.0
7980,2453,Monsoon Session,17,0,100.0
7981,2453,Budget Session,33,0,100.0
7982,2453,Monsoon Session,18,0,100.0
7983,2453,Budget Session,34,0,100.0
7984,2454,Winter Session,15,0,100.0
7985,2454,Monsoon Session,21,0,100.0
7986,2454,Budget Session,27,0,100.0
7987,2454,Winter Session,19,0,100.0
7988,2454,Monsoon Session,16,0,100.0
7989,2454,Special Session,5,0,100.0
7990,2454,Budget Session,9,0,100.0
7991,2454,Winter Session,15,0,100.0
7992,2454,Special Session,4,0,100.0
7993,2454,Monsoon Session,17,0,100.0
7994,2454,Budget Session,25,0,100.0
7995,2454,Winter Session,13,0,100.0
7996,2454,Monsoon Session,16,0,100.0
7997,2454,Budget Session,29,0,100.0
7998,2454,Winter Session,18,0,100.0
7999,2454,Monsoon Session,17,0,100.0
8000,2454,Budget Session,33,0,100.0
8001,2454,Monsoon Session,18,0,100.0
8002,2454,Budget Session,34,0,100.0
8003,1975,Monsoon Session,26,0,100.0
8004,1975,219th Part-2,17,0,100.0
8005,1975,219th Part-1,15,0,100.0
8006,1975,Winter Session,23,0,100.0
8007,1975,Budget Session,26,0,100.0
8008,1975,Special Session,4,0,100.0
8009,1975,Budget Session,10,0,100.0
8010,1975,214th Part2,10,0,100.0
8011,1975,214th Part-1,6,0,100.0
8012,1975,Budget Session,35,0,100.0
8013,1975,Winter Session,17,0,100.0
8014,1976,Monsoon Session,26,0,100.0
8015,1976,219th Part-2,17,0,100.0
8016,1976,219th Part-1,15,0,100.0
8017,1976,Winter Session,23,0,100.0
8018,1976,Budget Session,26,0,100.0
8019,1976,Special Session,4,0,100.0
8020,1976,Budget Session,10,0,100.0
8021,1976,214th Part2,10,0,100.0
8022,1976,214th Part-1,6,0,100.0
8023,1976,Budget Session,35,0,100.0
8024,1976,Winter Session,17,0,100.0
8025,2455,Winter Session,15,0,100.0
8026,2455,Monsoon Session,21,0,100.0
8027,2455,Budget Session,27,0,100.0
8028,2455,Winter Session,19,0,100.0
8029,2455,Monsoon Session,16,0,100.0
8030,2455,Special Session,5,0,100.0
8031,2455,Budget Session,9,0,100.0
8032,2455,Winter Session,15,0,100.0
8033,2455,Special Session,4,0,100.0
8034,2455,Monsoon Session,17,0,100.0
8035,2455,Budget Session,25,0,100.0
8036,2455,Winter Session,13,0,100.0
8037,2455,Monsoon Session,16,0,100.0
8038,2455,Budget Session,29,0,100.0
8039,2455,Winter Session,18,0,100.0
8040,2455,Monsoon Session,17,0,100.0
8041,2455,Budget Session,33,0,100.0
8042,2455,Monsoon Session,18,0,100.0
8043,2455,Budget Session,34,0,100.0
8044,1977,Winter Session,13,0,100.0
8045,1977,Monsoon Session,19,0,100.0
8046,1977,Budget Session,21,0,100.0
8047,1977,Budget Session,8,0,100.0
8048,1977,Winter Session,21,0,100.0
8049,1977,Monsoon Session,20,0,100.0
8050,1977,Budget Session,15,0,100.0
8051,1977,Budget Session,16,0,100.0
8052,1977,Winter Session,20,0,100.0
8053,1977,Monsoon Session,17,0,100.0
8054,1977,Budget Session,13,0,100.0
8055,1977,Budget Session,19,0,100.0
8056,1977,Winter Session,22,0,100.0
8057,1977,Budget Session,27,0,100.0
8058,1977,Special Session,3,0,100.0
8059,1977,Winter Session,12,0,100.0
8060,1977,Winter Session,10,0,100.0
8061,1977,Monsoon Session,21,0,100.0
8062,1977,Budget Session,11,0,100.0
8063,1977,Budget Session,21,0,100.0
8064,1977,Winter Session,20,0,100.0
8065,1977,Monsoon Session,19,0,100.0
8066,1977,225th Part-2,21,0,100.0
8067,1977,225th Part-1,14,0,100.0
8068,1977,Winter Session,24,0,100.0
8069,1977,Monsoon Session,26,0,100.0
8070,1977,Budget Session,23,0,100.0
8071,1977,Winter Session,23,0,100.0
8072,1977,Monsoon Session,26,0,100.0
8073,1977,219th Part-2,17,0,100.0
8074,1977,219th Part-1,15,0,100.0
8075,1977,Winter Session,23,0,100.0
8076,1977,Budget Session,26,0,100.0
8077,1977,Special Session,4,0,100.0
8078,1977,Budget Session,10,0,100.0
8079,1977,214th Part2,10,0,100.0
8080,1977,214th Part-1,6,0,100.0
8081,1977,Budget Session,35,0,100.0
8082,1977,Winter Session,17,0,100.0
8083,2456,Winter Session,15,0,100.0
8084,2456,Monsoon Session,21,0,100.0
8085,2456,Budget Session,27,0,100.0
8086,2456,Winter Session,19,0,100.0
8087,2456,Monsoon Session,16,0,100.0
8088,2456,Special Session,5,0,100.0
8089,2456,Budget Session,9,0,100.0
8090,2456,Winter Session,15,0,100.0
8091,2456,Special Session,4,0,100.0
8092,2456,Monsoon Session,17,0,100.0
8093,2456,Budget Session,25,0,100.0
8094,2456,Winter Session,13,0,100.0
8095,2456,Monsoon Session,16,0,100.0
8096,2456,Budget Session,29,0,100.0
8097,2456,Winter Session,18,0,100.0
8098,2456,Monsoon Session,17,0,100.0
8099,2456,Budget Session,33,0,100.0
8100,2456,Monsoon Session,18,0,100.0
8101,2456,Budget Session,34,0,100.0
8102,2457,Winter Session,15,0,100.0
8103,2457,Monsoon Session,21,0,100.0
8104,2457,Budget Session,27,0,100.0
8105,2457,Winter Session,19,0,100.0
8106,2457,Monsoon Session,16,0,100.0
8107,2457,Special Session,5,0,100.0
8108,2457,Budget Session,9,0,100.0
8109,2457,Winter Session,15,0,100.0
8110,2457,Special Session,4,0,100.0
8111,2457,Monsoon Session,17,0,100.0
8112,2457,Budget Session,25,0,100.0
8113,2457,Winter Session,13,0,100.0
8114,2457,Monsoon Session,16,0,100.0
8115,2457,Budget Session,29,0,100.0
8116,2457,Winter Session,18,0,100.0
8117,2457,Monsoon Session,17,0,100.0
8118,2457,Budget Session,33,0,100.0
8119,2457,Monsoon Session,18,0,100.0
8120,1979,Budget Session,22,0,100.0
8121,1979,Budget Session,8,0,100.0
8122,1979,Winter Session,13,0,100.0
8123,1979,Monsoon Session,19,0,100.0
8124,1979,Budget Session,21,0,100.0
8125,1979,Budget Session,8,0,100.0
8126,1979,Winter Session,21,0,100.0
8127,1979,Monsoon Session,20,0,100.0
8128,1979,Budget Session,15,0,100.0
8129,1979,Budget Session,16,0,100.0
8130,1979,Winter Session,20,0,100.0
8131,1979,Monsoon Session,17,0,100.0
8132,1979,Budget Session,13,0,100.0
8133,1979,Budget Session,19,0,100.0
8134,1979,Winter Session,22,0,100.0
8135,1979,Budget Session,27,0,100.0
8136,1979,Special Session,3,0,100.0
8137,1979,Winter Session,12,0,100.0
8138,1979,Winter Session,10,0,100.0
8139,1979,Monsoon Session,21,0,100.0
8140,1979,Budget Session,11,0,100.0
8141,1979,Budget Session,21,0,100.0
8142,1979,Winter Session,20,0,100.0
8143,1979,Monsoon Session,19,0,100.0
8144,1979,225th Part-2,21,0,100.0
8145,1979,225th Part-1,14,0,100.0
8146,1979,Winter Session,24,0,100.0
8147,1979,Monsoon Session,26,0,100.0
8148,1979,Budget Session,23,0,100.0
8149,1979,Winter Session,23,0,100.0
8150,1979,Monsoon Session,26,0,100.0
8151,1979,219th Part-2,17,0,100.0
8152,1979,219th Part-1,15,0,100.0
8153,1979,Winter Session,23,0,100.0
8154,1979,Budget Session,26,0,100.0
8155,1979,Special Session,4,0,100.0
8156,1979,Budget Session,10,0,100.0
8157,1979,214th Part2,10,0,100.0
8158,1979,214th Part-1,6,0,100.0
8159,1979,Budget Session,35,0,100.0
8160,1979,Winter Session,17,0,100.0
8161,2458,Winter Session,15,0,100.0
8162,2458,Monsoon Session,21,0,100.0
8163,2458,Budget Session,27,0,100.0
8164,2458,Winter Session,19,0,100.0
8165,2458,Monsoon Session,16,0,100.0
8166,2458,Special Session,5,0,100.0
8167,2458,Budget Session,9,0,100.0
8168,2458,Winter Session,15,0,100.0
8169,2458,Special Session,4,0,100.0
8170,2458,Monsoon Session,17,0,100.0
8171,2458,Budget Session,25,0,100.0
8172,2458,Winter Session,13,0,100.0
8173,2458,Monsoon Session,16,0,100.0
8174,2458,Budget Session,29,0,100.0
8175,2458,Winter Session,18,0,100.0
8176,2458,Monsoon Session,17,0,100.0
8177,2458,Budget Session,33,0,100.0
8178,2458,Monsoon Session,18,0,100.0
8179,1980,225th Part-1,14,0,100.0
8180,1980,Winter Session,24,0,100.0
8181,1980,Monsoon Session,26,0,100.0
8182,1980,Budget Session,23,0,100.0
8183,1980,Winter Session,23,0,100.0
8184,1980,Monsoon Session,26,0,100.0
8185,1980,219th Part-2,17,0,100.0
8186,1980,219th Part-1,15,0,100.0
8187,1980,Winter Session,23,0,100.0
8188,1980,Budget Session,26,0,100.0
8189,1980,Special Session,4,0,100.0
8190,1980,Budget Session,10,0,100.0
8191,1980,214th Part2,10,0,100.0
8192,1980,214th Part-1,6,0,100.0
8193,1980,Budget Session,35,0,100.0
8194,1980,Winter Session,17,0,100.0
8195,2459,Winter Session,15,0,100.0
8196,2459,Monsoon Session,21,0,100.0
8197,2459,Budget Session,27,0,100.0
8198,2459,Winter Session,19,0,100.0
8199,2459,Monsoon Session,16,0,100.0
8200,2459,Special Session,5,0,100.0
8201,2459,Budget Session,9,0,100.0
8202,2459,Winter Session,15,0,100.0
8203,2459,Special Session,4,0,100.0
8204,2459,Monsoon Session,17,0,100.0
8205,2459,Budget Session,25,0,100.0
8206,2459,Winter Session,13,0,100.0
8207,2459,Monsoon Session,16,0,100.0
8208,2459,Budget Session,29,0,100.0
8209,2459,Winter Session,18,0,100.0
8210,2459,Monsoon Session,17,0,100.0
8211,2459,Budget Session,33,0,100.0
8212,2459,Monsoon Session,18,0,100.0
8213,72,219th Part-2,17,0,100.0
8214,72,219th Part-1,15,0,100.0
8215,72,Winter Session,23,0,100.0
8216,72,Budget Session,26,0,100.0
8217,72,Special Session,4,0,100.0
8218,72,Budget Session,10,0,100.0
8219,72,214th Part2,10,0,100.0
8220,72,214th Part-1,6,0,100.0
8221,72,Budget Session,35,0,100.0
8222,72,Winter Session,17,0,100.0
8223,73,Budget Session,29,0,100.0
8224,73,Winter Session,18,0,100.0
8225,73,Monsoon Session,17,0,100.0
8226,73,Budget Session,33,0,100.0
8227,73,Monsoon Session,18,0,100.0
8228,73,Budget Session,34,0,100.0
8229,73,Winter Session,20,0,100.0
8230,73,Monsoon Session,35,0,100.0
8231,73,Budget Session,10,0,100.0
8232,73,Winter Session,18,0,100.0
8233,73,Monsoon Session,17,0,100.0
8234,73,Budget Session,22,0,100.0
8235,73,Budget Session,8,0,100.0
8236,73,Winter Session,13,0,100.0
8237,73,Monsoon Session,19,0,100.0
8238,73,Budget Session,21,0,100.0
8239,73,Budget Session,8,0,100.0
8240,73,Winter Session,21,0,100.0
8241,73,Monsoon Session,20,0,100.0
8242,73,Winter Session,22,0,100.0
8243,73,Budget Session,27,0,100.0
8244,73,Special Session,3,0,100.0
8245,73,Winter Session,12,0,100.0
8246,73,Winter Session,10,0,100.0
8247,73,Monsoon Session,21,0,100.0
8248,73,Budget Session,11,0,100.0
8249,73,Budget Session,21,0,100.0
8250,73,Winter Session,20,0,100.0
8251,73,Monsoon Session,19,0,100.0
8252,73,225th Part-2,21,0,100.0
8253,73,225th Part-1,14,0,100.0
8254,73,Winter Session,24,0,100.0
8255,73,Monsoon Session,26,0,100.0
8256,73,Budget Session,23,0,100.0
8257,73,Winter Session,23,0,100.0
8258,73,Monsoon Session,26,0,100.0
8259,73,219th Part-2,17,0,100.0
8260,73,219th Part-1,15,0,100.0
8261,73,Winter Session,23,0,100.0
8262,73,Budget Session,26,0,100.0
8263,73,Special Session,4,0,100.0
8264,73,Budget Session,10,0,100.0
8265,73,214th Part2,10,0,100.0
8266,73,214th Part-1,6,0,100.0
8267,73,Budget Session,35,0,100.0
8268,73,Winter Session,17,0,100.0
8269,1981,Monsoon Session,19,0,100.0
8270,1981,Budget Session,21,0,100.0
8271,1981,Budget Session,8,0,100.0
8272,1981,Winter Session,21,0,100.0
8273,1981,Monsoon Session,20,0,100.0
8274,1981,Budget Session,15,0,100.0
8275,1981,Budget Session,16,0,100.0
8276,1981,Winter Session,20,0,100.0
8277,1981,Monsoon Session,17,0,100.0
8278,1981,Budget Session,13,0,100.0
8279,1981,Budget Session,19,0,100.0
8280,1981,Winter Session,22,0,100.0
8281,1981,Budget Session,27,0,100.0
8282,1981,Special Session,3,0,100.0
8283,1981,Winter Session,12,0,100.0
8284,1981,Winter Session,10,0,100.0
8285,1981,Monsoon Session,21,0,100.0
8286,1981,Budget Session,11,0,100.0
8287,1981,Budget Session,21,0,100.0
8288,1981,Winter Session,20,0,100.0
8289,1981,Monsoon Session,19,0,100.0
8290,1981,225th Part-2,21,0,100.0
8291,1981,225th Part-1,14,0,100.0
8292,1981,Winter Session,24,0,100.0
8293,1981,Monsoon Session,26,0,100.0
8294,1981,Budget Session,23,0,100.0
8295,1981,Winter Session,23,0,100.0
8296,1981,Monsoon Session,26,0,100.0
8297,1981,219th Part-2,17,0,100.0
8298,1981,219th Part-1,15,0,100.0
8299,1981,Winter Session,23,0,100.0
8300,1981,Budget Session,26,0,100.0
8301,1981,Special Session,4,0,100.0
8302,1981,Budget Session,10,0,100.0
8303,1981,214th Part2,10,0,100.0
8304,1981,214th Part-1,6,0,100.0
8305,1981,Budget Session,35,0,100.0
8306,1981,Winter Session,17,0,100.0
8307,2460,Winter Session,15,0,100.0
8308,2460,Monsoon Session,21,0,100.0
8309,2460,Budget Session,27,0,100.0
8310,2460,Winter Session,19,0,100.0
8311,2460,Monsoon Session,16,0,100.0
8312,2460,Special Session,5,0,100.0
8313,2460,Budget Session,9,0,100.0
8314,2460,Winter Session,15,0,100.0
8315,2460,Special Session,4,0,100.0
8316,2460,Monsoon Session,17,0,100.0
8317,2460,Budget Session,25,0,100.0
8318,2460,Winter Session,13,0,100.0
8319,2460,Monsoon Session,16,0,100.0
8320,2460,Budget Session,29,0,100.0
8321,2460,Winter Session,18,0,100.0
8322,2460,Monsoon Session,17,0,100.0
8323,2460,Budget Session,33,0,100.0
8324,2460,Monsoon Session,18,0,100.0
8325,1983,Monsoon Session,26,0,100.0
8326,1983,Budget Session,23,0,100.0
8327,1983,Winter Session,23,0,100.0
8328,1983,Monsoon Session,26,0,100.0
8329,1983,219th Part-2,17,0,100.0
8330,1983,219th Part-1,15,0,100.0
8331,1983,Winter Session,23,0,100.0
8332,1983,Budget Session,26,0,100.0
8333,1983,Special Session,4,0,100.0
8334,1983,Budget Session,10,0,100.0
8335,1983,214th Part2,10,0,100.0
8336,1983,214th Part-1,6,0,100.0
8337,1983,Budget Session,35,0,100.0
8338,1983,Winter Session,17,0,100.0
8339,74,Winter Session,15,0,100.0
8340,74,Monsoon Session,21,0,100.0
8341,74,Budget Session,27,0,100.0
8342,74,Winter Session,19,0,100.0
8343,74,Monsoon Session,16,0,100.0
8344,74,Special Session,5,0,100.0
8345,74,Budget Session,9,0,100.0
8346,74,Winter Session,15,0,100.0
8347,74,Special Session,4,0,100.0
8348,74,Monsoon Session,17,0,100.0
8349,74,Budget Session,25,0,100.0
8350,74,Winter Session,13,0,100.0
8351,74,Monsoon Session,16,0,100.0
8352,74,Budget Session,29,0,100.0
8353,74,Winter Session,18,0,100.0
8354,74,Monsoon Session,17,0,100.0
8355,74,Budget Session,33,0,100.0
8356,74,Monsoon Session,18,0,100.0
8357,74,Budget Session,34,0,100.0
8358,74,Winter Session,20,0,100.0
8359,74,Monsoon Session,35,0,100.0
8360,74,Budget Session,10,0,100.0
8361,74,Winter Session,18,0,100.0
8362,74,Monsoon Session,17,0,100.0
8363,74,Budget Session,22,0,100.0
8364,74,Budget Session,8,0,100.0
8365,74,Winter Session,13,0,100.0
8366,74,Monsoon Session,19,0,100.0
8367,74,Budget Session,21,0,100.0
8368,74,Budget Session,8,0,100.0
8369,74,Winter Session,21,0,100.0
8370,74,Monsoon Session,20,0,100.0
8371,2461,Winter Session,15,0,100.0
8372,2461,Monsoon Session,21,0,100.0
8373,2461,Budget Session,27,0,100.0
8374,2461,Winter Session,19,0,100.0
8375,2461,Monsoon Session,16,0,100.0
8376,2461,Special Session,5,0,100.0
8377,2461,Budget Session,9,0,100.0
8378,2461,Winter Session,15,0,100.0
8379,2461,Special Session,4,0,100.0
8380,2461,Monsoon Session,17,0,100.0
8381,2461,Budget Session,25,0,100.0
8382,2461,Winter Session,13,0,100.0
8383,2461,Monsoon Session,16,0,100.0
8384,2461,Budget Session,29,0,100.0
8385,2461,Winter Session,18,0,100.0
8386,2461,Monsoon Session,17,0,100.0
8387,2461,Budget Session,33,0,100.0
8388,2461,Monsoon Session,18,0,100.0
8389,75,225th Part-1,14,0,100.0
8390,75,Winter Session,24,0,100.0
8391,75,Monsoon Session,26,0,100.0
8392,75,Budget Session,23,0,100.0
8393,75,Winter Session,23,0,100.0
8394,75,Monsoon Session,26,0,100.0
8395,75,219th Part-2,17,0,100.0
8396,75,219th Part-1,15,0,100.0
8397,75,Winter Session,23,0,100.0
8398,75,Budget Session,26,0,100.0
8399,75,Special Session,4,0,100.0
8400,75,Budget Session,10,0,100.0
8401,75,214th Part2,10,0,100.0
8402,75,214th Part-1,6,0,100.0
8403,75,Budget Session,35,0,100.0
8404,75,Winter Session,17,0,100.0
8405,1984,Monsoon Session,26,0,100.0
8406,1984,Budget Session,23,0,100.0
8407,1984,Winter Session,23,0,100.0
8408,1984,Monsoon Session,26,0,100.0
8409,1984,219th Part-2,17,0,100.0
8410,1984,219th Part-1,15,0,100.0
8411,1984,Winter Session,23,0,100.0
8412,1984,Budget Session,26,0,100.0
8413,1984,Special Session,4,0,100.0
8414,1984,Budget Session,10,0,100.0
8415,1984,214th Part2,10,0,100.0
8416,1984,214th Part-1,6,0,100.0
8417,1984,Budget Session,35,0,100.0
8418,1984,Winter Session,17,0,100.0
8419,2462,Winter Session,15,0,100.0
8420,2462,Monsoon Session,21,0,100.0
8421,2462,Budget Session,27,0,100.0
8422,2462,Winter Session,19,0,100.0
8423,2462,Monsoon Session,16,0,100.0
8424,2462,Special Session,5,0,100.0
8425,2462,Budget Session,9,0,100.0
8426,2462,Winter Session,15,0,100.0
8427,2462,Special Session,4,0,100.0
8428,2462,Monsoon Session,17,0,100.0
8429,2462,Budget Session,25,0,100.0
8430,2462,Winter Session,13,0,100.0
8431,2462,Monsoon Session,16,0,100.0
8432,2462,Budget Session,29,0,100.0
8433,2462,Winter Session,18,0,100.0
8434,2462,Monsoon Session,17,0,100.0
8435,2462,Budget Session,33,0,100.0
8436,2462,Monsoon Session,18,0,100.0
8437,1986,Monsoon Session,26,0,100.0
8438,1986,Budget Session,23,0,100.0
8439,1986,Winter Session,23,0,100.0
8440,1986,Monsoon Session,26,0,100.0
8441,1986,219th Part-2,17,0,100.0
8442,1986,219th Part-1,15,0,100.0
8443,1986,Winter Session,23,0,100.0
8444,1986,Budget Session,26,0,100.0
8445,1986,Special Session,4,0,100.0
8446,1986,Budget Session,10,0,100.0
8447,1986,214th Part2,10,0,100.0
8448,1986,214th Part-1,6,0,100.0
8449,1986,Budget Session,35,0,100.0
8450,1986,Winter Session,17,0,100.0
8451,2463,Winter Session,15,0,100.0
8452,2463,Monsoon Session,21,0,100.0
8453,2463,Budget Session,27,0,100.0
8454,2463,Winter Session,19,0,100.0
8455,2463,Monsoon Session,16,0,100.0
8456,2463,Special Session,5,0,100.0
8457,2463,Budget Session,9,0,100.0
8458,2463,Winter Session,15,0,100.0
8459,2463,Special Session,4,0,100.0
8460,2463,Monsoon Session,17,0,100.0
8461,2463,Budget Session,25,0,100.0
8462,2463,Winter Session,13,0,100.0
8463,2463,Monsoon Session,16,0,100.0
8464,2463,Budget Session,29,0,100.0
8465,2463,Winter Session,18,0,100.0
8466,2463,Monsoon Session,17,0,100.0
8467,2463,Budget Session,33,0,100.0
8468,2463,Monsoon Session,18,0,100.0
8469,77,219th Part-2,17,0,100.0
8470,77,219th Part-1,15,0,100.0
8471,77,Winter Session,23,0,100.0
8472,77,Budget Session,26,0,100.0
8473,77,Special Session,4,0,100.0
8474,77,Budget Session,10,0,100.0
8475,77,214th Part2,10,0,100.0
8476,77,214th Part-1,6,0,100.0
8477,77,Budget Session,35,0,100.0
8478,77,Winter Session,17,0,100.0
8479,2464,Winter Session,15,0,100.0
8480,2464,Monsoon Session,21,0,100.0
8481,2464,Budget Session,27,0,100.0
8482,2464,Winter Session,19,0,100.0
8483,2464,Monsoon Session,16,0,100.0
8484,2464,Special Session,5,0,100.0
8485,2464,Budget Session,9,0,100.0
8486,2464,Winter Session,15,0,100.0
8487,2464,Special Session,4,0,100.0
8488,2464,Monsoon Session,17,0,100.0
8489,2464,Budget Session,25,0,100.0
8490,2464,Winter Session,13,0,100.0
8491,2464,Monsoon Session,16,0,100.0
8492,2464,Budget Session,29,0,100.0
8493,2464,Winter Session,18,0,100.0
8494,2464,Monsoon Session,17,0,100.0
8495,2464,Budget Session,33,0,100.0
8496,2464,Monsoon Session,18,0,100.0
8497,1988,Monsoon Session,26,0,100.0
8498,1988,Budget Session,23,0,100.0
8499,1988,Winter Session,23,0,100.0
8500,1988,Monsoon Session,26,0,100.0
8501,1988,219th Part-2,17,0,100.0
8502,1988,219th Part-1,15,0,100.0
8503,1988,Winter Session,23,0,100.0
8504,1988,Budget Session,26,0,100.0
8505,1988,Special Session,4,0,100.0
8506,1988,Budget Session,10,0,100.0
8507,1988,214th Part2,10,0,100.0
8508,1988,214th Part-1,6,0,100.0
8509,1988,Budget Session,35,0,100.0
8510,1988,Winter Session,17,0,100.0
8511,78,219th Part-2,17,0,100.0
8512,78,219th Part-1,15,0,100.0
8513,78,Winter Session,23,0,100.0
8514,78,Budget Session,26,0,100.0
8515,78,Special Session,4,0,100.0
8516,78,Budget Session,10,0,100.0
8517,78,214th Part2,10,0,100.0
8518,78,214th Part-1,6,0,100.0
8519,78,Budget Session,35,0,100.0
8520,78,Winter Session,17,0,100.0
8521,2465,Winter Session,15,0,100.0
8522,2465,Monsoon Session,21,0,100.0
8523,2465,Budget Session,27,0,100.0
8524,2465,Winter Session,19,0,100.0
8525,2465,Monsoon Session,16,0,100.0
8526,2465,Special Session,5,0,100.0
8527,2465,Budget Session,9,0,100.0
8528,2465,Winter Session,15,0,100.0
8529,2465,Special Session,4,0,100.0
8530,2465,Monsoon Session,17,0,100.0
8531,2465,Budget Session,25,0,100.0
8532,2465,Winter Session,13,0,100.0
8533,2465,Monsoon Session,16,0,100.0
8534,2465,Budget Session,29,0,100.0
8535,2465,Winter Session,18,0,100.0
8536,2465,Monsoon Session,17,0,100.0
8537,2465,Budget Session,33,0,100.0
8538,2465,Monsoon Session,18,0,100.0
8539,1989,Monsoon Session,19,0,100.0
8540,1989,Budget Session,21,0,100.0
8541,1989,Budget Session,8,0,100.0
8542,1989,Winter Session,21,0,100.0
8543,1989,Monsoon Session,20,0,100.0
8544,1989,Budget Session,15,0,100.0
8545,1989,Budget Session,16,0,100.0
8546,1989,Winter Session,20,0,100.0
8547,1989,Monsoon Session,17,0,100.0
8548,1989,Budget Session,13,0,100.0
8549,1989,Budget Session,19,0,100.0
8550,1989,Winter Session,22,0,100.0
8551,1989,Budget Session,27,0,100.0
8552,1989,Special Session,3,0,100.0
8553,1989,Winter Session,12,0,100.0
8554,1989,Winter Session,10,0,100.0
8555,1989,Monsoon Session,21,0,100.0
8556,1989,Budget Session,11,0,100.0
8557,1989,Budget Session,21,0,100.0
8558,1989,Winter Session,20,0,100.0
8559,1989,Monsoon Session,19,0,100.0
8560,1989,225th Part-2,21,0,100.0
8561,1989,225th Part-1,14,0,100.0
8562,1989,Winter Session,24,0,100.0
8563,1989,Monsoon Session,26,0,100.0
8564,1989,Monsoon Session,26,0,100.0
8565,1989,Budget Session,23,0,100.0
8566,1989,Winter Session,23,0,100.0
8567,1989,Monsoon Session,26,0,100.0
8568,1989,219th Part-2,17,0,100.0
8569,1989,219th Part-1,15,0,100.0
8570,1989,Winter Session,23,0,100.0
8571,1989,Budget Session,26,0,100.0
8572,1989,Special Session,4,0,100.0
8573,1989,Budget Session,10,0,100.0
8574,1989,214th Part2,10,0,100.0
8575,1989,214th Part-1,6,0,100.0
8576,1989,Budget Session,35,0,100.0
8577,1989,Winter Session,17,0,100.0
8578,79,214th Part-1,6,0,100.0
8579,79,Budget Session,35,0,100.0
8580,79,Winter Session,17,0,100.0
8581,1990,Monsoon Session,26,0,100.0
8582,1990,Budget Session,23,0,100.0
8583,1990,Winter Session,23,0,100.0
8584,1990,Monsoon Session,26,0,100.0
8585,1990,219th Part-2,17,0,100.0
8586,1990,219th Part-1,15,0,100.0
8587,1990,Winter Session,23,0,100.0
8588,1990,Budget Session,26,0,100.0
8589,1990,Special Session,4,0,100.0
8590,1990,Budget Session,10,0,100.0
8591,1990,214th Part2,10,0,100.0
8592,1990,214th Part-1,6,0,100.0
8593,1990,Budget Session,35,0,100.0
8594,1990,Winter Session,17,0,100.0
8595,2466,Winter Session,15,0,100.0
8596,2466,Monsoon Session,21,0,100.0
8597,2466,Budget Session,27,0,100.0
8598,2466,Winter Session,19,0,100.0
8599,2466,Monsoon Session,16,0,100.0
8600,2466,Special Session,5,0,100.0
8601,2466,Budget Session,9,0,100.0
8602,2466,Winter Session,15,0,100.0
8603,2466,Special Session,4,0,100.0
8604,2466,Monsoon Session,17,0,100.0
8605,2466,Budget Session,25,0,100.0
8606,2466,Winter Session,13,0,100.0
8607,2466,Monsoon Session,16,0,100.0
8608,2466,Budget Session,29,0,100.0
8609,2466,Winter Session,18,0,100.0
8610,2466,Monsoon Session,17,0,100.0
8611,2466,Budget Session,33,0,100.0
8612,2466,Monsoon Session,18,0,100.0
8613,1991,Winter Session,24,0,100.0
8614,1991,Monsoon Session,26,0,100.0
8615,1991,Budget Session,23,0,100.0
8616,1991,Winter Session,23,0,100.0
8617,1991,Monsoon Session,26,0,100.0
8618,1991,219th Part-2,17,0,100.0
8619,1991,219th Part-1,15,0,100.0
8620,1991,Winter Session,23,0,100.0
8621,1991,Budget Session,26,0,100.0
8622,1991,Special Session,4,0,100.0
8623,1991,Budget Session,10,0,100.0
8624,1991,214th Part2,10,0,100.0
8625,1991,214th Part-1,6,0,100.0
8626,1991,Budget Session,35,0,100.0
8627,1991,Winter Session,17,0,100.0
8628,2467,Winter Session,15,0,100.0
8629,2467,Monsoon Session,21,0,100.0
8630,2467,Budget Session,27,0,100.0
8631,2467,Winter Session,19,0,100.0
8632,2467,Monsoon Session,16,0,100.0
8633,2467,Special Session,5,0,100.0
8634,2467,Budget Session,9,0,100.0
8635,2467,Winter Session,15,0,100.0
8636,2467,Special Session,4,0,100.0
8637,2467,Monsoon Session,17,0,100.0
8638,2467,Budget Session,25,0,100.0
8639,2467,Winter Session,13,0,100.0
8640,2467,Monsoon Session,16,0,100.0
8641,2467,Budget Session,29,0,100.0
8642,2467,Winter Session,18,0,100.0
8643,2467,Monsoon Session,17,0,100.0
8644,2467,Budget Session,33,0,100.0
8645,2467,Monsoon Session,18,0,100.0
8646,82,Winter Session,13,0,100.0
8647,82,Monsoon Session,19,0,100.0
8648,82,Budget Session,21,0,100.0
8649,82,Budget Session,8,0,100.0
8650,82,Winter Session,21,0,100.0
8651,82,Monsoon Session,20,0,100.0
8652,82,Budget Session,15,0,100.0
8653,82,Budget Session,16,0,100.0
8654,82,Winter Session,20,0,100.0
8655,82,Monsoon Session,17,0,100.0
8656,82,Budget Session,13,0,100.0
8657,82,Budget Session,19,0,100.0
8658,82,Winter Session,22,0,100.0
8659,82,Budget Session,27,0,100.0
8660,82,Special Session,3,0,100.0
8661,82,Winter Session,12,0,100.0
8662,82,Winter Session,10,0,100.0
8663,82,Monsoon Session,21,0,100.0
8664,82,Budget Session,11,0,100.0
8665,82,Budget Session,21,0,100.0
8666,82,Winter Session,20,0,100.0
8667,82,Monsoon Session,19,0,100.0
8668,82,225th Part-2,21,0,100.0
8669,82,225th Part-1,14,0,100.0
8670,82,Winter Session,24,0,100.0
8671,82,Monsoon Session,26,0,100.0
8672,82,Budget Session,23,0,100.0
8673,82,Winter Session,23,0,100.0
8674,82,Monsoon Session,26,0,100.0
8675,82,219th Part-2,17,0,100.0
8676,82,219th Part-1,15,0,100.0
8677,82,Winter Session,23,0,100.0
8678,82,Budget Session,26,0,100.0
8679,82,Special Session,4,0,100.0
8680,82,Budget Session,10,0,100.0
8681,82,214th Part2,10,0,100.0
8682,82,214th Part-1,6,0,100.0
8683,82,Budget Session,35,0,100.0
8684,82,Winter Session,17,0,100.0
8685,2468,Winter Session,15,0,100.0
8686,2468,Monsoon Session,21,0,100.0
8687,2468,Budget Session,27,0,100.0
8688,2468,Winter Session,19,0,100.0
8689,2468,Monsoon Session,16,0,100.0
8690,2468,Special Session,5,0,100.0
8691,2468,Budget Session,9,0,100.0
8692,2468,Winter Session,15,0,100.0
8693,2468,Special Session,4,0,100.0
8694,2468,Monsoon Session,17,0,100.0
8695,2468,Budget Session,25,0,100.0
8696,2468,Winter Session,13,0,100.0
8697,2468,Monsoon Session,16,0,100.0
8698,2468,Budget Session,29,0,100.0
8699,2468,Winter Session,18,0,100.0
8700,2468,Monsoon Session,17,0,100.0
8701,2468,Budget Session,33,0,100.0
8702,2468,Monsoon Session,18,0,100.0
8703,1992,Winter Session,24,0,100.0
8704,1992,Monsoon Session,26,0,100.0
8705,1992,Budget Session,23,0,100.0
8706,1992,Winter Session,23,0,100.0
8707,1992,Monsoon Session,26,0,100.0
8708,1992,219th Part-2,17,0,100.0
8709,1992,219th Part-1,15,0,100.0
8710,1992,Winter Session,23,0,100.0
8711,1992,Budget Session,26,0,100.0
8712,1992,Special Session,4,0,100.0
8713,1992,Budget Session,10,0,100.0
8714,1992,214th Part2,10,0,100.0
8715,1992,214th Part-1,6,0,100.0
8716,1992,Budget Session,35,0,100.0
8717,1992,Winter Session,17,0,100.0
8718,83,Budget Session,29,0,100.0
8719,83,Winter Session,18,0,100.0
8720,83,Monsoon Session,17,0,100.0
8721,83,Budget Session,33,0,100.0
8722,83,Monsoon Session,18,0,100.0
8723,83,Budget Session,34,0,100.0
8724,83,Winter Session,20,0,100.0
8725,83,Monsoon Session,35,0,100.0
8726,83,Budget Session,10,0,100.0
8727,83,Winter Session,18,0,100.0
8728,83,Monsoon Session,17,0,100.0
8729,83,Budget Session,22,0,100.0
8730,83,Budget Session,8,0,100.0
8731,83,Winter Session,13,0,100.0
8732,83,Monsoon Session,19,0,100.0
8733,83,Budget Session,21,0,100.0
8734,83,Budget Session,8,0,100.0
8735,83,Winter Session,21,0,100.0
8736,83,Monsoon Session,20,0,100.0
8737,83,Budget Session,15,0,100.0
8738,83,Budget Session,16,0,100.0
8739,83,Winter Session,20,0,100.0
8740,83,Monsoon Session,17,0,100.0
8741,83,Budget Session,13,0,100.0
8742,83,Budget Session,19,0,100.0
8743,83,Winter Session,22,0,100.0
8744,83,Budget Session,27,0,100.0
8745,83,Special Session,3,0,100.0
8746,83,Winter Session,12,0,100.0
8747,83,Winter Session,10,0,100.0
8748,83,Monsoon Session,21,0,100.0
8749,83,Budget Session,11,0,100.0
8750,83,Budget Session,21,0,100.0
8751,83,Winter Session,20,0,100.0
8752,83,Monsoon Session,19,0,100.0
8753,83,225th Part-2,21,0,100.0
8754,83,225th Part-1,14,0,100.0
8755,83,Winter Session,24,0,100.0
8756,83,Monsoon Session,26,0,100.0
8757,83,Budget Session,23,0,100.0
8758,83,Winter Session,23,0,100.0
8759,83,Monsoon Session,26,0,100.0
8760,83,219th Part-2,17,0,100.0
8761,83,219th Part-1,15,0,100.0
8762,83,Winter Session,23,0,100.0
8763,83,Budget Session,26,0,100.0
8764,83,Special Session,4,0,100.0
8765,83,Budget Session,10,0,100.0
8766,83,214th Part2,10,0,100.0
8767,83,214th Part-1,6,0,100.0
8768,83,Budget Session,35,0,100.0
8769,83,Winter Session,17,0,100.0
8770,2469,Winter Session,15,0,100.0
8771,2469,Monsoon Session,21,0,100.0
8772,2469,Budget Session,27,0,100.0
8773,2469,Winter Session,19,0,100.0
8774,2469,Monsoon Session,16,0,100.0
8775,2469,Special Session,5,0,100.0
8776,2469,Budget Session,9,0,100.0
8777,2469,Winter Session,15,0,100.0
8778,2469,Special Session,4,0,100.0
8779,2469,Monsoon Session,17,0,100.0
8780,2469,Budget Session,25,0,100.0
8781,2469,Winter Session,13,0,100.0
8782,2469,Monsoon Session,16,0,100.0
8783,2469,Budget Session,29,0,100.0
8784,2469,Winter Session,18,0,100.0
8785,2469,Monsoon Session,17,0,100.0
8786,2469,Budget Session,33,0,100.0
8787,2469,Monsoon Session,18,0,100.0
8788,1993,Winter Session,24,0,100.0
8789,1993,Monsoon Session,26,0,100.0
8790,1993,Budget Session,23,0,100.0
8791,1993,Winter Session,23,0,100.0
8792,1993,Monsoon Session,26,0,100.0
8793,1993,219th Part-2,17,0,100.0
8794,1993,219th Part-1,15,0,100.0
8795,1993,Winter Session,23,0,100.0
8796,1993,Budget Session,26,0,100.0
8797,1993,Special Session,4,0,100.0
8798,1993,Budget Session,10,0,100.0
8799,1993,214th Part2,10,0,100.0
8800,1993,214th Part-1,6,0,100.0
8801,1993,Budget Session,35,0,100.0
8802,1993,Winter Session,17,0,100.0
8803,584,225th Part-1,14,0,100.0
8804,584,Winter Session,24,0,100.0
8805,584,Monsoon Session,26,0,100.0
8806,584,Budget Session,23,0,100.0
8807,584,Winter Session,23,0,100.0
8808,584,Monsoon Session,26,0,100.0
8809,584,219th Part-2,17,0,100.0
8810,584,219th Part-1,15,0,100.0
8811,584,Winter Session,23,0,100.0
8812,584,Budget Session,26,0,100.0
8813,584,Special Session,4,0,100.0
8814,584,Budget Session,10,0,100.0
8815,584,214th Part2,10,0,100.0
8816,584,214th Part-1,6,0,100.0
8817,584,Budget Session,35,0,100.0
8818,584,Winter Session,17,0,100.0
8819,1994,Winter Session,24,0,100.0
8820,1994,Monsoon Session,26,0,100.0
8821,1994,Budget Session,23,0,100.0
8822,1994,Winter Session,23,0,100.0
8823,1994,Monsoon Session,26,0,100.0
8824,1994,219th Part-2,17,0,100.0
8825,1994,219th Part-1,15,0,100.0
8826,1994,Winter Session,23,0,100.0
8827,1994,Budget Session,26,0,100.0
8828,1994,Special Session,4,0,100.0
8829,1994,Budget Session,10,0,100.0
8830,1994,214th Part2,10,0,100.0
8831,1994,214th Part-1,6,0,100.0
8832,1994,Budget Session,35,0,100.0
8833,1994,Winter Session,17,0,100.0
8834,2470,Winter Session,15,0,100.0
8835,2470,Monsoon Session,21,0,100.0
8836,2470,Budget Session,27,0,100.0
8837,2470,Winter Session,19,0,100.0
8838,2470,Monsoon Session,16,0,100.0
8839,2470,Special Session,5,0,100.0
8840,2470,Budget Session,9,0,100.0
8841,2470,Winter Session,15,0,100.0
8842,2470,Special Session,4,0,100.0
8843,2470,Monsoon Session,17,0,100.0
8844,2470,Budget Session,25,0,100.0
8845,2470,Winter Session,13,0,100.0
8846,2470,Monsoon Session,16,0,100.0
8847,2470,Budget Session,29,0,100.0
8848,2470,Winter Session,18,0,100.0
8849,2470,Monsoon Session,17,0,100.0
8850,2470,Budget Session,33,0,100.0
8851,2470,Monsoon Session,18,0,100.0
8852,1995,Winter Session,24,0,100.0
8853,1995,Monsoon Session,26,0,100.0
8854,1995,Budget Session,23,0,100.0
8855,1995,Winter Session,23,0,100.0
8856,1995,Monsoon Session,26,0,100.0
8857,1995,219th Part-2,17,0,100.0
8858,1995,219th Part-1,15,0,100.0
8859,1995,Winter Session,23,0,100.0
8860,1995,Budget Session,26,0,100.0
8861,1995,Special Session,4,0,100.0
8862,1995,Budget Session,10,0,100.0
8863,1995,214th Part2,10,0,100.0
8864,1995,214th Part-1,6,0,100.0
8865,1995,Budget Session,35,0,100.0
8866,1995,Winter Session,17,0,100.0
8867,2471,Winter Session,15,0,100.0
8868,2471,Monsoon Session,21,0,100.0
8869,2471,Budget Session,27,0,100.0
8870,2471,Winter Session,19,0,100.0
8871,2471,Monsoon Session,16,0,100.0
8872,2471,Special Session,5,0,100.0
8873,2471,Budget Session,9,0,100.0
8874,2471,Winter Session,15,0,100.0
8875,2471,Special Session,4,0,100.0
8876,2471,Monsoon Session,17,0,100.0
8877,2471,Budget Session,25,0,100.0
8878,2471,Winter Session,13,0,100.0
8879,2471,Monsoon Session,16,0,100.0
8880,2471,Budget Session,29,0,100.0
8881,2471,Winter Session,18,0,100.0
8882,2471,Monsoon Session,17,0,100.0
8883,2471,Budget Session,33,0,100.0
8884,2471,Monsoon Session,18,0,100.0
8885,1996,219th Part-2,17,0,100.0
8886,1996,219th Part-1,15,0,100.0
8887,1996,Winter Session,23,0,100.0
8888,1996,Budget Session,26,0,100.0
8889,1996,Special Session,4,0,100.0
8890,1996,Budget Session,10,0,100.0
8891,1996,214th Part2,10,0,100.0
8892,1996,214th Part-1,6,0,100.0
8893,1996,Budget Session,35,0,100.0
8894,1996,Winter Session,17,0,100.0
8895,2472,Winter Session,15,0,100.0
8896,2472,Monsoon Session,21,0,100.0
8897,2472,Budget Session,27,0,100.0
8898,2472,Winter Session,19,0,100.0
8899,2472,Monsoon Session,16,0,100.0
8900,2472,Special Session,5,0,100.0
8901,2472,Budget Session,9,0,100.0
8902,2472,Winter Session,15,0,100.0
8903,2472,Special Session,4,0,100.0
8904,2472,Monsoon Session,17,0,100.0
8905,2472,Budget Session,25,0,100.0
8906,2472,Winter Session,13,0,100.0
8907,2472,Monsoon Session,16,0,100.0
8908,2472,Budget Session,29,0,100.0
8909,2472,Winter Session,18,0,100.0
8910,2472,Monsoon Session,17,0,100.0
8911,2472,Budget Session,33,0,100.0
8912,2472,Monsoon Session,18,0,100.0
8913,86,Budget Session,35,0,100.0
8914,86,Winter Session,17,0,100.0
8915,1997,225th Part-1,14,0,100.0
8916,1997,Winter Session,24,0,100.0
8917,1997,Monsoon Session,26,0,100.0
8918,1997,Budget Session,23,0,100.0
8919,1997,Winter Session,23,0,100.0
8920,1997,Monsoon Session,26,0,100.0
8921,1997,219th Part-2,17,0,100.0
8922,1997,219th Part-1,15,0,100.0
8923,1997,Winter Session,23,0,100.0
8924,1997,Budget Session,26,0,100.0
8925,1997,Special Session,4,0,100.0
8926,1997,Budget Session,10,0,100.0
8927,1997,214th Part2,10,0,100.0
8928,1997,214th Part-1,6,0,100.0
8929,1997,Budget Session,35,0,100.0
8930,1997,Winter Session,17,0,100.0
8931,2473,Winter Session,15,0,100.0
8932,2473,Monsoon Session,21,0,100.0
8933,2473,Budget Session,27,0,100.0
8934,2473,Winter Session,19,0,100.0
8935,2473,Monsoon Session,16,0,100.0
8936,2473,Special Session,5,0,100.0
8937,2473,Budget Session,9,0,100.0
8938,2473,Winter Session,15,0,100.0
8939,2473,Special Session,4,0,100.0
8940,2473,Monsoon Session,17,0,100.0
8941,2473,Budget Session,25,0,100.0
8942,2473,Winter Session,13,0,100.0
8943,2473,Monsoon Session,16,0,100.0
8944,2473,Budget Session,29,0,100.0
8945,2473,Winter Session,18,0,100.0
8946,2473,Monsoon Session,17,0,100.0
8947,2473,Budget Session,33,0,100.0
8948,2473,Monsoon Session,18,0,100.0
8949,1998,Winter Session,15,0,100.0
8950,1998,Monsoon Session,21,0,100.0
8951,1998,Budget Session,27,0,100.0
8952,1998,Winter Session,19,0,100.0
8953,1998,Monsoon Session,16,0,100.0
8954,1998,Special Session,5,0,100.0
8955,1998,Budget Session,9,0,100.0
8956,1998,Winter Session,15,0,100.0
8957,1998,Special Session,4,0,100.0
8958,1998,Monsoon Session,17,0,100.0
8959,1998,Budget Session,25,0,100.0
8960,1998,Winter Session,13,0,100.0
8961,1998,Monsoon Session,16,0,100.0
8962,1998,Budget Session,29,0,100.0
8963,1998,Winter Session,18,0,100.0
8964,1998,Monsoon Session,17,0,100.0
8965,1998,Budget Session,33,0,100.0
8966,1998,Monsoon Session,18,0,100.0
8967,1998,Budget Session,34,0,100.0
8968,1998,Winter Session,20,0,100.0
8969,1998,Monsoon Session,35,0,100.0
8970,1998,Budget Session,10,0,100.0
8971,1998,Winter Session,18,0,100.0
8972,1998,Monsoon Session,17,0,100.0
8973,1998,Budget Session,22,0,100.0
8974,1998,Budget Session,8,0,100.0
8975,1998,Winter Session,13,0,100.0
8976,1998,Monsoon Session,19,0,100.0
8977,1998,Budget Session,21,0,100.0
8978,1998,Budget Session,8,0,100.0
8979,1998,Winter Session,21,0,100.0
8980,1998,Monsoon Session,20,0,100.0
8981,1998,Budget Session,15,0,100.0
8982,1998,Budget Session,16,0,100.0
8983,1998,Winter Session,20,0,100.0
8984,1998,Monsoon Session,17,0,100.0
8985,1998,Budget Session,13,0,100.0
8986,1998,Budget Session,19,0,100.0
8987,1998,Winter Session,22,0,100.0
8988,1998,Budget Session,27,0,100.0
8989,1998,Special Session,3,0,100.0
8990,1998,225th Part-1,14,0,100.0
8991,1998,Winter Session,24,0,100.0
8992,1998,Monsoon Session,26,0,100.0
8993,1998,Budget Session,23,0,100.0
8994,1998,Winter Session,23,0,100.0
8995,1998,Monsoon Session,26,0,100.0
8996,1998,219th Part-2,17,0,100.0
8997,1998,219th Part-1,15,0,100.0
8998,1998,Winter Session,23,0,100.0
8999,1998,Budget Session,26,0,100.0
9000,1998,Special Session,4,0,100.0
9001,1998,Budget Session,10,0,100.0
9002,1998,214th Part2,10,0,100.0
9003,1998,214th Part-1,6,0,100.0
9004,1998,Budget Session,35,0,100.0
9005,1998,Winter Session,17,0,100.0
9006,2474,Winter Session,15,0,100.0
9007,2474,Monsoon Session,21,0,100.0
9008,2474,Budget Session,27,0,100.0
9009,2474,Winter Session,19,0,100.0
9010,2474,Monsoon Session,16,0,100.0
9011,2474,Special Session,5,0,100.0
9012,2474,Budget Session,9,0,100.0
9013,2474,Winter Session,15,0,100.0
9014,2474,Special Session,4,0,100.0
9015,2474,Monsoon Session,17,0,100.0
9016,2474,Budget Session,25,0,100.0
9017,2474,Winter Session,13,0,100.0
9018,2474,Monsoon Session,16,0,100.0
9019,2474,Budget Session,29,0,100.0
9020,2474,Winter Session,18,0,100.0
9021,2474,Monsoon Session,17,0,100.0
9022,2474,Budget Session,33,0,100.0
9023,2474,Monsoon Session,18,0,100.0
9024,89,Winter Session,15,0,100.0
9025,89,Monsoon Session,21,0,100.0
9026,89,Budget Session,27,0,100.0
9027,89,Winter Session,19,0,100.0
9028,89,Monsoon Session,16,0,100.0
9029,89,Special Session,5,0,100.0
9030,89,Budget Session,9,0,100.0
9031,89,Winter Session,15,0,100.0
9032,89,Special Session,4,0,100.0
9033,89,Monsoon Session,17,0,100.0
9034,89,Budget Session,25,0,100.0
9035,89,Winter Session,13,0,100.0
9036,89,Monsoon Session,16,0,100.0
9037,89,Budget Session,29,0,100.0
9038,89,Winter Session,18,0,100.0
9039,89,Monsoon Session,17,0,100.0
9040,89,Budget Session,33,0,100.0
9041,89,Monsoon Session,18,0,100.0
9042,89,Budget Session,35,0,100.0
9043,89,Winter Session,17,0,100.0
9044,1999,225th Part-1,14,0,100.0
9045,1999,Winter Session,24,0,100.0
9046,1999,Monsoon Session,26,0,100.0
9047,1999,Budget Session,23,0,100.0
9048,1999,Winter Session,23,0,100.0
9049,1999,Monsoon Session,26,0,100.0
9050,1999,219th Part-2,17,0,100.0
9051,1999,219th Part-1,15,0,100.0
9052,1999,Winter Session,23,0,100.0
9053,1999,Budget Session,26,0,100.0
9054,1999,Special Session,4,0,100.0
9055,1999,Budget Session,10,0,100.0
9056,1999,214th Part2,10,0,100.0
9057,1999,214th Part-1,6,0,100.0
9058,1999,Budget Session,35,0,100.0
9059,1999,Winter Session,17,0,100.0
9060,2475,Winter Session,15,0,100.0
9061,2475,Monsoon Session,21,0,100.0
9062,2475,Budget Session,27,0,100.0
9063,2475,Winter Session,19,0,100.0
9064,2475,Monsoon Session,16,0,100.0
9065,2475,Special Session,5,0,100.0
9066,2475,Budget Session,9,0,100.0
9067,2475,Winter Session,15,0,100.0
9068,2475,Special Session,4,0,100.0
9069,2475,Monsoon Session,17,0,100.0
9070,2475,Budget Session,25,0,100.0
9071,2475,Winter Session,13,0,100.0
9072,2475,Monsoon Session,16,0,100.0
9073,2475,Budget Session,29,0,100.0
9074,2475,Winter Session,18,0,100.0
9075,2475,Monsoon Session,17,0,100.0
9076,2475,Budget Session,33,0,100.0
9077,2475,Monsoon Session,18,0,100.0
9078,2000,225th Part-1,14,0,100.0
9079,2000,Winter Session,24,0,100.0
9080,2000,Monsoon Session,26,0,100.0
9081,2000,Budget Session,23,0,100.0
9082,2000,Winter Session,23,0,100.0
9083,2000,Monsoon Session,26,0,100.0
9084,2000,219th Part-2,17,0,100.0
9085,2000,219th Part-1,15,0,100.0
9086,2000,Winter Session,23,0,100.0
9087,2000,Budget Session,26,0,100.0
9088,2000,Special Session,4,0,100.0
9089,2000,Budget Session,10,0,100.0
9090,2000,214th Part2,10,0,100.0
9091,2000,214th Part-1,6,0,100.0
9092,2000,Budget Session,35,0,100.0
9093,2000,Winter Session,17,0,100.0
9094,2476,Winter Session,15,0,100.0
9095,2476,Monsoon Session,21,0,100.0
9096,2476,Budget Session,27,0,100.0
9097,2476,Winter Session,19,0,100.0
9098,2476,Monsoon Session,16,0,100.0
9099,2476,Special Session,5,0,100.0
9100,2476,Budget Session,9,0,100.0
9101,2476,Winter Session,15,0,100.0
9102,2476,Special Session,4,0,100.0
9103,2476,Monsoon Session,17,0,100.0
9104,2476,Budget Session,25,0,100.0
9105,2476,Winter Session,13,0,100.0
9106,2476,Monsoon Session,16,0,100.0
9107,2476,Budget Session,29,0,100.0
9108,2476,Winter Session,18,0,100.0
9109,2476,Monsoon Session,17,0,100.0
9110,2476,Budget Session,33,0,100.0
9111,2476,Monsoon Session,18,0,100.0
9112,2001,225th Part-1,14,0,100.0
9113,2001,Winter Session,24,0,100.0
9114,2001,Monsoon Session,26,0,100.0
9115,2001,Budget Session,23,0,100.0
9116,2001,Winter Session,23,0,100.0
9117,2001,Monsoon Session,26,0,100.0
9118,2001,219th Part-2,17,0,100.0
9119,2001,219th Part-1,15,0,100.0
9120,2001,Winter Session,23,0,100.0
9121,2001,Budget Session,26,0,100.0
9122,2001,Special Session,4,0,100.0
9123,2001,Budget Session,10,0,100.0
9124,2001,214th Part2,10,0,100.0
9125,2001,214th Part-1,6,0,100.0
9126,2001,Budget Session,35,0,100.0
9127,2001,Winter Session,17,0,100.0
9128,2477,Winter Session,15,0,100.0
9129,2477,Monsoon Session,21,0,100.0
9130,2477,Budget Session,27,0,100.0
9131,2477,Winter Session,19,0,100.0
9132,2477,Monsoon Session,16,0,100.0
9133,2477,Special Session,5,0,100.0
9134,2477,Budget Session,9,0,100.0
9135,2477,Winter Session,15,0,100.0
9136,2477,Special Session,4,0,100.0
9137,2477,Monsoon Session,17,0,100.0
9138,2477,Budget Session,25,0,100.0
9139,2477,Winter Session,13,0,100.0
9140,2477,Monsoon Session,16,0,100.0
9141,2477,Budget Session,29,0,100.0
9142,2477,Winter Session,18,0,100.0
9143,2477,Monsoon Session,17,0,100.0
9144,2477,Budget Session,33,0,100.0
9145,2477,Monsoon Session,18,0,100.0
9146,2002,Budget Session,22,0,100.0
9147,2002,Budget Session,8,0,100.0
9148,2002,Winter Session,13,0,100.0
9149,2002,Monsoon Session,19,0,100.0
9150,2002,Budget Session,21,0,100.0
9151,2002,Budget Session,8,0,100.0
9152,2002,Winter Session,21,0,100.0
9153,2002,Monsoon Session,20,0,100.0
9154,2002,Budget Session,15,0,100.0
9155,2002,Budget Session,16,0,100.0
9156,2002,Winter Session,20,0,100.0
9157,2002,Monsoon Session,17,0,100.0
9158,2002,Budget Session,13,0,100.0
9159,2002,Budget Session,19,0,100.0
9160,2002,Winter Session,22,0,100.0
9161,2002,Budget Session,27,0,100.0
9162,2002,Special Session,3,0,100.0
9163,2002,Winter Session,12,0,100.0
9164,2002,Winter Session,10,0,100.0
9165,2002,Monsoon Session,21,0,100.0
9166,2002,Budget Session,11,0,100.0
9167,2002,Budget Session,21,0,100.0
9168,2002,Winter Session,20,0,100.0
9169,2002,Monsoon Session,19,0,100.0
9170,2002,225th Part-2,21,0,100.0
9171,2002,225th Part-1,14,0,100.0
9172,2002,Winter Session,24,0,100.0
9173,2002,Monsoon Session,26,0,100.0
9174,2002,Budget Session,23,0,100.0
9175,2002,Winter Session,23,0,100.0
9176,2002,Monsoon Session,26,0,100.0
9177,2002,219th Part-2,17,0,100.0
9178,2002,219th Part-1,15,0,100.0
9179,2002,Winter Session,23,0,100.0
9180,2002,Budget Session,26,0,100.0
9181,2002,Special Session,4,0,100.0
9182,2002,Budget Session,10,0,100.0
9183,2002,214th Part2,10,0,100.0
9184,2002,214th Part-1,6,0,100.0
9185,2002,Budget Session,35,0,100.0
9186,2002,Winter Session,17,0,100.0
9187,2478,Winter Session,15,0,100.0
9188,2478,Monsoon Session,21,0,100.0
9189,2478,Budget Session,27,0,100.0
9190,2478,Winter Session,19,0,100.0
9191,2478,Monsoon Session,16,0,100.0
9192,2478,Special Session,5,0,100.0
9193,2478,Budget Session,9,0,100.0
9194,2478,Winter Session,15,0,100.0
9195,2478,Special Session,4,0,100.0
9196,2478,Monsoon Session,17,0,100.0
9197,2478,Budget Session,25,0,100.0
9198,2478,Winter Session,13,0,100.0
9199,2478,Monsoon Session,16,0,100.0
9200,2478,Budget Session,29,0,100.0
9201,2478,Winter Session,18,0,100.0
9202,2478,Monsoon Session,17,0,100.0
9203,2478,Budget Session,33,0,100.0
9204,2478,Monsoon Session,18,0,100.0
9205,2003,225th Part-1,14,0,100.0
9206,2003,Winter Session,24,0,100.0
9207,2003,Monsoon Session,26,0,100.0
9208,2003,Budget Session,23,0,100.0
9209,2003,Winter Session,23,0,100.0
9210,2003,Monsoon Session,26,0,100.0
9211,2003,219th Part-2,17,0,100.0
9212,2003,219th Part-1,15,0,100.0
9213,2003,Winter Session,23,0,100.0
9214,2003,Budget Session,26,0,100.0
9215,2003,Special Session,4,0,100.0
9216,2003,Budget Session,10,0,100.0
9217,2003,214th Part2,10,0,100.0
9218,2003,214th Part-1,6,0,100.0
9219,2003,Budget Session,35,0,100.0
9220,2003,Winter Session,17,0,100.0
9221,2479,Winter Session,15,0,100.0
9222,2479,Monsoon Session,21,0,100.0
9223,2479,Budget Session,27,0,100.0
9224,2479,Winter Session,19,0,100.0
9225,2479,Monsoon Session,16,0,100.0
9226,2479,Special Session,5,0,100.0
9227,2479,Budget Session,9,0,100.0
9228,2479,Winter Session,15,0,100.0
9229,2479,Special Session,4,0,100.0
9230,2479,Monsoon Session,17,0,100.0
9231,2479,Budget Session,25,0,100.0
9232,2479,Winter Session,13,0,100.0
9233,2479,Monsoon Session,16,0,100.0
9234,2479,Budget Session,29,0,100.0
9235,2479,Winter Session,18,0,100.0
9236,2479,Monsoon Session,17,0,100.0
9237,2479,Budget Session,33,0,100.0
9238,2479,Monsoon Session,18,0,100.0
9239,2004,225th Part-1,14,0,100.0
9240,2004,Winter Session,24,0,100.0
9241,2004,Monsoon Session,26,0,100.0
9242,2004,Budget Session,23,0,100.0
9243,2004,Winter Session,23,0,100.0
9244,2004,Monsoon Session,26,0,100.0
9245,2004,219th Part-2,17,0,100.0
9246,2004,219th Part-1,15,0,100.0
9247,2004,Winter Session,23,0,100.0
9248,2004,Budget Session,26,0,100.0
9249,2004,Special Session,4,0,100.0
9250,2004,Budget Session,10,0,100.0
9251,2004,214th Part2,10,0,100.0
9252,2004,214th Part-1,6,0,100.0
9253,2004,Budget Session,35,0,100.0
9254,2004,Winter Session,17,0,100.0
9255,2480,Winter Session,15,0,100.0
9256,2480,Monsoon Session,21,0,100.0
9257,2480,Budget Session,27,0,100.0
9258,2480,Winter Session,19,0,100.0
9259,2480,Monsoon Session,16,0,100.0
9260,2480,Special Session,5,0,100.0
9261,2480,Budget Session,9,0,100.0
9262,2480,Winter Session,15,0,100.0
9263,2480,Special Session,4,0,100.0
9264,2480,Monsoon Session,17,0,100.0
9265,2480,Budget Session,25,0,100.0
9266,2480,Winter Session,13,0,100.0
9267,2480,Monsoon Session,16,0,100.0
9268,2480,Budget Session,29,0,100.0
9269,2480,Winter Session,18,0,100.0
9270,2480,Monsoon Session,17,0,100.0
9271,2480,Budget Session,33,0,100.0
9272,2480,Monsoon Session,18,0,100.0
9273,94,225th Part-1,14,0,100.0
9274,94,Winter Session,24,0,100.0
9275,94,Monsoon Session,26,0,100.0
9276,94,Budget Session,23,0,100.0
9277,94,Winter Session,23,0,100.0
9278,94,Monsoon Session,26,0,100.0
9279,94,219th Part-2,17,0,100.0
9280,94,219th Part-1,15,0,100.0
9281,94,Winter Session,23,0,100.0
9282,94,Budget Session,26,0,100.0
9283,94,Special Session,4,0,100.0
9284,94,Budget Session,10,0,100.0
9285,94,214th Part2,10,0,100.0
9286,94,214th Part-1,6,0,100.0
9287,94,Budget Session,35,0,100.0
9288,94,Winter Session,17,0,100.0
9289,2481,Winter Session,15,0,100.0
9290,2481,Monsoon Session,21,0,100.0
9291,2481,Budget Session,27,0,100.0
9292,2481,Winter Session,19,0,100.0
9293,2481,Monsoon Session,16,0,100.0
9294,2481,Special Session,5,0,100.0
9295,2481,Budget Session,9,0,100.0
9296,2481,Winter Session,15,0,100.0
9297,2481,Special Session,4,0,100.0
9298,2481,Monsoon Session,17,0,100.0
9299,2481,Budget Session,25,0,100.0
9300,2481,Winter Session,13,0,100.0
9301,2481,Monsoon Session,16,0,100.0
9302,2481,Budget Session,29,0,100.0
9303,2481,Winter Session,18,0,100.0
9304,2481,Monsoon Session,17,0,100.0
9305,2481,Budget Session,33,0,100.0
9306,2481,Monsoon Session,18,0,100.0
9307,2005,225th Part-1,14,0,100.0
9308,2005,Winter Session,24,0,100.0
9309,2005,Monsoon Session,26,0,100.0
9310,2005,Budget Session,23,0,100.0
9311,2005,Winter Session,23,0,100.0
9312,2005,Monsoon Session,26,0,100.0
9313,2005,219th Part-2,17,0,100.0
9314,2005,219th Part-1,15,0,100.0
9315,2005,Winter Session,23,0,100.0
9316,2005,Budget Session,26,0,100.0
9317,2005,Special Session,4,0,100.0
9318,2005,Budget Session,10,0,100.0
9319,2005,214th Part2,10,0,100.0
9320,2005,214th Part-1,6,0,100.0
9321,2005,Budget Session,35,0,100.0
9322,2005,Winter Session,17,0,100.0
9323,2006,225th Part-1,14,0,100.0
9324,2006,Winter Session,24,0,100.0
9325,2006,Monsoon Session,26,0,100.0
9326,2006,Budget Session,23,0,100.0
9327,2006,Winter Session,23,0,100.0
9328,2006,Monsoon Session,26,0,100.0
9329,2006,219th Part-2,17,0,100.0
9330,2006,219th Part-1,15,0,100.0
9331,2006,Winter Session,23,0,100.0
9332,2006,Budget Session,26,0,100.0
9333,2006,Special Session,4,0,100.0
9334,2006,Budget Session,10,0,100.0
9335,2006,214th Part2,10,0,100.0
9336,2006,214th Part-1,6,0,100.0
9337,2006,Budget Session,35,0,100.0
9338,2006,Winter Session,17,0,100.0
9339,2482,Winter Session,15,0,100.0
9340,2482,Monsoon Session,21,0,100.0
9341,2482,Budget Session,27,0,100.0
9342,2482,Winter Session,19,0,100.0
9343,2482,Monsoon Session,16,0,100.0
9344,2482,Special Session,5,0,100.0
9345,2482,Budget Session,9,0,100.0
9346,2482,Winter Session,15,0,100.0
9347,2482,Special Session,4,0,100.0
9348,2482,Monsoon Session,17,0,100.0
9349,2482,Budget Session,25,0,100.0
9350,2482,Winter Session,13,0,100.0
9351,2482,Monsoon Session,16,0,100.0
9352,2482,Budget Session,29,0,100.0
9353,2482,Winter Session,18,0,100.0
9354,2482,Monsoon Session,17,0,100.0
9355,2482,Budget Session,33,0,100.0
9356,2482,Monsoon Session,18,0,100.0
9357,2007,Budget Session,22,0,100.0
9358,2007,Budget Session,8,0,100.0
9359,2007,Winter Session,13,0,100.0
9360,2007,Monsoon Session,19,0,100.0
9361,2007,Budget Session,21,0,100.0
9362,2007,Budget Session,8,0,100.0
9363,2007,Winter Session,21,0,100.0
9364,2007,Monsoon Session,20,0,100.0
9365,2007,Budget Session,15,0,100.0
9366,2007,Budget Session,16,0,100.0
9367,2007,Winter Session,20,0,100.0
9368,2007,Monsoon Session,17,0,100.0
9369,2007,Budget Session,13,0,100.0
9370,2007,Budget Session,19,0,100.0
9371,2007,Winter Session,22,0,100.0
9372,2007,Budget Session,27,0,100.0
9373,2007,Special Session,3,0,100.0
9374,2007,Winter Session,12,0,100.0
9375,2007,Winter Session,10,0,100.0
9376,2007,Monsoon Session,21,0,100.0
9377,2007,Budget Session,11,0,100.0
9378,2007,Budget Session,21,0,100.0
9379,2007,Winter Session,20,0,100.0
9380,2007,Monsoon Session,19,0,100.0
9381,2007,225th Part-2,21,0,100.0
9382,2007,225th Part-1,14,0,100.0
9383,2007,Winter Session,24,0,100.0
9384,2007,Monsoon Session,26,0,100.0
9385,2007,Budget Session,23,0,100.0
9386,2007,Winter Session,23,0,100.0
9387,2007,Monsoon Session,26,0,100.0
9388,2007,219th Part-2,17,0,100.0
9389,2007,219th Part-1,15,0,100.0
9390,2007,Winter Session,23,0,100.0
9391,2007,Budget Session,26,0,100.0
9392,2007,Special Session,4,0,100.0
9393,2007,Budget Session,10,0,100.0
9394,2007,214th Part2,10,0,100.0
9395,2007,214th Part-1,6,0,100.0
9396,2007,Budget Session,35,0,100.0
9397,2007,Winter Session,17,0,100.0
9398,2483,Winter Session,15,0,100.0
9399,2483,Monsoon Session,21,0,100.0
9400,2483,Budget Session,27,0,100.0
9401,2483,Winter Session,19,0,100.0
9402,2483,Monsoon Session,16,0,100.0
9403,2483,Special Session,5,0,100.0
9404,2483,Budget Session,9,0,100.0
9405,2483,Winter Session,15,0,100.0
9406,2483,Special Session,4,0,100.0
9407,2483,Monsoon Session,17,0,100.0
9408,2483,Budget Session,25,0,100.0
9409,2483,Winter Session,13,0,100.0
9410,2483,Monsoon Session,16,0,100.0
9411,2483,Budget Session,29,0,100.0
9412,2483,Winter Session,18,0,100.0
9413,2483,Monsoon Session,17,0,100.0
9414,2483,Budget Session,33,0,100.0
9415,2483,Monsoon Session,18,0,100.0
9416,2484,Budget Session,29,0,100.0
9417,2484,Winter Session,18,0,100.0
9418,2484,Monsoon Session,17,0,100.0
9419,2484,Budget Session,33,0,100.0
9420,2484,Monsoon Session,18,0,100.0
9421,2008,225th Part-1,14,0,100.0
9422,2008,Winter Session,24,0,100.0
9423,2008,Monsoon Session,26,0,100.0
9424,2008,Budget Session,23,0,100.0
9425,2008,Winter Session,23,0,100.0
9426,2008,Monsoon Session,26,0,100.0
9427,2008,219th Part-2,17,0,100.0
9428,2008,219th Part-1,15,0,100.0
9429,2008,Winter Session,23,0,100.0
9430,2008,Budget Session,26,0,100.0
9431,2008,Special Session,4,0,100.0
9432,2008,Budget Session,10,0,100.0
9433,2008,214th Part2,10,0,100.0
9434,2008,214th Part-1,6,0,100.0
9435,2008,Budget Session,35,0,100.0
9436,2008,Winter Session,17,0,100.0
9437,2009,Budget Session,34,0,100.0
9438,2009,Winter Session,20,0,100.0
9439,2009,Monsoon Session,35,0,100.0
9440,2009,Budget Session,10,0,100.0
9441,2009,Winter Session,18,0,100.0
9442,2009,Monsoon Session,17,0,100.0
9443,2009,Budget Session,22,0,100.0
9444,2009,Budget Session,8,0,100.0
9445,2009,Winter Session,13,0,100.0
9446,2009,Monsoon Session,19,0,100.0
9447,2009,Budget Session,21,0,100.0
9448,2009,Budget Session,8,0,100.0
9449,2009,Winter Session,21,0,100.0
9450,2009,Monsoon Session,20,0,100.0
9451,2009,Budget Session,15,0,100.0
9452,2009,Budget Session,16,0,100.0
9453,2009,Winter Session,20,0,100.0
9454,2009,Monsoon Session,17,0,100.0
9455,2009,Budget Session,13,0,100.0
9456,2009,Budget Session,19,0,100.0
9457,2009,Winter Session,22,0,100.0
9458,2009,Budget Session,27,0,100.0
9459,2009,Special Session,3,0,100.0
9460,2009,225th Part-1,14,0,100.0
9461,2009,Winter Session,24,0,100.0
9462,2009,Monsoon Session,26,0,100.0
9463,2009,Budget Session,23,0,100.0
9464,2009,Winter Session,23,0,100.0
9465,2009,Monsoon Session,26,0,100.0
9466,2009,219th Part-2,17,0,100.0
9467,2009,219th Part-1,15,0,100.0
9468,2009,Winter Session,23,0,100.0
9469,2009,Budget Session,26,0,100.0
9470,2009,Special Session,4,0,100.0
9471,2009,Budget Session,10,0,100.0
9472,2009,214th Part2,10,0,100.0
9473,2009,214th Part-1,6,0,100.0
9474,2009,Budget Session,35,0,100.0
9475,2009,Winter Session,17,0,100.0
9476,2010,Budget Session,9,0,100.0
9477,2010,Winter Session,15,0,100.0
9478,2010,Special Session,4,0,100.0
9479,2010,Monsoon Session,17,0,100.0
9480,2010,Budget Session,25,0,100.0
9481,2010,Winter Session,13,0,100.0
9482,2010,Monsoon Session,16,0,100.0
9483,2010,Budget Session,29,0,100.0
9484,2010,Winter Session,18,0,100.0
9485,2010,Monsoon Session,17,0,100.0
9486,2010,Budget Session,33,0,100.0
9487,2010,Monsoon Session,18,0,100.0
9488,2010,Budget Session,34,0,100.0
9489,2010,Winter Session,20,0,100.0
9490,2010,Monsoon Session,35,0,100.0
9491,2010,Budget Session,10,0,100.0
9492,2010,Winter Session,18,0,100.0
9493,2010,Monsoon Session,17,0,100.0
9494,2010,Budget Session,22,0,100.0
9495,2010,Budget Session,22,0,100.0
9496,2010,Budget Session,8,0,100.0
9497,2010,Winter Session,13,0,100.0
9498,2010,Monsoon Session,19,0,100.0
9499,2010,Budget Session,21,0,100.0
9500,2010,Budget Session,8,0,100.0
9501,2010,Winter Session,21,0,100.0
9502,2010,Monsoon Session,20,0,100.0
9503,2010,Budget Session,15,0,100.0
9504,2010,Budget Session,16,0,100.0
9505,2010,Winter Session,20,0,100.0
9506,2010,Monsoon Session,17,0,100.0
9507,2010,Budget Session,13,0,100.0
9508,2010,Budget Session,19,0,100.0
9509,2010,Winter Session,22,0,100.0
9510,2010,Budget Session,27,0,100.0
9511,2010,Special Session,3,0,100.0
9512,2010,Winter Session,12,0,100.0
9513,2010,Winter Session,10,0,100.0
9514,2010,Monsoon Session,21,0,100.0
9515,2010,Budget Session,11,0,100.0
9516,2010,Budget Session,21,0,100.0
9517,2010,Winter Session,20,0,100.0
9518,2010,Monsoon Session,19,0,100.0
9519,2010,225th Part-2,21,0,100.0
9520,2010,225th Part-1,14,0,100.0
9521,2010,Winter Session,24,0,100.0
9522,2010,Monsoon Session,26,0,100.0
9523,2010,Budget Session,23,0,100.0
9524,2010,Winter Session,23,0,100.0
9525,2010,Monsoon Session,26,0,100.0
9526,2010,219th Part-2,17,0,100.0
9527,2010,219th Part-1,15,0,100.0
9528,2010,Winter Session,23,0,100.0
9529,2010,Budget Session,26,0,100.0
9530,2010,Special Session,4,0,100.0
9531,2010,Budget Session,10,0,100.0
9532,2010,214th Part2,10,0,100.0
9533,2010,214th Part-1,6,0,100.0
9534,2010,Budget Session,35,0,100.0
9535,2010,Winter Session,17,0,100.0
9536,2485,Budget Session,29,0,100.0
9537,2485,Winter Session,18,0,100.0
9538,2485,Monsoon Session,17,0,100.0
9539,2485,Budget Session,33,0,100.0
9540,2485,Monsoon Session,18,0,100.0
9541,2486,Budget Session,29,0,100.0
9542,2486,Winter Session,18,0,100.0
9543,2486,Monsoon Session,17,0,100.0
9544,2486,Budget Session,33,0,100.0
9545,2486,Monsoon Session,18,0,100.0
9546,101,225th Part-1,14,0,100.0
9547,101,Winter Session,24,0,100.0
9548,101,Monsoon Session,26,0,100.0
9549,101,Budget Session,23,0,100.0
9550,101,Winter Session,23,0,100.0
9551,101,Monsoon Session,26,0,100.0
9552,101,219th Part-2,17,0,100.0
9553,101,219th Part-1,15,0,100.0
9554,101,Winter Session,23,0,100.0
9555,101,Budget Session,26,0,100.0
9556,101,Special Session,4,0,100.0
9557,101,Budget Session,10,0,100.0
9558,101,214th Part2,10,0,100.0
9559,101,214th Part-1,6,0,100.0
9560,101,Budget Session,35,0,100.0
9561,101,Winter Session,17,0,100.0
9562,2011,225th Part-1,14,0,100.0
9563,2011,Winter Session,24,0,100.0
9564,2011,Monsoon Session,26,0,100.0
9565,2011,Budget Session,23,0,100.0
9566,2011,Winter Session,23,0,100.0
9567,2011,Monsoon Session,26,0,100.0
9568,2011,219th Part-2,17,0,100.0
9569,2011,219th Part-1,15,0,100.0
9570,2011,Winter Session,23,0,100.0
9571,2011,Budget Session,26,0,100.0
9572,2011,Special Session,4,0,100.0
9573,2011,Budget Session,10,0,100.0
9574,2011,214th Part2,10,0,100.0
9575,2011,214th Part-1,6,0,100.0
9576,2011,Budget Session,35,0,100.0
9577,2011,Winter Session,17,0,100.0
9578,2012,225th Part-1,14,0,100.0
9579,2012,Winter Session,24,0,100.0
9580,2012,Monsoon Session,26,0,100.0
9581,2012,Budget Session,23,0,100.0
9582,2012,Winter Session,23,0,100.0
9583,2012,Monsoon Session,26,0,100.0
9584,2012,219th Part-2,17,0,100.0
9585,2012,219th Part-1,15,0,100.0
9586,2012,Winter Session,23,0,100.0
9587,2012,Budget Session,26,0,100.0
9588,2012,Special Session,4,0,100.0
9589,2012,Budget Session,10,0,100.0
9590,2012,214th Part2,10,0,100.0
9591,2012,214th Part-1,6,0,100.0
9592,2012,Budget Session,35,0,100.0
9593,2012,Winter Session,17,0,100.0
9594,2487,Winter Session,15,0,100.0
9595,2487,Monsoon Session,21,0,100.0
9596,2487,Budget Session,27,0,100.0
9597,2487,Winter Session,19,0,100.0
9598,2487,Monsoon Session,16,0,100.0
9599,2487,Special Session,5,0,100.0
9600,2487,Budget Session,9,0,100.0
9601,2487,Winter Session,15,0,100.0
9602,2487,Special Session,4,0,100.0
9603,2487,Monsoon Session,17,0,100.0
9604,2487,Budget Session,25,0,100.0
9605,2487,Winter Session,13,0,100.0
9606,2487,Monsoon Session,16,0,100.0
9607,2487,Budget Session,29,0,100.0
9608,2487,Winter Session,18,0,100.0
9609,2487,Monsoon Session,17,0,100.0
9610,2487,Budget Session,33,0,100.0
9611,2489,Winter Session,15,0,100.0
9612,2489,Monsoon Session,21,0,100.0
9613,2489,Budget Session,27,0,100.0
9614,2489,Winter Session,19,0,100.0
9615,2489,Monsoon Session,16,0,100.0
9616,2489,Special Session,5,0,100.0
9617,2489,Budget Session,9,0,100.0
9618,2489,Winter Session,15,0,100.0
9619,2489,Special Session,4,0,100.0
9620,2489,Monsoon Session,17,0,100.0
9621,2489,Budget Session,25,0,100.0
9622,2489,Winter Session,13,0,100.0
9623,2489,Monsoon Session,16,0,100.0
9624,2489,Budget Session,29,0,100.0
9625,2489,Winter Session,18,0,100.0
9626,2489,Monsoon Session,17,0,100.0
9627,2489,Budget Session,33,0,100.0
9628,2013,225th Part-1,14,0,100.0
9629,2013,Winter Session,24,0,100.0
9630,2013,Monsoon Session,26,0,100.0
9631,2013,Budget Session,23,0,100.0
9632,2013,Winter Session,23,0,100.0
9633,2013,Monsoon Session,26,0,100.0
9634,2013,219th Part-2,17,0,100.0
9635,2013,219th Part-1,15,0,100.0
9636,2013,Winter Session,23,0,100.0
9637,2013,Budget Session,26,0,100.0
9638,2013,Special Session,4,0,100.0
9639,2013,Budget Session,10,0,100.0
9640,2013,214th Part2,10,0,100.0
9641,2013,214th Part-1,6,0,100.0
9642,2013,Budget Session,35,0,100.0
9643,2013,Winter Session,17,0,100.0
9644,2488,Winter Session,15,0,100.0
9645,2488,Monsoon Session,21,0,100.0
9646,2488,Budget Session,27,0,100.0
9647,2488,Winter Session,19,0,100.0
9648,2488,Monsoon Session,16,0,100.0
9649,2488,Special Session,5,0,100.0
9650,2488,Budget Session,9,0,100.0
9651,2488,Winter Session,15,0,100.0
9652,2488,Special Session,4,0,100.0
9653,2488,Monsoon Session,17,0,100.0
9654,2488,Budget Session,25,0,100.0
9655,2488,Winter Session,13,0,100.0
9656,2488,Monsoon Session,16,0,100.0
9657,2488,Budget Session,29,0,100.0
9658,2488,Winter Session,18,0,100.0
9659,2488,Monsoon Session,17,0,100.0
9660,2488,Budget Session,33,0,100.0
9661,103,219th Part-1,15,0,100.0
9662,103,Winter Session,23,0,100.0
9663,103,Budget Session,26,0,100.0
9664,103,Special Session,4,0,100.0
9665,103,Budget Session,10,0,100.0
9666,103,214th Part2,10,0,100.0
9667,103,214th Part-1,6,0,100.0
9668,103,Budget Session,35,0,100.0
9669,103,Winter Session,17,0,100.0
9670,2490,Winter Session,15,0,100.0
9671,2490,Monsoon Session,21,0,100.0
9672,2490,Budget Session,27,0,100.0
9673,2490,Winter Session,19,0,100.0
9674,2490,Monsoon Session,16,0,100.0
9675,2490,Special Session,5,0,100.0
9676,2490,Budget Session,9,0,100.0
9677,2490,Winter Session,15,0,100.0
9678,2490,Special Session,4,0,100.0
9679,2490,Monsoon Session,17,0,100.0
9680,2490,Budget Session,25,0,100.0
9681,2490,Winter Session,13,0,100.0
9682,2490,Monsoon Session,16,0,100.0
9683,2490,Budget Session,29,0,100.0
9684,2490,Winter Session,18,0,100.0
9685,2490,Monsoon Session,17,0,100.0
9686,2490,Budget Session,33,0,100.0
9687,2014,225th Part-1,14,0,100.0
9688,2014,Winter Session,24,0,100.0
9689,2014,Monsoon Session,26,0,100.0
9690,2014,Budget Session,23,0,100.0
9691,2014,Winter Session,23,0,100.0
9692,2014,Monsoon Session,26,0,100.0
9693,2014,219th Part-2,17,0,100.0
9694,2014,219th Part-1,15,0,100.0
9695,2014,Winter Session,23,0,100.0
9696,2014,Budget Session,26,0,100.0
9697,2014,Special Session,4,0,100.0
9698,2014,Budget Session,10,0,100.0
9699,2014,214th Part2,10,0,100.0
9700,2014,214th Part-1,6,0,100.0
9701,2014,Budget Session,35,0,100.0
9702,2014,Winter Session,17,0,100.0
9703,2015,225th Part-1,14,0,100.0
9704,2015,Winter Session,24,0,100.0
9705,2015,Monsoon Session,26,0,100.0
9706,2015,Budget Session,23,0,100.0
9707,2015,Winter Session,23,0,100.0
9708,2015,Monsoon Session,26,0,100.0
9709,2015,219th Part-2,17,0,100.0
9710,2015,219th Part-1,15,0,100.0
9711,2015,Winter Session,23,0,100.0
9712,2015,Budget Session,26,0,100.0
9713,2015,Special Session,4,0,100.0
9714,2015,Budget Session,10,0,100.0
9715,2015,214th Part2,10,0,100.0
9716,2015,214th Part-1,6,0,100.0
9717,2015,Budget Session,35,0,100.0
9718,2015,Winter Session,17,0,100.0
9719,2491,Winter Session,15,0,100.0
9720,2491,Monsoon Session,21,0,100.0
9721,2491,Budget Session,27,0,100.0
9722,2491,Winter Session,19,0,100.0
9723,2491,Monsoon Session,16,0,100.0
9724,2491,Special Session,5,0,100.0
9725,2491,Budget Session,9,0,100.0
9726,2491,Winter Session,15,0,100.0
9727,2491,Special Session,4,0,100.0
9728,2491,Monsoon Session,17,0,100.0
9729,2491,Budget Session,25,0,100.0
9730,2491,Winter Session,13,0,100.0
9731,2491,Monsoon Session,16,0,100.0
9732,2491,Budget Session,29,0,100.0
9733,2491,Winter Session,18,0,100.0
9734,2491,Monsoon Session,17,0,100.0
9735,2491,Budget Session,33,0,100.0
9736,2016,225th Part-1,14,0,100.0
9737,2016,Winter Session,24,0,100.0
9738,2016,Monsoon Session,26,0,100.0
9739,2016,Budget Session,23,0,100.0
9740,2016,Winter Session,23,0,100.0
9741,2016,Monsoon Session,26,0,100.0
9742,2016,219th Part-2,17,0,100.0
9743,2016,219th Part-1,15,0,100.0
9744,2016,Winter Session,23,0,100.0
9745,2016,Budget Session,26,0,100.0
9746,2016,Special Session,4,0,100.0
9747,2016,Budget Session,10,0,100.0
9748,2016,214th Part2,10,0,100.0
9749,2016,214th Part-1,6,0,100.0
9750,2016,Budget Session,35,0,100.0
9751,2016,Winter Session,17,0,100.0
9752,2492,Winter Session,15,0,100.0
9753,2492,Monsoon Session,21,0,100.0
9754,2492,Budget Session,27,0,100.0
9755,2492,Winter Session,19,0,100.0
9756,2492,Monsoon Session,16,0,100.0
9757,2492,Special Session,5,0,100.0
9758,2492,Budget Session,9,0,100.0
9759,2492,Winter Session,15,0,100.0
9760,2492,Special Session,4,0,100.0
9761,2492,Monsoon Session,17,0,100.0
9762,2492,Budget Session,25,0,100.0
9763,2492,Winter Session,13,0,100.0
9764,2492,Monsoon Session,16,0,100.0
9765,2492,Budget Session,29,0,100.0
9766,2492,Winter Session,18,0,100.0
9767,2492,Monsoon Session,17,0,100.0
9768,2492,Budget Session,33,0,100.0
9769,2493,Winter Session,15,0,100.0
9770,2493,Monsoon Session,21,0,100.0
9771,2493,Budget Session,27,0,100.0
9772,2493,Winter Session,19,0,100.0
9773,2493,Monsoon Session,16,0,100.0
9774,2493,Special Session,5,0,100.0
9775,2493,Budget Session,9,0,100.0
9776,2493,Winter Session,15,0,100.0
9777,2493,Special Session,4,0,100.0
9778,2493,Monsoon Session,17,0,100.0
9779,2493,Budget Session,25,0,100.0
9780,2493,Winter Session,13,0,100.0
9781,2493,Monsoon Session,16,0,100.0
9782,2493,Budget Session,29,0,100.0
9783,2493,Winter Session,18,0,100.0
9784,2493,Monsoon Session,17,0,100.0
9785,2493,Budget Session,33,0,100.0
9786,2017,Budget Session,22,0,100.0
9787,2017,Budget Session,8,0,100.0
9788,2017,Winter Session,13,0,100.0
9789,2017,Monsoon Session,19,0,100.0
9790,2017,Budget Session,21,0,100.0
9791,2017,Budget Session,8,0,100.0
9792,2017,Winter Session,21,0,100.0
9793,2017,Monsoon Session,20,0,100.0
9794,2017,Budget Session,15,0,100.0
9795,2017,Budget Session,16,0,100.0
9796,2017,Winter Session,20,0,100.0
9797,2017,Monsoon Session,17,0,100.0
9798,2017,Budget Session,13,0,100.0
9799,2017,Budget Session,19,0,100.0
9800,2017,Winter Session,22,0,100.0
9801,2017,Budget Session,27,0,100.0
9802,2017,Special Session,3,0,100.0
9803,2017,Winter Session,12,0,100.0
9804,2017,Winter Session,10,0,100.0
9805,2017,Monsoon Session,21,0,100.0
9806,2017,Budget Session,11,0,100.0
9807,2017,Budget Session,21,0,100.0
9808,2017,Winter Session,20,0,100.0
9809,2017,Monsoon Session,19,0,100.0
9810,2017,225th Part-2,21,0,100.0
9811,2017,225th Part-1,14,0,100.0
9812,2017,Winter Session,24,0,100.0
9813,2017,Monsoon Session,26,0,100.0
9814,2017,Budget Session,23,0,100.0
9815,2017,Winter Session,23,0,100.0
9816,2017,Monsoon Session,26,0,100.0
9817,2017,219th Part-2,17,0,100.0
9818,2017,219th Part-1,15,0,100.0
9819,2017,Winter Session,23,0,100.0
9820,2017,Budget Session,26,0,100.0
9821,2017,Special Session,4,0,100.0
9822,2017,Budget Session,10,0,100.0
9823,2017,214th Part2,10,0,100.0
9824,2017,214th Part-1,6,0,100.0
9825,2017,Budget Session,35,0,100.0
9826,2017,Winter Session,17,0,100.0
9827,2494,Winter Session,15,0,100.0
9828,2494,Monsoon Session,21,0,100.0
9829,2494,Budget Session,27,0,100.0
9830,2494,Winter Session,19,0,100.0
9831,2494,Monsoon Session,16,0,100.0
9832,2494,Special Session,5,0,100.0
9833,2494,Budget Session,9,0,100.0
9834,2494,Winter Session,15,0,100.0
9835,2494,Special Session,4,0,100.0
9836,2494,Monsoon Session,17,0,100.0
9837,2494,Budget Session,25,0,100.0
9838,2494,Winter Session,13,0,100.0
9839,2494,Monsoon Session,16,0,100.0
9840,2494,Budget Session,29,0,100.0
9841,2494,Winter Session,18,0,100.0
9842,2494,Monsoon Session,17,0,100.0
9843,2494,Budget Session,33,0,100.0
9844,2018,Budget Session,22,0,100.0
9845,2018,Budget Session,8,0,100.0
9846,2018,Winter Session,13,0,100.0
9847,2018,Monsoon Session,19,0,100.0
9848,2018,Budget Session,21,0,100.0
9849,2018,Budget Session,8,0,100.0
9850,2018,Winter Session,21,0,100.0
9851,2018,Monsoon Session,20,0,100.0
9852,2018,Budget Session,15,0,100.0
9853,2018,Budget Session,16,0,100.0
9854,2018,Winter Session,20,0,100.0
9855,2018,Monsoon Session,17,0,100.0
9856,2018,Budget Session,13,0,100.0
9857,2018,Budget Session,19,0,100.0
9858,2018,Winter Session,22,0,100.0
9859,2018,Budget Session,27,0,100.0
9860,2018,Special Session,3,0,100.0
9861,2018,Winter Session,12,0,100.0
9862,2018,Winter Session,10,0,100.0
9863,2018,Monsoon Session,21,0,100.0
9864,2018,Budget Session,11,0,100.0
9865,2018,Budget Session,21,0,100.0
9866,2018,Winter Session,20,0,100.0
9867,2018,Monsoon Session,19,0,100.0
9868,2018,225th Part-2,21,0,100.0
9869,2018,225th Part-1,14,0,100.0
9870,2018,Winter Session,24,0,100.0
9871,2018,Monsoon Session,26,0,100.0
9872,2018,Budget Session,23,0,100.0
9873,2018,Winter Session,23,0,100.0
9874,2018,Monsoon Session,26,0,100.0
9875,2018,219th Part-2,17,0,100.0
9876,2018,219th Part-1,15,0,100.0
9877,2018,Winter Session,23,0,100.0
9878,2018,Budget Session,26,0,100.0
9879,2018,Special Session,4,0,100.0
9880,2018,Budget Session,10,0,100.0
9881,2018,214th Part2,10,0,100.0
9882,2018,214th Part-1,6,0,100.0
9883,2018,Budget Session,35,0,100.0
9884,2018,Winter Session,17,0,100.0
9885,2498,Winter Session,15,0,100.0
9886,2498,Monsoon Session,21,0,100.0
9887,2498,Budget Session,27,0,100.0
9888,2498,Winter Session,19,0,100.0
9889,2498,Monsoon Session,16,0,100.0
9890,2498,Special Session,5,0,100.0
9891,2498,Budget Session,9,0,100.0
9892,2498,Winter Session,15,0,100.0
9893,2498,Special Session,4,0,100.0
9894,2498,Monsoon Session,17,0,100.0
9895,2498,Budget Session,25,0,100.0
9896,2498,Winter Session,13,0,100.0
9897,2498,Monsoon Session,16,0,100.0
9898,2498,Budget Session,29,0,100.0
9899,2498,Winter Session,18,0,100.0
9900,2498,Monsoon Session,17,0,100.0
9901,109,Winter Session,15,0,100.0
9902,109,Monsoon Session,21,0,100.0
9903,109,Budget Session,27,0,100.0
9904,109,Winter Session,19,0,100.0
9905,109,Monsoon Session,16,0,100.0
9906,109,Special Session,5,0,100.0
9907,109,Budget Session,9,0,100.0
9908,109,Winter Session,15,0,100.0
9909,109,Special Session,4,0,100.0
9910,109,Monsoon Session,17,0,100.0
9911,109,Budget Session,25,0,100.0
9912,109,Winter Session,13,0,100.0
9913,109,Monsoon Session,16,0,100.0
9914,109,Budget Session,29,0,100.0
9915,109,Winter Session,18,0,100.0
9916,109,Monsoon Session,17,0,100.0
9917,109,Budget Session,33,0,100.0
9918,109,Monsoon Session,18,0,100.0
9919,109,Budget Session,34,0,100.0
9920,109,Winter Session,20,0,100.0
9921,109,Monsoon Session,35,0,100.0
9922,109,Budget Session,10,0,100.0
9923,109,Winter Session,18,0,100.0
9924,109,Monsoon Session,17,0,100.0
9925,109,Budget Session,22,0,100.0
9926,109,Budget Session,8,0,100.0
9927,109,Winter Session,13,0,100.0
9928,109,Monsoon Session,19,0,100.0
9929,109,Budget Session,21,0,100.0
9930,109,Budget Session,8,0,100.0
9931,109,Winter Session,21,0,100.0
9932,109,Monsoon Session,20,0,100.0
9933,109,Budget Session,15,0,100.0
9934,109,Budget Session,16,0,100.0
9935,109,Winter Session,20,0,100.0
9936,109,Monsoon Session,17,0,100.0
9937,109,Budget Session,13,0,100.0
9938,109,Budget Session,19,0,100.0
9939,109,Winter Session,22,0,100.0
9940,109,Winter Session,22,0,100.0
9941,109,Budget Session,27,0,100.0
9942,109,Special Session,3,0,100.0
9943,109,Winter Session,12,0,100.0
9944,109,Winter Session,10,0,100.0
9945,109,Monsoon Session,21,0,100.0
9946,109,Budget Session,11,0,100.0
9947,109,Budget Session,21,0,100.0
9948,109,Winter Session,20,0,100.0
9949,109,Monsoon Session,19,0,100.0
9950,109,225th Part-2,21,0,100.0
9951,109,225th Part-1,14,0,100.0
9952,109,Winter Session,24,0,100.0
9953,109,Monsoon Session,26,0,100.0
9954,109,Budget Session,23,0,100.0
9955,109,Winter Session,23,0,100.0
9956,109,Monsoon Session,26,0,100.0
9957,109,219th Part-2,17,0,100.0
9958,109,219th Part-1,15,0,100.0
9959,109,Winter Session,23,0,100.0
9960,109,Budget Session,26,0,100.0
9961,109,Special Session,4,0,100.0
9962,109,Budget Session,10,0,100.0
9963,109,214th Part2,10,0,100.0
9964,2495,Budget Session,9,0,100.0
9965,2495,Winter Session,15,0,100.0
9966,2495,Special Session,4,0,100.0
9967,2495,Monsoon Session,17,0,100.0
9968,2495,Budget Session,25,0,100.0
9969,2495,Winter Session,13,0,100.0
9970,2495,Monsoon Session,16,0,100.0
9971,2495,Budget Session,29,0,100.0
9972,2495,Winter Session,18,0,100.0
9973,2495,Monsoon Session,17,0,100.0
9974,2495,Budget Session,33,0,100.0
9975,2019,225th Part-1,14,0,100.0
9976,2019,Winter Session,24,0,100.0
9977,2019,Monsoon Session,26,0,100.0
9978,2019,Budget Session,23,0,100.0
9979,2019,Winter Session,23,0,100.0
9980,2019,Monsoon Session,26,0,100.0
9981,2019,219th Part-2,17,0,100.0
9982,2019,219th Part-1,15,0,100.0
9983,2019,Winter Session,23,0,100.0
9984,2019,Budget Session,26,0,100.0
9985,2019,Special Session,4,0,100.0
9986,2019,Budget Session,10,0,100.0
9987,2019,214th Part2,10,0,100.0
9988,2019,214th Part-1,6,0,100.0
9989,2019,Budget Session,35,0,100.0
9990,2019,Winter Session,17,0,100.0
9991,2496,Monsoon Session,17,0,100.0
9992,2496,Budget Session,25,0,100.0
9993,2496,Winter Session,13,0,100.0
9994,2496,Monsoon Session,16,0,100.0
9995,2496,Budget Session,29,0,100.0
9996,2496,Winter Session,18,0,100.0
9997,2496,Monsoon Session,17,0,100.0
9998,2496,Budget Session,33,0,100.0
9999,2020,225th Part-1,14,0,100.0
10000,2020,Winter Session,24,0,100.0
10001,2020,Monsoon Session,26,0,100.0
10002,2020,Budget Session,23,0,100.0
10003,2020,Winter Session,23,0,100.0
10004,2020,Monsoon Session,26,0,100.0
10005,2020,219th Part-2,17,0,100.0
10006,2020,219th Part-1,15,0,100.0
10007,2020,Winter Session,23,0,100.0
10008,2020,Budget Session,26,0,100.0
10009,2020,Special Session,4,0,100.0
10010,2020,Budget Session,10,0,100.0
10011,2020,214th Part2,10,0,100.0
10012,2020,214th Part-1,6,0,100.0
10013,2020,Budget Session,35,0,100.0
10014,2020,Winter Session,17,0,100.0
10015,2021,Budget Session,22,0,100.0
10016,2021,Budget Session,8,0,100.0
10017,2021,Winter Session,13,0,100.0
10018,2021,Monsoon Session,19,0,100.0
10019,2021,Budget Session,21,0,100.0
10020,2021,Budget Session,8,0,100.0
10021,2021,Winter Session,21,0,100.0
10022,2021,Monsoon Session,20,0,100.0
10023,2021,Budget Session,15,0,100.0
10024,2021,Budget Session,16,0,100.0
10025,2021,Winter Session,20,0,100.0
10026,2021,Monsoon Session,17,0,100.0
10027,2021,Budget Session,13,0,100.0
10028,2021,Budget Session,19,0,100.0
10029,2021,Winter Session,22,0,100.0
10030,2021,Budget Session,27,0,100.0
10031,2021,Special Session,3,0,100.0
10032,2021,Winter Session,12,0,100.0
10033,2021,Winter Session,10,0,100.0
10034,2021,Monsoon Session,21,0,100.0
10035,2021,Budget Session,11,0,100.0
10036,2021,Budget Session,21,0,100.0
10037,2021,Winter Session,20,0,100.0
10038,2021,Monsoon Session,19,0,100.0
10039,2021,225th Part-2,21,0,100.0
10040,2021,225th Part-1,14,0,100.0
10041,2021,Winter Session,24,0,100.0
10042,2021,Monsoon Session,26,0,100.0
10043,2021,Budget Session,23,0,100.0
10044,2021,Winter Session,23,0,100.0
10045,2021,Monsoon Session,26,0,100.0
10046,2021,219th Part-2,17,0,100.0
10047,2021,219th Part-1,15,0,100.0
10048,2021,Winter Session,23,0,100.0
10049,2021,Budget Session,26,0,100.0
10050,2021,Special Session,4,0,100.0
10051,2021,Budget Session,10,0,100.0
10052,2021,214th Part2,10,0,100.0
10053,2021,214th Part-1,6,0,100.0
10054,2021,Budget Session,35,0,100.0
10055,2021,Winter Session,17,0,100.0
10056,2497,Winter Session,15,0,100.0
10057,2497,Monsoon Session,21,0,100.0
10058,2497,Budget Session,27,0,100.0
10059,2497,Winter Session,19,0,100.0
10060,2497,Monsoon Session,16,0,100.0
10061,2497,Special Session,5,0,100.0
10062,2497,Budget Session,9,0,100.0
10063,2497,Winter Session,15,0,100.0
10064,2497,Special Session,4,0,100.0
10065,2497,Monsoon Session,17,0,100.0
10066,2497,Budget Session,25,0,100.0
10067,2497,Winter Session,13,0,100.0
10068,2497,Monsoon Session,16,0,100.0
10069,2497,Budget Session,29,0,100.0
10070,2497,Winter Session,18,0,100.0
10071,2497,Monsoon Session,17,0,100.0
10072,2497,Budget Session,33,0,100.0
10073,2022,Budget Session,22,0,100.0
10074,2022,Budget Session,8,0,100.0
10075,2022,Winter Session,13,0,100.0
10076,2022,Monsoon Session,19,0,100.0
10077,2022,Budget Session,21,0,100.0
10078,2022,Budget Session,8,0,100.0
10079,2022,Winter Session,21,0,100.0
10080,2022,Monsoon Session,20,0,100.0
10081,2022,Budget Session,15,0,100.0
10082,2022,Budget Session,16,0,100.0
10083,2022,Winter Session,20,0,100.0
10084,2022,Monsoon Session,17,0,100.0
10085,2022,Budget Session,13,0,100.0
10086,2022,Budget Session,19,0,100.0
10087,2022,Winter Session,22,0,100.0
10088,2022,Budget Session,27,0,100.0
10089,2022,Special Session,3,0,100.0
10090,2022,Winter Session,12,0,100.0
10091,2022,Winter Session,10,0,100.0
10092,2022,Monsoon Session,21,0,100.0
10093,2022,Budget Session,11,0,100.0
10094,2022,Budget Session,21,0,100.0
10095,2022,Winter Session,20,0,100.0
10096,2022,Monsoon Session,19,0,100.0
10097,2022,225th Part-2,21,0,100.0
10098,2022,225th Part-1,14,0,100.0
10099,2022,Winter Session,24,0,100.0
10100,2022,Monsoon Session,26,0,100.0
10101,2022,Budget Session,23,0,100.0
10102,2022,Winter Session,23,0,100.0
10103,2022,Monsoon Session,26,0,100.0
10104,2022,219th Part-2,17,0,100.0
10105,2022,219th Part-1,15,0,100.0
10106,2022,Winter Session,23,0,100.0
10107,2022,Budget Session,26,0,100.0
10108,2022,Special Session,4,0,100.0
10109,2022,Budget Session,10,0,100.0
10110,2022,214th Part2,10,0,100.0
10111,2022,214th Part-1,6,0,100.0
10112,2022,Budget Session,35,0,100.0
10113,2022,Winter Session,17,0,100.0
10114,2499,Winter Session,15,0,100.0
10115,2499,Monsoon Session,21,0,100.0
10116,2499,Budget Session,27,0,100.0
10117,2499,Winter Session,19,0,100.0
10118,2499,Monsoon Session,16,0,100.0
10119,2499,Special Session,5,0,100.0
10120,2499,Budget Session,9,0,100.0
10121,2499,Winter Session,15,0,100.0
10122,2499,Special Session,4,0,100.0
10123,2499,Monsoon Session,17,0,100.0
10124,2499,Budget Session,25,0,100.0
10125,2499,Winter Session,13,0,100.0
10126,2499,Monsoon Session,16,0,100.0
10127,2499,Budget Session,29,0,100.0
10128,2499,Winter Session,18,0,100.0
10129,2499,Monsoon Session,17,0,100.0
10130,2023,Winter Session,12,0,100.0
10131,2023,Winter Session,10,0,100.0
10132,2023,Monsoon Session,21,0,100.0
10133,2023,Budget Session,11,0,100.0
10134,2023,Budget Session,21,0,100.0
10135,2023,Winter Session,20,0,100.0
10136,2023,Monsoon Session,19,0,100.0
10137,2023,225th Part-2,21,0,100.0
10138,2023,225th Part-1,14,0,100.0
10139,2023,Winter Session,24,0,100.0
10140,2023,Monsoon Session,26,0,100.0
10141,2023,Budget Session,23,0,100.0
10142,2023,Winter Session,23,0,100.0
10143,2023,Monsoon Session,26,0,100.0
10144,2023,219th Part-2,17,0,100.0
10145,2023,219th Part-1,15,0,100.0
10146,2023,Winter Session,23,0,100.0
10147,2023,Budget Session,26,0,100.0
10148,2023,Special Session,4,0,100.0
10149,2023,Budget Session,10,0,100.0
10150,2023,214th Part2,10,0,100.0
10151,2023,Budget Session,35,0,100.0
10152,2023,Winter Session,17,0,100.0
10153,2024,225th Part-1,14,0,100.0
10154,2024,Winter Session,24,0,100.0
10155,2024,Monsoon Session,26,0,100.0
10156,2024,Budget Session,23,0,100.0
10157,2024,Winter Session,23,0,100.0
10158,2024,Monsoon Session,26,0,100.0
10159,2024,219th Part-2,17,0,100.0
10160,2024,219th Part-1,15,0,100.0
10161,2024,Winter Session,23,0,100.0
10162,2024,Budget Session,26,0,100.0
10163,2024,Special Session,4,0,100.0
10164,2024,Budget Session,10,0,100.0
10165,2024,214th Part2,10,0,100.0
10166,2024,214th Part-1,6,0,100.0
10167,2024,Budget Session,35,0,100.0
10168,2024,Winter Session,17,0,100.0
10169,2500,Special Session,5,0,100.0
10170,2500,Budget Session,9,0,100.0
10171,2500,Winter Session,15,0,100.0
10172,2500,Special Session,4,0,100.0
10173,2500,Monsoon Session,17,0,100.0
10174,2500,Budget Session,25,0,100.0
10175,2500,Winter Session,13,0,100.0
10176,2500,Monsoon Session,16,0,100.0
10177,2500,Budget Session,29,0,100.0
10178,2500,Winter Session,18,0,100.0
10179,2500,Monsoon Session,17,0,100.0
10180,115,225th Part-1,14,0,100.0
10181,115,Winter Session,24,0,100.0
10182,115,Monsoon Session,26,0,100.0
10183,115,Budget Session,23,0,100.0
10184,115,Winter Session,23,0,100.0
10185,115,Monsoon Session,26,0,100.0
10186,115,219th Part-2,17,0,100.0
10187,115,219th Part-1,15,0,100.0
10188,115,Winter Session,23,0,100.0
10189,115,Budget Session,26,0,100.0
10190,115,Special Session,4,0,100.0
10191,115,Budget Session,10,0,100.0
10192,115,214th Part2,10,0,100.0
10193,115,214th Part-1,6,0,100.0
10194,115,Budget Session,35,0,100.0
10195,115,Winter Session,17,0,100.0
10196,2025,Budget Session,22,0,100.0
10197,2025,Budget Session,8,0,100.0
10198,2025,Winter Session,13,0,100.0
10199,2025,Monsoon Session,19,0,100.0
10200,2025,Budget Session,21,0,100.0
10201,2025,Budget Session,8,0,100.0
10202,2025,Winter Session,21,0,100.0
10203,2025,Monsoon Session,20,0,100.0
10204,2025,Budget Session,15,0,100.0
10205,2025,Budget Session,16,0,100.0
10206,2025,Winter Session,20,0,100.0
10207,2025,Monsoon Session,17,0,100.0
10208,2025,Budget Session,13,0,100.0
10209,2025,Budget Session,19,0,100.0
10210,2025,Winter Session,22,0,100.0
10211,2025,Budget Session,27,0,100.0
10212,2025,Special Session,3,0,100.0
10213,2025,Winter Session,12,0,100.0
10214,2025,Winter Session,10,0,100.0
10215,2025,Monsoon Session,21,0,100.0
10216,2025,Budget Session,11,0,100.0
10217,2025,Budget Session,21,0,100.0
10218,2025,Winter Session,20,0,100.0
10219,2025,Monsoon Session,19,0,100.0
10220,2025,225th Part-2,21,0,100.0
10221,2025,225th Part-1,14,0,100.0
10222,2025,Winter Session,24,0,100.0
10223,2025,Monsoon Session,26,0,100.0
10224,2025,Budget Session,23,0,100.0
10225,2025,Winter Session,23,0,100.0
10226,2025,Monsoon Session,26,0,100.0
10227,2025,219th Part-2,17,0,100.0
10228,2025,219th Part-1,15,0,100.0
10229,2025,Winter Session,23,0,100.0
10230,2025,Budget Session,26,0,100.0
10231,2025,Special Session,4,0,100.0
10232,2025,Budget Session,10,0,100.0
10233,2025,214th Part2,10,0,100.0
10234,2025,214th Part-1,6,0,100.0
10235,2025,Budget Session,35,0,100.0
10236,2025,Winter Session,17,0,100.0
10237,1094,219th Part-1,15,0,100.0
10238,1094,Winter Session,23,0,100.0
10239,1094,Budget Session,26,0,100.0
10240,1094,Special Session,4,0,100.0
10241,1094,Budget Session,10,0,100.0
10242,1094,214th Part2,10,0,100.0
10243,1094,214th Part-1,6,0,100.0
10244,1094,Budget Session,35,0,100.0
10245,1094,Winter Session,17,0,100.0
10246,2501,Winter Session,15,0,100.0
10247,2501,Monsoon Session,21,0,100.0
10248,2501,Budget Session,27,0,100.0
10249,2501,Winter Session,19,0,100.0
10250,2501,Monsoon Session,16,0,100.0
10251,2501,Special Session,5,0,100.0
10252,2501,Budget Session,9,0,100.0
10253,2501,Winter Session,15,0,100.0
10254,2501,Special Session,4,0,100.0
10255,2501,Monsoon Session,17,0,100.0
10256,2501,Budget Session,25,0,100.0
10257,2501,Winter Session,13,0,100.0
10258,2501,Monsoon Session,16,0,100.0
10259,2501,Budget Session,29,0,100.0
10260,2501,Winter Session,18,0,100.0
10261,2501,Monsoon Session,17,0,100.0
10262,2502,Monsoon Session,21,0,100.0
10263,2502,Budget Session,27,0,100.0
10264,2502,Winter Session,19,0,100.0
10265,2502,Monsoon Session,16,0,100.0
10266,2502,Special Session,5,0,100.0
10267,2502,Budget Session,9,0,100.0
10268,2502,Winter Session,15,0,100.0
10269,2502,Special Session,4,0,100.0
10270,2502,Monsoon Session,17,0,100.0
10271,2502,Budget Session,25,0,100.0
10272,2502,Winter Session,13,0,100.0
10273,2502,Monsoon Session,16,0,100.0
10274,2502,Budget Session,29,0,100.0
10275,2502,Winter Session,18,0,100.0
10276,2026,225th Part-1,14,0,100.0
10277,2026,Winter Session,24,0,100.0
10278,2026,Monsoon Session,26,0,100.0
10279,2026,Budget Session,23,0,100.0
10280,2026,Winter Session,23,0,100.0
10281,2026,Monsoon Session,26,0,100.0
10282,2026,219th Part-2,17,0,100.0
10283,2026,219th Part-1,15,0,100.0
10284,2026,Winter Session,23,0,100.0
10285,2026,Budget Session,26,0,100.0
10286,2026,Special Session,4,0,100.0
10287,2026,Budget Session,10,0,100.0
10288,2026,214th Part2,10,0,100.0
10289,2026,214th Part-1,6,0,100.0
10290,2026,Budget Session,35,0,100.0
10291,2026,Winter Session,17,0,100.0
10292,2504,Winter Session,15,0,100.0
10293,2504,Monsoon Session,21,0,100.0
10294,2504,Budget Session,27,0,100.0
10295,2504,Winter Session,19,0,100.0
10296,2504,Monsoon Session,16,0,100.0
10297,2504,Special Session,5,0,100.0
10298,2504,Budget Session,9,0,100.0
10299,2504,Winter Session,15,0,100.0
10300,2504,Special Session,4,0,100.0
10301,2504,Monsoon Session,17,0,100.0
10302,2504,Budget Session,25,0,100.0
10303,2504,Winter Session,13,0,100.0
10304,2504,Monsoon Session,16,0,100.0
10305,2504,Budget Session,29,0,100.0
10306,2504,Winter Session,18,0,100.0
10307,2503,Winter Session,15,0,100.0
10308,2503,Monsoon Session,21,0,100.0
10309,2503,Budget Session,27,0,100.0
10310,2503,Winter Session,19,0,100.0
10311,2503,Monsoon Session,16,0,100.0
10312,2503,Special Session,5,0,100.0
10313,2503,Budget Session,9,0,100.0
10314,2503,Winter Session,15,0,100.0
10315,2503,Special Session,4,0,100.0
10316,2503,Monsoon Session,17,0,100.0
10317,2503,Budget Session,25,0,100.0
10318,2503,Winter Session,13,0,100.0
10319,2503,Monsoon Session,16,0,100.0
10320,2503,Budget Session,29,0,100.0
10321,2503,Winter Session,18,0,100.0
10322,2027,225th Part-1,14,0,100.0
10323,2027,Winter Session,24,0,100.0
10324,2027,Monsoon Session,26,0,100.0
10325,2027,Budget Session,23,0,100.0
10326,2027,Winter Session,23,0,100.0
10327,2027,Monsoon Session,26,0,100.0
10328,2027,219th Part-2,17,0,100.0
10329,2027,219th Part-1,15,0,100.0
10330,2027,Winter Session,23,0,100.0
10331,2027,Budget Session,26,0,100.0
10332,2027,Special Session,4,0,100.0
10333,2027,Budget Session,10,0,100.0
10334,2027,214th Part2,10,0,100.0
10335,2027,214th Part-1,6,0,100.0
10336,2027,Budget Session,35,0,100.0
10337,2027,Winter Session,17,0,100.0
10338,2029,Winter Session,15,0,100.0
10339,2029,Monsoon Session,21,0,100.0
10340,2029,Budget Session,27,0,100.0
10341,2029,Winter Session,19,0,100.0
10342,2029,Budget Session,9,0,100.0
10343,2029,Winter Session,15,0,100.0
10344,2029,Special Session,4,0,100.0
10345,2029,Monsoon Session,17,0,100.0
10346,2029,Budget Session,25,0,100.0
10347,2029,Winter Session,13,0,100.0
10348,2029,Monsoon Session,16,0,100.0
10349,2029,Budget Session,29,0,100.0
10350,2029,Winter Session,18,0,100.0
10351,2029,Monsoon Session,17,0,100.0
10352,2029,Budget Session,33,0,100.0
10353,2029,Monsoon Session,18,0,100.0
10354,2029,Budget Session,34,0,100.0
10355,2029,Winter Session,20,0,100.0
10356,2029,Monsoon Session,35,0,100.0
10357,2029,Budget Session,10,0,100.0
10358,2029,Winter Session,18,0,100.0
10359,2029,Monsoon Session,17,0,100.0
10360,2029,Budget Session,22,0,100.0
10361,2029,Budget Session,22,0,100.0
10362,2029,Budget Session,8,0,100.0
10363,2029,Winter Session,13,0,100.0
10364,2029,Monsoon Session,19,0,100.0
10365,2029,Budget Session,21,0,100.0
10366,2029,Budget Session,8,0,100.0
10367,2029,Winter Session,21,0,100.0
10368,2029,Monsoon Session,20,0,100.0
10369,2029,Budget Session,15,0,100.0
10370,2029,Budget Session,16,0,100.0
10371,2029,Winter Session,20,0,100.0
10372,2029,Monsoon Session,17,0,100.0
10373,2029,Budget Session,13,0,100.0
10374,2029,Budget Session,19,0,100.0
10375,2029,Winter Session,22,0,100.0
10376,2029,Budget Session,27,0,100.0
10377,2029,Special Session,3,0,100.0
10378,2029,Winter Session,12,0,100.0
10379,2029,Winter Session,10,0,100.0
10380,2029,Monsoon Session,21,0,100.0
10381,2029,Budget Session,11,0,100.0
10382,2029,Budget Session,21,0,100.0
10383,2029,Winter Session,20,0,100.0
10384,2029,Monsoon Session,19,0,100.0
10385,2029,225th Part-2,21,0,100.0
10386,2029,225th Part-1,14,0,100.0
10387,2029,Winter Session,24,0,100.0
10388,2029,Monsoon Session,26,0,100.0
10389,2029,Budget Session,23,0,100.0
10390,2029,Winter Session,23,0,100.0
10391,2029,Monsoon Session,26,0,100.0
10392,2029,219th Part-2,17,0,100.0
10393,2029,219th Part-1,15,0,100.0
10394,2029,Winter Session,23,0,100.0
10395,2029,Budget Session,26,0,100.0
10396,2029,Special Session,4,0,100.0
10397,2029,Budget Session,10,0,100.0
10398,2029,214th Part2,10,0,100.0
10399,2029,214th Part-1,6,0,100.0
10400,2029,Budget Session,35,0,100.0
10401,2029,Winter Session,17,0,100.0
10402,2030,225th Part-1,14,0,100.0
10403,2030,Winter Session,24,0,100.0
10404,2030,Monsoon Session,26,0,100.0
10405,2030,Budget Session,23,0,100.0
10406,2030,Winter Session,23,0,100.0
10407,2030,Monsoon Session,26,0,100.0
10408,2030,219th Part-2,17,0,100.0
10409,2030,219th Part-1,15,0,100.0
10410,2030,Winter Session,23,0,100.0
10411,2030,Budget Session,26,0,100.0
10412,2030,Special Session,4,0,100.0
10413,2030,Budget Session,10,0,100.0
10414,2030,214th Part2,10,0,100.0
10415,2030,214th Part-1,6,0,100.0
10416,2030,Budget Session,35,0,100.0
10417,2030,Winter Session,17,0,100.0
10418,118,225th Part-1,14,0,100.0
10419,118,Winter Session,24,0,100.0
10420,118,Monsoon Session,26,0,100.0
10421,118,Budget Session,23,0,100.0
10422,118,Winter Session,23,0,100.0
10423,118,Monsoon Session,26,0,100.0
10424,118,219th Part-2,17,0,100.0
10425,118,219th Part-1,15,0,100.0
10426,118,Winter Session,23,0,100.0
10427,118,Budget Session,26,0,100.0
10428,118,Special Session,4,0,100.0
10429,118,Budget Session,10,0,100.0
10430,118,214th Part2,10,0,100.0
10431,118,214th Part-1,6,0,100.0
10432,118,Budget Session,35,0,100.0
10433,118,Winter Session,17,0,100.0
10434,119,Winter Session,22,0,100.0
10435,119,Budget Session,27,0,100.0
10436,119,Special Session,3,0,100.0
10437,119,Winter Session,12,0,100.0
10438,119,Winter Session,10,0,100.0
10439,119,Monsoon Session,21,0,100.0
10440,119,Budget Session,11,0,100.0
10441,119,Budget Session,21,0,100.0
10442,119,Winter Session,20,0,100.0
10443,119,Monsoon Session,19,0,100.0
10444,119,225th Part-2,21,0,100.0
10445,119,225th Part-1,14,0,100.0
10446,119,Winter Session,24,0,100.0
10447,119,Monsoon Session,26,0,100.0
10448,119,Budget Session,23,0,100.0
10449,119,Winter Session,23,0,100.0
10450,119,Monsoon Session,26,0,100.0
10451,119,219th Part-2,17,0,100.0
10452,119,219th Part-1,15,0,100.0
10453,119,Winter Session,23,0,100.0
10454,119,Budget Session,26,0,100.0
10455,119,Special Session,4,0,100.0
10456,119,Budget Session,10,0,100.0
10457,119,214th Part2,10,0,100.0
10458,119,214th Part-1,6,0,100.0
10459,119,Budget Session,35,0,100.0
10460,119,Winter Session,17,0,100.0
10461,2505,Winter Session,15,0,100.0
10462,2505,Monsoon Session,21,0,100.0
10463,2505,Budget Session,27,0,100.0
10464,2505,Winter Session,19,0,100.0
10465,2505,Monsoon Session,16,0,100.0
10466,2505,Special Session,5,0,100.0
10467,2505,Budget Session,9,0,100.0
10468,2505,Winter Session,15,0,100.0
10469,2505,Special Session,4,0,100.0
10470,2505,Monsoon Session,17,0,100.0
10471,2505,Budget Session,25,0,100.0
10472,2505,Winter Session,13,0,100.0
10473,2505,Monsoon Session,16,0,100.0
10474,2505,Budget Session,29,0,100.0
10475,2505,Winter Session,18,0,100.0
10476,2032,219th Part-2,17,0,100.0
10477,2032,219th Part-1,15,0,100.0
10478,2032,Winter Session,23,0,100.0
10479,2032,Budget Session,26,0,100.0
10480,2032,Special Session,4,0,100.0
10481,2032,Budget Session,10,0,100.0
10482,2032,214th Part2,10,0,100.0
10483,2032,214th Part-1,6,0,100.0
10484,2032,Budget Session,35,0,100.0
10485,2032,Winter Session,17,0,100.0
10486,2506,Winter Session,15,0,100.0
10487,2506,Monsoon Session,21,0,100.0
10488,2506,Budget Session,27,0,100.0
10489,2506,Winter Session,19,0,100.0
10490,2506,Monsoon Session,16,0,100.0
10491,2506,Special Session,5,0,100.0
10492,2506,Budget Session,9,0,100.0
10493,2506,Winter Session,15,0,100.0
10494,2506,Special Session,4,0,100.0
10495,2506,Monsoon Session,17,0,100.0
10496,2506,Budget Session,25,0,100.0
10497,2506,Winter Session,13,0,100.0
10498,2506,Monsoon Session,16,0,100.0
10499,2506,Budget Session,29,0,100.0
10500,2506,Winter Session,18,0,100.0
10501,2509,Winter Session,15,0,100.0
10502,2509,Monsoon Session,21,0,100.0
10503,2509,Budget Session,27,0,100.0
10504,2509,Winter Session,19,0,100.0
10505,2509,Monsoon Session,16,0,100.0
10506,2509,Special Session,5,0,100.0
10507,2509,Budget Session,9,0,100.0
10508,2509,Winter Session,15,0,100.0
10509,2509,Special Session,4,0,100.0
10510,2509,Monsoon Session,17,0,100.0
10511,2509,Budget Session,25,0,100.0
10512,2509,Winter Session,13,0,100.0
10513,2509,Monsoon Session,16,0,100.0
10514,2509,Budget Session,29,0,100.0
10515,2509,Winter Session,18,0,100.0
10516,2034,219th Part-2,17,0,100.0
10517,2034,219th Part-1,15,0,100.0
10518,2034,Winter Session,23,0,100.0
10519,2034,Budget Session,26,0,100.0
10520,2034,Special Session,4,0,100.0
10521,2034,Budget Session,10,0,100.0
10522,2034,214th Part2,10,0,100.0
10523,2034,214th Part-1,6,0,100.0
10524,2034,Budget Session,35,0,100.0
10525,2034,Winter Session,17,0,100.0
10526,2035,225th Part-2,21,0,100.0
10527,2035,225th Part-1,14,0,100.0
10528,2035,Winter Session,24,0,100.0
10529,2035,Monsoon Session,26,0,100.0
10530,2035,Budget Session,23,0,100.0
10531,2035,Winter Session,23,0,100.0
10532,2035,Monsoon Session,26,0,100.0
10533,2035,219th Part-2,17,0,100.0
10534,2035,219th Part-1,15,0,100.0
10535,2035,Winter Session,23,0,100.0
10536,2035,Budget Session,26,0,100.0
10537,2035,Special Session,4,0,100.0
10538,2035,Budget Session,10,0,100.0
10539,2035,214th Part2,10,0,100.0
10540,2035,214th Part-1,6,0,100.0
10541,2035,Budget Session,35,0,100.0
10542,2035,Winter Session,17,0,100.0
10543,2508,Winter Session,15,0,100.0
10544,2508,Monsoon Session,21,0,100.0
10545,2508,Budget Session,27,0,100.0
10546,2508,Winter Session,19,0,100.0
10547,2508,Monsoon Session,16,0,100.0
10548,2508,Special Session,5,0,100.0
10549,2508,Budget Session,9,0,100.0
10550,2508,Winter Session,15,0,100.0
10551,2508,Special Session,4,0,100.0
10552,2508,Monsoon Session,17,0,100.0
10553,2508,Budget Session,25,0,100.0
10554,2508,Winter Session,13,0,100.0
10555,2508,Monsoon Session,16,0,100.0
10556,2508,Budget Session,29,0,100.0
10557,2508,Winter Session,18,0,100.0
10558,2507,Winter Session,15,0,100.0
10559,2507,Monsoon Session,21,0,100.0
10560,2507,Budget Session,27,0,100.0
10561,2507,Winter Session,19,0,100.0
10562,2507,Monsoon Session,16,0,100.0
10563,2507,Special Session,5,0,100.0
10564,2507,Monsoon Session,17,0,100.0
10565,2507,Budget Session,25,0,100.0
10566,2507,Winter Session,13,0,100.0
10567,2507,Monsoon Session,16,0,100.0
10568,2507,Budget Session,29,0,100.0
10569,2507,Winter Session,18,0,100.0
10570,2033,214th Part-1,6,0,100.0
10571,2033,Budget Session,35,0,100.0
10572,2033,Winter Session,17,0,100.0
10573,123,225th Part-1,14,0,100.0
10574,123,Winter Session,24,0,100.0
10575,123,Monsoon Session,26,0,100.0
10576,123,Budget Session,23,0,100.0
10577,123,Winter Session,23,0,100.0
10578,123,Monsoon Session,26,0,100.0
10579,123,219th Part-2,17,0,100.0
10580,123,219th Part-1,15,0,100.0
10581,123,Winter Session,23,0,100.0
10582,123,Budget Session,26,0,100.0
10583,123,Special Session,4,0,100.0
10584,123,Budget Session,10,0,100.0
10585,123,214th Part2,10,0,100.0
10586,123,214th Part-1,6,0,100.0
10587,123,Budget Session,35,0,100.0
10588,123,Winter Session,17,0,100.0
10589,2,Budget Session,9,0,100.0
10590,2,Winter Session,15,0,100.0
10591,2,Special Session,4,0,100.0
10592,2,Monsoon Session,17,0,100.0
10593,2,Budget Session,25,0,100.0
10594,2,Winter Session,13,0,100.0
10595,2,Monsoon Session,16,0,100.0
10596,2,Budget Session,29,0,100.0
10597,2,Winter Session,18,0,100.0
10598,2,Monsoon Session,17,0,100.0
10599,2,Budget Session,33,0,100.0
10600,2,Monsoon Session,18,0,100.0
10601,2,Budget Session,34,0,100.0
10602,2,Winter Session,20,0,100.0
10603,2,Budget Session,10,0,100.0
10604,2,Winter Session,18,0,100.0
10605,2,Monsoon Session,17,0,100.0
10606,2,Budget Session,22,0,100.0
10607,2,Budget Session,8,0,100.0
10608,2,Winter Session,13,0,100.0
10609,2,Monsoon Session,19,0,100.0
10610,2,Budget Session,21,0,100.0
10611,2,Budget Session,8,0,100.0
10612,2,Winter Session,21,0,100.0
10613,2,Monsoon Session,20,0,100.0
10614,2,Budget Session,15,0,100.0
10615,2,Budget Session,16,0,100.0
10616,2,Winter Session,20,0,100.0
10617,2,Monsoon Session,17,0,100.0
10618,2,Budget Session,13,0,100.0
10619,2,Budget Session,19,0,100.0
10620,2,Winter Session,22,0,100.0
10621,2,Budget Session,27,0,100.0
10622,2,Special Session,3,0,100.0
10623,2,Winter Session,12,0,100.0
10624,2,Winter Session,10,0,100.0
10625,2,Monsoon Session,21,0,100.0
10626,2,Budget Session,11,0,100.0
10627,2,Budget Session,21,0,100.0
10628,2,Winter Session,20,0,100.0
10629,2,Monsoon Session,19,0,100.0
10630,2,225th Part-2,21,0,100.0
10631,2,225th Part-1,14,0,100.0
10632,2,Winter Session,24,0,100.0
10633,2,Monsoon Session,26,0,100.0
10634,2,Budget Session,23,0,100.0
10635,2,Winter Session,23,0,100.0
10636,2,Monsoon Session,26,0,100.0
10637,2,219th Part-2,17,0,100.0
10638,2,219th Part-1,15,0,100.0
10639,2,Winter Session,23,0,100.0
10640,2,Budget Session,26,0,100.0
10641,2,Special Session,4,0,100.0
10642,2,Budget Session,10,0,100.0
10643,2,214th Part2,10,0,100.0
10644,2,214th Part-1,6,0,100.0
10645,2,Budget Session,35,0,100.0
10646,2,Winter Session,17,0,100.0
10647,2036,225th Part-2,21,0,100.0
10648,2036,225th Part-1,14,0,100.0
10649,2036,Winter Session,24,0,100.0
10650,2036,Monsoon Session,26,0,100.0
10651,2036,Budget Session,23,0,100.0
10652,2036,Winter Session,23,0,100.0
10653,2036,Monsoon Session,26,0,100.0
10654,2036,219th Part-2,17,0,100.0
10655,2036,219th Part-1,15,0,100.0
10656,2036,Winter Session,23,0,100.0
10657,2036,Budget Session,26,0,100.0
10658,2036,Special Session,4,0,100.0
10659,2036,Budget Session,10,0,100.0
10660,2036,214th Part2,10,0,100.0
10661,2036,214th Part-1,6,0,100.0
10662,2036,Budget Session,35,0,100.0
10663,2036,Winter Session,17,0,100.0
10664,2511,Winter Session,15,0,100.0
10665,2511,Monsoon Session,21,0,100.0
10666,2511,Budget Session,27,0,100.0
10667,2511,Winter Session,19,0,100.0
10668,2511,Monsoon Session,16,0,100.0
10669,2511,Special Session,5,0,100.0
10670,2511,Budget Session,9,0,100.0
10671,2511,Winter Session,15,0,100.0
10672,2511,Special Session,4,0,100.0
10673,2511,Monsoon Session,17,0,100.0
10674,2511,Budget Session,25,0,100.0
10675,2511,Winter Session,13,0,100.0
10676,2511,Monsoon Session,16,0,100.0
10677,2511,Budget Session,29,0,100.0
10678,2512,Winter Session,15,0,100.0
10679,2512,Monsoon Session,21,0,100.0
10680,2512,Budget Session,27,0,100.0
10681,2512,Winter Session,19,0,100.0
10682,2512,Monsoon Session,16,0,100.0
10683,2512,Special Session,5,0,100.0
10684,2512,Budget Session,9,0,100.0
10685,2512,Winter Session,15,0,100.0
10686,2512,Special Session,4,0,100.0
10687,2512,Monsoon Session,17,0,100.0
10688,2512,Budget Session,25,0,100.0
10689,2512,Winter Session,13,0,100.0
10690,2512,Monsoon Session,16,0,100.0
10691,2512,Budget Session,29,0,100.0
10692,2038,225th Part-1,14,0,100.0
10693,2038,Winter Session,24,0,100.0
10694,2038,Monsoon Session,26,0,100.0
10695,2038,Budget Session,23,0,100.0
10696,2038,Winter Session,23,0,100.0
10697,2038,Monsoon Session,26,0,100.0
10698,2038,219th Part-2,17,0,100.0
10699,2038,219th Part-1,15,0,100.0
10700,2038,Winter Session,23,0,100.0
10701,2038,Budget Session,26,0,100.0
10702,2038,Special Session,4,0,100.0
10703,2038,Budget Session,10,0,100.0
10704,2038,214th Part2,10,0,100.0
10705,2038,214th Part-1,6,0,100.0
10706,2038,Budget Session,35,0,100.0
10707,2038,Winter Session,17,0,100.0
10708,2510,Winter Session,15,0,100.0
10709,2510,Monsoon Session,21,0,100.0
10710,2510,Budget Session,27,0,100.0
10711,2510,Winter Session,19,0,100.0
10712,2510,Monsoon Session,16,0,100.0
10713,2510,Special Session,5,0,100.0
10714,2510,Budget Session,9,0,100.0
10715,2510,Winter Session,15,0,100.0
10716,2510,Special Session,4,0,100.0
10717,2510,Monsoon Session,17,0,100.0
10718,2510,Budget Session,25,0,100.0
10719,2510,Winter Session,13,0,100.0
10720,2510,Monsoon Session,16,0,100.0
10721,2510,Budget Session,29,0,100.0
10722,125,214th Part-1,6,0,100.0
10723,125,Budget Session,35,0,100.0
10724,125,Winter Session,17,0,100.0
10725,126,Budget Session,33,0,100.0
10726,126,Monsoon Session,18,0,100.0
10727,126,Budget Session,34,0,100.0
10728,126,Winter Session,20,0,100.0
10729,126,Monsoon Session,35,0,100.0
10730,126,Budget Session,10,0,100.0
10731,126,Winter Session,18,0,100.0
10732,126,Monsoon Session,17,0,100.0
10733,126,Budget Session,22,0,100.0
10734,126,Budget Session,8,0,100.0
10735,126,Winter Session,13,0,100.0
10736,126,Monsoon Session,19,0,100.0
10737,126,Budget Session,21,0,100.0
10738,126,Budget Session,8,0,100.0
10739,126,Winter Session,21,0,100.0
10740,126,Monsoon Session,20,0,100.0
10741,126,Budget Session,15,0,100.0
10742,126,Budget Session,16,0,100.0
10743,126,Winter Session,20,0,100.0
10744,126,Monsoon Session,17,0,100.0
10745,126,Budget Session,13,0,100.0
10746,126,Budget Session,19,0,100.0
10747,126,Winter Session,22,0,100.0
10748,126,Budget Session,27,0,100.0
10749,126,Special Session,3,0,100.0
10750,126,Winter Session,12,0,100.0
10751,126,Winter Session,10,0,100.0
10752,126,Monsoon Session,21,0,100.0
10753,126,Budget Session,11,0,100.0
10754,126,Budget Session,21,0,100.0
10755,126,Winter Session,20,0,100.0
10756,126,Monsoon Session,19,0,100.0
10757,126,225th Part-2,21,0,100.0
10758,126,225th Part-1,14,0,100.0
10759,126,Winter Session,24,0,100.0
10760,126,Monsoon Session,26,0,100.0
10761,126,Budget Session,23,0,100.0
10762,126,Winter Session,23,0,100.0
10763,126,Monsoon Session,26,0,100.0
10764,126,219th Part-2,17,0,100.0
10765,126,219th Part-1,15,0,100.0
10766,126,Winter Session,23,0,100.0
10767,126,Budget Session,26,0,100.0
10768,126,Special Session,4,0,100.0
10769,126,Budget Session,10,0,100.0
10770,2513,Winter Session,15,0,100.0
10771,2513,Monsoon Session,21,0,100.0
10772,2513,Budget Session,27,0,100.0
10773,2513,Winter Session,19,0,100.0
10774,2513,Monsoon Session,16,0,100.0
10775,2513,Special Session,5,0,100.0
10776,2513,Budget Session,9,0,100.0
10777,2513,Winter Session,15,0,100.0
10778,2513,Special Session,4,0,100.0
10779,2513,Monsoon Session,17,0,100.0
10780,2513,Budget Session,25,0,100.0
10781,2513,Winter Session,13,0,100.0
10782,2513,Monsoon Session,16,0,100.0
10783,2513,Budget Session,29,0,100.0
10784,2039,Budget Session,22,0,100.0
10785,2039,Budget Session,8,0,100.0
10786,2039,Winter Session,13,0,100.0
10787,2039,Monsoon Session,19,0,100.0
10788,2039,Budget Session,21,0,100.0
10789,2039,Budget Session,8,0,100.0
10790,2039,Winter Session,21,0,100.0
10791,2039,Monsoon Session,20,0,100.0
10792,2039,Budget Session,15,0,100.0
10793,2039,Budget Session,16,0,100.0
10794,2039,Winter Session,20,0,100.0
10795,2039,Monsoon Session,17,0,100.0
10796,2039,Budget Session,13,0,100.0
10797,2039,Budget Session,19,0,100.0
10798,2039,Winter Session,22,0,100.0
10799,2039,Budget Session,27,0,100.0
10800,2039,Special Session,3,0,100.0
10801,2039,Winter Session,12,0,100.0
10802,2039,Winter Session,10,0,100.0
10803,2039,Monsoon Session,21,0,100.0
10804,2039,Budget Session,11,0,100.0
10805,2039,Budget Session,21,0,100.0
10806,2039,Winter Session,20,0,100.0
10807,2039,Monsoon Session,19,0,100.0
10808,2039,225th Part-2,21,0,100.0
10809,2039,219th Part-2,17,0,100.0
10810,2039,219th Part-1,15,0,100.0
10811,2039,Winter Session,23,0,100.0
10812,2039,Budget Session,26,0,100.0
10813,2039,Special Session,4,0,100.0
10814,2039,Budget Session,10,0,100.0
10815,2039,214th Part2,10,0,100.0
10816,2039,214th Part-1,6,0,100.0
10817,2039,Budget Session,35,0,100.0
10818,2039,Winter Session,17,0,100.0
10819,127,Budget Session,35,0,100.0
10820,127,Winter Session,17,0,100.0
10821,2040,Budget Session,29,0,100.0
10822,2040,Winter Session,18,0,100.0
10823,2040,Monsoon Session,17,0,100.0
10824,2040,Budget Session,33,0,100.0
10825,2040,Monsoon Session,18,0,100.0
10826,2040,Budget Session,34,0,100.0
10827,2040,Winter Session,20,0,100.0
10828,2040,Monsoon Session,35,0,100.0
10829,2040,Budget Session,10,0,100.0
10830,2040,Winter Session,18,0,100.0
10831,2040,Monsoon Session,17,0,100.0
10832,2040,Budget Session,22,0,100.0
10833,2040,Budget Session,8,0,100.0
10834,2040,Winter Session,13,0,100.0
10835,2040,Monsoon Session,19,0,100.0
10836,2040,Budget Session,21,0,100.0
10837,2040,Budget Session,8,0,100.0
10838,2040,Winter Session,21,0,100.0
10839,2040,Monsoon Session,20,0,100.0
10840,2040,Budget Session,15,0,100.0
10841,2040,Budget Session,16,0,100.0
10842,2040,Winter Session,20,0,100.0
10843,2040,Monsoon Session,17,0,100.0
10844,2040,Budget Session,13,0,100.0
10845,2040,Budget Session,19,0,100.0
10846,2040,Winter Session,22,0,100.0
10847,2040,Budget Session,27,0,100.0
10848,2040,Special Session,3,0,100.0
10849,2040,Winter Session,12,0,100.0
10850,2040,Winter Session,10,0,100.0
10851,2040,Monsoon Session,21,0,100.0
10852,2040,Budget Session,11,0,100.0
10853,2040,Budget Session,21,0,100.0
10854,2040,Winter Session,20,0,100.0
10855,2040,Monsoon Session,19,0,100.0
10856,2040,225th Part-2,21,0,100.0
10857,2040,225th Part-1,14,0,100.0
10858,2040,Winter Session,24,0,100.0
10859,2040,Monsoon Session,26,0,100.0
10860,2040,Budget Session,23,0,100.0
10861,2040,Winter Session,23,0,100.0
10862,2040,Monsoon Session,26,0,100.0
10863,2040,219th Part-2,17,0,100.0
10864,2040,219th Part-1,15,0,100.0
10865,2040,Winter Session,23,0,100.0
10866,2040,Budget Session,26,0,100.0
10867,2040,Special Session,4,0,100.0
10868,2040,Budget Session,10,0,100.0
10869,2040,214th Part2,10,0,100.0
10870,2040,214th Part-1,6,0,100.0
10871,2040,Budget Session,35,0,100.0
10872,2040,Winter Session,17,0,100.0
10873,8,Budget Session,35,0,100.0
10874,8,Winter Session,17,0,100.0
10875,2515,Winter Session,15,0,100.0
10876,2515,Monsoon Session,21,0,100.0
10877,2515,Budget Session,27,0,100.0
10878,2515,Winter Session,19,0,100.0
10879,2515,Monsoon Session,16,0,100.0
10880,2515,Special Session,5,0,100.0
10881,2515,Budget Session,9,0,100.0
10882,2515,Winter Session,15,0,100.0
10883,2515,Special Session,4,0,100.0
10884,2515,Monsoon Session,17,0,100.0
10885,2515,Budget Session,25,0,100.0
10886,2515,Winter Session,13,0,100.0
10887,2515,Monsoon Session,16,0,100.0
10888,2515,Budget Session,29,0,100.0
10889,2041,Winter Session,12,0,100.0
10890,2041,Winter Session,10,0,100.0
10891,2041,Monsoon Session,21,0,100.0
10892,2041,Budget Session,11,0,100.0
10893,2041,Budget Session,21,0,100.0
10894,2041,Winter Session,20,0,100.0
10895,2041,Monsoon Session,19,0,100.0
10896,2041,225th Part-2,21,0,100.0
10897,2041,225th Part-1,14,0,100.0
10898,2041,Winter Session,24,0,100.0
10899,2041,Monsoon Session,26,0,100.0
10900,2041,Budget Session,23,0,100.0
10901,2041,Winter Session,23,0,100.0
10902,2041,Monsoon Session,26,0,100.0
10903,2041,219th Part-2,17,0,100.0
10904,2041,219th Part-1,15,0,100.0
10905,2041,Winter Session,23,0,100.0
10906,2041,Budget Session,26,0,100.0
10907,2041,Special Session,4,0,100.0
10908,2041,Budget Session,10,0,100.0
10909,2041,214th Part2,10,0,100.0
10910,2041,214th Part-1,6,0,100.0
10911,2041,Budget Session,35,0,100.0
10912,2041,Winter Session,17,0,100.0
10913,1108,Budget Session,10,0,100.0
10914,1108,214th Part2,10,0,100.0
10915,1108,214th Part-1,6,0,100.0
10916,1108,Budget Session,35,0,100.0
10917,1108,Winter Session,17,0,100.0
10918,2514,Winter Session,15,0,100.0
10919,2514,Monsoon Session,21,0,100.0
10920,2514,Budget Session,27,0,100.0
10921,2514,Winter Session,19,0,100.0
10922,2514,Monsoon Session,16,0,100.0
10923,2514,Special Session,5,0,100.0
10924,2514,Budget Session,9,0,100.0
10925,2514,Winter Session,15,0,100.0
10926,2514,Special Session,4,0,100.0
10927,2514,Monsoon Session,17,0,100.0
10928,2514,Budget Session,25,0,100.0
10929,2514,Winter Session,13,0,100.0
10930,2514,Monsoon Session,16,0,100.0
10931,2514,Budget Session,29,0,100.0
10932,2516,Winter Session,15,0,100.0
10933,2516,Monsoon Session,21,0,100.0
10934,2516,Budget Session,27,0,100.0
10935,2516,Winter Session,19,0,100.0
10936,2516,Monsoon Session,16,0,100.0
10937,2516,Special Session,5,0,100.0
10938,2516,Budget Session,9,0,100.0
10939,2516,Winter Session,15,0,100.0
10940,2516,Special Session,4,0,100.0
10941,2516,Monsoon Session,17,0,100.0
10942,2516,Budget Session,25,0,100.0
10943,2516,Winter Session,13,0,100.0
10944,2516,Monsoon Session,16,0,100.0
10945,2516,Budget Session,29,0,100.0
10946,2042,Budget Session,21,0,100.0
10947,2042,Winter Session,20,0,100.0
10948,2042,Monsoon Session,19,0,100.0
10949,2042,225th Part-2,21,0,100.0
10950,2042,225th Part-1,14,0,100.0
10951,2042,Winter Session,24,0,100.0
10952,2042,Monsoon Session,26,0,100.0
10953,2042,Budget Session,23,0,100.0
10954,2042,Winter Session,23,0,100.0
10955,2042,Monsoon Session,26,0,100.0
10956,2042,219th Part-2,17,0,100.0
10957,2042,219th Part-1,15,0,100.0
10958,2042,Winter Session,23,0,100.0
10959,2042,Budget Session,26,0,100.0
10960,2042,Special Session,4,0,100.0
10961,2042,Budget Session,10,0,100.0
10962,2042,214th Part2,10,0,100.0
10963,2042,214th Part-1,6,0,100.0
10964,2042,Budget Session,35,0,100.0
10965,2042,Winter Session,17,0,100.0
10966,2044,Budget Session,11,0,100.0
10967,2044,Budget Session,21,0,100.0
10968,2044,Winter Session,20,0,100.0
10969,2044,Monsoon Session,19,0,100.0
10970,2044,225th Part-2,21,0,100.0
10971,2044,225th Part-1,14,0,100.0
10972,2044,Winter Session,24,0,100.0
10973,2044,Monsoon Session,26,0,100.0
10974,2044,Budget Session,23,0,100.0
10975,2044,Winter Session,23,0,100.0
10976,2044,Monsoon Session,26,0,100.0
10977,2044,219th Part-2,17,0,100.0
10978,2044,219th Part-1,15,0,100.0
10979,2044,Winter Session,23,0,100.0
10980,2044,Budget Session,26,0,100.0
10981,2044,Special Session,4,0,100.0
10982,2044,Budget Session,10,0,100.0
10983,2044,214th Part2,10,0,100.0
10984,2044,214th Part-1,6,0,100.0
10985,2044,Budget Session,35,0,100.0
10986,2044,Winter Session,17,0,100.0
10987,2518,Winter Session,15,0,100.0
10988,2518,Monsoon Session,21,0,100.0
10989,2518,Budget Session,27,0,100.0
10990,2518,Winter Session,19,0,100.0
10991,2518,Monsoon Session,16,0,100.0
10992,2518,Special Session,5,0,100.0
10993,2518,Budget Session,9,0,100.0
10994,2518,Winter Session,15,0,100.0
10995,2518,Special Session,4,0,100.0
10996,2518,Monsoon Session,17,0,100.0
10997,2518,Budget Session,25,0,100.0
10998,2518,Winter Session,13,0,100.0
10999,2518,Monsoon Session,16,0,100.0
11000,2517,Winter Session,15,0,100.0
11001,2517,Monsoon Session,21,0,100.0
11002,2517,Budget Session,27,0,100.0
11003,2517,Winter Session,19,0,100.0
11004,2517,Monsoon Session,16,0,100.0
11005,2517,Special Session,5,0,100.0
11006,2517,Budget Session,9,0,100.0
11007,2517,Winter Session,15,0,100.0
11008,2517,Special Session,4,0,100.0
11009,2517,Monsoon Session,17,0,100.0
11010,2517,Budget Session,25,0,100.0
11011,2517,Winter Session,13,0,100.0
11012,2517,Monsoon Session,16,0,100.0
11013,2517,Budget Session,29,0,100.0
11014,10,Winter Session,15,0,100.0
11015,10,Monsoon Session,21,0,100.0
11016,10,Budget Session,27,0,100.0
11017,10,Winter Session,19,0,100.0
11018,10,Monsoon Session,16,0,100.0
11019,10,Special Session,5,0,100.0
11020,10,Budget Session,9,0,100.0
11021,10,Winter Session,15,0,100.0
11022,10,Special Session,4,0,100.0
11023,10,Monsoon Session,17,0,100.0
11024,10,Budget Session,25,0,100.0
11025,10,Winter Session,13,0,100.0
11026,10,Monsoon Session,16,0,100.0
11027,10,Budget Session,29,0,100.0
11028,10,Winter Session,18,0,100.0
11029,10,Monsoon Session,17,0,100.0
11030,10,Budget Session,33,0,100.0
11031,10,Monsoon Session,18,0,100.0
11032,10,Budget Session,34,0,100.0
11033,10,Winter Session,20,0,100.0
11034,10,Monsoon Session,35,0,100.0
11035,10,Budget Session,10,0,100.0
11036,10,Winter Session,18,0,100.0
11037,10,Monsoon Session,17,0,100.0
11038,10,Budget Session,22,0,100.0
11039,10,Budget Session,8,0,100.0
11040,10,Winter Session,13,0,100.0
11041,10,Monsoon Session,19,0,100.0
11042,10,Budget Session,21,0,100.0
11043,10,Budget Session,8,0,100.0
11044,10,Winter Session,21,0,100.0
11045,10,Monsoon Session,20,0,100.0
11046,10,Budget Session,15,0,100.0
11047,10,Budget Session,16,0,100.0
11048,10,Winter Session,20,0,100.0
11049,10,Monsoon Session,17,0,100.0
11050,10,Budget Session,13,0,100.0
11051,10,Budget Session,19,0,100.0
11052,10,Winter Session,22,0,100.0
11053,10,Budget Session,27,0,100.0
11054,10,Special Session,3,0,100.0
11055,10,Winter Session,12,0,100.0
11056,10,Winter Session,10,0,100.0
11057,10,Monsoon Session,21,0,100.0
11058,10,Budget Session,11,0,100.0
11059,10,Budget Session,21,0,100.0
11060,10,Winter Session,20,0,100.0
11061,10,Monsoon Session,19,0,100.0
11062,10,225th Part-2,21,0,100.0
11063,10,225th Part-1,14,0,100.0
11064,10,Winter Session,24,0,100.0
11065,10,Monsoon Session,26,0,100.0
11066,10,Budget Session,23,0,100.0
11067,10,Winter Session,23,0,100.0
11068,10,Monsoon Session,26,0,100.0
11069,10,219th Part-2,17,0,100.0
11070,10,219th Part-1,15,0,100.0
11071,10,Winter Session,23,0,100.0
11072,10,Budget Session,26,0,100.0
11073,10,Special Session,4,0,100.0
11074,10,Budget Session,10,0,100.0
11075,10,214th Part2,10,0,100.0
11076,10,214th Part-1,6,0,100.0
11077,10,Budget Session,35,0,100.0
11078,10,Winter Session,17,0,100.0
11079,2043,Budget Session,11,0,100.0
11080,2043,Budget Session,21,0,100.0
11081,2043,Winter Session,20,0,100.0
11082,2043,Monsoon Session,19,0,100.0
11083,2043,225th Part-2,21,0,100.0
11084,2043,225th Part-1,14,0,100.0
11085,2043,Winter Session,24,0,100.0
11086,2043,Monsoon Session,26,0,100.0
11087,2043,Budget Session,23,0,100.0
11088,2043,Winter Session,23,0,100.0
11089,2043,Monsoon Session,26,0,100.0
11090,2043,219th Part-2,17,0,100.0
11091,2043,219th Part-1,15,0,100.0
11092,2043,Winter Session,23,0,100.0
11093,2043,Budget Session,26,0,100.0
11094,2043,Special Session,4,0,100.0
11095,2043,Budget Session,10,0,100.0
11096,2043,214th Part2,10,0,100.0
11097,2043,214th Part-1,6,0,100.0
11098,2043,Budget Session,35,0,100.0
11099,2043,Winter Session,17,0,100.0
11100,2045,Monsoon Session,35,0,100.0
11101,2045,Budget Session,10,0,100.0
11102,2045,Winter Session,18,0,100.0
11103,2045,Monsoon Session,17,0,100.0
11104,2045,Budget Session,22,0,100.0
11105,2045,Budget Session,8,0,100.0
11106,2045,Winter Session,13,0,100.0
11107,2045,Monsoon Session,19,0,100.0
11108,2045,Budget Session,21,0,100.0
11109,2045,Budget Session,8,0,100.0
11110,2045,Winter Session,21,0,100.0
11111,2045,Monsoon Session,20,0,100.0
11112,2045,Budget Session,15,0,100.0
11113,2045,Budget Session,16,0,100.0
11114,2045,Winter Session,20,0,100.0
11115,2045,Monsoon Session,17,0,100.0
11116,2045,Budget Session,13,0,100.0
11117,2045,Budget Session,19,0,100.0
11118,2045,Winter Session,22,0,100.0
11119,2045,Budget Session,27,0,100.0
11120,2045,Special Session,3,0,100.0
11121,2045,Winter Session,12,0,100.0
11122,2045,Winter Session,10,0,100.0
11123,2045,Monsoon Session,21,0,100.0
11124,2045,Budget Session,11,0,100.0
11125,2045,Budget Session,21,0,100.0
11126,2045,Winter Session,20,0,100.0
11127,2045,Monsoon Session,19,0,100.0
11128,2045,225th Part-2,21,0,100.0
11129,2045,225th Part-1,14,0,100.0
11130,2045,Winter Session,24,0,100.0
11131,2045,Monsoon Session,26,0,100.0
11132,2045,Budget Session,23,0,100.0
11133,2045,Winter Session,23,0,100.0
11134,2045,Monsoon Session,26,0,100.0
11135,2045,219th Part-2,17,0,100.0
11136,2045,219th Part-1,15,0,100.0
11137,2045,Winter Session,23,0,100.0
11138,2045,Budget Session,26,0,100.0
11139,2045,Special Session,4,0,100.0
11140,2045,Budget Session,10,0,100.0
11141,2045,214th Part2,10,0,100.0
11142,2045,214th Part-1,6,0,100.0
11143,2045,Budget Session,35,0,100.0
11144,2045,Winter Session,17,0,100.0
11145,2519,Winter Session,15,0,100.0
11146,2519,Monsoon Session,21,0,100.0
11147,2519,Budget Session,27,0,100.0
11148,2519,Winter Session,19,0,100.0
11149,2519,Monsoon Session,16,0,100.0
11150,2519,Special Session,5,0,100.0
11151,2519,Budget Session,9,0,100.0
11152,2519,Winter Session,15,0,100.0
11153,2519,Special Session,4,0,100.0
11154,2519,Monsoon Session,17,0,100.0
11155,2519,Budget Session,25,0,100.0
11156,2519,Winter Session,13,0,100.0
11157,2519,Monsoon Session,16,0,100.0
11158,132,225th Part-1,14,0,100.0
11159,132,Winter Session,24,0,100.0
11160,132,Monsoon Session,26,0,100.0
11161,132,Budget Session,23,0,100.0
11162,132,Winter Session,23,0,100.0
11163,132,Monsoon Session,26,0,100.0
11164,132,219th Part-2,17,0,100.0
11165,132,219th Part-1,15,0,100.0
11166,132,Winter Session,23,0,100.0
11167,132,Budget Session,26,0,100.0
11168,132,Special Session,4,0,100.0
11169,132,Budget Session,10,0,100.0
11170,132,214th Part2,10,0,100.0
11171,132,214th Part-1,6,0,100.0
11172,132,Budget Session,35,0,100.0
11173,132,Winter Session,17,0,100.0
11174,131,Budget Session,35,0,100.0
11175,131,Winter Session,17,0,100.0
11176,2047,Monsoon Session,35,0,100.0
11177,2047,Budget Session,10,0,100.0
11178,2047,Winter Session,18,0,100.0
11179,2047,Monsoon Session,17,0,100.0
11180,2047,Budget Session,22,0,100.0
11181,2047,Budget Session,8,0,100.0
11182,2047,Winter Session,13,0,100.0
11183,2047,Monsoon Session,19,0,100.0
11184,2047,Budget Session,21,0,100.0
11185,2047,Budget Session,8,0,100.0
11186,2047,Winter Session,21,0,100.0
11187,2047,Monsoon Session,20,0,100.0
11188,2047,Budget Session,15,0,100.0
11189,2047,Budget Session,16,0,100.0
11190,2047,Winter Session,20,0,100.0
11191,2047,Monsoon Session,17,0,100.0
11192,2047,Budget Session,13,0,100.0
11193,2047,Budget Session,19,0,100.0
11194,2047,Winter Session,22,0,100.0
11195,2047,Budget Session,27,0,100.0
11196,2047,Special Session,3,0,100.0
11197,2047,Winter Session,12,0,100.0
11198,2047,Winter Session,10,0,100.0
11199,2047,Monsoon Session,21,0,100.0
11200,2047,Budget Session,11,0,100.0
11201,2047,Budget Session,21,0,100.0
11202,2047,Winter Session,20,0,100.0
11203,2047,Monsoon Session,19,0,100.0
11204,2047,225th Part-2,21,0,100.0
11205,2047,225th Part-1,14,0,100.0
11206,2047,Winter Session,24,0,100.0
11207,2047,Monsoon Session,26,0,100.0
11208,2047,Budget Session,23,0,100.0
11209,2047,Winter Session,23,0,100.0
11210,2047,Monsoon Session,26,0,100.0
11211,2047,219th Part-2,17,0,100.0
11212,2047,219th Part-1,15,0,100.0
11213,2047,Winter Session,23,0,100.0
11214,2047,Budget Session,26,0,100.0
11215,2047,Special Session,4,0,100.0
11216,2047,Budget Session,10,0,100.0
11217,2047,214th Part2,10,0,100.0
11218,2047,214th Part-1,6,0,100.0
11219,2047,Budget Session,35,0,100.0
11220,2047,Winter Session,17,0,100.0
11221,2048,Budget Session,15,0,100.0
11222,2048,Budget Session,16,0,100.0
11223,2048,Winter Session,20,0,100.0
11224,2048,Monsoon Session,17,0,100.0
11225,2048,Budget Session,13,0,100.0
11226,2048,Budget Session,19,0,100.0
11227,2048,Winter Session,22,0,100.0
11228,2048,Budget Session,27,0,100.0
11229,2048,Special Session,3,0,100.0
11230,2048,Winter Session,12,0,100.0
11231,2048,Winter Session,10,0,100.0
11232,2048,Monsoon Session,21,0,100.0
11233,2048,Budget Session,11,0,100.0
11234,2048,Budget Session,21,0,100.0
11235,2048,Winter Session,20,0,100.0
11236,2048,Monsoon Session,19,0,100.0
11237,2048,225th Part-2,21,0,100.0
11238,2048,225th Part-1,14,0,100.0
11239,2048,Winter Session,24,0,100.0
11240,2048,Monsoon Session,26,0,100.0
11241,2048,Budget Session,23,0,100.0
11242,2048,Winter Session,23,0,100.0
11243,2048,Monsoon Session,26,0,100.0
11244,2048,219th Part-2,17,0,100.0
11245,2048,219th Part-1,15,0,100.0
11246,2048,Winter Session,23,0,100.0
11247,2048,Budget Session,26,0,100.0
11248,2048,Special Session,4,0,100.0
11249,2048,Budget Session,10,0,100.0
11250,2048,214th Part2,10,0,100.0
11251,2048,214th Part-1,6,0,100.0
11252,2048,Budget Session,35,0,100.0
11253,2048,Winter Session,17,0,100.0
11254,2521,Winter Session,15,0,100.0
11255,2521,Monsoon Session,21,0,100.0
11256,2521,Budget Session,27,0,100.0
11257,2521,Winter Session,19,0,100.0
11258,2521,Monsoon Session,16,0,100.0
11259,2521,Special Session,5,0,100.0
11260,2521,Budget Session,9,0,100.0
11261,2521,Winter Session,15,0,100.0
11262,2521,Special Session,4,0,100.0
11263,2521,Monsoon Session,17,0,100.0
11264,2521,Budget Session,25,0,100.0
11265,2521,Winter Session,13,0,100.0
11266,2521,Monsoon Session,16,0,100.0
11267,1588,Budget Session,15,0,100.0
11268,1588,Budget Session,16,0,100.0
11269,1588,Winter Session,20,0,100.0
11270,1588,Monsoon Session,17,0,100.0
11271,1588,Budget Session,13,0,100.0
11272,1588,Budget Session,19,0,100.0
11273,1588,Winter Session,22,0,100.0
11274,1588,Budget Session,27,0,100.0
11275,1588,Special Session,3,0,100.0
11276,1588,Winter Session,12,0,100.0
11277,1588,Winter Session,10,0,100.0
11278,1588,Monsoon Session,21,0,100.0
11279,1588,Budget Session,11,0,100.0
11280,1588,Budget Session,21,0,100.0
11281,1588,Winter Session,20,0,100.0
11282,1588,Monsoon Session,19,0,100.0
11283,1588,225th Part-2,21,0,100.0
11284,1588,225th Part-1,14,0,100.0
11285,1588,Winter Session,24,0,100.0
11286,1588,Monsoon Session,26,0,100.0
11287,1588,Budget Session,23,0,100.0
11288,1588,Winter Session,23,0,100.0
11289,1588,Monsoon Session,26,0,100.0
11290,1588,219th Part-2,17,0,100.0
11291,1588,219th Part-1,15,0,100.0
11292,1588,Winter Session,23,0,100.0
11293,1588,Budget Session,26,0,100.0
11294,1588,Special Session,4,0,100.0
11295,1588,Budget Session,10,0,100.0
11296,1588,214th Part2,10,0,100.0
11297,1588,214th Part-1,6,0,100.0
11298,1588,Budget Session,35,0,100.0
11299,1588,Winter Session,17,0,100.0
11300,2520,Winter Session,15,0,100.0
11301,2520,Monsoon Session,21,0,100.0
11302,2520,Budget Session,27,0,100.0
11303,2520,Winter Session,19,0,100.0
11304,2520,Monsoon Session,16,0,100.0
11305,2520,Special Session,5,0,100.0
11306,2520,Budget Session,9,0,100.0
11307,2520,Winter Session,15,0,100.0
11308,2520,Special Session,4,0,100.0
11309,2520,Monsoon Session,17,0,100.0
11310,2520,Budget Session,25,0,100.0
11311,2520,Winter Session,13,0,100.0
11312,2520,Monsoon Session,16,0,100.0
11313,2050,Budget Session,9,0,100.0
11314,2050,Winter Session,15,0,100.0
11315,2050,Special Session,4,0,100.0
11316,2050,Monsoon Session,17,0,100.0
11317,2050,Budget Session,25,0,100.0
11318,2050,Winter Session,13,0,100.0
11319,2050,Monsoon Session,16,0,100.0
11320,2050,Budget Session,29,0,100.0
11321,2050,Winter Session,18,0,100.0
11322,2050,Monsoon Session,17,0,100.0
11323,2050,Budget Session,33,0,100.0
11324,2050,Monsoon Session,18,0,100.0
11325,2050,Budget Session,34,0,100.0
11326,2050,Winter Session,20,0,100.0
11327,2050,Monsoon Session,35,0,100.0
11328,2050,Budget Session,10,0,100.0
11329,2050,Winter Session,18,0,100.0
11330,2050,Monsoon Session,17,0,100.0
11331,2050,Budget Session,22,0,100.0
11332,2050,Budget Session,22,0,100.0
11333,2050,Budget Session,8,0,100.0
11334,2050,Winter Session,13,0,100.0
11335,2050,Monsoon Session,19,0,100.0
11336,2050,Budget Session,21,0,100.0
11337,2050,Budget Session,8,0,100.0
11338,2050,Winter Session,21,0,100.0
11339,2050,Monsoon Session,20,0,100.0
11340,2050,Budget Session,15,0,100.0
11341,2050,Budget Session,16,0,100.0
11342,2050,Winter Session,20,0,100.0
11343,2050,Monsoon Session,17,0,100.0
11344,2050,Budget Session,13,0,100.0
11345,2050,Budget Session,19,0,100.0
11346,2050,Winter Session,22,0,100.0
11347,2050,Budget Session,27,0,100.0
11348,2050,Winter Session,12,0,100.0
11349,2050,Winter Session,10,0,100.0
11350,2050,Monsoon Session,21,0,100.0
11351,2050,Budget Session,11,0,100.0
11352,2050,Budget Session,21,0,100.0
11353,2050,Winter Session,20,0,100.0
11354,2050,Monsoon Session,19,0,100.0
11355,2050,225th Part-2,21,0,100.0
11356,2050,225th Part-1,14,0,100.0
11357,2050,Winter Session,24,0,100.0
11358,2050,Monsoon Session,26,0,100.0
11359,2050,Budget Session,23,0,100.0
11360,2050,Winter Session,23,0,100.0
11361,2050,Monsoon Session,26,0,100.0
11362,2050,219th Part-2,17,0,100.0
11363,2050,219th Part-1,15,0,100.0
11364,2050,Winter Session,23,0,100.0
11365,2050,Budget Session,26,0,100.0
11366,2050,Special Session,4,0,100.0
11367,2050,Budget Session,10,0,100.0
11368,2050,214th Part2,10,0,100.0
11369,2050,214th Part-1,6,0,100.0
11370,2522,Winter Session,15,0,100.0
11371,2522,Monsoon Session,21,0,100.0
11372,2522,Budget Session,27,0,100.0
11373,2522,Winter Session,19,0,100.0
11374,2522,Monsoon Session,16,0,100.0
11375,2522,Special Session,5,0,100.0
11376,2522,Budget Session,9,0,100.0
11377,2522,Winter Session,15,0,100.0
11378,2522,Special Session,4,0,100.0
11379,2522,Monsoon Session,17,0,100.0
11380,2522,Budget Session,25,0,100.0
11381,2522,Winter Session,13,0,100.0
11382,2522,Monsoon Session,16,0,100.0
11383,2049,219th Part-2,17,0,100.0
11384,2049,219th Part-1,15,0,100.0
11385,2049,Winter Session,23,0,100.0
11386,2049,Budget Session,26,0,100.0
11387,2049,Special Session,4,0,100.0
11388,2049,Budget Session,10,0,100.0
11389,2049,214th Part2,10,0,100.0
11390,2049,214th Part-1,6,0,100.0
11391,2049,Budget Session,35,0,100.0
11392,2523,Budget Session,9,0,100.0
11393,2523,Winter Session,15,0,100.0
11394,2523,Special Session,4,0,100.0
11395,2523,Monsoon Session,17,0,100.0
11396,2523,Budget Session,25,0,100.0
11397,2523,Winter Session,13,0,100.0
11398,2523,Monsoon Session,16,0,100.0
11399,135,219th Part-2,17,0,100.0
11400,135,219th Part-1,15,0,100.0
11401,135,Winter Session,23,0,100.0
11402,135,Budget Session,26,0,100.0
11403,135,Special Session,4,0,100.0
11404,135,Budget Session,10,0,100.0
11405,135,214th Part2,10,0,100.0
11406,135,214th Part-1,6,0,100.0
11407,135,Budget Session,35,0,100.0
11408,135,Winter Session,17,0,100.0
11409,2051,Winter Session,12,0,100.0
11410,2051,Winter Session,10,0,100.0
11411,2051,Monsoon Session,21,0,100.0
11412,2051,Budget Session,11,0,100.0
11413,2051,Budget Session,21,0,100.0
11414,2051,Winter Session,20,0,100.0
11415,2051,Monsoon Session,19,0,100.0
11416,2051,225th Part-2,21,0,100.0
11417,2051,225th Part-1,14,0,100.0
11418,2051,Winter Session,24,0,100.0
11419,2051,Monsoon Session,26,0,100.0
11420,2051,Budget Session,23,0,100.0
11421,2051,Winter Session,23,0,100.0
11422,2051,Monsoon Session,26,0,100.0
11423,2051,219th Part-2,17,0,100.0
11424,2051,219th Part-1,15,0,100.0
11425,2051,Winter Session,23,0,100.0
11426,2051,Budget Session,26,0,100.0
11427,2051,Special Session,4,0,100.0
11428,2051,Budget Session,10,0,100.0
11429,2051,214th Part2,10,0,100.0
11430,2051,214th Part-1,6,0,100.0
11431,2524,Winter Session,15,0,100.0
11432,2524,Monsoon Session,21,0,100.0
11433,2524,Budget Session,27,0,100.0
11434,2524,Winter Session,19,0,100.0
11435,2524,Monsoon Session,16,0,100.0
11436,2524,Special Session,5,0,100.0
11437,2524,Budget Session,9,0,100.0
11438,2524,Winter Session,15,0,100.0
11439,2524,Special Session,4,0,100.0
11440,2524,Monsoon Session,17,0,100.0
11441,2524,Budget Session,25,0,100.0
11442,2524,Winter Session,13,0,100.0
11443,2524,Monsoon Session,16,0,100.0
11444,2525,Winter Session,15,0,100.0
11445,2525,Monsoon Session,21,0,100.0
11446,2525,Budget Session,27,0,100.0
11447,2525,Winter Session,19,0,100.0
11448,2525,Monsoon Session,16,0,100.0
11449,2525,Special Session,5,0,100.0
11450,2525,Budget Session,9,0,100.0
11451,2525,Winter Session,15,0,100.0
11452,2525,Special Session,4,0,100.0
11453,2525,Monsoon Session,17,0,100.0
11454,2525,Budget Session,25,0,100.0
11455,2525,Winter Session,13,0,100.0
11456,2525,Monsoon Session,16,0,100.0
11457,2052,Winter Session,12,0,100.0
11458,2052,Winter Session,10,0,100.0
11459,2052,Monsoon Session,21,0,100.0
11460,2052,Budget Session,11,0,100.0
11461,2052,Budget Session,21,0,100.0
11462,2052,Winter Session,20,0,100.0
11463,2052,Monsoon Session,19,0,100.0
11464,2052,225th Part-2,21,0,100.0
11465,2052,225th Part-1,14,0,100.0
11466,2052,Winter Session,24,0,100.0
11467,2052,Monsoon Session,26,0,100.0
11468,2052,Budget Session,23,0,100.0
11469,2052,Winter Session,23,0,100.0
11470,2052,Monsoon Session,26,0,100.0
11471,2052,219th Part-2,17,0,100.0
11472,2052,219th Part-1,15,0,100.0
11473,2052,Winter Session,23,0,100.0
11474,2052,Budget Session,26,0,100.0
11475,2052,Special Session,4,0,100.0
11476,2052,Budget Session,10,0,100.0
11477,2052,214th Part2,10,0,100.0
11478,2052,214th Part-1,6,0,100.0
11479,2526,Winter Session,15,0,100.0
11480,2526,Monsoon Session,21,0,100.0
11481,2526,Budget Session,27,0,100.0
11482,2526,Winter Session,19,0,100.0
11483,2526,Monsoon Session,16,0,100.0
11484,2526,Special Session,5,0,100.0
11485,2526,Budget Session,9,0,100.0
11486,2526,Winter Session,15,0,100.0
11487,2526,Special Session,4,0,100.0
11488,2526,Monsoon Session,17,0,100.0
11489,2526,Budget Session,25,0,100.0
11490,2526,Winter Session,13,0,100.0
11491,2526,Monsoon Session,16,0,100.0
11492,2053,Winter Session,12,0,100.0
11493,2053,Winter Session,10,0,100.0
11494,2053,Monsoon Session,21,0,100.0
11495,2053,Budget Session,11,0,100.0
11496,2053,Budget Session,21,0,100.0
11497,2053,Winter Session,20,0,100.0
11498,2053,Monsoon Session,19,0,100.0
11499,2053,225th Part-2,21,0,100.0
11500,2053,225th Part-1,14,0,100.0
11501,2053,Winter Session,24,0,100.0
11502,2053,Monsoon Session,26,0,100.0
11503,2053,Budget Session,23,0,100.0
11504,2053,Winter Session,23,0,100.0
11505,2053,Monsoon Session,26,0,100.0
11506,2053,219th Part-2,17,0,100.0
11507,2053,219th Part-1,15,0,100.0
11508,2053,Winter Session,23,0,100.0
11509,2053,Budget Session,26,0,100.0
11510,2053,Special Session,4,0,100.0
11511,2053,Budget Session,10,0,100.0
11512,2053,214th Part2,10,0,100.0
11513,2053,214th Part-1,6,0,100.0
11514,140,Budget Session,35,0,100.0
11515,140,Winter Session,17,0,100.0
11516,2054,Winter Session,12,0,100.0
11517,2054,Winter Session,10,0,100.0
11518,2054,Monsoon Session,21,0,100.0
11519,2054,Budget Session,11,0,100.0
11520,2054,Budget Session,21,0,100.0
11521,2054,Winter Session,20,0,100.0
11522,2054,Monsoon Session,19,0,100.0
11523,2054,225th Part-2,21,0,100.0
11524,2054,225th Part-1,14,0,100.0
11525,2054,Winter Session,24,0,100.0
11526,2054,Monsoon Session,26,0,100.0
11527,2054,Budget Session,23,0,100.0
11528,2054,Winter Session,23,0,100.0
11529,2054,Monsoon Session,26,0,100.0
11530,2054,219th Part-2,17,0,100.0
11531,2054,219th Part-1,15,0,100.0
11532,2054,Winter Session,23,0,100.0
11533,2054,Budget Session,26,0,100.0
11534,2054,Special Session,4,0,100.0
11535,2054,Budget Session,10,0,100.0
11536,2054,214th Part2,10,0,100.0
11537,2054,214th Part-1,6,0,100.0
11538,2527,Winter Session,15,0,100.0
11539,2527,Winter Session,15,0,100.0
11540,2527,Monsoon Session,21,0,100.0
11541,2527,Monsoon Session,21,0,100.0
11542,2527,Budget Session,27,0,100.0
11543,2527,Budget Session,27,0,100.0
11544,2527,Winter Session,19,0,100.0
11545,2527,Winter Session,19,0,100.0
11546,2527,Monsoon Session,16,0,100.0
11547,2527,Special Session,5,0,100.0
11548,2527,Budget Session,9,0,100.0
11549,2527,Winter Session,15,0,100.0
11550,2527,Special Session,4,0,100.0
11551,2527,Monsoon Session,17,0,100.0
11552,2527,Budget Session,25,0,100.0
11553,2527,Winter Session,13,0,100.0
11554,2527,Monsoon Session,16,0,100.0
11555,2528,Winter Session,15,0,100.0
11556,2528,Winter Session,15,0,100.0
11557,2528,Monsoon Session,21,0,100.0
11558,2528,Monsoon Session,21,0,100.0
11559,2528,Budget Session,27,0,100.0
11560,2528,Budget Session,27,0,100.0
11561,2528,Winter Session,19,0,100.0
11562,2528,Winter Session,19,0,100.0
11563,2528,Monsoon Session,16,0,100.0
11564,2528,Special Session,5,0,100.0
11565,2528,Budget Session,9,0,100.0
11566,2528,Winter Session,15,0,100.0
11567,2528,Special Session,4,0,100.0
11568,2528,Monsoon Session,17,0,100.0
11569,2528,Budget Session,25,0,100.0
11570,2528,Winter Session,13,0,100.0
11571,2528,Monsoon Session,16,0,100.0
11572,2055,Winter Session,12,0,100.0
11573,2055,Winter Session,10,0,100.0
11574,2055,Monsoon Session,21,0,100.0
11575,2055,Budget Session,11,0,100.0
11576,2055,Budget Session,21,0,100.0
11577,2055,Winter Session,20,0,100.0
11578,2055,Monsoon Session,19,0,100.0
11579,2055,225th Part-2,21,0,100.0
11580,2055,225th Part-1,14,0,100.0
11581,2055,Winter Session,24,0,100.0
11582,2055,Monsoon Session,26,0,100.0
11583,2055,Budget Session,23,0,100.0
11584,2055,Winter Session,23,0,100.0
11585,2055,Monsoon Session,26,0,100.0
11586,2055,219th Part-2,17,0,100.0
11587,2055,219th Part-1,15,0,100.0
11588,2055,Winter Session,23,0,100.0
11589,2055,Budget Session,26,0,100.0
11590,2055,Special Session,4,0,100.0
11591,2055,Budget Session,10,0,100.0
11592,2055,214th Part2,10,0,100.0
11593,2055,214th Part-1,6,0,100.0
11594,2056,Winter Session,12,0,100.0
11595,2056,Winter Session,10,0,100.0
11596,2056,Monsoon Session,21,0,100.0
11597,2056,Budget Session,11,0,100.0
11598,2056,Budget Session,21,0,100.0
11599,2056,Winter Session,20,0,100.0
11600,2056,Monsoon Session,19,0,100.0
11601,2056,225th Part-2,21,0,100.0
11602,2056,225th Part-1,14,0,100.0
11603,2056,Winter Session,24,0,100.0
11604,2056,Monsoon Session,26,0,100.0
11605,2056,Budget Session,23,0,100.0
11606,2056,Winter Session,23,0,100.0
11607,2056,Monsoon Session,26,0,100.0
11608,2056,219th Part-2,17,0,100.0
11609,2056,219th Part-1,15,0,100.0
11610,2056,Winter Session,23,0,100.0
11611,2056,Budget Session,26,0,100.0
11612,2056,Special Session,4,0,100.0
11613,2056,Budget Session,10,0,100.0
11614,2056,214th Part2,10,0,100.0
11615,2056,214th Part-1,6,0,100.0
11616,2529,Winter Session,15,0,100.0
11617,2529,Monsoon Session,21,0,100.0
11618,2529,Budget Session,27,0,100.0
11619,2529,Winter Session,19,0,100.0
11620,2529,Monsoon Session,16,0,100.0
11621,2529,Special Session,5,0,100.0
11622,2529,Budget Session,9,0,100.0
11623,2529,Winter Session,15,0,100.0
11624,2529,Special Session,4,0,100.0
11625,2529,Monsoon Session,17,0,100.0
11626,2529,Budget Session,25,0,100.0
11627,2529,Winter Session,13,0,100.0
11628,2529,Monsoon Session,16,0,100.0
11629,143,Budget Session,29,0,100.0
11630,143,Winter Session,18,0,100.0
11631,143,Monsoon Session,17,0,100.0
11632,143,Budget Session,33,0,100.0
11633,143,Monsoon Session,18,0,100.0
11634,143,Budget Session,34,0,100.0
11635,143,Winter Session,20,0,100.0
11636,143,Monsoon Session,35,0,100.0
11637,143,Budget Session,10,0,100.0
11638,143,Winter Session,18,0,100.0
11639,143,Monsoon Session,17,0,100.0
11640,143,Budget Session,22,0,100.0
11641,143,Budget Session,8,0,100.0
11642,143,Winter Session,13,0,100.0
11643,143,Monsoon Session,19,0,100.0
11644,143,Budget Session,21,0,100.0
11645,143,Budget Session,8,0,100.0
11646,143,Winter Session,21,0,100.0
11647,143,Monsoon Session,20,0,100.0
11648,143,Budget Session,15,0,100.0
11649,143,Budget Session,16,0,100.0
11650,143,Winter Session,20,0,100.0
11651,143,Monsoon Session,17,0,100.0
11652,143,Budget Session,13,0,100.0
11653,143,Budget Session,19,0,100.0
11654,143,Winter Session,22,0,100.0
11655,143,Budget Session,27,0,100.0
11656,143,Special Session,3,0,100.0
11657,143,Winter Session,12,0,100.0
11658,143,Winter Session,10,0,100.0
11659,143,Monsoon Session,21,0,100.0
11660,143,Budget Session,11,0,100.0
11661,143,Budget Session,21,0,100.0
11662,143,Winter Session,20,0,100.0
11663,143,Monsoon Session,19,0,100.0
11664,143,225th Part-2,21,0,100.0
11665,143,225th Part-1,14,0,100.0
11666,143,Winter Session,24,0,100.0
11667,143,Monsoon Session,26,0,100.0
11668,143,Budget Session,23,0,100.0
11669,143,Winter Session,23,0,100.0
11670,143,Monsoon Session,26,0,100.0
11671,2530,Winter Session,15,0,100.0
11672,2530,Monsoon Session,21,0,100.0
11673,2530,Budget Session,27,0,100.0
11674,2530,Winter Session,19,0,100.0
11675,2530,Monsoon Session,16,0,100.0
11676,2530,Special Session,5,0,100.0
11677,2530,Budget Session,9,0,100.0
11678,2530,Winter Session,15,0,100.0
11679,2530,Special Session,4,0,100.0
11680,2530,Monsoon Session,17,0,100.0
11681,2530,Budget Session,25,0,100.0
11682,2530,Winter Session,13,0,100.0
11683,2530,Monsoon Session,16,0,100.0
11684,2057,Winter Session,12,0,100.0
11685,2057,Winter Session,10,0,100.0
11686,2057,Monsoon Session,21,0,100.0
11687,2057,Budget Session,11,0,100.0
11688,2057,Budget Session,21,0,100.0
11689,2057,Winter Session,20,0,100.0
11690,2057,Monsoon Session,19,0,100.0
11691,2057,225th Part-2,21,0,100.0
11692,2057,225th Part-1,14,0,100.0
11693,2057,Winter Session,24,0,100.0
11694,2057,Monsoon Session,26,0,100.0
11695,2057,Budget Session,23,0,100.0
11696,2057,Winter Session,23,0,100.0
11697,2057,Monsoon Session,26,0,100.0
11698,2057,219th Part-2,17,0,100.0
11699,2057,219th Part-1,15,0,100.0
11700,2057,Winter Session,23,0,100.0
11701,2057,Budget Session,26,0,100.0
11702,2057,Special Session,4,0,100.0
11703,2057,Budget Session,10,0,100.0
11704,2057,214th Part2,10,0,100.0
11705,2057,214th Part-1,6,0,100.0
11706,23,Budget Session,22,0,100.0
11707,23,Budget Session,8,0,100.0
11708,23,Winter Session,13,0,100.0
11709,23,Monsoon Session,19,0,100.0
11710,23,Budget Session,21,0,100.0
11711,23,Budget Session,8,0,100.0
11712,23,Winter Session,21,0,100.0
11713,23,Monsoon Session,20,0,100.0
11714,23,Budget Session,15,0,100.0
11715,23,Budget Session,16,0,100.0
11716,23,Winter Session,20,0,100.0
11717,23,Monsoon Session,17,0,100.0
11718,23,Budget Session,13,0,100.0
11719,23,Budget Session,19,0,100.0
11720,23,Winter Session,22,0,100.0
11721,23,Budget Session,27,0,100.0
11722,23,Special Session,3,0,100.0
11723,23,Winter Session,12,0,100.0
11724,23,Winter Session,10,0,100.0
11725,23,Monsoon Session,21,0,100.0
11726,23,Budget Session,11,0,100.0
11727,23,Budget Session,21,0,100.0
11728,23,Winter Session,20,0,100.0
11729,23,Monsoon Session,19,0,100.0
11730,23,225th Part-2,21,0,100.0
11731,23,219th Part-2,17,0,100.0
11732,23,219th Part-1,15,0,100.0
11733,23,Winter Session,23,0,100.0
11734,23,Budget Session,26,0,100.0
11735,23,Special Session,4,0,100.0
11736,23,Budget Session,10,0,100.0
11737,23,214th Part2,10,0,100.0
11738,23,214th Part-1,6,0,100.0
11739,23,Budget Session,35,0,100.0
11740,23,Winter Session,17,0,100.0
11741,2531,Winter Session,15,0,100.0
11742,2531,Monsoon Session,21,0,100.0
11743,2531,Budget Session,27,0,100.0
11744,2531,Winter Session,19,0,100.0
11745,2531,Monsoon Session,16,0,100.0
11746,2531,Special Session,5,0,100.0
11747,2531,Budget Session,9,0,100.0
11748,2531,Winter Session,15,0,100.0
11749,2531,Special Session,4,0,100.0
11750,2531,Monsoon Session,17,0,100.0
11751,2531,Budget Session,25,0,100.0
11752,2531,Winter Session,13,0,100.0
11753,2531,Monsoon Session,16,0,100.0
11754,2058,Budget Session,34,0,100.0
11755,2058,Winter Session,20,0,100.0
11756,2058,Monsoon Session,35,0,100.0
11757,2058,Budget Session,10,0,100.0
11758,2058,Winter Session,18,0,100.0
11759,2058,Monsoon Session,17,0,100.0
11760,2058,Budget Session,22,0,100.0
11761,2058,Budget Session,8,0,100.0
11762,2058,Winter Session,13,0,100.0
11763,2058,Monsoon Session,19,0,100.0
11764,2058,Budget Session,21,0,100.0
11765,2058,Budget Session,8,0,100.0
11766,2058,Winter Session,21,0,100.0
11767,2058,Monsoon Session,20,0,100.0
11768,2058,Budget Session,15,0,100.0
11769,2058,Budget Session,16,0,100.0
11770,2058,Winter Session,20,0,100.0
11771,2058,Monsoon Session,17,0,100.0
11772,2058,Budget Session,13,0,100.0
11773,2058,Budget Session,19,0,100.0
11774,2058,Winter Session,22,0,100.0
11775,2058,Budget Session,27,0,100.0
11776,2058,Special Session,3,0,100.0
11777,2058,Winter Session,12,0,100.0
11778,2058,Winter Session,10,0,100.0
11779,2058,Monsoon Session,21,0,100.0
11780,2058,Budget Session,11,0,100.0
11781,2058,Budget Session,21,0,100.0
11782,2058,Winter Session,20,0,100.0
11783,2058,Monsoon Session,19,0,100.0
11784,2058,225th Part-2,21,0,100.0
11785,2058,225th Part-1,14,0,100.0
11786,2058,Winter Session,24,0,100.0
11787,2058,Monsoon Session,26,0,100.0
11788,2058,Budget Session,23,0,100.0
11789,2058,Winter Session,23,0,100.0
11790,2058,Monsoon Session,26,0,100.0
11791,2058,219th Part-2,17,0,100.0
11792,2058,219th Part-1,15,0,100.0
11793,2058,Winter Session,23,0,100.0
11794,2058,Budget Session,26,0,100.0
11795,2058,Special Session,4,0,100.0
11796,2058,Budget Session,10,0,100.0
11797,2058,214th Part2,10,0,100.0
11798,2058,214th Part-1,6,0,100.0
11799,2532,Winter Session,15,0,100.0
11800,2532,Monsoon Session,21,0,100.0
11801,2532,Budget Session,27,0,100.0
11802,2532,Winter Session,19,0,100.0
11803,2532,Monsoon Session,16,0,100.0
11804,2532,Special Session,5,0,100.0
11805,2532,Budget Session,9,0,100.0
11806,2532,Winter Session,15,0,100.0
11807,2532,Special Session,4,0,100.0
11808,2532,Monsoon Session,17,0,100.0
11809,2532,Budget Session,25,0,100.0
11810,2532,Winter Session,13,0,100.0
11811,2532,Monsoon Session,16,0,100.0
11812,2059,Winter Session,12,0,100.0
11813,2059,Winter Session,10,0,100.0
11814,2059,Monsoon Session,21,0,100.0
11815,2059,Budget Session,11,0,100.0
11816,2059,Budget Session,21,0,100.0
11817,2059,Winter Session,20,0,100.0
11818,2059,Monsoon Session,19,0,100.0
11819,2059,225th Part-2,21,0,100.0
11820,2059,225th Part-1,14,0,100.0
11821,2059,Winter Session,24,0,100.0
11822,2059,Monsoon Session,26,0,100.0
11823,2059,Budget Session,23,0,100.0
11824,2059,Winter Session,23,0,100.0
11825,2059,Monsoon Session,26,0,100.0
11826,2059,219th Part-2,17,0,100.0
11827,2059,219th Part-1,15,0,100.0
11828,2059,Winter Session,23,0,100.0
11829,2059,Budget Session,26,0,100.0
11830,2059,Special Session,4,0,100.0
11831,2059,Budget Session,10,0,100.0
11832,2059,214th Part2,10,0,100.0
11833,2059,214th Part-1,6,0,100.0
11834,146,Winter Session,12,0,100.0
11835,146,Winter Session,10,0,100.0
11836,146,Monsoon Session,21,0,100.0
11837,146,Budget Session,11,0,100.0
11838,146,Budget Session,21,0,100.0
11839,146,Winter Session,20,0,100.0
11840,146,Monsoon Session,19,0,100.0
11841,146,225th Part-2,21,0,100.0
11842,146,225th Part-1,14,0,100.0
11843,146,Winter Session,24,0,100.0
11844,146,Monsoon Session,26,0,100.0
11845,146,Budget Session,23,0,100.0
11846,146,Winter Session,23,0,100.0
11847,146,Monsoon Session,26,0,100.0
11848,146,219th Part-2,17,0,100.0
11849,146,219th Part-1,15,0,100.0
11850,146,Winter Session,23,0,100.0
11851,146,Budget Session,26,0,100.0
11852,146,Special Session,4,0,100.0
11853,146,Budget Session,10,0,100.0
11854,146,214th Part2,10,0,100.0
11855,146,214th Part-1,6,0,100.0
11856,146,Budget Session,35,0,100.0
11857,146,Winter Session,17,0,100.0
11858,2533,Winter Session,15,0,100.0
11859,2533,Monsoon Session,21,0,100.0
11860,2533,Budget Session,27,0,100.0
11861,2533,Winter Session,19,0,100.0
11862,2533,Monsoon Session,16,0,100.0
11863,2533,Special Session,5,0,100.0
11864,2533,Budget Session,9,0,100.0
11865,2533,Winter Session,15,0,100.0
11866,2533,Special Session,4,0,100.0
11867,2533,Monsoon Session,17,0,100.0
11868,2533,Budget Session,25,0,100.0
11869,2533,Winter Session,13,0,100.0
11870,2533,Monsoon Session,16,0,100.0
11871,2060,Winter Session,12,0,100.0
11872,2060,Winter Session,10,0,100.0
11873,2060,Monsoon Session,21,0,100.0
11874,2060,Budget Session,11,0,100.0
11875,2060,Budget Session,21,0,100.0
11876,2060,Winter Session,20,0,100.0
11877,2060,Monsoon Session,19,0,100.0
11878,2060,225th Part-2,21,0,100.0
11879,2060,225th Part-1,14,0,100.0
11880,2060,Winter Session,24,0,100.0
11881,2060,Monsoon Session,26,0,100.0
11882,2060,Budget Session,23,0,100.0
11883,2060,Winter Session,23,0,100.0
11884,2060,Monsoon Session,26,0,100.0
11885,2060,219th Part-2,17,0,100.0
11886,2060,219th Part-1,15,0,100.0
11887,2060,Winter Session,23,0,100.0
11888,2060,Budget Session,26,0,100.0
11889,2060,Special Session,4,0,100.0
11890,2060,Budget Session,10,0,100.0
11891,2060,214th Part2,10,0,100.0
11892,2060,214th Part-1,6,0,100.0
11893,2061,Winter Session,12,0,100.0
11894,2061,Winter Session,10,0,100.0
11895,2061,Monsoon Session,21,0,100.0
11896,2061,Budget Session,11,0,100.0
11897,2061,Budget Session,21,0,100.0
11898,2061,Winter Session,20,0,100.0
11899,2061,Monsoon Session,19,0,100.0
11900,2061,225th Part-2,21,0,100.0
11901,2061,225th Part-1,14,0,100.0
11902,2061,Winter Session,24,0,100.0
11903,2061,Monsoon Session,26,0,100.0
11904,2061,Budget Session,23,0,100.0
11905,2061,Winter Session,23,0,100.0
11906,2061,Monsoon Session,26,0,100.0
11907,2061,219th Part-2,17,0,100.0
11908,2061,219th Part-1,15,0,100.0
11909,2061,Winter Session,23,0,100.0
11910,2061,Budget Session,26,0,100.0
11911,2061,Special Session,4,0,100.0
11912,2061,Budget Session,10,0,100.0
11913,2061,214th Part2,10,0,100.0
11914,2061,214th Part-1,6,0,100.0
11915,2534,Winter Session,15,0,100.0
11916,2534,Monsoon Session,21,0,100.0
11917,2534,Budget Session,27,0,100.0
11918,2534,Winter Session,19,0,100.0
11919,2534,Monsoon Session,16,0,100.0
11920,2534,Special Session,5,0,100.0
11921,2534,Budget Session,9,0,100.0
11922,2534,Winter Session,15,0,100.0
11923,2534,Special Session,4,0,100.0
11924,2534,Monsoon Session,17,0,100.0
11925,2534,Budget Session,25,0,100.0
11926,2534,Winter Session,13,0,100.0
11927,2534,Monsoon Session,16,0,100.0
11928,27,Budget Session,9,0,100.0
11929,27,Winter Session,15,0,100.0
11930,27,Special Session,4,0,100.0
11931,27,Monsoon Session,17,0,100.0
11932,27,Budget Session,25,0,100.0
11933,27,Winter Session,13,0,100.0
11934,27,Monsoon Session,16,0,100.0
11935,27,Budget Session,29,0,100.0
11936,27,Winter Session,18,0,100.0
11937,27,Monsoon Session,17,0,100.0
11938,27,Budget Session,33,0,100.0
11939,27,Monsoon Session,18,0,100.0
11940,27,Budget Session,34,0,100.0
11941,27,Winter Session,20,0,100.0
11942,27,Monsoon Session,35,0,100.0
11943,27,Budget Session,10,0,100.0
11944,27,Winter Session,18,0,100.0
11945,27,Monsoon Session,17,0,100.0
11946,27,Budget Session,22,0,100.0
11947,27,Budget Session,22,0,100.0
11948,27,Budget Session,8,0,100.0
11949,27,Winter Session,13,0,100.0
11950,27,Monsoon Session,19,0,100.0
11951,27,Budget Session,21,0,100.0
11952,27,Budget Session,8,0,100.0
11953,27,Winter Session,21,0,100.0
11954,27,Monsoon Session,20,0,100.0
11955,27,Budget Session,15,0,100.0
11956,27,Budget Session,16,0,100.0
11957,27,Winter Session,20,0,100.0
11958,27,Monsoon Session,17,0,100.0
11959,27,Budget Session,13,0,100.0
11960,27,Budget Session,19,0,100.0
11961,27,Winter Session,22,0,100.0
11962,27,Budget Session,27,0,100.0
11963,27,Special Session,3,0,100.0
11964,27,Winter Session,12,0,100.0
11965,27,Winter Session,10,0,100.0
11966,27,Monsoon Session,21,0,100.0
11967,27,Budget Session,11,0,100.0
11968,27,Budget Session,21,0,100.0
11969,27,Winter Session,20,0,100.0
11970,27,Monsoon Session,19,0,100.0
11971,27,225th Part-2,21,0,100.0
11972,27,225th Part-1,14,0,100.0
11973,27,Winter Session,24,0,100.0
11974,27,Monsoon Session,26,0,100.0
11975,27,Budget Session,23,0,100.0
11976,27,Winter Session,23,0,100.0
11977,27,Monsoon Session,26,0,100.0
11978,27,219th Part-2,17,0,100.0
11979,27,219th Part-1,15,0,100.0
11980,27,Winter Session,23,0,100.0
11981,27,Budget Session,26,0,100.0
11982,27,Special Session,4,0,100.0
11983,27,Budget Session,10,0,100.0
11984,27,214th Part2,10,0,100.0
11985,27,214th Part-1,6,0,100.0
11986,27,Budget Session,35,0,100.0
11987,27,Winter Session,17,0,100.0
11988,2536,Winter Session,15,0,100.0
11989,2536,Monsoon Session,21,0,100.0
11990,2536,Budget Session,27,0,100.0
11991,2536,Winter Session,19,0,100.0
11992,2536,Monsoon Session,16,0,100.0
11993,2536,Special Session,5,0,100.0
11994,2536,Budget Session,9,0,100.0
11995,2536,Winter Session,15,0,100.0
11996,2536,Special Session,4,0,100.0
11997,2536,Monsoon Session,17,0,100.0
11998,2536,Budget Session,25,0,100.0
11999,2536,Winter Session,13,0,100.0
12000,2536,Monsoon Session,16,0,100.0
12001,2064,Winter Session,15,0,100.0
12002,2064,Monsoon Session,21,0,100.0
12003,2064,Budget Session,27,0,100.0
12004,2064,Winter Session,19,0,100.0
12005,2064,Monsoon Session,16,0,100.0
12006,2064,Special Session,5,0,100.0
12007,2064,Budget Session,9,0,100.0
12008,2064,Winter Session,15,0,100.0
12009,2064,Special Session,4,0,100.0
12010,2064,Monsoon Session,17,0,100.0
12011,2064,Budget Session,25,0,100.0
12012,2064,Winter Session,13,0,100.0
12013,2064,Monsoon Session,16,0,100.0
12014,2064,Budget Session,29,0,100.0
12015,2064,Winter Session,18,0,100.0
12016,2064,Monsoon Session,17,0,100.0
12017,2064,Budget Session,33,0,100.0
12018,2064,Monsoon Session,18,0,100.0
12019,2064,Budget Session,34,0,100.0
12020,2064,Winter Session,20,0,100.0
12021,2064,Monsoon Session,35,0,100.0
12022,2064,Winter Session,12,0,100.0
12023,2064,Winter Session,10,0,100.0
12024,2064,Monsoon Session,21,0,100.0
12025,2064,Budget Session,11,0,100.0
12026,2064,Budget Session,21,0,100.0
12027,2064,Winter Session,20,0,100.0
12028,2064,Monsoon Session,19,0,100.0
12029,2064,225th Part-2,21,0,100.0
12030,2064,225th Part-1,14,0,100.0
12031,2064,Winter Session,24,0,100.0
12032,2064,Monsoon Session,26,0,100.0
12033,2064,Budget Session,23,0,100.0
12034,2064,Winter Session,23,0,100.0
12035,2064,Monsoon Session,26,0,100.0
12036,2064,219th Part-2,17,0,100.0
12037,2064,219th Part-1,15,0,100.0
12038,2064,Winter Session,23,0,100.0
12039,2064,Budget Session,26,0,100.0
12040,2064,Special Session,4,0,100.0
12041,2064,Budget Session,10,0,100.0
12042,2064,214th Part2,10,0,100.0
12043,2064,214th Part-1,6,0,100.0
12044,1602,225th Part-1,14,0,100.0
12045,1602,Winter Session,24,0,100.0
12046,1602,Monsoon Session,26,0,100.0
12047,1602,Budget Session,23,0,100.0
12048,1602,Winter Session,23,0,100.0
12049,1602,Monsoon Session,26,0,100.0
12050,1602,219th Part-2,17,0,100.0
12051,1602,219th Part-1,15,0,100.0
12052,1602,Winter Session,23,0,100.0
12053,1602,Budget Session,26,0,100.0
12054,1602,Special Session,4,0,100.0
12055,1602,Budget Session,10,0,100.0
12056,1602,214th Part2,10,0,100.0
12057,1602,214th Part-1,6,0,100.0
12058,1602,Budget Session,35,0,100.0
12059,1602,Winter Session,17,0,100.0
12060,28,219th Part-2,17,0,100.0
12061,28,219th Part-1,15,0,100.0
12062,28,Winter Session,23,0,100.0
12063,28,Budget Session,26,0,100.0
12064,28,Special Session,4,0,100.0
12065,28,Budget Session,10,0,100.0
12066,28,214th Part2,10,0,100.0
12067,28,214th Part-1,6,0,100.0
12068,28,Budget Session,35,0,100.0
12069,28,Winter Session,17,0,100.0
12070,2535,Winter Session,15,0,100.0
12071,2535,Monsoon Session,21,0,100.0
12072,2535,Budget Session,27,0,100.0
12073,2535,Winter Session,19,0,100.0
12074,2535,Monsoon Session,16,0,100.0
12075,2535,Special Session,5,0,100.0
12076,2535,Budget Session,9,0,100.0
12077,2535,Winter Session,15,0,100.0
12078,2535,Special Session,4,0,100.0
12079,2535,Monsoon Session,17,0,100.0
12080,2535,Budget Session,25,0,100.0
12081,2535,Winter Session,13,0,100.0
12082,2535,Monsoon Session,16,0,100.0
12083,2065,Winter Session,15,0,100.0
12084,2065,Winter Session,15,0,100.0
12085,2065,Monsoon Session,21,0,100.0
12086,2065,Monsoon Session,21,0,100.0
12087,2065,Budget Session,27,0,100.0
12088,2065,Budget Session,27,0,100.0
12089,2065,Winter Session,19,0,100.0
12090,2065,Winter Session,19,0,100.0
12091,2065,Monsoon Session,16,0,100.0
12092,2065,Monsoon Session,16,0,100.0
12093,2065,Special Session,5,0,100.0
12094,2065,Special Session,5,0,100.0
12095,2065,Budget Session,9,0,100.0
12096,2065,Budget Session,9,0,100.0
12097,2065,Winter Session,15,0,100.0
12098,2065,Winter Session,15,0,100.0
12099,2065,Special Session,4,0,100.0
12100,2065,Special Session,4,0,100.0
12101,2065,Monsoon Session,17,0,100.0
12102,2065,Monsoon Session,17,0,100.0
12103,2065,Budget Session,25,0,100.0
12104,2065,Budget Session,25,0,100.0
12105,2065,Winter Session,13,0,100.0
12106,2065,Winter Session,13,0,100.0
12107,2065,Monsoon Session,16,0,100.0
12108,2065,Monsoon Session,16,0,100.0
12109,2065,Budget Session,29,0,100.0
12110,2065,Budget Session,29,0,100.0
12111,2065,Winter Session,18,0,100.0
12112,2065,Winter Session,18,0,100.0
12113,2065,Monsoon Session,17,0,100.0
12114,2065,Monsoon Session,17,0,100.0
12115,2065,Budget Session,33,0,100.0
12116,2065,Budget Session,33,0,100.0
12117,2065,Monsoon Session,18,0,100.0
12118,2065,Budget Session,34,0,100.0
12119,2065,Winter Session,20,0,100.0
12120,2065,Monsoon Session,35,0,100.0
12121,2065,Budget Session,10,0,100.0
12122,2065,Winter Session,18,0,100.0
12123,2065,Monsoon Session,17,0,100.0
12124,2065,Budget Session,22,0,100.0
12125,2065,Budget Session,8,0,100.0
12126,2065,Winter Session,13,0,100.0
12127,2065,Monsoon Session,19,0,100.0
12128,2065,Budget Session,21,0,100.0
12129,2065,Budget Session,8,0,100.0
12130,2065,Winter Session,21,0,100.0
12131,2065,Monsoon Session,20,0,100.0
12132,2065,Budget Session,15,0,100.0
12133,2065,Budget Session,16,0,100.0
12134,2065,Winter Session,20,0,100.0
12135,2065,Monsoon Session,17,0,100.0
12136,2065,Budget Session,13,0,100.0
12137,2065,Budget Session,19,0,100.0
12138,2065,Winter Session,22,0,100.0
12139,2065,Budget Session,27,0,100.0
12140,2065,Special Session,3,0,100.0
12141,2065,Winter Session,12,0,100.0
12142,2065,Winter Session,10,0,100.0
12143,2065,Monsoon Session,21,0,100.0
12144,2065,Budget Session,11,0,100.0
12145,2065,Budget Session,21,0,100.0
12146,2065,Winter Session,20,0,100.0
12147,2065,Monsoon Session,19,0,100.0
12148,2065,225th Part-2,21,0,100.0
12149,2065,225th Part-1,14,0,100.0
12150,2065,Winter Session,24,0,100.0
12151,2065,Monsoon Session,26,0,100.0
12152,2065,Budget Session,23,0,100.0
12153,2065,Winter Session,23,0,100.0
12154,2065,Monsoon Session,26,0,100.0
12155,2065,219th Part-2,17,0,100.0
12156,2065,219th Part-1,15,0,100.0
12157,2065,Winter Session,23,0,100.0
12158,2065,Budget Session,26,0,100.0
12159,2065,Special Session,4,0,100.0
12160,2065,Budget Session,10,0,100.0
12161,2065,214th Part2,10,0,100.0
12162,2065,214th Part-1,6,0,100.0
12163,29,Budget Session,29,0,100.0
12164,29,Winter Session,18,0,100.0
12165,29,Monsoon Session,17,0,100.0
12166,29,Budget Session,33,0,100.0
12167,29,Monsoon Session,18,0,100.0
12168,29,Budget Session,34,0,100.0
12169,29,Winter Session,20,0,100.0
12170,29,Monsoon Session,35,0,100.0
12171,29,Budget Session,10,0,100.0
12172,29,Winter Session,18,0,100.0
12173,29,Monsoon Session,17,0,100.0
12174,29,Budget Session,22,0,100.0
12175,29,Budget Session,8,0,100.0
12176,29,Winter Session,13,0,100.0
12177,29,Monsoon Session,19,0,100.0
12178,29,Budget Session,21,0,100.0
12179,29,Budget Session,8,0,100.0
12180,29,Winter Session,21,0,100.0
12181,29,Monsoon Session,20,0,100.0
12182,29,Budget Session,15,0,100.0
12183,29,Budget Session,16,0,100.0
12184,29,Winter Session,20,0,100.0
12185,29,Monsoon Session,17,0,100.0
12186,29,Budget Session,13,0,100.0
12187,29,Budget Session,19,0,100.0
12188,29,Winter Session,22,0,100.0
12189,29,Budget Session,27,0,100.0
12190,29,Special Session,3,0,100.0
12191,29,Winter Session,12,0,100.0
12192,29,Winter Session,10,0,100.0
12193,29,Monsoon Session,21,0,100.0
12194,29,Budget Session,11,0,100.0
12195,29,Budget Session,21,0,100.0
12196,29,Winter Session,20,0,100.0
12197,29,Monsoon Session,19,0,100.0
12198,29,225th Part-2,21,0,100.0
12199,29,225th Part-1,14,0,100.0
12200,29,Winter Session,24,0,100.0
12201,29,Monsoon Session,26,0,100.0
12202,29,Budget Session,23,0,100.0
12203,29,Winter Session,23,0,100.0
12204,29,Monsoon Session,26,0,100.0
12205,29,Budget Session,26,0,100.0
12206,29,Special Session,4,0,100.0
12207,29,Budget Session,10,0,100.0
12208,29,214th Part2,10,0,100.0
12209,29,214th Part-1,6,0,100.0
12210,29,Budget Session,35,0,100.0
12211,29,Winter Session,17,0,100.0
12212,2537,Winter Session,15,0,100.0
12213,2537,Monsoon Session,21,0,100.0
12214,2537,Budget Session,27,0,100.0
12215,2537,Winter Session,19,0,100.0
12216,2537,Monsoon Session,16,0,100.0
12217,2537,Special Session,5,0,100.0
12218,2537,Budget Session,9,0,100.0
12219,2537,Winter Session,15,0,100.0
12220,2537,Special Session,4,0,100.0
12221,2537,Monsoon Session,17,0,100.0
12222,2537,Budget Session,25,0,100.0
12223,2537,Winter Session,13,0,100.0
12224,2537,Monsoon Session,16,0,100.0
12225,2066,Budget Session,34,0,100.0
12226,2066,Winter Session,20,0,100.0
12227,2066,Monsoon Session,35,0,100.0
12228,2066,Budget Session,10,0,100.0
12229,2066,Winter Session,18,0,100.0
12230,2066,Monsoon Session,17,0,100.0
12231,2066,Budget Session,22,0,100.0
12232,2066,Budget Session,8,0,100.0
12233,2066,Winter Session,13,0,100.0
12234,2066,Monsoon Session,19,0,100.0
12235,2066,Budget Session,21,0,100.0
12236,2066,Budget Session,8,0,100.0
12237,2066,Winter Session,21,0,100.0
12238,2066,Monsoon Session,20,0,100.0
12239,2066,Budget Session,15,0,100.0
12240,2066,Budget Session,16,0,100.0
12241,2066,Winter Session,20,0,100.0
12242,2066,Monsoon Session,17,0,100.0
12243,2066,Budget Session,13,0,100.0
12244,2066,Budget Session,19,0,100.0
12245,2066,Winter Session,22,0,100.0
12246,2066,Budget Session,27,0,100.0
12247,2066,Special Session,3,0,100.0
12248,2066,Winter Session,12,0,100.0
12249,2066,Winter Session,10,0,100.0
12250,2066,Monsoon Session,21,0,100.0
12251,2066,Budget Session,11,0,100.0
12252,2066,Budget Session,21,0,100.0
12253,2066,Winter Session,20,0,100.0
12254,2066,Monsoon Session,19,0,100.0
12255,2066,225th Part-2,21,0,100.0
12256,2066,225th Part-1,14,0,100.0
12257,2066,Winter Session,24,0,100.0
12258,2066,Monsoon Session,26,0,100.0
12259,2066,Budget Session,23,0,100.0
12260,2066,Winter Session,23,0,100.0
12261,2066,Monsoon Session,26,0,100.0
12262,2066,219th Part-2,17,0,100.0
12263,2066,219th Part-1,15,0,100.0
12264,2066,Winter Session,23,0,100.0
12265,2066,Budget Session,26,0,100.0
12266,2066,Special Session,4,0,100.0
12267,2066,Budget Session,10,0,100.0
12268,2066,214th Part2,10,0,100.0
12269,2066,214th Part-1,6,0,100.0
12270,2067,Winter Session,12,0,100.0
12271,2067,Winter Session,10,0,100.0
12272,2067,Monsoon Session,21,0,100.0
12273,2067,Budget Session,11,0,100.0
12274,2067,Budget Session,21,0,100.0
12275,2067,Winter Session,20,0,100.0
12276,2067,Monsoon Session,19,0,100.0
12277,2067,225th Part-2,21,0,100.0
12278,2067,225th Part-1,14,0,100.0
12279,2067,Winter Session,24,0,100.0
12280,2067,Monsoon Session,26,0,100.0
12281,2067,Budget Session,23,0,100.0
12282,2067,Winter Session,23,0,100.0
12283,2067,Monsoon Session,26,0,100.0
12284,2067,219th Part-2,17,0,100.0
12285,2067,219th Part-1,15,0,100.0
12286,2067,Winter Session,23,0,100.0
12287,2067,Budget Session,26,0,100.0
12288,2067,Special Session,4,0,100.0
12289,2067,Budget Session,10,0,100.0
12290,2067,214th Part2,10,0,100.0
12291,2067,214th Part-1,6,0,100.0
12292,2538,Winter Session,15,0,100.0
12293,2538,Monsoon Session,21,0,100.0
12294,2538,Budget Session,27,0,100.0
12295,2538,Winter Session,19,0,100.0
12296,2538,Monsoon Session,16,0,100.0
12297,2538,Special Session,5,0,100.0
12298,2538,Budget Session,9,0,100.0
12299,2538,Winter Session,15,0,100.0
12300,2538,Special Session,4,0,100.0
12301,2538,Monsoon Session,17,0,100.0
12302,2538,Budget Session,25,0,100.0
12303,2538,Winter Session,13,0,100.0
12304,2538,Monsoon Session,16,0,100.0
12305,2068,Budget Session,34,0,100.0
12306,2068,Winter Session,20,0,100.0
12307,2068,Monsoon Session,35,0,100.0
12308,2068,Budget Session,10,0,100.0
12309,2068,Winter Session,18,0,100.0
12310,2068,Monsoon Session,17,0,100.0
12311,2068,Budget Session,22,0,100.0
12312,2068,Budget Session,8,0,100.0
12313,2068,Winter Session,13,0,100.0
12314,2068,Monsoon Session,19,0,100.0
12315,2068,Budget Session,21,0,100.0
12316,2068,Budget Session,8,0,100.0
12317,2068,Winter Session,21,0,100.0
12318,2068,Monsoon Session,20,0,100.0
12319,2068,Budget Session,15,0,100.0
12320,2068,Budget Session,16,0,100.0
12321,2068,Winter Session,20,0,100.0
12322,2068,Monsoon Session,17,0,100.0
12323,2068,Budget Session,13,0,100.0
12324,2068,Budget Session,19,0,100.0
12325,2068,Winter Session,22,0,100.0
12326,2068,Budget Session,27,0,100.0
12327,2068,Special Session,3,0,100.0
12328,2068,Winter Session,12,0,100.0
12329,2068,Winter Session,10,0,100.0
12330,2068,Monsoon Session,21,0,100.0
12331,2068,Budget Session,11,0,100.0
12332,2068,Budget Session,21,0,100.0
12333,2068,Winter Session,20,0,100.0
12334,2068,Monsoon Session,19,0,100.0
12335,2068,225th Part-2,21,0,100.0
12336,2068,225th Part-1,14,0,100.0
12337,2068,Winter Session,24,0,100.0
12338,2068,Monsoon Session,26,0,100.0
12339,2068,Budget Session,23,0,100.0
12340,2068,Winter Session,23,0,100.0
12341,2068,Monsoon Session,26,0,100.0
12342,2068,219th Part-2,17,0,100.0
12343,2068,219th Part-1,15,0,100.0
12344,2068,Winter Session,23,0,100.0
12345,2068,Budget Session,26,0,100.0
12346,2068,Special Session,4,0,100.0
12347,2068,Budget Session,10,0,100.0
12348,2068,214th Part2,10,0,100.0
12349,2068,214th Part-1,6,0,100.0
12350,2539,Winter Session,15,0,100.0
12351,2539,Monsoon Session,21,0,100.0
12352,2539,Budget Session,27,0,100.0
12353,2539,Winter Session,19,0,100.0
12354,2539,Monsoon Session,16,0,100.0
12355,2539,Special Session,5,0,100.0
12356,2539,Budget Session,9,0,100.0
12357,2539,Winter Session,15,0,100.0
12358,2539,Special Session,4,0,100.0
12359,2539,Monsoon Session,17,0,100.0
12360,2539,Budget Session,25,0,100.0
12361,2539,Winter Session,13,0,100.0
12362,2539,Monsoon Session,16,0,100.0
12363,2540,Winter Session,15,0,100.0
12364,2540,Monsoon Session,21,0,100.0
12365,2540,Budget Session,27,0,100.0
12366,2540,Winter Session,19,0,100.0
12367,2540,Monsoon Session,16,0,100.0
12368,2540,Special Session,5,0,100.0
12369,2540,Budget Session,9,0,100.0
12370,2540,Winter Session,15,0,100.0
12371,2540,Special Session,4,0,100.0
12372,2540,Monsoon Session,17,0,100.0
12373,2540,Budget Session,25,0,100.0
12374,2540,Winter Session,13,0,100.0
12375,2540,Monsoon Session,16,0,100.0
12376,2070,Winter Session,12,0,100.0
12377,2070,Winter Session,10,0,100.0
12378,2070,Monsoon Session,21,0,100.0
12379,2070,Budget Session,11,0,100.0
12380,2070,Budget Session,21,0,100.0
12381,2070,Winter Session,20,0,100.0
12382,2070,Monsoon Session,19,0,100.0
12383,2070,225th Part-2,21,0,100.0
12384,2070,225th Part-1,14,0,100.0
12385,2070,Winter Session,24,0,100.0
12386,2070,Monsoon Session,26,0,100.0
12387,2070,Budget Session,23,0,100.0
12388,2070,Winter Session,23,0,100.0
12389,2070,Monsoon Session,26,0,100.0
12390,2070,219th Part-2,17,0,100.0
12391,2070,219th Part-1,15,0,100.0
12392,2070,Winter Session,23,0,100.0
12393,2070,Budget Session,26,0,100.0
12394,2070,Special Session,4,0,100.0
12395,2070,Budget Session,10,0,100.0
12396,2070,214th Part2,10,0,100.0
12397,2070,214th Part-1,6,0,100.0
12398,2541,Winter Session,15,0,100.0
12399,2541,Monsoon Session,21,0,100.0
12400,2541,Budget Session,27,0,100.0
12401,2541,Winter Session,19,0,100.0
12402,2541,Monsoon Session,16,0,100.0
12403,2541,Special Session,5,0,100.0
12404,2541,Budget Session,9,0,100.0
12405,2541,Winter Session,15,0,100.0
12406,2541,Special Session,4,0,100.0
12407,2541,Monsoon Session,17,0,100.0
12408,2541,Budget Session,25,0,100.0
12409,2541,Winter Session,13,0,100.0
12410,2541,Monsoon Session,16,0,100.0
12411,2071,Winter Session,12,0,100.0
12412,2071,Winter Session,10,0,100.0
12413,2071,Monsoon Session,21,0,100.0
12414,2071,Budget Session,11,0,100.0
12415,2071,Budget Session,21,0,100.0
12416,2071,Winter Session,20,0,100.0
12417,2071,Monsoon Session,19,0,100.0
12418,2071,225th Part-2,21,0,100.0
12419,2071,225th Part-1,14,0,100.0
12420,2071,Winter Session,24,0,100.0
12421,2071,Monsoon Session,26,0,100.0
12422,2071,Budget Session,23,0,100.0
12423,2071,Winter Session,23,0,100.0
12424,2071,Monsoon Session,26,0,100.0
12425,2071,219th Part-2,17,0,100.0
12426,2071,219th Part-1,15,0,100.0
12427,2071,Winter Session,23,0,100.0
12428,2071,Budget Session,26,0,100.0
12429,2071,Special Session,4,0,100.0
12430,2071,Budget Session,10,0,100.0
12431,2071,214th Part2,10,0,100.0
12432,2071,214th Part-1,6,0,100.0
12433,155,Budget Session,15,0,100.0
12434,155,Budget Session,16,0,100.0
12435,155,Winter Session,20,0,100.0
12436,155,Monsoon Session,17,0,100.0
12437,155,Budget Session,13,0,100.0
12438,155,Budget Session,19,0,100.0
12439,155,Winter Session,22,0,100.0
12440,155,Budget Session,27,0,100.0
12441,155,Special Session,3,0,100.0
12442,155,Winter Session,12,0,100.0
12443,155,Winter Session,10,0,100.0
12444,155,Monsoon Session,21,0,100.0
12445,155,Budget Session,11,0,100.0
12446,155,Budget Session,21,0,100.0
12447,155,Winter Session,20,0,100.0
12448,155,Monsoon Session,19,0,100.0
12449,155,225th Part-2,21,0,100.0
12450,155,225th Part-1,14,0,100.0
12451,155,Winter Session,24,0,100.0
12452,155,Monsoon Session,26,0,100.0
12453,155,Budget Session,23,0,100.0
12454,155,Winter Session,23,0,100.0
12455,155,Monsoon Session,26,0,100.0
12456,155,219th Part-2,17,0,100.0
12457,155,219th Part-1,15,0,100.0
12458,155,Winter Session,23,0,100.0
12459,155,Budget Session,26,0,100.0
12460,155,Special Session,4,0,100.0
12461,155,Budget Session,10,0,100.0
12462,155,214th Part2,10,0,100.0
12463,155,214th Part-1,6,0,100.0
12464,155,Budget Session,35,0,100.0
12465,155,Winter Session,17,0,100.0
12466,2542,Winter Session,15,0,100.0
12467,2542,Monsoon Session,21,0,100.0
12468,2542,Budget Session,27,0,100.0
12469,2542,Winter Session,19,0,100.0
12470,2542,Monsoon Session,16,0,100.0
12471,2542,Special Session,5,0,100.0
12472,2542,Budget Session,9,0,100.0
12473,2542,Winter Session,15,0,100.0
12474,2542,Special Session,4,0,100.0
12475,2542,Monsoon Session,17,0,100.0
12476,2542,Budget Session,25,0,100.0
12477,2542,Winter Session,13,0,100.0
12478,2542,Monsoon Session,16,0,100.0
12479,2072,Budget Session,9,0,100.0
12480,2072,Winter Session,15,0,100.0
12481,2072,Special Session,4,0,100.0
12482,2072,Monsoon Session,17,0,100.0
12483,2072,Budget Session,25,0,100.0
12484,2072,Winter Session,13,0,100.0
12485,2072,Monsoon Session,16,0,100.0
12486,2072,Budget Session,29,0,100.0
12487,2072,Winter Session,18,0,100.0
12488,2072,Monsoon Session,17,0,100.0
12489,2072,Budget Session,33,0,100.0
12490,2072,Monsoon Session,18,0,100.0
12491,2072,Budget Session,34,0,100.0
12492,2072,Winter Session,20,0,100.0
12493,2072,Monsoon Session,35,0,100.0
12494,2072,Budget Session,10,0,100.0
12495,2072,Winter Session,18,0,100.0
12496,2072,Monsoon Session,17,0,100.0
12497,2072,Budget Session,22,0,100.0
12498,2072,Budget Session,22,0,100.0
12499,2072,Budget Session,8,0,100.0
12500,2072,Winter Session,13,0,100.0
12501,2072,Monsoon Session,19,0,100.0
12502,2072,Budget Session,21,0,100.0
12503,2072,Budget Session,8,0,100.0
12504,2072,Winter Session,21,0,100.0
12505,2072,Monsoon Session,20,0,100.0
12506,2072,Winter Session,12,0,100.0
12507,2072,Winter Session,10,0,100.0
12508,2072,Monsoon Session,21,0,100.0
12509,2072,Budget Session,11,0,100.0
12510,2072,Budget Session,21,0,100.0
12511,2072,Winter Session,20,0,100.0
12512,2072,Monsoon Session,19,0,100.0
12513,2072,225th Part-2,21,0,100.0
12514,2072,225th Part-1,14,0,100.0
12515,2072,Winter Session,24,0,100.0
12516,2072,Monsoon Session,26,0,100.0
12517,2072,Budget Session,23,0,100.0
12518,2072,Winter Session,23,0,100.0
12519,2072,Monsoon Session,26,0,100.0
12520,2072,219th Part-2,17,0,100.0
12521,2072,219th Part-1,15,0,100.0
12522,2072,Winter Session,23,0,100.0
12523,2072,Budget Session,26,0,100.0
12524,2072,Special Session,4,0,100.0
12525,2072,Budget Session,10,0,100.0
12526,2072,214th Part2,10,0,100.0
12527,2072,214th Part-1,6,0,100.0
12528,2073,Winter Session,12,0,100.0
12529,2073,Winter Session,10,0,100.0
12530,2073,Monsoon Session,21,0,100.0
12531,2073,Budget Session,11,0,100.0
12532,2073,Budget Session,21,0,100.0
12533,2073,Winter Session,20,0,100.0
12534,2073,Monsoon Session,19,0,100.0
12535,2073,225th Part-2,21,0,100.0
12536,2073,225th Part-1,14,0,100.0
12537,2073,Winter Session,24,0,100.0
12538,2073,Monsoon Session,26,0,100.0
12539,2073,Budget Session,23,0,100.0
12540,2073,Winter Session,23,0,100.0
12541,2073,Monsoon Session,26,0,100.0
12542,2073,219th Part-2,17,0,100.0
12543,2073,219th Part-1,15,0,100.0
12544,2073,Winter Session,23,0,100.0
12545,2073,Budget Session,26,0,100.0
12546,2073,Special Session,4,0,100.0
12547,2073,Budget Session,10,0,100.0
12548,2073,214th Part2,10,0,100.0
12549,2073,214th Part-1,6,0,100.0
12550,2543,Winter Session,15,0,100.0
12551,2543,Monsoon Session,21,0,100.0
12552,2543,Budget Session,27,0,100.0
12553,2543,Winter Session,19,0,100.0
12554,2543,Monsoon Session,16,0,100.0
12555,2543,Special Session,5,0,100.0
12556,2543,Budget Session,9,0,100.0
12557,2543,Winter Session,15,0,100.0
12558,2543,Special Session,4,0,100.0
12559,2543,Monsoon Session,17,0,100.0
12560,2543,Budget Session,25,0,100.0
12561,2543,Winter Session,13,0,100.0
12562,2543,Monsoon Session,16,0,100.0
12563,2074,Winter Session,12,0,100.0
12564,2074,Winter Session,10,0,100.0
12565,2074,Monsoon Session,21,0,100.0
12566,2074,Budget Session,11,0,100.0
12567,2074,Budget Session,21,0,100.0
12568,2074,Winter Session,20,0,100.0
12569,2074,Monsoon Session,19,0,100.0
12570,2074,225th Part-2,21,0,100.0
12571,2074,225th Part-1,14,0,100.0
12572,2074,Winter Session,24,0,100.0
12573,2074,Monsoon Session,26,0,100.0
12574,2074,Budget Session,23,0,100.0
12575,2074,Winter Session,23,0,100.0
12576,2074,Monsoon Session,26,0,100.0
12577,2074,219th Part-2,17,0,100.0
12578,2074,219th Part-1,15,0,100.0
12579,2074,Winter Session,23,0,100.0
12580,2074,Budget Session,26,0,100.0
12581,2074,Special Session,4,0,100.0
12582,2074,Budget Session,10,0,100.0
12583,2074,214th Part2,10,0,100.0
12584,2074,214th Part-1,6,0,100.0
12585,2544,Winter Session,15,0,100.0
12586,2544,Monsoon Session,21,0,100.0
12587,2544,Budget Session,27,0,100.0
12588,2544,Winter Session,19,0,100.0
12589,2544,Monsoon Session,16,0,100.0
12590,2544,Special Session,5,0,100.0
12591,2544,Budget Session,9,0,100.0
12592,2544,Winter Session,15,0,100.0
12593,2544,Special Session,4,0,100.0
12594,2544,Monsoon Session,17,0,100.0
12595,2544,Budget Session,25,0,100.0
12596,2544,Winter Session,13,0,100.0
12597,2544,Monsoon Session,16,0,100.0
12598,2545,Winter Session,15,0,100.0
12599,2545,Monsoon Session,21,0,100.0
12600,2545,Budget Session,27,0,100.0
12601,2545,Winter Session,19,0,100.0
12602,2545,Monsoon Session,16,0,100.0
12603,2545,Special Session,5,0,100.0
12604,2545,Budget Session,9,0,100.0
12605,2545,Winter Session,15,0,100.0
12606,2545,Special Session,4,0,100.0
12607,2545,Monsoon Session,17,0,100.0
12608,2545,Budget Session,25,0,100.0
12609,2545,Winter Session,13,0,100.0
12610,2545,Monsoon Session,16,0,100.0
12611,2075,Budget Session,29,0,100.0
12612,2075,Winter Session,18,0,100.0
12613,2075,Monsoon Session,17,0,100.0
12614,2075,Budget Session,33,0,100.0
12615,2075,Monsoon Session,18,0,100.0
12616,2075,Budget Session,34,0,100.0
12617,2075,Winter Session,20,0,100.0
12618,2075,Monsoon Session,35,0,100.0
12619,2075,Budget Session,10,0,100.0
12620,2075,Winter Session,18,0,100.0
12621,2075,Monsoon Session,17,0,100.0
12622,2075,Budget Session,22,0,100.0
12623,2075,Budget Session,8,0,100.0
12624,2075,Winter Session,13,0,100.0
12625,2075,Monsoon Session,19,0,100.0
12626,2075,Budget Session,21,0,100.0
12627,2075,Budget Session,8,0,100.0
12628,2075,Winter Session,21,0,100.0
12629,2075,Monsoon Session,20,0,100.0
12630,2075,Winter Session,12,0,100.0
12631,2075,Winter Session,10,0,100.0
12632,2075,Monsoon Session,21,0,100.0
12633,2075,Budget Session,11,0,100.0
12634,2075,Budget Session,21,0,100.0
12635,2075,Winter Session,20,0,100.0
12636,2075,Monsoon Session,19,0,100.0
12637,2075,225th Part-2,21,0,100.0
12638,2075,225th Part-1,14,0,100.0
12639,2075,Winter Session,24,0,100.0
12640,2075,Monsoon Session,26,0,100.0
12641,2075,Budget Session,23,0,100.0
12642,2075,Winter Session,23,0,100.0
12643,2075,Monsoon Session,26,0,100.0
12644,2075,219th Part-2,17,0,100.0
12645,2075,219th Part-1,15,0,100.0
12646,2075,Winter Session,23,0,100.0
12647,2075,Budget Session,26,0,100.0
12648,2075,Special Session,4,0,100.0
12649,2075,Budget Session,10,0,100.0
12650,2075,214th Part2,10,0,100.0
12651,2075,214th Part-1,6,0,100.0
12652,2076,Budget Session,34,0,100.0
12653,2076,Winter Session,20,0,100.0
12654,2076,Monsoon Session,35,0,100.0
12655,2076,Budget Session,10,0,100.0
12656,2076,Winter Session,18,0,100.0
12657,2076,Monsoon Session,17,0,100.0
12658,2076,Budget Session,22,0,100.0
12659,2076,Budget Session,8,0,100.0
12660,2076,Winter Session,13,0,100.0
12661,2076,Monsoon Session,19,0,100.0
12662,2076,Budget Session,21,0,100.0
12663,2076,Budget Session,8,0,100.0
12664,2076,Winter Session,21,0,100.0
12665,2076,Monsoon Session,20,0,100.0
12666,2076,Budget Session,15,0,100.0
12667,2076,Budget Session,16,0,100.0
12668,2076,Winter Session,20,0,100.0
12669,2076,Monsoon Session,17,0,100.0
12670,2076,Budget Session,13,0,100.0
12671,2076,Budget Session,19,0,100.0
12672,2076,Winter Session,22,0,100.0
12673,2076,Budget Session,27,0,100.0
12674,2076,Special Session,3,0,100.0
12675,2076,Winter Session,12,0,100.0
12676,2076,Winter Session,10,0,100.0
12677,2076,Monsoon Session,21,0,100.0
12678,2076,Budget Session,11,0,100.0
12679,2076,Budget Session,21,0,100.0
12680,2076,Winter Session,20,0,100.0
12681,2076,Monsoon Session,19,0,100.0
12682,2076,225th Part-2,21,0,100.0
12683,2076,225th Part-1,14,0,100.0
12684,2076,Winter Session,24,0,100.0
12685,2076,Monsoon Session,26,0,100.0
12686,2076,Budget Session,23,0,100.0
12687,2076,Winter Session,23,0,100.0
12688,2076,Monsoon Session,26,0,100.0
12689,2076,219th Part-2,17,0,100.0
12690,2076,219th Part-1,15,0,100.0
12691,2076,Winter Session,23,0,100.0
12692,2076,Budget Session,26,0,100.0
12693,2076,Special Session,4,0,100.0
12694,2076,Budget Session,10,0,100.0
12695,2076,214th Part2,10,0,100.0
12696,2076,214th Part-1,6,0,100.0
12697,2546,Winter Session,15,0,100.0
12698,2546,Monsoon Session,21,0,100.0
12699,2546,Budget Session,27,0,100.0
12700,2546,Winter Session,19,0,100.0
12701,2546,Monsoon Session,16,0,100.0
12702,2546,Special Session,5,0,100.0
12703,2546,Budget Session,9,0,100.0
12704,2546,Winter Session,15,0,100.0
12705,2546,Special Session,4,0,100.0
12706,2546,Monsoon Session,17,0,100.0
12707,2546,Budget Session,25,0,100.0
12708,2546,Winter Session,13,0,100.0
12709,2546,Monsoon Session,16,0,100.0
12710,2547,Winter Session,15,0,100.0
12711,2547,Monsoon Session,21,0,100.0
12712,2547,Budget Session,27,0,100.0
12713,2547,Winter Session,19,0,100.0
12714,2547,Monsoon Session,16,0,100.0
12715,2547,Special Session,5,0,100.0
12716,2547,Budget Session,9,0,100.0
12717,2547,Winter Session,15,0,100.0
12718,2547,Special Session,4,0,100.0
12719,2547,Monsoon Session,17,0,100.0
12720,2547,Budget Session,25,0,100.0
12721,2547,Winter Session,13,0,100.0
12722,2547,Monsoon Session,16,0,100.0
12723,2077,Winter Session,12,0,100.0
12724,2077,Winter Session,10,0,100.0
12725,2077,Monsoon Session,21,0,100.0
12726,2077,Budget Session,11,0,100.0
12727,2077,Budget Session,21,0,100.0
12728,2077,Winter Session,20,0,100.0
12729,2077,Monsoon Session,19,0,100.0
12730,2077,225th Part-2,21,0,100.0
12731,2077,225th Part-1,14,0,100.0
12732,2077,Winter Session,24,0,100.0
12733,2077,Monsoon Session,26,0,100.0
12734,2077,Budget Session,23,0,100.0
12735,2077,Winter Session,23,0,100.0
12736,2077,Monsoon Session,26,0,100.0
12737,2077,219th Part-2,17,0,100.0
12738,2077,219th Part-1,15,0,100.0
12739,2077,Winter Session,23,0,100.0
12740,2077,Budget Session,26,0,100.0
12741,2077,Special Session,4,0,100.0
12742,2077,Budget Session,10,0,100.0
12743,2077,214th Part2,10,0,100.0
12744,2077,214th Part-1,6,0,100.0
12745,43,Winter Session,12,0,100.0
12746,43,Winter Session,10,0,100.0
12747,43,Monsoon Session,21,0,100.0
12748,43,Budget Session,11,0,100.0
12749,43,Budget Session,21,0,100.0
12750,43,Winter Session,20,0,100.0
12751,43,Monsoon Session,19,0,100.0
12752,43,225th Part-2,21,0,100.0
12753,43,225th Part-1,14,0,100.0
12754,43,Winter Session,24,0,100.0
12755,43,Monsoon Session,26,0,100.0
12756,43,Budget Session,23,0,100.0
12757,43,Winter Session,23,0,100.0
12758,43,Monsoon Session,26,0,100.0
12759,43,219th Part-2,17,0,100.0
12760,43,219th Part-1,15,0,100.0
12761,43,Winter Session,23,0,100.0
12762,43,Budget Session,26,0,100.0
12763,43,Special Session,4,0,100.0
12764,43,Budget Session,10,0,100.0
12765,43,214th Part2,10,0,100.0
12766,43,214th Part-1,6,0,100.0
12767,2078,Winter Session,12,0,100.0
12768,2078,Winter Session,10,0,100.0
12769,2078,Monsoon Session,21,0,100.0
12770,2078,Budget Session,11,0,100.0
12771,2078,Budget Session,21,0,100.0
12772,2078,Winter Session,20,0,100.0
12773,2078,Monsoon Session,19,0,100.0
12774,2078,225th Part-2,21,0,100.0
12775,2078,225th Part-1,14,0,100.0
12776,2078,Winter Session,24,0,100.0
12777,2078,Monsoon Session,26,0,100.0
12778,2078,Budget Session,23,0,100.0
12779,2078,Winter Session,23,0,100.0
12780,2078,Monsoon Session,26,0,100.0
12781,2078,219th Part-2,17,0,100.0
12782,2078,219th Part-1,15,0,100.0
12783,2078,Winter Session,23,0,100.0
12784,2078,Budget Session,26,0,100.0
12785,2078,Special Session,4,0,100.0
12786,2078,Budget Session,10,0,100.0
12787,2078,214th Part2,10,0,100.0
12788,2078,214th Part-1,6,0,100.0
12789,2548,Winter Session,15,0,100.0
12790,2548,Monsoon Session,21,0,100.0
12791,2548,Budget Session,27,0,100.0
12792,2548,Winter Session,19,0,100.0
12793,2548,Monsoon Session,16,0,100.0
12794,2548,Special Session,5,0,100.0
12795,2548,Budget Session,9,0,100.0
12796,2548,Winter Session,15,0,100.0
12797,2548,Special Session,4,0,100.0
12798,2548,Monsoon Session,17,0,100.0
12799,2548,Budget Session,25,0,100.0
12800,2548,Winter Session,13,0,100.0
12801,2548,Monsoon Session,16,0,100.0
12802,2079,Winter Session,12,0,100.0
12803,2079,Winter Session,12,0,100.0
12804,2079,Winter Session,10,0,100.0
12805,2079,Winter Session,10,0,100.0
12806,2079,Monsoon Session,21,0,100.0
12807,2079,Monsoon Session,21,0,100.0
12808,2079,Budget Session,11,0,100.0
12809,2079,Budget Session,11,0,100.0
12810,2079,Budget Session,21,0,100.0
12811,2079,Budget Session,21,0,100.0
12812,2079,Winter Session,20,0,100.0
12813,2079,Winter Session,20,0,100.0
12814,2079,Monsoon Session,19,0,100.0
12815,2079,Monsoon Session,19,0,100.0
12816,2079,225th Part-2,21,0,100.0
12817,2079,225th Part-2,21,0,100.0
12818,2079,225th Part-1,14,0,100.0
12819,2079,225th Part-1,14,0,100.0
12820,2079,Winter Session,24,0,100.0
12821,2079,Winter Session,24,0,100.0
12822,2079,Monsoon Session,26,0,100.0
12823,2079,Budget Session,23,0,100.0
12824,2079,Winter Session,23,0,100.0
12825,2079,Monsoon Session,26,0,100.0
12826,2079,219th Part-2,17,0,100.0
12827,2079,219th Part-1,15,0,100.0
12828,2079,Winter Session,23,0,100.0
12829,2079,Budget Session,26,0,100.0
12830,2079,Special Session,4,0,100.0
12831,2079,Budget Session,10,0,100.0
12832,2079,214th Part2,10,0,100.0
12833,2079,214th Part-1,6,0,100.0
12834,2549,Winter Session,15,0,100.0
12835,2549,Monsoon Session,21,0,100.0
12836,2549,Budget Session,27,0,100.0
12837,2549,Winter Session,19,0,100.0
12838,2549,Monsoon Session,16,0,100.0
12839,2549,Special Session,5,0,100.0
12840,2549,Budget Session,9,0,100.0
12841,2549,Winter Session,15,0,100.0
12842,2549,Special Session,4,0,100.0
12843,2549,Monsoon Session,17,0,100.0
12844,2549,Budget Session,25,0,100.0
12845,2549,Winter Session,13,0,100.0
12846,2549,Monsoon Session,16,0,100.0
12847,2080,Winter Session,12,0,100.0
12848,2080,Winter Session,10,0,100.0
12849,2080,Monsoon Session,21,0,100.0
12850,2080,Budget Session,11,0,100.0
12851,2080,Budget Session,21,0,100.0
12852,2080,Winter Session,20,0,100.0
12853,2080,Monsoon Session,19,0,100.0
12854,2080,225th Part-2,21,0,100.0
12855,2080,225th Part-1,14,0,100.0
12856,2080,Winter Session,24,0,100.0
12857,2080,Monsoon Session,26,0,100.0
12858,2080,Budget Session,23,0,100.0
12859,2080,Winter Session,23,0,100.0
12860,2080,Monsoon Session,26,0,100.0
12861,2080,219th Part-2,17,0,100.0
12862,2080,219th Part-1,15,0,100.0
12863,2080,Winter Session,23,0,100.0
12864,2080,Budget Session,26,0,100.0
12865,2080,Special Session,4,0,100.0
12866,2080,Budget Session,10,0,100.0
12867,2080,214th Part2,10,0,100.0
12868,2080,214th Part-1,6,0,100.0
12869,2551,Winter Session,15,0,100.0
12870,2551,Monsoon Session,21,0,100.0
12871,2551,Budget Session,27,0,100.0
12872,2551,Winter Session,19,0,100.0
12873,2551,Monsoon Session,16,0,100.0
12874,2551,Special Session,5,0,100.0
12875,2551,Budget Session,9,0,100.0
12876,2551,Winter Session,15,0,100.0
12877,2551,Special Session,4,0,100.0
12878,2551,Monsoon Session,17,0,100.0
12879,2551,Budget Session,25,0,100.0
12880,2551,Winter Session,13,0,100.0
12881,2551,Monsoon Session,16,0,100.0
12882,164,Budget Session,29,0,100.0
12883,164,Winter Session,18,0,100.0
12884,164,Monsoon Session,17,0,100.0
12885,164,Budget Session,33,0,100.0
12886,164,Monsoon Session,18,0,100.0
12887,164,Budget Session,34,0,100.0
12888,164,Winter Session,20,0,100.0
12889,164,Monsoon Session,35,0,100.0
12890,164,Budget Session,10,0,100.0
12891,164,Winter Session,18,0,100.0
12892,164,Monsoon Session,17,0,100.0
12893,164,Budget Session,22,0,100.0
12894,164,Budget Session,8,0,100.0
12895,164,Winter Session,13,0,100.0
12896,164,Monsoon Session,19,0,100.0
12897,164,Budget Session,21,0,100.0
12898,164,Budget Session,8,0,100.0
12899,164,Winter Session,21,0,100.0
12900,164,Monsoon Session,20,0,100.0
12901,164,Budget Session,15,0,100.0
12902,164,Budget Session,16,0,100.0
12903,164,Winter Session,20,0,100.0
12904,164,Monsoon Session,17,0,100.0
12905,164,Budget Session,13,0,100.0
12906,164,Budget Session,19,0,100.0
12907,164,Winter Session,22,0,100.0
12908,164,Budget Session,27,0,100.0
12909,164,Special Session,3,0,100.0
12910,164,Winter Session,12,0,100.0
12911,164,Winter Session,10,0,100.0
12912,164,Monsoon Session,21,0,100.0
12913,164,Budget Session,11,0,100.0
12914,164,Budget Session,21,0,100.0
12915,164,Winter Session,20,0,100.0
12916,164,Monsoon Session,19,0,100.0
12917,164,225th Part-2,21,0,100.0
12918,164,225th Part-1,14,0,100.0
12919,164,Winter Session,24,0,100.0
12920,164,Monsoon Session,26,0,100.0
12921,164,Budget Session,23,0,100.0
12922,164,Winter Session,23,0,100.0
12923,164,Monsoon Session,26,0,100.0
12924,164,219th Part-2,17,0,100.0
12925,2553,Winter Session,15,0,100.0
12926,2553,Monsoon Session,21,0,100.0
12927,2553,Budget Session,27,0,100.0
12928,2553,Winter Session,19,0,100.0
12929,2553,Monsoon Session,16,0,100.0
12930,2553,Special Session,5,0,100.0
12931,2553,Budget Session,9,0,100.0
12932,2553,Winter Session,15,0,100.0
12933,2553,Special Session,4,0,100.0
12934,2553,Monsoon Session,17,0,100.0
12935,2553,Budget Session,25,0,100.0
12936,2553,Winter Session,13,0,100.0
12937,2553,Monsoon Session,16,0,100.0
12938,2081,Winter Session,15,0,100.0
12939,2081,Monsoon Session,21,0,100.0
12940,2081,Budget Session,27,0,100.0
12941,2081,Winter Session,19,0,100.0
12942,2081,Monsoon Session,16,0,100.0
12943,2081,Special Session,5,0,100.0
12944,2081,Budget Session,9,0,100.0
12945,2081,Winter Session,15,0,100.0
12946,2081,Special Session,4,0,100.0
12947,2081,Monsoon Session,17,0,100.0
12948,2081,Budget Session,25,0,100.0
12949,2081,Winter Session,13,0,100.0
12950,2081,Monsoon Session,16,0,100.0
12951,2081,Budget Session,29,0,100.0
12952,2081,Winter Session,18,0,100.0
12953,2081,Monsoon Session,17,0,100.0
12954,2081,Budget Session,33,0,100.0
12955,2081,Monsoon Session,18,0,100.0
12956,2081,Budget Session,34,0,100.0
12957,2081,Winter Session,20,0,100.0
12958,2081,Monsoon Session,35,0,100.0
12959,2081,Budget Session,10,0,100.0
12960,2081,Winter Session,18,0,100.0
12961,2081,Monsoon Session,17,0,100.0
12962,2081,Budget Session,22,0,100.0
12963,2081,Budget Session,8,0,100.0
12964,2081,Winter Session,13,0,100.0
12965,2081,Monsoon Session,19,0,100.0
12966,2081,Budget Session,21,0,100.0
12967,2081,Budget Session,8,0,100.0
12968,2081,Winter Session,21,0,100.0
12969,2081,Monsoon Session,20,0,100.0
12970,2081,Budget Session,15,0,100.0
12971,2081,Budget Session,16,0,100.0
12972,2081,Winter Session,20,0,100.0
12973,2081,Monsoon Session,17,0,100.0
12974,2081,Budget Session,13,0,100.0
12975,2081,Budget Session,19,0,100.0
12976,2081,Winter Session,22,0,100.0
12977,2081,Budget Session,27,0,100.0
12978,2081,Special Session,3,0,100.0
12979,2081,Winter Session,12,0,100.0
12980,2081,Winter Session,10,0,100.0
12981,2081,Monsoon Session,21,0,100.0
12982,2081,Budget Session,11,0,100.0
12983,2081,Budget Session,21,0,100.0
12984,2081,Winter Session,20,0,100.0
12985,2081,Monsoon Session,19,0,100.0
12986,2081,225th Part-2,21,0,100.0
12987,2081,225th Part-1,14,0,100.0
12988,2081,Winter Session,24,0,100.0
12989,2081,Monsoon Session,26,0,100.0
12990,2081,Budget Session,23,0,100.0
12991,2081,Winter Session,23,0,100.0
12992,2081,Monsoon Session,26,0,100.0
12993,2081,219th Part-2,17,0,100.0
12994,2081,219th Part-1,15,0,100.0
12995,2081,Winter Session,23,0,100.0
12996,2081,Budget Session,26,0,100.0
12997,2081,Special Session,4,0,100.0
12998,2081,Budget Session,10,0,100.0
12999,2081,214th Part2,10,0,100.0
13000,2081,214th Part-1,6,0,100.0
13001,2082,Budget Session,34,0,100.0
13002,2082,Winter Session,20,0,100.0
13003,2082,Monsoon Session,35,0,100.0
13004,2082,Budget Session,10,0,100.0
13005,2082,Winter Session,18,0,100.0
13006,2082,Monsoon Session,17,0,100.0
13007,2082,Budget Session,22,0,100.0
13008,2082,Budget Session,8,0,100.0
13009,2082,Winter Session,13,0,100.0
13010,2082,Monsoon Session,19,0,100.0
13011,2082,Budget Session,21,0,100.0
13012,2082,Budget Session,8,0,100.0
13013,2082,Winter Session,21,0,100.0
13014,2082,Monsoon Session,20,0,100.0
13015,2082,Budget Session,15,0,100.0
13016,2082,Budget Session,16,0,100.0
13017,2082,Winter Session,20,0,100.0
13018,2082,Monsoon Session,17,0,100.0
13019,2082,Budget Session,13,0,100.0
13020,2082,Budget Session,19,0,100.0
13021,2082,Winter Session,22,0,100.0
13022,2082,Budget Session,27,0,100.0
13023,2082,Special Session,3,0,100.0
13024,2082,Winter Session,12,0,100.0
13025,2082,Winter Session,10,0,100.0
13026,2082,Monsoon Session,21,0,100.0
13027,2082,Budget Session,11,0,100.0
13028,2082,Budget Session,21,0,100.0
13029,2082,Winter Session,20,0,100.0
13030,2082,Monsoon Session,19,0,100.0
13031,2082,225th Part-2,21,0,100.0
13032,2082,225th Part-1,14,0,100.0
13033,2082,Winter Session,24,0,100.0
13034,2082,Monsoon Session,26,0,100.0
13035,2082,Budget Session,23,0,100.0
13036,2082,Winter Session,23,0,100.0
13037,2082,Monsoon Session,26,0,100.0
13038,2082,219th Part-2,17,0,100.0
13039,2082,219th Part-1,15,0,100.0
13040,2082,Winter Session,23,0,100.0
13041,2082,Budget Session,26,0,100.0
13042,2082,Special Session,4,0,100.0
13043,2082,Budget Session,10,0,100.0
13044,2082,214th Part2,10,0,100.0
13045,2082,214th Part-1,6,0,100.0
13046,2554,Winter Session,15,0,100.0
13047,2554,Monsoon Session,21,0,100.0
13048,2554,Budget Session,27,0,100.0
13049,2554,Winter Session,19,0,100.0
13050,2554,Monsoon Session,16,0,100.0
13051,2554,Special Session,5,0,100.0
13052,2554,Budget Session,9,0,100.0
13053,2554,Winter Session,15,0,100.0
13054,2554,Special Session,4,0,100.0
13055,2554,Monsoon Session,17,0,100.0
13056,2554,Budget Session,25,0,100.0
13057,2554,Winter Session,13,0,100.0
13058,2554,Monsoon Session,16,0,100.0
13059,2083,Winter Session,12,0,100.0
13060,2083,Winter Session,10,0,100.0
13061,2083,Monsoon Session,21,0,100.0
13062,2083,Budget Session,11,0,100.0
13063,2083,Budget Session,21,0,100.0
13064,2083,Winter Session,20,0,100.0
13065,2083,Monsoon Session,19,0,100.0
13066,2083,225th Part-2,21,0,100.0
13067,2083,225th Part-1,14,0,100.0
13068,2083,Winter Session,24,0,100.0
13069,2083,Monsoon Session,26,0,100.0
13070,2083,Budget Session,23,0,100.0
13071,2083,Winter Session,23,0,100.0
13072,2083,Monsoon Session,26,0,100.0
13073,2083,219th Part-2,17,0,100.0
13074,2083,219th Part-1,15,0,100.0
13075,2083,Winter Session,23,0,100.0
13076,2083,Budget Session,26,0,100.0
13077,2083,Special Session,4,0,100.0
13078,2083,Budget Session,10,0,100.0
13079,2083,214th Part2,10,0,100.0
13080,2083,214th Part-1,6,0,100.0
13081,2555,Winter Session,15,0,100.0
13082,2555,Monsoon Session,21,0,100.0
13083,2555,Budget Session,27,0,100.0
13084,2555,Winter Session,19,0,100.0
13085,2555,Monsoon Session,16,0,100.0
13086,2555,Special Session,5,0,100.0
13087,2555,Budget Session,9,0,100.0
13088,2555,Winter Session,15,0,100.0
13089,2555,Special Session,4,0,100.0
13090,2555,Monsoon Session,17,0,100.0
13091,2555,Budget Session,25,0,100.0
13092,2555,Winter Session,13,0,100.0
13093,2555,Monsoon Session,16,0,100.0
13094,2084,Winter Session,12,0,100.0
13095,2084,Winter Session,10,0,100.0
13096,2084,Monsoon Session,21,0,100.0
13097,2084,Budget Session,11,0,100.0
13098,2084,Budget Session,21,0,100.0
13099,2084,Winter Session,20,0,100.0
13100,2084,Monsoon Session,19,0,100.0
13101,2084,225th Part-2,21,0,100.0
13102,2084,225th Part-1,14,0,100.0
13103,2084,Winter Session,24,0,100.0
13104,2084,Monsoon Session,26,0,100.0
13105,2084,Budget Session,23,0,100.0
13106,2084,Winter Session,23,0,100.0
13107,2084,Monsoon Session,26,0,100.0
13108,2084,219th Part-2,17,0,100.0
13109,2084,219th Part-1,15,0,100.0
13110,2084,Winter Session,23,0,100.0
13111,2084,Budget Session,26,0,100.0
13112,2084,Special Session,4,0,100.0
13113,2084,Budget Session,10,0,100.0
13114,2084,214th Part2,10,0,100.0
13115,2084,214th Part-1,6,0,100.0
13116,1621,225th Part-1,14,0,100.0
13117,1621,Winter Session,24,0,100.0
13118,1621,Monsoon Session,26,0,100.0
13119,1621,Budget Session,23,0,100.0
13120,1621,Winter Session,23,0,100.0
13121,1621,Monsoon Session,26,0,100.0
13122,1621,219th Part-2,17,0,100.0
13123,1621,219th Part-1,15,0,100.0
13124,1621,Winter Session,23,0,100.0
13125,1621,Budget Session,26,0,100.0
13126,1621,Special Session,4,0,100.0
13127,1621,Budget Session,10,0,100.0
13128,1621,214th Part2,10,0,100.0
13129,1621,214th Part-1,6,0,100.0
13130,1621,Budget Session,35,0,100.0
13131,1621,Winter Session,17,0,100.0
13132,2556,Winter Session,15,0,100.0
13133,2556,Monsoon Session,21,0,100.0
13134,2556,Budget Session,27,0,100.0
13135,2556,Winter Session,19,0,100.0
13136,2556,Monsoon Session,16,0,100.0
13137,2556,Special Session,5,0,100.0
13138,2556,Budget Session,9,0,100.0
13139,2556,Winter Session,15,0,100.0
13140,2556,Special Session,4,0,100.0
13141,2556,Monsoon Session,17,0,100.0
13142,2556,Budget Session,25,0,100.0
13143,2556,Winter Session,13,0,100.0
13144,2556,Monsoon Session,16,0,100.0
13145,2085,Winter Session,12,0,100.0
13146,2085,Winter Session,10,0,100.0
13147,2085,Monsoon Session,21,0,100.0
13148,2085,Budget Session,11,0,100.0
13149,2085,Budget Session,21,0,100.0
13150,2085,Winter Session,20,0,100.0
13151,2085,Monsoon Session,19,0,100.0
13152,2085,225th Part-2,21,0,100.0
13153,2085,225th Part-1,14,0,100.0
13154,2085,Winter Session,24,0,100.0
13155,2085,Monsoon Session,26,0,100.0
13156,2085,Budget Session,23,0,100.0
13157,2085,Winter Session,23,0,100.0
13158,2085,Monsoon Session,26,0,100.0
13159,2085,219th Part-2,17,0,100.0
13160,2085,219th Part-1,15,0,100.0
13161,2085,Winter Session,23,0,100.0
13162,2085,Budget Session,26,0,100.0
13163,2085,Special Session,4,0,100.0
13164,2085,Budget Session,10,0,100.0
13165,2085,214th Part2,10,0,100.0
13166,2085,214th Part-1,6,0,100.0
13167,2557,Winter Session,15,0,100.0
13168,2557,Monsoon Session,21,0,100.0
13169,2557,Budget Session,27,0,100.0
13170,2557,Winter Session,19,0,100.0
13171,2557,Monsoon Session,16,0,100.0
13172,2557,Special Session,5,0,100.0
13173,2557,Budget Session,9,0,100.0
13174,2557,Winter Session,15,0,100.0
13175,2557,Special Session,4,0,100.0
13176,2557,Monsoon Session,17,0,100.0
13177,2557,Budget Session,25,0,100.0
13178,2557,Winter Session,13,0,100.0
13179,2557,Monsoon Session,16,0,100.0
13180,1154,219th Part-2,17,0,100.0
13181,1154,219th Part-1,15,0,100.0
13182,1154,Winter Session,23,0,100.0
13183,1154,Budget Session,26,0,100.0
13184,1154,Special Session,4,0,100.0
13185,1154,Budget Session,10,0,100.0
13186,1154,214th Part2,10,0,100.0
13187,1154,214th Part-1,6,0,100.0
13188,1154,Budget Session,35,0,100.0
13189,1154,Winter Session,17,0,100.0
13190,2086,Winter Session,12,0,100.0
13191,2086,Winter Session,10,0,100.0
13192,2086,Monsoon Session,21,0,100.0
13193,2086,Budget Session,11,0,100.0
13194,2086,Budget Session,21,0,100.0
13195,2086,Winter Session,20,0,100.0
13196,2086,Monsoon Session,19,0,100.0
13197,2086,225th Part-2,21,0,100.0
13198,2086,225th Part-1,14,0,100.0
13199,2086,Winter Session,24,0,100.0
13200,2086,Monsoon Session,26,0,100.0
13201,2086,Budget Session,23,0,100.0
13202,2086,Winter Session,23,0,100.0
13203,2086,Monsoon Session,26,0,100.0
13204,2086,219th Part-2,17,0,100.0
13205,2086,219th Part-1,15,0,100.0
13206,2086,Winter Session,23,0,100.0
13207,2086,Budget Session,26,0,100.0
13208,2086,Special Session,4,0,100.0
13209,2086,Budget Session,10,0,100.0
13210,2086,214th Part2,10,0,100.0
13211,2086,214th Part-1,6,0,100.0
13212,2558,Winter Session,15,0,100.0
13213,2558,Monsoon Session,21,0,100.0
13214,2558,Budget Session,27,0,100.0
13215,2558,Winter Session,19,0,100.0
13216,2558,Monsoon Session,16,0,100.0
13217,2558,Special Session,5,0,100.0
13218,2558,Budget Session,9,0,100.0
13219,2558,Winter Session,15,0,100.0
13220,2558,Special Session,4,0,100.0
13221,2558,Monsoon Session,17,0,100.0
13222,2558,Budget Session,25,0,100.0
13223,2558,Winter Session,13,0,100.0
13224,2558,Monsoon Session,16,0,100.0
13225,2087,Budget Session,34,0,100.0
13226,2087,Winter Session,20,0,100.0
13227,2087,Monsoon Session,35,0,100.0
13228,2087,Budget Session,10,0,100.0
13229,2087,Winter Session,18,0,100.0
13230,2087,Monsoon Session,17,0,100.0
13231,2087,Budget Session,22,0,100.0
13232,2087,Budget Session,8,0,100.0
13233,2087,Winter Session,13,0,100.0
13234,2087,Monsoon Session,19,0,100.0
13235,2087,Budget Session,21,0,100.0
13236,2087,Budget Session,8,0,100.0
13237,2087,Winter Session,21,0,100.0
13238,2087,Monsoon Session,20,0,100.0
13239,2087,Budget Session,15,0,100.0
13240,2087,Budget Session,16,0,100.0
13241,2087,Winter Session,20,0,100.0
13242,2087,Monsoon Session,17,0,100.0
13243,2087,Budget Session,13,0,100.0
13244,2087,Budget Session,19,0,100.0
13245,2087,Winter Session,22,0,100.0
13246,2087,Budget Session,27,0,100.0
13247,2087,Winter Session,12,0,100.0
13248,2087,Winter Session,10,0,100.0
13249,2087,Monsoon Session,21,0,100.0
13250,2087,Budget Session,11,0,100.0
13251,2087,Budget Session,21,0,100.0
13252,2087,Winter Session,20,0,100.0
13253,2087,Monsoon Session,19,0,100.0
13254,2087,225th Part-2,21,0,100.0
13255,2087,225th Part-1,14,0,100.0
13256,2087,Winter Session,24,0,100.0
13257,2087,Monsoon Session,26,0,100.0
13258,2087,Budget Session,23,0,100.0
13259,2087,Winter Session,23,0,100.0
13260,2087,Monsoon Session,26,0,100.0
13261,2087,219th Part-2,17,0,100.0
13262,2087,219th Part-1,15,0,100.0
13263,2087,Winter Session,23,0,100.0
13264,2087,Budget Session,26,0,100.0
13265,2087,Special Session,4,0,100.0
13266,2087,Budget Session,10,0,100.0
13267,2087,214th Part2,10,0,100.0
13268,2087,214th Part-1,6,0,100.0
13269,2559,Winter Session,15,0,100.0
13270,2559,Monsoon Session,21,0,100.0
13271,2559,Budget Session,27,0,100.0
13272,2559,Winter Session,19,0,100.0
13273,2559,Monsoon Session,16,0,100.0
13274,2559,Special Session,5,0,100.0
13275,2559,Budget Session,9,0,100.0
13276,2559,Winter Session,15,0,100.0
13277,2559,Special Session,4,0,100.0
13278,2559,Monsoon Session,17,0,100.0
13279,2559,Budget Session,25,0,100.0
13280,2559,Winter Session,13,0,100.0
13281,2559,Monsoon Session,16,0,100.0
13282,2560,Winter Session,15,0,100.0
13283,2560,Monsoon Session,21,0,100.0
13284,2560,Budget Session,27,0,100.0
13285,2560,Winter Session,19,0,100.0
13286,2560,Monsoon Session,16,0,100.0
13287,2560,Special Session,5,0,100.0
13288,2560,Budget Session,9,0,100.0
13289,2560,Winter Session,15,0,100.0
13290,2560,Special Session,4,0,100.0
13291,2560,Monsoon Session,17,0,100.0
13292,2560,Budget Session,25,0,100.0
13293,2560,Winter Session,13,0,100.0
13294,2560,Monsoon Session,16,0,100.0
13295,2088,225th Part-1,14,0,100.0
13296,2088,Winter Session,24,0,100.0
13297,2088,Monsoon Session,26,0,100.0
13298,2088,Budget Session,23,0,100.0
13299,2088,Winter Session,23,0,100.0
13300,2088,Monsoon Session,26,0,100.0
13301,2088,219th Part-2,17,0,100.0
13302,2088,219th Part-1,15,0,100.0
13303,2088,Winter Session,23,0,100.0
13304,2088,Budget Session,26,0,100.0
13305,2088,Special Session,4,0,100.0
13306,2088,Budget Session,10,0,100.0
13307,2088,214th Part2,10,0,100.0
13308,2088,214th Part-1,6,0,100.0
13309,2089,Special Session,3,0,100.0
13310,2089,Winter Session,12,0,100.0
13311,2089,Winter Session,10,0,100.0
13312,2089,Monsoon Session,21,0,100.0
13313,2089,Budget Session,11,0,100.0
13314,2089,Budget Session,21,0,100.0
13315,2089,Winter Session,20,0,100.0
13316,2089,Monsoon Session,19,0,100.0
13317,2089,225th Part-2,21,0,100.0
13318,2089,225th Part-1,14,0,100.0
13319,2089,Winter Session,24,0,100.0
13320,2089,Monsoon Session,26,0,100.0
13321,2089,Budget Session,23,0,100.0
13322,2089,Winter Session,23,0,100.0
13323,2089,Monsoon Session,26,0,100.0
13324,2089,219th Part-2,17,0,100.0
13325,2089,219th Part-1,15,0,100.0
13326,2089,Winter Session,23,0,100.0
13327,2089,Budget Session,26,0,100.0
13328,2089,Special Session,4,0,100.0
13329,2089,Budget Session,10,0,100.0
13330,2089,214th Part2,10,0,100.0
13331,2089,214th Part-1,6,0,100.0
13332,2561,Winter Session,15,0,100.0
13333,2561,Monsoon Session,21,0,100.0
13334,2561,Budget Session,27,0,100.0
13335,2561,Winter Session,19,0,100.0
13336,2561,Monsoon Session,16,0,100.0
13337,2561,Special Session,5,0,100.0
13338,2561,Budget Session,9,0,100.0
13339,2561,Winter Session,15,0,100.0
13340,2561,Special Session,4,0,100.0
13341,2561,Monsoon Session,17,0,100.0
13342,2561,Budget Session,25,0,100.0
13343,2561,Winter Session,13,0,100.0
13344,2561,Monsoon Session,16,0,100.0
13345,173,Budget Session,29,0,100.0
13346,173,Winter Session,18,0,100.0
13347,173,Monsoon Session,17,0,100.0
13348,173,Budget Session,33,0,100.0
13349,173,Monsoon Session,18,0,100.0
13350,173,Budget Session,34,0,100.0
13351,173,Winter Session,20,0,100.0
13352,173,Monsoon Session,35,0,100.0
13353,173,Budget Session,10,0,100.0
13354,173,Winter Session,18,0,100.0
13355,173,Monsoon Session,17,0,100.0
13356,173,Budget Session,22,0,100.0
13357,173,Budget Session,8,0,100.0
13358,173,Winter Session,13,0,100.0
13359,173,Monsoon Session,19,0,100.0
13360,173,Budget Session,21,0,100.0
13361,173,Budget Session,8,0,100.0
13362,173,Winter Session,21,0,100.0
13363,173,Monsoon Session,20,0,100.0
13364,173,Budget Session,15,0,100.0
13365,173,Budget Session,16,0,100.0
13366,173,Winter Session,20,0,100.0
13367,173,Monsoon Session,17,0,100.0
13368,173,Budget Session,13,0,100.0
13369,173,Budget Session,19,0,100.0
13370,173,Winter Session,22,0,100.0
13371,173,Budget Session,27,0,100.0
13372,173,Special Session,3,0,100.0
13373,173,Winter Session,12,0,100.0
13374,173,Winter Session,10,0,100.0
13375,173,Monsoon Session,21,0,100.0
13376,173,Budget Session,11,0,100.0
13377,173,Budget Session,21,0,100.0
13378,173,Winter Session,20,0,100.0
13379,173,Monsoon Session,19,0,100.0
13380,173,225th Part-2,21,0,100.0
13381,173,225th Part-1,14,0,100.0
13382,173,Winter Session,24,0,100.0
13383,173,Monsoon Session,26,0,100.0
13384,173,Budget Session,23,0,100.0
13385,173,Winter Session,23,0,100.0
13386,173,Monsoon Session,26,0,100.0
13387,173,219th Part-2,17,0,100.0
13388,173,219th Part-1,15,0,100.0
13389,173,Winter Session,23,0,100.0
13390,173,Budget Session,26,0,100.0
13391,173,Special Session,4,0,100.0
13392,173,Budget Session,10,0,100.0
13393,173,214th Part2,10,0,100.0
13394,173,214th Part-1,6,0,100.0
13395,173,Budget Session,35,0,100.0
13396,173,Winter Session,17,0,100.0
13397,2092,Special Session,3,0,100.0
13398,2092,Winter Session,12,0,100.0
13399,2092,Winter Session,10,0,100.0
13400,2092,Monsoon Session,21,0,100.0
13401,2092,Budget Session,11,0,100.0
13402,2092,Budget Session,21,0,100.0
13403,2092,Winter Session,20,0,100.0
13404,2092,Monsoon Session,19,0,100.0
13405,2092,225th Part-2,21,0,100.0
13406,2092,225th Part-1,14,0,100.0
13407,2092,Winter Session,24,0,100.0
13408,2092,Monsoon Session,26,0,100.0
13409,2092,Budget Session,23,0,100.0
13410,2092,Winter Session,23,0,100.0
13411,2092,Monsoon Session,26,0,100.0
13412,2092,219th Part-2,17,0,100.0
13413,2092,219th Part-1,15,0,100.0
13414,2092,Winter Session,23,0,100.0
13415,2092,Budget Session,26,0,100.0
13416,2092,Special Session,4,0,100.0
13417,2092,Budget Session,10,0,100.0
13418,2092,214th Part2,10,0,100.0
13419,2092,214th Part-1,6,0,100.0
13420,2562,Winter Session,15,0,100.0
13421,2562,Monsoon Session,21,0,100.0
13422,2562,Budget Session,27,0,100.0
13423,2562,Winter Session,19,0,100.0
13424,2562,Monsoon Session,16,0,100.0
13425,2562,Special Session,5,0,100.0
13426,2562,Budget Session,9,0,100.0
13427,2562,Winter Session,15,0,100.0
13428,2562,Special Session,4,0,100.0
13429,2562,Monsoon Session,17,0,100.0
13430,2562,Budget Session,25,0,100.0
13431,2562,Winter Session,13,0,100.0
13432,2562,Monsoon Session,16,0,100.0
13433,2563,Winter Session,15,0,100.0
13434,2563,Monsoon Session,21,0,100.0
13435,2563,Budget Session,27,0,100.0
13436,2563,Winter Session,19,0,100.0
13437,2563,Monsoon Session,16,0,100.0
13438,2563,Special Session,5,0,100.0
13439,2563,Budget Session,9,0,100.0
13440,2563,Winter Session,15,0,100.0
13441,2563,Special Session,4,0,100.0
13442,2563,Monsoon Session,17,0,100.0
13443,2563,Budget Session,25,0,100.0
13444,2563,Winter Session,13,0,100.0
13445,2563,Monsoon Session,16,0,100.0
13446,2093,Budget Session,15,0,100.0
13447,2093,Budget Session,16,0,100.0
13448,2093,Winter Session,20,0,100.0
13449,2093,Monsoon Session,17,0,100.0
13450,2093,Budget Session,13,0,100.0
13451,2093,Budget Session,19,0,100.0
13452,2093,Winter Session,22,0,100.0
13453,2093,Budget Session,27,0,100.0
13454,2093,Special Session,3,0,100.0
13455,2093,Winter Session,12,0,100.0
13456,2093,Winter Session,10,0,100.0
13457,2093,Monsoon Session,21,0,100.0
13458,2093,Budget Session,11,0,100.0
13459,2093,Budget Session,21,0,100.0
13460,2093,Winter Session,20,0,100.0
13461,2093,Monsoon Session,19,0,100.0
13462,2093,225th Part-2,21,0,100.0
13463,2093,225th Part-1,14,0,100.0
13464,2093,Winter Session,24,0,100.0
13465,2093,Monsoon Session,26,0,100.0
13466,2093,Budget Session,23,0,100.0
13467,2093,Winter Session,23,0,100.0
13468,2093,Monsoon Session,26,0,100.0
13469,2093,219th Part-2,17,0,100.0
13470,2093,219th Part-1,15,0,100.0
13471,2093,Winter Session,23,0,100.0
13472,2093,Budget Session,26,0,100.0
13473,2093,Special Session,4,0,100.0
13474,2093,Budget Session,10,0,100.0
13475,2093,214th Part2,10,0,100.0
13476,2093,214th Part-1,6,0,100.0
13477,2564,Winter Session,15,0,100.0
13478,2564,Monsoon Session,21,0,100.0
13479,2564,Budget Session,27,0,100.0
13480,2564,Winter Session,19,0,100.0
13481,2564,Monsoon Session,16,0,100.0
13482,2564,Special Session,5,0,100.0
13483,2564,Budget Session,9,0,100.0
13484,2564,Winter Session,15,0,100.0
13485,2564,Special Session,4,0,100.0
13486,2564,Monsoon Session,17,0,100.0
13487,2564,Budget Session,25,0,100.0
13488,2564,Winter Session,13,0,100.0
13489,2564,Monsoon Session,16,0,100.0
13490,2094,Budget Session,16,0,100.0
13491,2094,Winter Session,20,0,100.0
13492,2094,Monsoon Session,17,0,100.0
13493,2094,Budget Session,13,0,100.0
13494,2094,Budget Session,19,0,100.0
13495,2094,Winter Session,22,0,100.0
13496,2094,Budget Session,27,0,100.0
13497,2094,Special Session,3,0,100.0
13498,2094,Winter Session,12,0,100.0
13499,2094,Winter Session,10,0,100.0
13500,2094,Monsoon Session,21,0,100.0
13501,2094,Budget Session,11,0,100.0
13502,2094,Budget Session,21,0,100.0
13503,2094,Winter Session,20,0,100.0
13504,2094,Monsoon Session,19,0,100.0
13505,2094,225th Part-2,21,0,100.0
13506,2094,225th Part-1,14,0,100.0
13507,2094,Winter Session,24,0,100.0
13508,2094,Monsoon Session,26,0,100.0
13509,2094,Budget Session,23,0,100.0
13510,2094,Winter Session,23,0,100.0
13511,2094,Monsoon Session,26,0,100.0
13512,2094,219th Part-2,17,0,100.0
13513,2094,219th Part-1,15,0,100.0
13514,2094,Winter Session,23,0,100.0
13515,2094,Budget Session,26,0,100.0
13516,2094,Special Session,4,0,100.0
13517,2094,Budget Session,10,0,100.0
13518,2094,214th Part2,10,0,100.0
13519,2094,214th Part-1,6,0,100.0
13520,175,Winter Session,15,0,100.0
13521,175,Monsoon Session,21,0,100.0
13522,175,Budget Session,27,0,100.0
13523,175,Winter Session,19,0,100.0
13524,175,Monsoon Session,16,0,100.0
13525,175,Special Session,5,0,100.0
13526,175,Budget Session,9,0,100.0
13527,175,Winter Session,15,0,100.0
13528,175,Special Session,4,0,100.0
13529,175,Monsoon Session,17,0,100.0
13530,175,Budget Session,25,0,100.0
13531,175,Winter Session,13,0,100.0
13532,175,Monsoon Session,16,0,100.0
13533,175,Budget Session,22,0,100.0
13534,175,Budget Session,8,0,100.0
13535,175,Winter Session,13,0,100.0
13536,175,Monsoon Session,19,0,100.0
13537,175,Budget Session,21,0,100.0
13538,175,Budget Session,8,0,100.0
13539,175,Winter Session,21,0,100.0
13540,175,Monsoon Session,20,0,100.0
13541,175,Budget Session,15,0,100.0
13542,175,Budget Session,16,0,100.0
13543,175,Winter Session,20,0,100.0
13544,175,Monsoon Session,17,0,100.0
13545,175,Budget Session,13,0,100.0
13546,175,Budget Session,19,0,100.0
13547,175,Winter Session,22,0,100.0
13548,175,Budget Session,27,0,100.0
13549,175,Special Session,3,0,100.0
13550,175,Winter Session,12,0,100.0
13551,175,Winter Session,10,0,100.0
13552,175,Monsoon Session,21,0,100.0
13553,175,Budget Session,11,0,100.0
13554,175,Budget Session,21,0,100.0
13555,175,Winter Session,20,0,100.0
13556,175,Monsoon Session,19,0,100.0
13557,175,225th Part-2,21,0,100.0
13558,175,225th Part-1,14,0,100.0
13559,175,Winter Session,24,0,100.0
13560,175,Monsoon Session,26,0,100.0
13561,175,Budget Session,23,0,100.0
13562,175,Winter Session,23,0,100.0
13563,175,Monsoon Session,26,0,100.0
13564,175,219th Part-2,17,0,100.0
13565,175,219th Part-1,15,0,100.0
13566,175,Winter Session,23,0,100.0
13567,175,Budget Session,26,0,100.0
13568,175,Special Session,4,0,100.0
13569,175,Budget Session,10,0,100.0
13570,175,214th Part2,10,0,100.0
13571,175,214th Part-1,6,0,100.0
13572,175,Budget Session,35,0,100.0
13573,175,Winter Session,17,0,100.0
13574,177,Winter Session,15,0,100.0
13575,177,Monsoon Session,21,0,100.0
13576,177,Budget Session,27,0,100.0
13577,177,Winter Session,19,0,100.0
13578,177,Monsoon Session,16,0,100.0
13579,177,Special Session,5,0,100.0
13580,177,Budget Session,9,0,100.0
13581,177,Winter Session,15,0,100.0
13582,177,Special Session,4,0,100.0
13583,177,Monsoon Session,17,0,100.0
13584,177,Budget Session,25,0,100.0
13585,177,Winter Session,13,0,100.0
13586,177,Monsoon Session,16,0,100.0
13587,177,Budget Session,29,0,100.0
13588,177,Winter Session,18,0,100.0
13589,177,Monsoon Session,17,0,100.0
13590,177,Budget Session,33,0,100.0
13591,177,Monsoon Session,18,0,100.0
13592,177,Budget Session,34,0,100.0
13593,177,Budget Session,34,0,100.0
13594,177,Winter Session,20,0,100.0
13595,177,Monsoon Session,35,0,100.0
13596,177,Budget Session,10,0,100.0
13597,177,Winter Session,18,0,100.0
13598,177,Monsoon Session,17,0,100.0
13599,177,Budget Session,22,0,100.0
13600,177,Budget Session,8,0,100.0
13601,177,Winter Session,13,0,100.0
13602,177,Monsoon Session,19,0,100.0
13603,177,Budget Session,21,0,100.0
13604,177,Budget Session,8,0,100.0
13605,177,Winter Session,21,0,100.0
13606,177,Monsoon Session,20,0,100.0
13607,177,Budget Session,15,0,100.0
13608,177,Budget Session,16,0,100.0
13609,177,Winter Session,20,0,100.0
13610,177,Monsoon Session,17,0,100.0
13611,177,Budget Session,13,0,100.0
13612,177,Budget Session,19,0,100.0
13613,177,Winter Session,22,0,100.0
13614,177,Budget Session,27,0,100.0
13615,177,Special Session,3,0,100.0
13616,177,Budget Session,11,0,100.0
13617,177,Budget Session,21,0,100.0
13618,177,Winter Session,20,0,100.0
13619,177,Monsoon Session,19,0,100.0
13620,177,225th Part-2,21,0,100.0
13621,177,225th Part-1,14,0,100.0
13622,177,Winter Session,24,0,100.0
13623,177,Monsoon Session,26,0,100.0
13624,177,Budget Session,23,0,100.0
13625,177,Winter Session,23,0,100.0
13626,177,Monsoon Session,26,0,100.0
13627,177,219th Part-2,17,0,100.0
13628,177,219th Part-1,15,0,100.0
13629,177,Winter Session,23,0,100.0
13630,177,Budget Session,26,0,100.0
13631,177,Special Session,4,0,100.0
13632,177,Budget Session,10,0,100.0
13633,177,214th Part2,10,0,100.0
13634,177,214th Part-1,6,0,100.0
13635,177,Budget Session,35,0,100.0
13636,177,Winter Session,17,0,100.0
13637,2565,Winter Session,15,0,100.0
13638,2565,Monsoon Session,21,0,100.0
13639,2565,Budget Session,27,0,100.0
13640,2565,Winter Session,19,0,100.0
13641,2565,Monsoon Session,16,0,100.0
13642,2565,Special Session,5,0,100.0
13643,2565,Budget Session,9,0,100.0
13644,2565,Winter Session,15,0,100.0
13645,2565,Special Session,4,0,100.0
13646,2565,Monsoon Session,17,0,100.0
13647,2565,Budget Session,25,0,100.0
13648,2565,Winter Session,13,0,100.0
13649,2565,Monsoon Session,16,0,100.0
13650,2095,219th Part-2,17,0,100.0
13651,2095,219th Part-1,15,0,100.0
13652,2095,Winter Session,23,0,100.0
13653,2095,Budget Session,26,0,100.0
13654,2095,Special Session,4,0,100.0
13655,2095,Budget Session,10,0,100.0
13656,2095,214th Part2,10,0,100.0
13657,2095,214th Part-1,6,0,100.0
13658,2566,Winter Session,15,0,100.0
13659,2566,Monsoon Session,21,0,100.0
13660,2566,Budget Session,27,0,100.0
13661,2566,Winter Session,19,0,100.0
13662,2566,Monsoon Session,16,0,100.0
13663,2566,Special Session,5,0,100.0
13664,2566,Budget Session,9,0,100.0
13665,2566,Winter Session,15,0,100.0
13666,2566,Special Session,4,0,100.0
13667,2566,Monsoon Session,17,0,100.0
13668,2566,Budget Session,25,0,100.0
13669,2566,Winter Session,13,0,100.0
13670,2566,Monsoon Session,16,0,100.0
13671,2096,Winter Session,22,0,100.0
13672,2096,Budget Session,27,0,100.0
13673,2096,Special Session,3,0,100.0
13674,2096,Winter Session,12,0,100.0
13675,2096,Winter Session,10,0,100.0
13676,2096,Monsoon Session,21,0,100.0
13677,2096,Budget Session,11,0,100.0
13678,2096,Budget Session,21,0,100.0
13679,2096,Winter Session,20,0,100.0
13680,2096,Monsoon Session,19,0,100.0
13681,2096,225th Part-2,21,0,100.0
13682,2096,225th Part-1,14,0,100.0
13683,2096,Winter Session,24,0,100.0
13684,2096,Monsoon Session,26,0,100.0
13685,2096,Budget Session,23,0,100.0
13686,2096,Winter Session,23,0,100.0
13687,2096,Monsoon Session,26,0,100.0
13688,2096,219th Part-2,17,0,100.0
13689,2096,219th Part-1,15,0,100.0
13690,2096,Winter Session,23,0,100.0
13691,2096,Budget Session,26,0,100.0
13692,2096,Special Session,4,0,100.0
13693,2096,Budget Session,10,0,100.0
13694,2096,214th Part2,10,0,100.0
13695,2097,Winter Session,22,0,100.0
13696,2097,Budget Session,27,0,100.0
13697,2097,Special Session,3,0,100.0
13698,2097,Winter Session,12,0,100.0
13699,2097,Winter Session,10,0,100.0
13700,2097,Monsoon Session,21,0,100.0
13701,2097,Budget Session,11,0,100.0
13702,2097,Budget Session,21,0,100.0
13703,2097,Winter Session,20,0,100.0
13704,2097,Monsoon Session,19,0,100.0
13705,2097,225th Part-2,21,0,100.0
13706,2097,225th Part-1,14,0,100.0
13707,2097,Winter Session,24,0,100.0
13708,2097,Monsoon Session,26,0,100.0
13709,2097,Budget Session,23,0,100.0
13710,2097,Winter Session,23,0,100.0
13711,2097,Monsoon Session,26,0,100.0
13712,2097,219th Part-2,17,0,100.0
13713,2097,219th Part-1,15,0,100.0
13714,2097,Winter Session,23,0,100.0
13715,2097,Budget Session,26,0,100.0
13716,2097,Special Session,4,0,100.0
13717,2097,Budget Session,10,0,100.0
13718,2097,214th Part2,10,0,100.0
13719,2567,Winter Session,15,0,100.0
13720,2567,Monsoon Session,21,0,100.0
13721,2567,Budget Session,27,0,100.0
13722,2567,Winter Session,19,0,100.0
13723,2567,Monsoon Session,16,0,100.0
13724,2567,Special Session,5,0,100.0
13725,2567,Budget Session,9,0,100.0
13726,2567,Winter Session,15,0,100.0
13727,2567,Special Session,4,0,100.0
13728,2567,Monsoon Session,17,0,100.0
13729,2567,Budget Session,25,0,100.0
13730,2567,Winter Session,13,0,100.0
13731,2567,Monsoon Session,16,0,100.0
13732,2098,Winter Session,22,0,100.0
13733,2098,Budget Session,27,0,100.0
13734,2098,Special Session,3,0,100.0
13735,2098,Winter Session,12,0,100.0
13736,2098,Winter Session,10,0,100.0
13737,2098,Monsoon Session,21,0,100.0
13738,2098,Budget Session,11,0,100.0
13739,2098,Budget Session,21,0,100.0
13740,2098,Winter Session,20,0,100.0
13741,2098,Monsoon Session,19,0,100.0
13742,2098,225th Part-2,21,0,100.0
13743,2098,225th Part-1,14,0,100.0
13744,2098,Winter Session,24,0,100.0
13745,2098,Monsoon Session,26,0,100.0
13746,2098,Budget Session,23,0,100.0
13747,2098,Winter Session,23,0,100.0
13748,2098,Monsoon Session,26,0,100.0
13749,2098,219th Part-2,17,0,100.0
13750,2098,219th Part-1,15,0,100.0
13751,2098,Winter Session,23,0,100.0
13752,2098,Budget Session,26,0,100.0
13753,2098,Special Session,4,0,100.0
13754,2098,Budget Session,10,0,100.0
13755,2098,214th Part2,10,0,100.0
13756,2568,Winter Session,15,0,100.0
13757,2568,Monsoon Session,21,0,100.0
13758,2568,Budget Session,27,0,100.0
13759,2568,Winter Session,19,0,100.0
13760,2568,Monsoon Session,16,0,100.0
13761,2568,Special Session,5,0,100.0
13762,2568,Budget Session,9,0,100.0
13763,2568,Winter Session,15,0,100.0
13764,2568,Special Session,4,0,100.0
13765,2568,Monsoon Session,17,0,100.0
13766,2568,Budget Session,25,0,100.0
13767,2568,Winter Session,13,0,100.0
13768,2568,Monsoon Session,16,0,100.0
13769,181,225th Part-1,14,0,100.0
13770,181,Winter Session,24,0,100.0
13771,181,Monsoon Session,26,0,100.0
13772,181,Budget Session,23,0,100.0
13773,181,Winter Session,23,0,100.0
13774,181,Monsoon Session,26,0,100.0
13775,181,219th Part-2,17,0,100.0
13776,181,219th Part-1,15,0,100.0
13777,181,Winter Session,23,0,100.0
13778,181,Budget Session,26,0,100.0
13779,181,Special Session,4,0,100.0
13780,181,Budget Session,10,0,100.0
13781,181,214th Part2,10,0,100.0
13782,181,214th Part-1,6,0,100.0
13783,181,Budget Session,35,0,100.0
13784,181,Winter Session,17,0,100.0
13785,2099,Winter Session,22,0,100.0
13786,2099,Budget Session,27,0,100.0
13787,2099,Special Session,3,0,100.0
13788,2099,Winter Session,12,0,100.0
13789,2099,Winter Session,10,0,100.0
13790,2099,Monsoon Session,21,0,100.0
13791,2099,Budget Session,11,0,100.0
13792,2099,Budget Session,21,0,100.0
13793,2099,Winter Session,20,0,100.0
13794,2099,Monsoon Session,19,0,100.0
13795,2099,225th Part-2,21,0,100.0
13796,2099,225th Part-1,14,0,100.0
13797,2099,Winter Session,24,0,100.0
13798,2099,Monsoon Session,26,0,100.0
13799,2099,Budget Session,23,0,100.0
13800,2099,Winter Session,23,0,100.0
13801,2099,Monsoon Session,26,0,100.0
13802,2099,219th Part-2,17,0,100.0
13803,2099,219th Part-1,15,0,100.0
13804,2099,Winter Session,23,0,100.0
13805,2099,Budget Session,26,0,100.0
13806,2099,Special Session,4,0,100.0
13807,2099,Budget Session,10,0,100.0
13808,2099,214th Part2,10,0,100.0
13809,2569,Winter Session,15,0,100.0
13810,2569,Monsoon Session,21,0,100.0
13811,2569,Budget Session,27,0,100.0
13812,2569,Winter Session,19,0,100.0
13813,2569,Monsoon Session,16,0,100.0
13814,2569,Special Session,5,0,100.0
13815,2569,Budget Session,9,0,100.0
13816,2569,Winter Session,15,0,100.0
13817,2569,Special Session,4,0,100.0
13818,2569,Monsoon Session,17,0,100.0
13819,2569,Budget Session,25,0,100.0
13820,2569,Winter Session,13,0,100.0
13821,2569,Monsoon Session,16,0,100.0
13822,2100,Monsoon Session,18,0,100.0
13823,2100,Budget Session,34,0,100.0
13824,2100,Winter Session,20,0,100.0
13825,2100,Monsoon Session,35,0,100.0
13826,2100,Budget Session,10,0,100.0
13827,2100,Winter Session,18,0,100.0
13828,2100,Monsoon Session,17,0,100.0
13829,2100,Budget Session,22,0,100.0
13830,2100,Budget Session,8,0,100.0
13831,2100,Winter Session,13,0,100.0
13832,2100,Monsoon Session,19,0,100.0
13833,2100,Budget Session,21,0,100.0
13834,2100,Budget Session,8,0,100.0
13835,2100,Winter Session,21,0,100.0
13836,2100,Monsoon Session,20,0,100.0
13837,2100,Budget Session,15,0,100.0
13838,2100,Budget Session,16,0,100.0
13839,2100,Winter Session,20,0,100.0
13840,2100,Monsoon Session,17,0,100.0
13841,2100,Budget Session,13,0,100.0
13842,2100,Budget Session,19,0,100.0
13843,2100,Winter Session,22,0,100.0
13844,2100,Winter Session,22,0,100.0
13845,2100,Budget Session,27,0,100.0
13846,2100,Special Session,3,0,100.0
13847,2100,Winter Session,12,0,100.0
13848,2100,Winter Session,10,0,100.0
13849,2100,Monsoon Session,21,0,100.0
13850,2100,Budget Session,11,0,100.0
13851,2100,Budget Session,21,0,100.0
13852,2100,Winter Session,20,0,100.0
13853,2100,Monsoon Session,19,0,100.0
13854,2100,225th Part-2,21,0,100.0
13855,2100,225th Part-1,14,0,100.0
13856,2100,Winter Session,24,0,100.0
13857,2100,Monsoon Session,26,0,100.0
13858,2100,Budget Session,23,0,100.0
13859,2100,Winter Session,23,0,100.0
13860,2100,Monsoon Session,26,0,100.0
13861,2100,219th Part-2,17,0,100.0
13862,2100,219th Part-1,15,0,100.0
13863,2100,Winter Session,23,0,100.0
13864,2100,Budget Session,26,0,100.0
13865,2100,Special Session,4,0,100.0
13866,2100,Budget Session,10,0,100.0
13867,2100,214th Part2,10,0,100.0
13868,2570,Winter Session,15,0,100.0
13869,2570,Monsoon Session,21,0,100.0
13870,2570,Budget Session,27,0,100.0
13871,2570,Winter Session,19,0,100.0
13872,2570,Monsoon Session,16,0,100.0
13873,2570,Special Session,5,0,100.0
13874,2570,Budget Session,9,0,100.0
13875,2570,Winter Session,15,0,100.0
13876,2570,Special Session,4,0,100.0
13877,2570,Monsoon Session,17,0,100.0
13878,2570,Budget Session,25,0,100.0
13879,2570,Winter Session,13,0,100.0
13880,2570,Monsoon Session,16,0,100.0
13881,2571,Winter Session,15,0,100.0
13882,2571,Monsoon Session,21,0,100.0
13883,2571,Budget Session,27,0,100.0
13884,2571,Winter Session,19,0,100.0
13885,2571,Monsoon Session,16,0,100.0
13886,2571,Special Session,5,0,100.0
13887,2571,Budget Session,9,0,100.0
13888,2571,Winter Session,15,0,100.0
13889,2571,Special Session,4,0,100.0
13890,2571,Monsoon Session,17,0,100.0
13891,2571,Budget Session,25,0,100.0
13892,2571,Winter Session,13,0,100.0
13893,2571,Monsoon Session,16,0,100.0
13894,2101,Winter Session,22,0,100.0
13895,2101,Budget Session,27,0,100.0
13896,2101,Special Session,3,0,100.0
13897,2101,Winter Session,12,0,100.0
13898,2101,Winter Session,10,0,100.0
13899,2101,Monsoon Session,21,0,100.0
13900,2101,Budget Session,11,0,100.0
13901,2101,Budget Session,21,0,100.0
13902,2101,Winter Session,20,0,100.0
13903,2101,Monsoon Session,19,0,100.0
13904,2101,225th Part-2,21,0,100.0
13905,2101,225th Part-1,14,0,100.0
13906,2101,Winter Session,24,0,100.0
13907,2101,Monsoon Session,26,0,100.0
13908,2101,Budget Session,23,0,100.0
13909,2101,Winter Session,23,0,100.0
13910,2101,Monsoon Session,26,0,100.0
13911,2101,219th Part-2,17,0,100.0
13912,2101,219th Part-1,15,0,100.0
13913,2101,Winter Session,23,0,100.0
13914,2101,Budget Session,26,0,100.0
13915,2101,Special Session,4,0,100.0
13916,2101,Budget Session,10,0,100.0
13917,2101,214th Part2,10,0,100.0
13918,2572,Winter Session,15,0,100.0
13919,2572,Monsoon Session,21,0,100.0
13920,2572,Budget Session,27,0,100.0
13921,2572,Winter Session,19,0,100.0
13922,2572,Monsoon Session,16,0,100.0
13923,2572,Special Session,5,0,100.0
13924,2572,Budget Session,9,0,100.0
13925,2572,Winter Session,15,0,100.0
13926,2572,Special Session,4,0,100.0
13927,2572,Monsoon Session,17,0,100.0
13928,2572,Budget Session,25,0,100.0
13929,2572,Winter Session,13,0,100.0
13930,2102,Winter Session,22,0,100.0
13931,2102,Budget Session,27,0,100.0
13932,2102,Special Session,3,0,100.0
13933,2102,Winter Session,12,0,100.0
13934,2102,Winter Session,10,0,100.0
13935,2102,Monsoon Session,21,0,100.0
13936,2102,Budget Session,11,0,100.0
13937,2102,Budget Session,21,0,100.0
13938,2102,Winter Session,20,0,100.0
13939,2102,Monsoon Session,19,0,100.0
13940,2102,225th Part-2,21,0,100.0
13941,2102,225th Part-1,14,0,100.0
13942,2102,Winter Session,24,0,100.0
13943,2102,Monsoon Session,26,0,100.0
13944,2102,Budget Session,23,0,100.0
13945,2102,Winter Session,23,0,100.0
13946,2102,Monsoon Session,26,0,100.0
13947,2102,219th Part-2,17,0,100.0
13948,2102,219th Part-1,15,0,100.0
13949,2102,Winter Session,23,0,100.0
13950,2102,Budget Session,26,0,100.0
13951,2102,Special Session,4,0,100.0
13952,2102,Budget Session,10,0,100.0
13953,2102,214th Part2,10,0,100.0
13954,2103,219th Part-2,17,0,100.0
13955,2103,219th Part-1,15,0,100.0
13956,2103,Winter Session,23,0,100.0
13957,2103,Budget Session,26,0,100.0
13958,2103,Special Session,4,0,100.0
13959,2103,Budget Session,10,0,100.0
13960,2573,Winter Session,15,0,100.0
13961,2573,Monsoon Session,21,0,100.0
13962,2573,Budget Session,27,0,100.0
13963,2573,Winter Session,19,0,100.0
13964,2573,Monsoon Session,16,0,100.0
13965,2573,Special Session,5,0,100.0
13966,2573,Budget Session,9,0,100.0
13967,2573,Winter Session,15,0,100.0
13968,2573,Special Session,4,0,100.0
13969,2573,Monsoon Session,17,0,100.0
13970,2573,Budget Session,25,0,100.0
13971,2573,Winter Session,13,0,100.0
13972,2104,Winter Session,22,0,100.0
13973,2104,Budget Session,27,0,100.0
13974,2104,Special Session,3,0,100.0
13975,2104,Winter Session,12,0,100.0
13976,2104,Winter Session,10,0,100.0
13977,2104,Monsoon Session,21,0,100.0
13978,2104,Budget Session,11,0,100.0
13979,2104,Budget Session,21,0,100.0
13980,2104,Winter Session,20,0,100.0
13981,2104,Monsoon Session,19,0,100.0
13982,2104,225th Part-2,21,0,100.0
13983,2104,225th Part-1,14,0,100.0
13984,2104,Winter Session,24,0,100.0
13985,2104,Monsoon Session,26,0,100.0
13986,2104,Budget Session,23,0,100.0
13987,2104,Winter Session,23,0,100.0
13988,2104,Monsoon Session,26,0,100.0
13989,2104,219th Part-2,17,0,100.0
13990,2104,219th Part-1,15,0,100.0
13991,2104,Winter Session,23,0,100.0
13992,2104,Budget Session,26,0,100.0
13993,2104,Special Session,4,0,100.0
13994,2104,Budget Session,10,0,100.0
13995,2574,Winter Session,15,0,100.0
13996,2574,Monsoon Session,21,0,100.0
13997,2574,Budget Session,27,0,100.0
13998,2574,Winter Session,19,0,100.0
13999,2574,Monsoon Session,16,0,100.0
14000,2574,Special Session,5,0,100.0
14001,2574,Budget Session,9,0,100.0
14002,2574,Winter Session,15,0,100.0
14003,2574,Special Session,4,0,100.0
14004,2574,Monsoon Session,17,0,100.0
14005,187,225th Part-1,14,0,100.0
14006,187,Winter Session,24,0,100.0
14007,187,Monsoon Session,26,0,100.0
14008,187,Budget Session,23,0,100.0
14009,187,Winter Session,23,0,100.0
14010,187,Monsoon Session,26,0,100.0
14011,187,219th Part-2,17,0,100.0
14012,187,219th Part-1,15,0,100.0
14013,187,Winter Session,23,0,100.0
14014,187,Budget Session,26,0,100.0
14015,187,Special Session,4,0,100.0
14016,187,Budget Session,10,0,100.0
14017,187,214th Part2,10,0,100.0
14018,187,214th Part-1,6,0,100.0
14019,187,Budget Session,35,0,100.0
14020,187,Winter Session,17,0,100.0
14021,2105,Budget Session,19,0,100.0
14022,2105,Winter Session,22,0,100.0
14023,2105,Budget Session,27,0,100.0
14024,2105,Special Session,3,0,100.0
14025,2105,Winter Session,12,0,100.0
14026,2105,Winter Session,10,0,100.0
14027,2105,Monsoon Session,21,0,100.0
14028,2105,Budget Session,11,0,100.0
14029,2105,Budget Session,21,0,100.0
14030,2105,Winter Session,20,0,100.0
14031,2105,Monsoon Session,19,0,100.0
14032,2105,225th Part-2,21,0,100.0
14033,2105,225th Part-1,14,0,100.0
14034,2105,Winter Session,24,0,100.0
14035,2105,Monsoon Session,26,0,100.0
14036,2105,Budget Session,23,0,100.0
14037,2105,Winter Session,23,0,100.0
14038,2105,Monsoon Session,26,0,100.0
14039,2105,219th Part-2,17,0,100.0
14040,2105,219th Part-1,15,0,100.0
14041,2105,Winter Session,23,0,100.0
14042,2105,Budget Session,26,0,100.0
14043,2105,Special Session,4,0,100.0
14044,2575,Winter Session,15,0,100.0
14045,2575,Monsoon Session,21,0,100.0
14046,2575,Budget Session,27,0,100.0
14047,2575,Winter Session,19,0,100.0
14048,2575,Monsoon Session,16,0,100.0
14049,2575,Special Session,5,0,100.0
14050,2575,Budget Session,9,0,100.0
14051,2575,Winter Session,15,0,100.0
14052,2575,Special Session,4,0,100.0
14053,2575,Monsoon Session,17,0,100.0
14054,2576,Winter Session,15,0,100.0
14055,2576,Monsoon Session,21,0,100.0
14056,2576,Budget Session,27,0,100.0
14057,2576,Winter Session,19,0,100.0
14058,2576,Monsoon Session,16,0,100.0
14059,2576,Special Session,5,0,100.0
14060,2576,Budget Session,9,0,100.0
14061,2576,Winter Session,15,0,100.0
14062,2576,Special Session,4,0,100.0
14063,2106,Budget Session,19,0,100.0
14064,2106,Winter Session,22,0,100.0
14065,2106,Budget Session,27,0,100.0
14066,2106,Special Session,3,0,100.0
14067,2106,Winter Session,12,0,100.0
14068,2106,Winter Session,10,0,100.0
14069,2106,Monsoon Session,21,0,100.0
14070,2106,Budget Session,11,0,100.0
14071,2106,Budget Session,21,0,100.0
14072,2106,Winter Session,20,0,100.0
14073,2106,Monsoon Session,19,0,100.0
14074,2106,225th Part-2,21,0,100.0
14075,2106,225th Part-1,14,0,100.0
14076,2106,Winter Session,24,0,100.0
14077,2106,Monsoon Session,26,0,100.0
14078,2106,Budget Session,23,0,100.0
14079,2106,Winter Session,23,0,100.0
14080,2106,Monsoon Session,26,0,100.0
14081,2106,219th Part-2,17,0,100.0
14082,2106,219th Part-1,15,0,100.0
14083,2106,Winter Session,23,0,100.0
14084,2106,Budget Session,26,0,100.0
14085,2106,Special Session,4,0,100.0
14086,2107,Budget Session,9,0,100.0
14087,2107,Winter Session,15,0,100.0
14088,2107,Special Session,4,0,100.0
14089,2107,Monsoon Session,17,0,100.0
14090,2107,Budget Session,25,0,100.0
14091,2107,Winter Session,13,0,100.0
14092,2107,Monsoon Session,16,0,100.0
14093,2107,Budget Session,29,0,100.0
14094,2107,Winter Session,18,0,100.0
14095,2107,Monsoon Session,17,0,100.0
14096,2107,Budget Session,33,0,100.0
14097,2107,Monsoon Session,18,0,100.0
14098,2107,Budget Session,34,0,100.0
14099,2107,Winter Session,20,0,100.0
14100,2107,Monsoon Session,35,0,100.0
14101,2107,Budget Session,10,0,100.0
14102,2107,Winter Session,18,0,100.0
14103,2107,Monsoon Session,17,0,100.0
14104,2107,Budget Session,15,0,100.0
14105,2107,Budget Session,16,0,100.0
14106,2107,Winter Session,20,0,100.0
14107,2107,Monsoon Session,17,0,100.0
14108,2107,Budget Session,13,0,100.0
14109,2107,Budget Session,19,0,100.0
14110,2107,Winter Session,22,0,100.0
14111,2107,Budget Session,27,0,100.0
14112,2107,Special Session,3,0,100.0
14113,2107,Winter Session,12,0,100.0
14114,2107,Winter Session,10,0,100.0
14115,2107,Monsoon Session,21,0,100.0
14116,2107,Budget Session,11,0,100.0
14117,2107,Budget Session,21,0,100.0
14118,2107,Winter Session,20,0,100.0
14119,2107,Monsoon Session,19,0,100.0
14120,2107,225th Part-2,21,0,100.0
14121,2107,225th Part-1,14,0,100.0
14122,2107,Winter Session,24,0,100.0
14123,2107,Monsoon Session,26,0,100.0
14124,2107,Budget Session,23,0,100.0
14125,2107,Winter Session,23,0,100.0
14126,2107,Monsoon Session,26,0,100.0
14127,2107,219th Part-2,17,0,100.0
14128,2107,219th Part-1,15,0,100.0
14129,2107,Winter Session,23,0,100.0
14130,2107,Budget Session,26,0,100.0
14131,2577,Winter Session,15,0,100.0
14132,2577,Monsoon Session,21,0,100.0
14133,2577,Budget Session,27,0,100.0
14134,2577,Winter Session,19,0,100.0
14135,2577,Monsoon Session,16,0,100.0
14136,2577,Special Session,5,0,100.0
14137,2577,Budget Session,9,0,100.0
14138,2577,Winter Session,15,0,100.0
14139,2577,Special Session,4,0,100.0
14140,2108,219th Part-2,17,0,100.0
14141,2108,219th Part-1,15,0,100.0
14142,2108,Winter Session,23,0,100.0
14143,2108,Budget Session,26,0,100.0
14144,2578,Winter Session,15,0,100.0
14145,2578,Monsoon Session,21,0,100.0
14146,2578,Budget Session,27,0,100.0
14147,2578,Winter Session,19,0,100.0
14148,2578,Monsoon Session,16,0,100.0
14149,2578,Special Session,5,0,100.0
14150,2578,Budget Session,9,0,100.0
14151,2578,Winter Session,15,0,100.0
14152,2578,Special Session,4,0,100.0
14153,190,Budget Session,29,0,100.0
14154,190,Winter Session,18,0,100.0
14155,190,Monsoon Session,17,0,100.0
14156,190,Budget Session,33,0,100.0
14157,190,Monsoon Session,18,0,100.0
14158,190,Budget Session,34,0,100.0
14159,190,Winter Session,20,0,100.0
14160,190,Monsoon Session,35,0,100.0
14161,190,Budget Session,10,0,100.0
14162,190,Winter Session,18,0,100.0
14163,190,Monsoon Session,17,0,100.0
14164,190,Budget Session,22,0,100.0
14165,190,Budget Session,8,0,100.0
14166,190,Winter Session,13,0,100.0
14167,190,Monsoon Session,19,0,100.0
14168,190,Budget Session,21,0,100.0
14169,190,Budget Session,8,0,100.0
14170,190,Winter Session,21,0,100.0
14171,190,Monsoon Session,20,0,100.0
14172,190,Budget Session,15,0,100.0
14173,190,Budget Session,16,0,100.0
14174,190,Winter Session,20,0,100.0
14175,190,Monsoon Session,17,0,100.0
14176,190,Budget Session,13,0,100.0
14177,190,Budget Session,19,0,100.0
14178,190,Winter Session,22,0,100.0
14179,190,Budget Session,27,0,100.0
14180,190,Special Session,3,0,100.0
14181,190,Winter Session,12,0,100.0
14182,190,Winter Session,10,0,100.0
14183,190,Monsoon Session,21,0,100.0
14184,190,Budget Session,11,0,100.0
14185,190,Budget Session,21,0,100.0
14186,190,Winter Session,20,0,100.0
14187,190,Monsoon Session,19,0,100.0
14188,190,225th Part-2,21,0,100.0
14189,190,225th Part-1,14,0,100.0
14190,190,Winter Session,24,0,100.0
14191,190,Monsoon Session,26,0,100.0
14192,190,Budget Session,23,0,100.0
14193,190,Winter Session,23,0,100.0
14194,190,Monsoon Session,26,0,100.0
14195,190,219th Part-2,17,0,100.0
14196,190,219th Part-1,15,0,100.0
14197,190,Winter Session,23,0,100.0
14198,190,Budget Session,26,0,100.0
14199,190,Special Session,4,0,100.0
14200,190,Budget Session,10,0,100.0
14201,190,214th Part2,10,0,100.0
14202,190,214th Part-1,6,0,100.0
14203,190,Budget Session,35,0,100.0
14204,190,Winter Session,17,0,100.0
14205,2109,225th Part-1,14,0,100.0
14206,2109,Winter Session,24,0,100.0
14207,2109,Monsoon Session,26,0,100.0
14208,2109,Budget Session,23,0,100.0
14209,2109,Winter Session,23,0,100.0
14210,2109,Monsoon Session,26,0,100.0
14211,2109,219th Part-2,17,0,100.0
14212,2109,219th Part-1,15,0,100.0
14213,2109,Winter Session,23,0,100.0
14214,2109,Budget Session,26,0,100.0
14215,2579,Winter Session,15,0,100.0
14216,2579,Monsoon Session,21,0,100.0
14217,2579,Budget Session,27,0,100.0
14218,2579,Winter Session,19,0,100.0
14219,2579,Monsoon Session,16,0,100.0
14220,2579,Special Session,5,0,100.0
14221,2579,Budget Session,9,0,100.0
14222,2579,Winter Session,15,0,100.0
14223,2579,Special Session,4,0,100.0
14224,2110,219th Part-2,17,0,100.0
14225,2110,219th Part-1,15,0,100.0
14226,2110,Winter Session,23,0,100.0
14227,2110,Budget Session,26,0,100.0
14228,1177,Budget Session,34,0,100.0
14229,1177,Winter Session,20,0,100.0
14230,1177,Monsoon Session,35,0,100.0
14231,1177,Budget Session,10,0,100.0
14232,1177,Winter Session,18,0,100.0
14233,1177,Monsoon Session,17,0,100.0
14234,1177,Budget Session,22,0,100.0
14235,1177,Budget Session,8,0,100.0
14236,1177,Winter Session,13,0,100.0
14237,1177,Monsoon Session,19,0,100.0
14238,1177,Budget Session,21,0,100.0
14239,1177,Budget Session,8,0,100.0
14240,1177,Winter Session,21,0,100.0
14241,1177,Monsoon Session,20,0,100.0
14242,1177,Budget Session,15,0,100.0
14243,1177,Budget Session,16,0,100.0
14244,1177,Winter Session,20,0,100.0
14245,1177,Monsoon Session,17,0,100.0
14246,1177,Budget Session,13,0,100.0
14247,1177,Budget Session,19,0,100.0
14248,1177,Winter Session,22,0,100.0
14249,1177,Budget Session,27,0,100.0
14250,1177,Special Session,3,0,100.0
14251,1177,Winter Session,12,0,100.0
14252,1177,Winter Session,10,0,100.0
14253,1177,Monsoon Session,21,0,100.0
14254,1177,Budget Session,11,0,100.0
14255,1177,Budget Session,21,0,100.0
14256,1177,Winter Session,20,0,100.0
14257,1177,Monsoon Session,19,0,100.0
14258,1177,225th Part-2,21,0,100.0
14259,1177,225th Part-1,14,0,100.0
14260,1177,Winter Session,24,0,100.0
14261,1177,Monsoon Session,26,0,100.0
14262,1177,Budget Session,23,0,100.0
14263,1177,Winter Session,23,0,100.0
14264,1177,Monsoon Session,26,0,100.0
14265,1177,219th Part-2,17,0,100.0
14266,1177,219th Part-1,15,0,100.0
14267,1177,Winter Session,23,0,100.0
14268,1177,Budget Session,26,0,100.0
14269,1177,Special Session,4,0,100.0
14270,1177,Budget Session,10,0,100.0
14271,1177,214th Part2,10,0,100.0
14272,1177,214th Part-1,6,0,100.0
14273,707,219th Part-1,15,0,100.0
14274,707,Winter Session,23,0,100.0
14275,707,Budget Session,26,0,100.0
14276,707,Special Session,4,0,100.0
14277,707,Budget Session,10,0,100.0
14278,707,214th Part2,10,0,100.0
14279,707,214th Part-1,6,0,100.0
14280,707,Budget Session,35,0,100.0
14281,707,Winter Session,17,0,100.0
14282,2580,Winter Session,15,0,100.0
14283,2580,Monsoon Session,21,0,100.0
14284,2580,Budget Session,27,0,100.0
14285,2580,Winter Session,19,0,100.0
14286,2580,Monsoon Session,16,0,100.0
14287,2580,Special Session,5,0,100.0
14288,2580,Budget Session,9,0,100.0
14289,2580,Winter Session,15,0,100.0
14290,2580,Special Session,4,0,100.0
14291,2111,219th Part-2,17,0,100.0
14292,2111,219th Part-1,15,0,100.0
14293,2111,Winter Session,23,0,100.0
14294,2111,Budget Session,26,0,100.0
14295,2581,Winter Session,15,0,100.0
14296,2581,Monsoon Session,21,0,100.0
14297,2581,Budget Session,27,0,100.0
14298,2581,Winter Session,19,0,100.0
14299,2581,Monsoon Session,16,0,100.0
14300,2581,Special Session,5,0,100.0
14301,2581,Budget Session,9,0,100.0
14302,2581,Winter Session,15,0,100.0
14303,2581,Special Session,4,0,100.0
14304,2112,Budget Session,15,0,100.0
14305,2112,Budget Session,16,0,100.0
14306,2112,Winter Session,20,0,100.0
14307,2112,Monsoon Session,17,0,100.0
14308,2112,Budget Session,13,0,100.0
14309,2112,Budget Session,19,0,100.0
14310,2112,Winter Session,22,0,100.0
14311,2112,Budget Session,27,0,100.0
14312,2112,Special Session,3,0,100.0
14313,2112,Winter Session,12,0,100.0
14314,2112,Winter Session,10,0,100.0
14315,2112,Monsoon Session,21,0,100.0
14316,2112,Budget Session,11,0,100.0
14317,2112,Budget Session,21,0,100.0
14318,2112,Winter Session,20,0,100.0
14319,2112,Monsoon Session,19,0,100.0
14320,2112,225th Part-2,21,0,100.0
14321,2112,225th Part-1,14,0,100.0
14322,2112,Winter Session,24,0,100.0
14323,2112,Monsoon Session,26,0,100.0
14324,2112,Budget Session,23,0,100.0
14325,2112,Winter Session,23,0,100.0
14326,2112,Monsoon Session,26,0,100.0
14327,2112,219th Part-2,17,0,100.0
14328,2112,219th Part-1,15,0,100.0
14329,2112,Winter Session,23,0,100.0
14330,2112,Budget Session,26,0,100.0
14331,194,Winter Session,12,0,100.0
14332,194,Winter Session,10,0,100.0
14333,194,Monsoon Session,21,0,100.0
14334,194,Budget Session,11,0,100.0
14335,194,Budget Session,21,0,100.0
14336,194,Winter Session,20,0,100.0
14337,194,Monsoon Session,19,0,100.0
14338,194,225th Part-2,21,0,100.0
14339,194,225th Part-1,14,0,100.0
14340,194,Winter Session,24,0,100.0
14341,194,Monsoon Session,26,0,100.0
14342,194,Budget Session,23,0,100.0
14343,194,Winter Session,23,0,100.0
14344,194,Monsoon Session,26,0,100.0
14345,194,219th Part-2,17,0,100.0
14346,194,219th Part-1,15,0,100.0
14347,194,Winter Session,23,0,100.0
14348,194,Budget Session,26,0,100.0
14349,194,Special Session,4,0,100.0
14350,194,Budget Session,10,0,100.0
14351,194,214th Part2,10,0,100.0
14352,194,214th Part-1,6,0,100.0
14353,2582,Winter Session,15,0,100.0
14354,2582,Monsoon Session,21,0,100.0
14355,2582,Budget Session,27,0,100.0
14356,2582,Winter Session,19,0,100.0
14357,2582,Monsoon Session,16,0,100.0
14358,2582,Special Session,5,0,100.0
14359,2582,Budget Session,9,0,100.0
14360,2583,Winter Session,15,0,100.0
14361,2583,Monsoon Session,21,0,100.0
14362,2583,Budget Session,27,0,100.0
14363,2583,Winter Session,19,0,100.0
14364,2583,Monsoon Session,16,0,100.0
14365,2583,Special Session,5,0,100.0
14366,2583,Budget Session,9,0,100.0
14367,2113,Budget Session,22,0,100.0
14368,2113,Budget Session,8,0,100.0
14369,2113,Winter Session,13,0,100.0
14370,2113,Monsoon Session,19,0,100.0
14371,2113,Budget Session,21,0,100.0
14372,2113,Budget Session,8,0,100.0
14373,2113,Winter Session,21,0,100.0
14374,2113,Monsoon Session,20,0,100.0
14375,2113,Budget Session,15,0,100.0
14376,2113,Budget Session,16,0,100.0
14377,2113,Winter Session,20,0,100.0
14378,2113,Monsoon Session,17,0,100.0
14379,2113,Budget Session,13,0,100.0
14380,2113,Budget Session,19,0,100.0
14381,2113,Winter Session,22,0,100.0
14382,2113,Budget Session,27,0,100.0
14383,2113,Special Session,3,0,100.0
14384,2113,Winter Session,12,0,100.0
14385,2113,Winter Session,10,0,100.0
14386,2113,Monsoon Session,21,0,100.0
14387,2113,Budget Session,11,0,100.0
14388,2113,Budget Session,21,0,100.0
14389,2113,Winter Session,20,0,100.0
14390,2113,Monsoon Session,19,0,100.0
14391,2113,225th Part-2,21,0,100.0
14392,2113,225th Part-1,14,0,100.0
14393,2113,Winter Session,24,0,100.0
14394,2113,Monsoon Session,26,0,100.0
14395,2113,Budget Session,23,0,100.0
14396,2113,Winter Session,23,0,100.0
14397,2113,Monsoon Session,26,0,100.0
14398,2113,219th Part-2,17,0,100.0
14399,2113,219th Part-1,15,0,100.0
14400,2113,Winter Session,23,0,100.0
14401,2113,Budget Session,26,0,100.0
14402,2114,Winter Session,22,0,100.0
14403,2114,Budget Session,27,0,100.0
14404,2114,Special Session,3,0,100.0
14405,2114,Winter Session,12,0,100.0
14406,2114,Winter Session,10,0,100.0
14407,2114,Monsoon Session,21,0,100.0
14408,2114,Budget Session,11,0,100.0
14409,2114,Budget Session,21,0,100.0
14410,2114,Winter Session,20,0,100.0
14411,2114,Monsoon Session,19,0,100.0
14412,2114,225th Part-2,21,0,100.0
14413,2114,225th Part-1,14,0,100.0
14414,2114,Winter Session,24,0,100.0
14415,2114,Monsoon Session,26,0,100.0
14416,2114,Budget Session,23,0,100.0
14417,2114,Winter Session,23,0,100.0
14418,2114,Monsoon Session,26,0,100.0
14419,2114,219th Part-2,17,0,100.0
14420,2114,219th Part-1,15,0,100.0
14421,2114,Winter Session,23,0,100.0
14422,2114,Budget Session,26,0,100.0
14423,2584,Winter Session,15,0,100.0
14424,2584,Monsoon Session,21,0,100.0
14425,2584,Budget Session,27,0,100.0
14426,2584,Winter Session,19,0,100.0
14427,2584,Monsoon Session,16,0,100.0
14428,2584,Special Session,5,0,100.0
14429,2115,Budget Session,29,0,100.0
14430,2115,Winter Session,18,0,100.0
14431,2115,Monsoon Session,17,0,100.0
14432,2115,Budget Session,33,0,100.0
14433,2115,Monsoon Session,18,0,100.0
14434,2115,Budget Session,34,0,100.0
14435,2115,Winter Session,20,0,100.0
14436,2115,Monsoon Session,35,0,100.0
14437,2115,Budget Session,10,0,100.0
14438,2115,Winter Session,18,0,100.0
14439,2115,Monsoon Session,17,0,100.0
14440,2115,Budget Session,22,0,100.0
14441,2115,Budget Session,8,0,100.0
14442,2115,Winter Session,13,0,100.0
14443,2115,Monsoon Session,19,0,100.0
14444,2115,Budget Session,21,0,100.0
14445,2115,Budget Session,8,0,100.0
14446,2115,Winter Session,21,0,100.0
14447,2115,Monsoon Session,20,0,100.0
14448,2115,Budget Session,15,0,100.0
14449,2115,Budget Session,16,0,100.0
14450,2115,Winter Session,20,0,100.0
14451,2115,Monsoon Session,17,0,100.0
14452,2115,Budget Session,13,0,100.0
14453,2115,Budget Session,19,0,100.0
14454,2115,Winter Session,22,0,100.0
14455,2115,Budget Session,27,0,100.0
14456,2115,Special Session,3,0,100.0
14457,2115,Winter Session,12,0,100.0
14458,2115,Winter Session,10,0,100.0
14459,2115,Monsoon Session,21,0,100.0
14460,2115,Budget Session,11,0,100.0
14461,2115,Budget Session,21,0,100.0
14462,2115,Winter Session,20,0,100.0
14463,2115,Monsoon Session,19,0,100.0
14464,2115,225th Part-2,21,0,100.0
14465,2115,225th Part-1,14,0,100.0
14466,2115,Winter Session,24,0,100.0
14467,2115,Monsoon Session,26,0,100.0
14468,2115,Budget Session,23,0,100.0
14469,2115,Winter Session,23,0,100.0
14470,2115,Monsoon Session,26,0,100.0
14471,2115,219th Part-2,17,0,100.0
14472,2115,219th Part-1,15,0,100.0
14473,2115,Winter Session,23,0,100.0
14474,2115,Budget Session,26,0,100.0
14475,2585,Winter Session,15,0,100.0
14476,2585,Monsoon Session,21,0,100.0
14477,2585,Budget Session,27,0,100.0
14478,2585,Winter Session,19,0,100.0
14479,2585,Monsoon Session,16,0,100.0
14480,2585,Special Session,5,0,100.0
14481,2116,Budget Session,22,0,100.0
14482,2116,Budget Session,8,0,100.0
14483,2116,Winter Session,13,0,100.0
14484,2116,Monsoon Session,19,0,100.0
14485,2116,Budget Session,21,0,100.0
14486,2116,Budget Session,8,0,100.0
14487,2116,Winter Session,21,0,100.0
14488,2116,Monsoon Session,20,0,100.0
14489,2116,Budget Session,15,0,100.0
14490,2116,Budget Session,16,0,100.0
14491,2116,Winter Session,20,0,100.0
14492,2116,Monsoon Session,17,0,100.0
14493,2116,Budget Session,13,0,100.0
14494,2116,Budget Session,19,0,100.0
14495,2116,Winter Session,22,0,100.0
14496,2116,Budget Session,27,0,100.0
14497,2116,Special Session,3,0,100.0
14498,2116,Winter Session,12,0,100.0
14499,2116,Winter Session,10,0,100.0
14500,2116,Monsoon Session,21,0,100.0
14501,2116,Budget Session,11,0,100.0
14502,2116,Budget Session,21,0,100.0
14503,2116,Winter Session,20,0,100.0
14504,2116,Monsoon Session,19,0,100.0
14505,2116,225th Part-2,21,0,100.0
14506,2116,225th Part-1,14,0,100.0
14507,2116,Winter Session,24,0,100.0
14508,2116,Monsoon Session,26,0,100.0
14509,2116,Budget Session,23,0,100.0
14510,2116,Winter Session,23,0,100.0
14511,2116,Monsoon Session,26,0,100.0
14512,2116,219th Part-2,17,0,100.0
14513,2116,219th Part-1,15,0,100.0
14514,2116,Winter Session,23,0,100.0
14515,2116,Budget Session,26,0,100.0
14516,2586,Winter Session,15,0,100.0
14517,2586,Monsoon Session,21,0,100.0
14518,2586,Budget Session,27,0,100.0
14519,2586,Winter Session,19,0,100.0
14520,2586,Monsoon Session,16,0,100.0
14521,2586,Special Session,5,0,100.0
14522,2117,225th Part-1,14,0,100.0
14523,2117,Winter Session,24,0,100.0
14524,2117,Monsoon Session,26,0,100.0
14525,2117,Budget Session,23,0,100.0
14526,2117,Winter Session,23,0,100.0
14527,2117,Monsoon Session,26,0,100.0
14528,2117,219th Part-2,17,0,100.0
14529,2117,219th Part-1,15,0,100.0
14530,2117,Winter Session,23,0,100.0
14531,2117,Budget Session,26,0,100.0
14532,2118,Budget Session,22,0,100.0
14533,2118,Budget Session,8,0,100.0
14534,2118,Winter Session,13,0,100.0
14535,2118,Monsoon Session,19,0,100.0
14536,2118,Budget Session,21,0,100.0
14537,2118,Budget Session,8,0,100.0
14538,2118,Winter Session,21,0,100.0
14539,2118,Monsoon Session,20,0,100.0
14540,2118,Budget Session,15,0,100.0
14541,2118,Budget Session,16,0,100.0
14542,2118,Winter Session,20,0,100.0
14543,2118,Monsoon Session,17,0,100.0
14544,2118,Budget Session,13,0,100.0
14545,2118,Budget Session,19,0,100.0
14546,2118,Winter Session,22,0,100.0
14547,2118,Budget Session,27,0,100.0
14548,2118,Special Session,3,0,100.0
14549,2118,Winter Session,12,0,100.0
14550,2118,Winter Session,10,0,100.0
14551,2118,Monsoon Session,21,0,100.0
14552,2118,Budget Session,11,0,100.0
14553,2118,Budget Session,21,0,100.0
14554,2118,Winter Session,20,0,100.0
14555,2118,Monsoon Session,19,0,100.0
14556,2118,225th Part-2,21,0,100.0
14557,2118,225th Part-1,14,0,100.0
14558,2118,Winter Session,24,0,100.0
14559,2118,Monsoon Session,26,0,100.0
14560,2118,Budget Session,23,0,100.0
14561,2118,Winter Session,23,0,100.0
14562,2118,Monsoon Session,26,0,100.0
14563,2118,219th Part-2,17,0,100.0
14564,2118,219th Part-1,15,0,100.0
14565,2118,Winter Session,23,0,100.0
14566,2118,Budget Session,26,0,100.0
14567,2587,Winter Session,15,0,100.0
14568,2587,Monsoon Session,21,0,100.0
14569,2587,Budget Session,27,0,100.0
14570,2587,Winter Session,19,0,100.0
14571,2587,Monsoon Session,16,0,100.0
14572,2587,Special Session,5,0,100.0
14573,2588,Winter Session,15,0,100.0
14574,2588,Monsoon Session,21,0,100.0
14575,2588,Budget Session,27,0,100.0
14576,2588,Winter Session,19,0,100.0
14577,2588,Monsoon Session,16,0,100.0
14578,2588,Special Session,5,0,100.0
14579,200,Budget Session,35,0,100.0
14580,200,Winter Session,17,0,100.0
14581,201,225th Part-1,14,0,100.0
14582,201,Winter Session,24,0,100.0
14583,201,Monsoon Session,26,0,100.0
14584,201,Budget Session,23,0,100.0
14585,201,Winter Session,23,0,100.0
14586,201,Monsoon Session,26,0,100.0
14587,201,219th Part-2,17,0,100.0
14588,201,219th Part-1,15,0,100.0
14589,201,Winter Session,23,0,100.0
14590,201,Budget Session,26,0,100.0
14591,201,Special Session,4,0,100.0
14592,201,Budget Session,10,0,100.0
14593,201,214th Part2,10,0,100.0
14594,201,214th Part-1,6,0,100.0
14595,201,Budget Session,35,0,100.0
14596,201,Winter Session,17,0,100.0
14597,2120,Budget Session,22,0,100.0
14598,2120,Budget Session,8,0,100.0
14599,2120,Winter Session,13,0,100.0
14600,2120,Monsoon Session,19,0,100.0
14601,2120,Budget Session,21,0,100.0
14602,2120,Budget Session,8,0,100.0
14603,2120,Winter Session,21,0,100.0
14604,2120,Monsoon Session,20,0,100.0
14605,2120,Budget Session,15,0,100.0
14606,2120,Budget Session,16,0,100.0
14607,2120,Winter Session,20,0,100.0
14608,2120,Monsoon Session,17,0,100.0
14609,2120,Budget Session,13,0,100.0
14610,2120,Budget Session,19,0,100.0
14611,2120,Winter Session,22,0,100.0
14612,2120,Budget Session,27,0,100.0
14613,2120,Special Session,3,0,100.0
14614,2120,Winter Session,12,0,100.0
14615,2120,Winter Session,10,0,100.0
14616,2120,Monsoon Session,21,0,100.0
14617,2120,Budget Session,11,0,100.0
14618,2120,Budget Session,21,0,100.0
14619,2120,Winter Session,20,0,100.0
14620,2120,Monsoon Session,19,0,100.0
14621,2120,225th Part-2,21,0,100.0
14622,2120,225th Part-1,14,0,100.0
14623,2120,Winter Session,24,0,100.0
14624,2120,Monsoon Session,26,0,100.0
14625,2120,Budget Session,23,0,100.0
14626,2120,Winter Session,23,0,100.0
14627,2120,Monsoon Session,26,0,100.0
14628,2120,219th Part-2,17,0,100.0
14629,2120,219th Part-1,15,0,100.0
14630,2120,Winter Session,23,0,100.0
14631,2120,Budget Session,26,0,100.0
14632,2589,Winter Session,15,0,100.0
14633,2589,Monsoon Session,21,0,100.0
14634,2589,Budget Session,27,0,100.0
14635,2589,Winter Session,19,0,100.0
14636,2589,Monsoon Session,16,0,100.0
14637,2589,Special Session,5,0,100.0
14638,2121,225th Part-1,14,0,100.0
14639,2121,Winter Session,24,0,100.0
14640,2121,Monsoon Session,26,0,100.0
14641,2121,Budget Session,23,0,100.0
14642,2121,Winter Session,23,0,100.0
14643,2121,Monsoon Session,26,0,100.0
14644,2121,219th Part-2,17,0,100.0
14645,2121,219th Part-1,15,0,100.0
14646,2121,Winter Session,23,0,100.0
14647,2121,Budget Session,26,0,100.0
14648,2590,Winter Session,15,0,100.0
14649,2590,Monsoon Session,21,0,100.0
14650,2590,Budget Session,27,0,100.0
14651,2590,Winter Session,19,0,100.0
14652,2590,Monsoon Session,16,0,100.0
14653,2590,Special Session,5,0,100.0
14654,2594,Winter Session,15,0,100.0
14655,2594,Monsoon Session,21,0,100.0
14656,2594,Budget Session,27,0,100.0
14657,2594,Winter Session,19,0,100.0
14658,2594,Monsoon Session,16,0,100.0
14659,2594,Special Session,5,0,100.0
14660,2591,Winter Session,15,0,100.0
14661,2591,Monsoon Session,21,0,100.0
14662,2591,Budget Session,27,0,100.0
14663,2591,Winter Session,19,0,100.0
14664,2591,Monsoon Session,16,0,100.0
14665,2591,Special Session,5,0,100.0
14666,2122,Winter Session,13,0,100.0
14667,2122,Monsoon Session,19,0,100.0
14668,2122,Budget Session,21,0,100.0
14669,2122,Budget Session,8,0,100.0
14670,2122,Winter Session,21,0,100.0
14671,2122,Monsoon Session,20,0,100.0
14672,2122,Budget Session,15,0,100.0
14673,2122,Budget Session,16,0,100.0
14674,2122,Winter Session,20,0,100.0
14675,2122,Monsoon Session,17,0,100.0
14676,2122,Budget Session,13,0,100.0
14677,2122,Budget Session,19,0,100.0
14678,2122,Winter Session,22,0,100.0
14679,2122,Budget Session,27,0,100.0
14680,2122,Special Session,3,0,100.0
14681,2122,Winter Session,12,0,100.0
14682,2122,Winter Session,10,0,100.0
14683,2122,Monsoon Session,21,0,100.0
14684,2122,Budget Session,11,0,100.0
14685,2122,Budget Session,21,0,100.0
14686,2122,Winter Session,20,0,100.0
14687,2122,Monsoon Session,19,0,100.0
14688,2122,225th Part-2,21,0,100.0
14689,2122,225th Part-1,14,0,100.0
14690,2122,Winter Session,24,0,100.0
14691,2122,Monsoon Session,26,0,100.0
14692,2122,Budget Session,23,0,100.0
14693,2122,Winter Session,23,0,100.0
14694,2122,Monsoon Session,26,0,100.0
14695,2122,219th Part-2,17,0,100.0
14696,2122,219th Part-1,15,0,100.0
14697,2122,Winter Session,23,0,100.0
14698,2122,Budget Session,26,0,100.0
14699,2592,Winter Session,15,0,100.0
14700,2592,Monsoon Session,21,0,100.0
14701,2592,Budget Session,27,0,100.0
14702,2592,Winter Session,19,0,100.0
14703,2592,Monsoon Session,16,0,100.0
14704,2592,Special Session,5,0,100.0
14705,2123,225th Part-1,14,0,100.0
14706,2123,Winter Session,24,0,100.0
14707,2123,Monsoon Session,26,0,100.0
14708,2123,Budget Session,23,0,100.0
14709,2123,Winter Session,23,0,100.0
14710,2123,Monsoon Session,26,0,100.0
14711,2123,219th Part-2,17,0,100.0
14712,2123,219th Part-1,15,0,100.0
14713,2123,Winter Session,23,0,100.0
14714,2123,Budget Session,26,0,100.0
14715,205,Monsoon Session,17,0,100.0
14716,205,Budget Session,25,0,100.0
14717,205,Winter Session,13,0,100.0
14718,205,Monsoon Session,16,0,100.0
14719,205,Budget Session,29,0,100.0
14720,205,Winter Session,18,0,100.0
14721,205,Monsoon Session,17,0,100.0
14722,205,Budget Session,33,0,100.0
14723,205,Monsoon Session,18,0,100.0
14724,205,Budget Session,34,0,100.0
14725,205,Winter Session,20,0,100.0
14726,205,Monsoon Session,35,0,100.0
14727,205,Budget Session,10,0,100.0
14728,205,Winter Session,18,0,100.0
14729,205,Monsoon Session,17,0,100.0
14730,205,Budget Session,22,0,100.0
14731,205,Budget Session,8,0,100.0
14732,205,Winter Session,13,0,100.0
14733,205,Monsoon Session,19,0,100.0
14734,205,Budget Session,21,0,100.0
14735,205,Budget Session,8,0,100.0
14736,205,Winter Session,21,0,100.0
14737,205,Monsoon Session,20,0,100.0
14738,205,Budget Session,15,0,100.0
14739,205,Budget Session,16,0,100.0
14740,205,Winter Session,20,0,100.0
14741,205,Monsoon Session,17,0,100.0
14742,205,Budget Session,13,0,100.0
14743,205,Budget Session,19,0,100.0
14744,205,Winter Session,22,0,100.0
14745,205,Budget Session,27,0,100.0
14746,205,Special Session,3,0,100.0
14747,205,Winter Session,12,0,100.0
14748,205,Winter Session,10,0,100.0
14749,205,Monsoon Session,21,0,100.0
14750,205,Budget Session,11,0,100.0
14751,205,Budget Session,21,0,100.0
14752,205,Winter Session,20,0,100.0
14753,205,Monsoon Session,19,0,100.0
14754,205,225th Part-2,21,0,100.0
14755,205,225th Part-1,14,0,100.0
14756,205,Winter Session,24,0,100.0
14757,205,Monsoon Session,26,0,100.0
14758,205,Monsoon Session,26,0,100.0
14759,205,Budget Session,23,0,100.0
14760,205,Winter Session,23,0,100.0
14761,205,Monsoon Session,26,0,100.0
14762,205,219th Part-2,17,0,100.0
14763,205,219th Part-1,15,0,100.0
14764,205,Winter Session,23,0,100.0
14765,205,Budget Session,26,0,100.0
14766,205,Special Session,4,0,100.0
14767,205,Budget Session,10,0,100.0
14768,205,214th Part2,10,0,100.0
14769,205,214th Part-1,6,0,100.0
14770,205,Budget Session,35,0,100.0
14771,205,Winter Session,17,0,100.0
14772,1190,Special Session,3,0,100.0
14773,1190,Winter Session,12,0,100.0
14774,1190,Winter Session,10,0,100.0
14775,1190,Monsoon Session,21,0,100.0
14776,1190,Budget Session,11,0,100.0
14777,1190,Budget Session,21,0,100.0
14778,1190,Winter Session,20,0,100.0
14779,1190,Monsoon Session,19,0,100.0
14780,1190,225th Part-2,21,0,100.0
14781,1190,225th Part-1,14,0,100.0
14782,1190,Winter Session,24,0,100.0
14783,1190,Monsoon Session,26,0,100.0
14784,1190,Budget Session,23,0,100.0
14785,1190,Winter Session,23,0,100.0
14786,1190,Monsoon Session,26,0,100.0
14787,1190,219th Part-2,17,0,100.0
14788,1190,219th Part-1,15,0,100.0
14789,1190,Winter Session,23,0,100.0
14790,1190,Budget Session,26,0,100.0
14791,1190,Special Session,4,0,100.0
14792,1190,Budget Session,10,0,100.0
14793,1190,214th Part2,10,0,100.0
14794,1190,214th Part-1,6,0,100.0
14795,2125,Monsoon Session,17,0,100.0
14796,2125,Budget Session,13,0,100.0
14797,2125,Budget Session,19,0,100.0
14798,2125,Winter Session,22,0,100.0
14799,2125,Budget Session,27,0,100.0
14800,2125,Special Session,3,0,100.0
14801,2125,Winter Session,12,0,100.0
14802,2125,Winter Session,10,0,100.0
14803,2125,Monsoon Session,21,0,100.0
14804,2125,Budget Session,11,0,100.0
14805,2125,Budget Session,21,0,100.0
14806,2125,Winter Session,20,0,100.0
14807,2125,Monsoon Session,19,0,100.0
14808,2125,225th Part-2,21,0,100.0
14809,2125,225th Part-1,14,0,100.0
14810,2125,Winter Session,24,0,100.0
14811,2125,Monsoon Session,26,0,100.0
14812,2125,Budget Session,23,0,100.0
14813,2125,Winter Session,23,0,100.0
14814,2125,Monsoon Session,26,0,100.0
14815,2125,219th Part-2,17,0,100.0
14816,2125,219th Part-1,15,0,100.0
14817,2125,Winter Session,23,0,100.0
14818,2593,Winter Session,15,0,100.0
14819,2593,Monsoon Session,21,0,100.0
14820,2593,Budget Session,27,0,100.0
14821,2593,Winter Session,19,0,100.0
14822,2593,Monsoon Session,16,0,100.0
14823,2593,Special Session,5,0,100.0
14824,2126,Monsoon Session,17,0,100.0
14825,2126,Budget Session,13,0,100.0
14826,2126,Budget Session,19,0,100.0
14827,2126,Winter Session,22,0,100.0
14828,2126,Budget Session,27,0,100.0
14829,2126,Special Session,3,0,100.0
14830,2126,Winter Session,12,0,100.0
14831,2126,Winter Session,10,0,100.0
14832,2126,Monsoon Session,21,0,100.0
14833,2126,Budget Session,11,0,100.0
14834,2126,Budget Session,21,0,100.0
14835,2126,Winter Session,20,0,100.0
14836,2126,Monsoon Session,19,0,100.0
14837,2126,225th Part-2,21,0,100.0
14838,2126,225th Part-1,14,0,100.0
14839,2126,Winter Session,24,0,100.0
14840,2126,Monsoon Session,26,0,100.0
14841,2126,Budget Session,23,0,100.0
14842,2126,Winter Session,23,0,100.0
14843,2126,Monsoon Session,26,0,100.0
14844,2126,219th Part-2,17,0,100.0
14845,2126,219th Part-1,15,0,100.0
14846,2126,Winter Session,23,0,100.0
14847,2595,Winter Session,15,0,100.0
14848,2595,Monsoon Session,21,0,100.0
14849,2595,Budget Session,27,0,100.0
14850,2595,Winter Session,19,0,100.0
14851,2595,Monsoon Session,16,0,100.0
14852,2595,Special Session,5,0,100.0
14853,2127,Monsoon Session,17,0,100.0
14854,2127,Budget Session,13,0,100.0
14855,2127,Budget Session,19,0,100.0
14856,2127,Winter Session,22,0,100.0
14857,2127,Budget Session,27,0,100.0
14858,2127,Special Session,3,0,100.0
14859,2127,Winter Session,12,0,100.0
14860,2127,Winter Session,10,0,100.0
14861,2127,Monsoon Session,21,0,100.0
14862,2127,Budget Session,11,0,100.0
14863,2127,Budget Session,21,0,100.0
14864,2127,Winter Session,20,0,100.0
14865,2127,Monsoon Session,19,0,100.0
14866,2127,225th Part-2,21,0,100.0
14867,2127,225th Part-1,14,0,100.0
14868,2127,Winter Session,24,0,100.0
14869,2127,Monsoon Session,26,0,100.0
14870,2127,Budget Session,23,0,100.0
14871,2127,Winter Session,23,0,100.0
14872,2127,Monsoon Session,26,0,100.0
14873,2127,219th Part-2,17,0,100.0
14874,2127,219th Part-1,15,0,100.0
14875,2127,Winter Session,23,0,100.0
14876,207,Budget Session,35,0,100.0
14877,207,Winter Session,17,0,100.0
14878,2596,Winter Session,15,0,100.0
14879,2596,Monsoon Session,21,0,100.0
14880,2596,Budget Session,27,0,100.0
14881,2596,Winter Session,19,0,100.0
14882,2596,Monsoon Session,16,0,100.0
14883,2596,Special Session,5,0,100.0
14884,2128,Budget Session,22,0,100.0
14885,2128,Budget Session,8,0,100.0
14886,2128,Winter Session,13,0,100.0
14887,2128,Monsoon Session,19,0,100.0
14888,2128,Budget Session,21,0,100.0
14889,2128,Budget Session,8,0,100.0
14890,2128,Winter Session,21,0,100.0
14891,2128,Monsoon Session,20,0,100.0
14892,2128,Budget Session,15,0,100.0
14893,2128,Budget Session,16,0,100.0
14894,2128,Winter Session,20,0,100.0
14895,2128,Monsoon Session,17,0,100.0
14896,2128,Budget Session,13,0,100.0
14897,2128,Budget Session,19,0,100.0
14898,2128,Winter Session,22,0,100.0
14899,2128,Budget Session,27,0,100.0
14900,2128,Special Session,3,0,100.0
14901,2128,Winter Session,12,0,100.0
14902,2128,Winter Session,10,0,100.0
14903,2128,Monsoon Session,21,0,100.0
14904,2128,Budget Session,11,0,100.0
14905,2128,Budget Session,21,0,100.0
14906,2128,Winter Session,20,0,100.0
14907,2128,Monsoon Session,19,0,100.0
14908,2128,225th Part-2,21,0,100.0
14909,2128,225th Part-1,14,0,100.0
14910,2128,Winter Session,24,0,100.0
14911,2128,Monsoon Session,26,0,100.0
14912,2128,Budget Session,23,0,100.0
14913,2128,Winter Session,23,0,100.0
14914,2128,Monsoon Session,26,0,100.0
14915,2128,219th Part-2,17,0,100.0
14916,2128,219th Part-1,15,0,100.0
14917,208,Winter Session,15,0,100.0
14918,208,Winter Session,15,0,100.0
14919,208,Monsoon Session,21,0,100.0
14920,208,Monsoon Session,21,0,100.0
14921,208,Budget Session,27,0,100.0
14922,208,Budget Session,27,0,100.0
14923,208,Winter Session,19,0,100.0
14924,208,Winter Session,19,0,100.0
14925,208,Monsoon Session,16,0,100.0
14926,208,Monsoon Session,16,0,100.0
14927,208,Special Session,5,0,100.0
14928,208,Special Session,5,0,100.0
14929,208,Budget Session,9,0,100.0
14930,208,Winter Session,15,0,100.0
14931,208,Special Session,4,0,100.0
14932,208,Monsoon Session,17,0,100.0
14933,208,Budget Session,25,0,100.0
14934,208,Winter Session,13,0,100.0
14935,208,Monsoon Session,16,0,100.0
14936,208,Budget Session,29,0,100.0
14937,208,Winter Session,18,0,100.0
14938,208,Monsoon Session,17,0,100.0
14939,208,Budget Session,33,0,100.0
14940,208,Monsoon Session,18,0,100.0
14941,208,Budget Session,34,0,100.0
14942,208,Winter Session,20,0,100.0
14943,208,Monsoon Session,35,0,100.0
14944,208,Budget Session,10,0,100.0
14945,208,Winter Session,18,0,100.0
14946,208,Monsoon Session,17,0,100.0
14947,208,Budget Session,22,0,100.0
14948,208,Budget Session,8,0,100.0
14949,208,Winter Session,13,0,100.0
14950,208,Monsoon Session,19,0,100.0
14951,208,Budget Session,21,0,100.0
14952,208,Budget Session,8,0,100.0
14953,208,Winter Session,21,0,100.0
14954,208,Monsoon Session,20,0,100.0
14955,208,Budget Session,15,0,100.0
14956,208,Budget Session,16,0,100.0
14957,208,Winter Session,20,0,100.0
14958,208,Monsoon Session,17,0,100.0
14959,208,Budget Session,13,0,100.0
14960,208,Budget Session,19,0,100.0
14961,208,Winter Session,22,0,100.0
14962,208,Budget Session,27,0,100.0
14963,208,225th Part-1,14,0,100.0
14964,208,Winter Session,24,0,100.0
14965,208,Monsoon Session,26,0,100.0
14966,208,Budget Session,23,0,100.0
14967,208,Winter Session,23,0,100.0
14968,208,Monsoon Session,26,0,100.0
14969,208,219th Part-2,17,0,100.0
14970,208,219th Part-1,15,0,100.0
14971,208,Winter Session,23,0,100.0
14972,208,Budget Session,26,0,100.0
14973,208,Special Session,4,0,100.0
14974,208,Budget Session,10,0,100.0
14975,208,214th Part2,10,0,100.0
14976,208,214th Part-1,6,0,100.0
14977,208,Budget Session,35,0,100.0
14978,208,Winter Session,17,0,100.0
14979,2129,Monsoon Session,26,0,100.0
14980,2129,Budget Session,23,0,100.0
14981,2129,Winter Session,23,0,100.0
14982,2129,Monsoon Session,26,0,100.0
14983,2129,219th Part-2,17,0,100.0
14984,2129,219th Part-1,15,0,100.0
14985,2597,Winter Session,15,0,100.0
14986,2597,Monsoon Session,21,0,100.0
14987,2597,Budget Session,27,0,100.0
14988,2597,Winter Session,19,0,100.0
14989,2597,Monsoon Session,16,0,100.0
14990,2597,Special Session,5,0,100.0
14991,2130,Budget Session,22,0,100.0
14992,2130,Budget Session,8,0,100.0
14993,2130,Winter Session,13,0,100.0
14994,2130,Monsoon Session,19,0,100.0
14995,2130,Budget Session,21,0,100.0
14996,2130,Budget Session,8,0,100.0
14997,2130,Winter Session,21,0,100.0
14998,2130,Monsoon Session,20,0,100.0
14999,2130,Budget Session,15,0,100.0
15000,2130,Budget Session,16,0,100.0
15001,2130,Winter Session,20,0,100.0
15002,2130,Monsoon Session,17,0,100.0
15003,2130,Budget Session,13,0,100.0
15004,2130,Budget Session,19,0,100.0
15005,2130,Winter Session,22,0,100.0
15006,2130,Budget Session,27,0,100.0
15007,2130,Special Session,3,0,100.0
15008,2130,Winter Session,12,0,100.0
15009,2130,Winter Session,10,0,100.0
15010,2130,Monsoon Session,21,0,100.0
15011,2130,Budget Session,11,0,100.0
15012,2130,Budget Session,21,0,100.0
15013,2130,Winter Session,20,0,100.0
15014,2130,Monsoon Session,19,0,100.0
15015,2130,225th Part-2,21,0,100.0
15016,2130,225th Part-1,14,0,100.0
15017,2130,Winter Session,24,0,100.0
15018,2130,Monsoon Session,26,0,100.0
15019,2130,Budget Session,23,0,100.0
15020,2130,Winter Session,23,0,100.0
15021,2130,Monsoon Session,26,0,100.0
15022,2130,219th Part-2,17,0,100.0
15023,2598,Winter Session,15,0,100.0
15024,2598,Monsoon Session,21,0,100.0
15025,2598,Budget Session,27,0,100.0
15026,2598,Winter Session,19,0,100.0
15027,2598,Monsoon Session,16,0,100.0
15028,2598,Special Session,5,0,100.0
15029,2599,Winter Session,15,0,100.0
15030,2599,Monsoon Session,21,0,100.0
15031,2599,Budget Session,27,0,100.0
15032,2599,Winter Session,19,0,100.0
15033,2599,Monsoon Session,16,0,100.0
15034,2599,Special Session,5,0,100.0
15035,728,Monsoon Session,21,0,100.0
15036,728,Budget Session,27,0,100.0
15037,728,Winter Session,19,0,100.0
15038,728,Monsoon Session,16,0,100.0
15039,728,Special Session,5,0,100.0
15040,728,Budget Session,9,0,100.0
15041,728,Winter Session,15,0,100.0
15042,728,Special Session,4,0,100.0
15043,728,Monsoon Session,17,0,100.0
15044,728,Budget Session,25,0,100.0
15045,728,Winter Session,13,0,100.0
15046,728,Monsoon Session,16,0,100.0
15047,728,Budget Session,29,0,100.0
15048,728,Winter Session,18,0,100.0
15049,728,Monsoon Session,17,0,100.0
15050,728,Budget Session,33,0,100.0
15051,728,Monsoon Session,18,0,100.0
15052,728,Budget Session,34,0,100.0
15053,728,Winter Session,20,0,100.0
15054,728,Monsoon Session,35,0,100.0
15055,2131,Budget Session,16,0,100.0
15056,2131,Winter Session,20,0,100.0
15057,2131,Monsoon Session,17,0,100.0
15058,2131,Budget Session,13,0,100.0
15059,2131,Budget Session,19,0,100.0
15060,2131,Winter Session,22,0,100.0
15061,2131,Budget Session,27,0,100.0
15062,2131,Special Session,3,0,100.0
15063,2131,Winter Session,12,0,100.0
15064,2131,Winter Session,10,0,100.0
15065,2131,Monsoon Session,21,0,100.0
15066,2131,Budget Session,11,0,100.0
15067,2131,Budget Session,21,0,100.0
15068,2131,Winter Session,20,0,100.0
15069,2131,Monsoon Session,19,0,100.0
15070,2131,225th Part-2,21,0,100.0
15071,2131,225th Part-1,14,0,100.0
15072,2131,Winter Session,24,0,100.0
15073,2131,Monsoon Session,26,0,100.0
15074,2131,Budget Session,23,0,100.0
15075,2131,Winter Session,23,0,100.0
15076,2131,Monsoon Session,26,0,100.0
15077,2131,219th Part-2,17,0,100.0
15078,2132,Budget Session,16,0,100.0
15079,2132,Winter Session,20,0,100.0
15080,2132,Monsoon Session,17,0,100.0
15081,2132,Budget Session,13,0,100.0
15082,2132,Budget Session,19,0,100.0
15083,2132,Winter Session,22,0,100.0
15084,2132,Budget Session,27,0,100.0
15085,2132,Special Session,3,0,100.0
15086,2132,Winter Session,12,0,100.0
15087,2132,Winter Session,10,0,100.0
15088,2132,Monsoon Session,21,0,100.0
15089,2132,Budget Session,11,0,100.0
15090,2132,Budget Session,21,0,100.0
15091,2132,Winter Session,20,0,100.0
15092,2132,Monsoon Session,19,0,100.0
15093,2132,225th Part-2,21,0,100.0
15094,2132,225th Part-1,14,0,100.0
15095,2132,Winter Session,24,0,100.0
15096,2132,Monsoon Session,26,0,100.0
15097,2132,Budget Session,23,0,100.0
15098,2132,Winter Session,23,0,100.0
15099,2132,Monsoon Session,26,0,100.0
15100,2132,219th Part-2,17,0,100.0
15101,2600,Winter Session,15,0,100.0
15102,2600,Monsoon Session,21,0,100.0
15103,2600,Budget Session,27,0,100.0
15104,2600,Winter Session,19,0,100.0
15105,2600,Monsoon Session,16,0,100.0
15106,2600,Special Session,5,0,100.0
15107,212,Budget Session,9,0,100.0
15108,212,Winter Session,15,0,100.0
15109,212,Special Session,4,0,100.0
15110,212,Monsoon Session,17,0,100.0
15111,212,Budget Session,25,0,100.0
15112,212,Winter Session,13,0,100.0
15113,212,Monsoon Session,16,0,100.0
15114,212,Budget Session,29,0,100.0
15115,212,Winter Session,18,0,100.0
15116,212,Monsoon Session,17,0,100.0
15117,212,Budget Session,33,0,100.0
15118,212,Monsoon Session,18,0,100.0
15119,212,Budget Session,34,0,100.0
15120,212,Winter Session,20,0,100.0
15121,212,Monsoon Session,35,0,100.0
15122,212,Budget Session,10,0,100.0
15123,212,Winter Session,18,0,100.0
15124,212,Monsoon Session,17,0,100.0
15125,212,Budget Session,22,0,100.0
15126,212,Budget Session,22,0,100.0
15127,212,Budget Session,8,0,100.0
15128,212,Winter Session,13,0,100.0
15129,212,Monsoon Session,19,0,100.0
15130,212,Budget Session,21,0,100.0
15131,212,Budget Session,8,0,100.0
15132,212,Winter Session,21,0,100.0
15133,212,Monsoon Session,20,0,100.0
15134,212,Budget Session,15,0,100.0
15135,212,Budget Session,16,0,100.0
15136,212,Winter Session,20,0,100.0
15137,212,Monsoon Session,17,0,100.0
15138,212,Budget Session,13,0,100.0
15139,212,Budget Session,19,0,100.0
15140,212,Winter Session,22,0,100.0
15141,212,Budget Session,27,0,100.0
15142,212,Special Session,3,0,100.0
15143,212,Winter Session,12,0,100.0
15144,212,Winter Session,10,0,100.0
15145,212,Monsoon Session,21,0,100.0
15146,212,Budget Session,11,0,100.0
15147,212,Budget Session,21,0,100.0
15148,212,Winter Session,20,0,100.0
15149,212,Monsoon Session,19,0,100.0
15150,212,225th Part-2,21,0,100.0
15151,212,225th Part-1,14,0,100.0
15152,212,Winter Session,24,0,100.0
15153,212,Monsoon Session,26,0,100.0
15154,212,Budget Session,23,0,100.0
15155,212,Winter Session,23,0,100.0
15156,212,Monsoon Session,26,0,100.0
15157,212,219th Part-2,17,0,100.0
15158,212,219th Part-1,15,0,100.0
15159,212,Winter Session,23,0,100.0
15160,212,Budget Session,26,0,100.0
15161,212,Special Session,4,0,100.0
15162,212,Budget Session,10,0,100.0
15163,212,214th Part2,10,0,100.0
15164,212,214th Part-1,6,0,100.0
15165,212,Budget Session,35,0,100.0
15166,212,Winter Session,17,0,100.0
15167,213,Winter Session,12,0,100.0
15168,213,Winter Session,10,0,100.0
15169,213,Monsoon Session,21,0,100.0
15170,213,Budget Session,11,0,100.0
15171,213,Budget Session,21,0,100.0
15172,213,Winter Session,20,0,100.0
15173,213,Monsoon Session,19,0,100.0
15174,213,225th Part-2,21,0,100.0
15175,213,225th Part-1,14,0,100.0
15176,213,Winter Session,24,0,100.0
15177,213,Monsoon Session,26,0,100.0
15178,213,Budget Session,23,0,100.0
15179,213,Winter Session,23,0,100.0
15180,213,Monsoon Session,26,0,100.0
15181,213,219th Part-2,17,0,100.0
15182,213,219th Part-1,15,0,100.0
15183,213,Winter Session,23,0,100.0
15184,213,Budget Session,26,0,100.0
15185,213,Special Session,4,0,100.0
15186,213,Budget Session,10,0,100.0
15187,213,214th Part2,10,0,100.0
15188,213,214th Part-1,6,0,100.0
15189,2601,Winter Session,15,0,100.0
15190,2601,Monsoon Session,21,0,100.0
15191,2601,Budget Session,27,0,100.0
15192,2601,Winter Session,19,0,100.0
15193,2601,Monsoon Session,16,0,100.0
15194,2601,Special Session,5,0,100.0
15195,2133,Budget Session,16,0,100.0
15196,2133,Winter Session,20,0,100.0
15197,2133,Monsoon Session,17,0,100.0
15198,2133,Budget Session,13,0,100.0
15199,2133,Budget Session,19,0,100.0
15200,2133,Winter Session,22,0,100.0
15201,2133,Budget Session,27,0,100.0
15202,2133,Special Session,3,0,100.0
15203,2133,Winter Session,12,0,100.0
15204,2133,Winter Session,10,0,100.0
15205,2133,Monsoon Session,21,0,100.0
15206,2133,Budget Session,11,0,100.0
15207,2133,Budget Session,21,0,100.0
15208,2133,Winter Session,20,0,100.0
15209,2133,Monsoon Session,19,0,100.0
15210,2133,225th Part-2,21,0,100.0
15211,2133,225th Part-1,14,0,100.0
15212,2133,Winter Session,24,0,100.0
15213,2133,Monsoon Session,26,0,100.0
15214,2133,Budget Session,23,0,100.0
15215,2133,Winter Session,23,0,100.0
15216,2133,Monsoon Session,26,0,100.0
15217,2133,219th Part-2,17,0,100.0
15218,214,Budget Session,9,0,100.0
15219,214,Winter Session,15,0,100.0
15220,214,Special Session,4,0,100.0
15221,214,Monsoon Session,17,0,100.0
15222,214,Budget Session,25,0,100.0
15223,214,Winter Session,13,0,100.0
15224,214,Monsoon Session,16,0,100.0
15225,214,Budget Session,29,0,100.0
15226,214,Winter Session,18,0,100.0
15227,214,Monsoon Session,17,0,100.0
15228,214,Budget Session,33,0,100.0
15229,214,Monsoon Session,18,0,100.0
15230,214,Budget Session,34,0,100.0
15231,214,Winter Session,20,0,100.0
15232,214,Monsoon Session,35,0,100.0
15233,214,Budget Session,10,0,100.0
15234,214,Winter Session,18,0,100.0
15235,214,Monsoon Session,17,0,100.0
15236,214,Budget Session,22,0,100.0
15237,214,Budget Session,22,0,100.0
15238,214,Budget Session,8,0,100.0
15239,214,Winter Session,13,0,100.0
15240,214,Monsoon Session,19,0,100.0
15241,214,Budget Session,21,0,100.0
15242,214,Budget Session,8,0,100.0
15243,214,Winter Session,21,0,100.0
15244,214,Monsoon Session,20,0,100.0
15245,214,Budget Session,15,0,100.0
15246,214,Budget Session,16,0,100.0
15247,214,Winter Session,20,0,100.0
15248,214,Monsoon Session,17,0,100.0
15249,214,Budget Session,13,0,100.0
15250,214,Budget Session,19,0,100.0
15251,214,Winter Session,22,0,100.0
15252,214,Budget Session,27,0,100.0
15253,214,Special Session,3,0,100.0
15254,214,Winter Session,12,0,100.0
15255,214,Winter Session,10,0,100.0
15256,214,Monsoon Session,21,0,100.0
15257,214,Budget Session,11,0,100.0
15258,214,Budget Session,21,0,100.0
15259,214,Winter Session,20,0,100.0
15260,214,Monsoon Session,19,0,100.0
15261,214,225th Part-2,21,0,100.0
15262,214,225th Part-1,14,0,100.0
15263,214,Winter Session,24,0,100.0
15264,214,Monsoon Session,26,0,100.0
15265,214,Budget Session,23,0,100.0
15266,214,Winter Session,23,0,100.0
15267,214,Monsoon Session,26,0,100.0
15268,214,219th Part-2,17,0,100.0
15269,214,219th Part-1,15,0,100.0
15270,214,Winter Session,23,0,100.0
15271,214,Budget Session,26,0,100.0
15272,214,Special Session,4,0,100.0
15273,214,Budget Session,10,0,100.0
15274,214,214th Part2,10,0,100.0
15275,214,214th Part-1,6,0,100.0
15276,214,Budget Session,35,0,100.0
15277,214,Winter Session,17,0,100.0
15278,2602,Winter Session,15,0,100.0
15279,2602,Monsoon Session,21,0,100.0
15280,2602,Budget Session,27,0,100.0
15281,2602,Winter Session,19,0,100.0
15282,2602,Monsoon Session,16,0,100.0
15283,2602,Special Session,5,0,100.0
15284,2134,Budget Session,16,0,100.0
15285,2134,Winter Session,20,0,100.0
15286,2134,Monsoon Session,17,0,100.0
15287,2134,Budget Session,13,0,100.0
15288,2134,Budget Session,19,0,100.0
15289,2134,Winter Session,22,0,100.0
15290,2134,Budget Session,27,0,100.0
15291,2134,Special Session,3,0,100.0
15292,2134,Winter Session,12,0,100.0
15293,2134,Winter Session,10,0,100.0
15294,2134,Monsoon Session,21,0,100.0
15295,2134,Budget Session,11,0,100.0
15296,2134,Budget Session,21,0,100.0
15297,2134,Winter Session,20,0,100.0
15298,2134,Monsoon Session,19,0,100.0
15299,2134,225th Part-2,21,0,100.0
15300,2134,225th Part-1,14,0,100.0
15301,2134,Winter Session,24,0,100.0
15302,2134,Monsoon Session,26,0,100.0
15303,2134,Budget Session,23,0,100.0
15304,2134,Winter Session,23,0,100.0
15305,2134,Monsoon Session,26,0,100.0
15306,2134,219th Part-2,17,0,100.0
15307,2603,Winter Session,15,0,100.0
15308,2603,Monsoon Session,21,0,100.0
15309,2603,Budget Session,27,0,100.0
15310,2603,Winter Session,19,0,100.0
15311,2603,Monsoon Session,16,0,100.0
15312,2603,Special Session,5,0,100.0
15313,2135,Budget Session,16,0,100.0
15314,2135,Winter Session,20,0,100.0
15315,2135,Monsoon Session,17,0,100.0
15316,2135,Budget Session,13,0,100.0
15317,2135,Budget Session,19,0,100.0
15318,2135,Winter Session,22,0,100.0
15319,2135,Budget Session,27,0,100.0
15320,2135,Special Session,3,0,100.0
15321,2135,Winter Session,12,0,100.0
15322,2135,Winter Session,10,0,100.0
15323,2135,Monsoon Session,21,0,100.0
15324,2135,Budget Session,11,0,100.0
15325,2135,Budget Session,21,0,100.0
15326,2135,Winter Session,20,0,100.0
15327,2135,Monsoon Session,19,0,100.0
15328,2135,225th Part-2,21,0,100.0
15329,2135,225th Part-1,14,0,100.0
15330,2135,Winter Session,24,0,100.0
15331,2135,Monsoon Session,26,0,100.0
15332,2135,Budget Session,23,0,100.0
15333,2135,Winter Session,23,0,100.0
15334,2135,Monsoon Session,26,0,100.0
15335,2135,219th Part-2,17,0,100.0
15336,2604,Winter Session,15,0,100.0
15337,2604,Monsoon Session,21,0,100.0
15338,2604,Budget Session,27,0,100.0
15339,2604,Winter Session,19,0,100.0
15340,2604,Monsoon Session,16,0,100.0
15341,2604,Special Session,5,0,100.0
15342,2136,Budget Session,16,0,100.0
15343,2136,Winter Session,20,0,100.0
15344,2136,Monsoon Session,17,0,100.0
15345,2136,Budget Session,13,0,100.0
15346,2136,Budget Session,19,0,100.0
15347,2136,Winter Session,22,0,100.0
15348,2136,Budget Session,27,0,100.0
15349,2136,Special Session,3,0,100.0
15350,2136,Winter Session,12,0,100.0
15351,2136,Winter Session,10,0,100.0
15352,2136,Monsoon Session,21,0,100.0
15353,2136,Budget Session,11,0,100.0
15354,2136,Budget Session,21,0,100.0
15355,2136,Winter Session,20,0,100.0
15356,2136,Monsoon Session,19,0,100.0
15357,2136,225th Part-2,21,0,100.0
15358,2136,225th Part-1,14,0,100.0
15359,2136,Winter Session,24,0,100.0
15360,2136,Monsoon Session,26,0,100.0
15361,2136,Budget Session,23,0,100.0
15362,2136,Winter Session,23,0,100.0
15363,2136,Monsoon Session,26,0,100.0
15364,2136,219th Part-2,17,0,100.0
15365,2605,Winter Session,15,0,100.0
15366,2605,Monsoon Session,21,0,100.0
15367,2605,Budget Session,27,0,100.0
15368,2605,Winter Session,19,0,100.0
15369,2605,Monsoon Session,16,0,100.0
15370,2605,Special Session,5,0,100.0
15371,2137,Budget Session,16,0,100.0
15372,2137,Winter Session,20,0,100.0
15373,2137,Monsoon Session,17,0,100.0
15374,2137,Budget Session,13,0,100.0
15375,2137,Budget Session,19,0,100.0
15376,2137,Winter Session,22,0,100.0
15377,2137,Budget Session,27,0,100.0
15378,2137,Special Session,3,0,100.0
15379,2137,Winter Session,12,0,100.0
15380,2137,Winter Session,10,0,100.0
15381,2137,Monsoon Session,21,0,100.0
15382,2137,Budget Session,11,0,100.0
15383,2137,Budget Session,21,0,100.0
15384,2137,Winter Session,20,0,100.0
15385,2137,Monsoon Session,19,0,100.0
15386,2137,225th Part-2,21,0,100.0
15387,2137,225th Part-1,14,0,100.0
15388,2137,Winter Session,24,0,100.0
15389,2137,Monsoon Session,26,0,100.0
15390,2137,Budget Session,23,0,100.0
15391,2137,Winter Session,23,0,100.0
15392,2137,Monsoon Session,26,0,100.0
15393,2137,219th Part-2,17,0,100.0
15394,2606,Winter Session,15,0,100.0
15395,2606,Monsoon Session,21,0,100.0
15396,2606,Budget Session,27,0,100.0
15397,2606,Winter Session,19,0,100.0
15398,2606,Monsoon Session,16,0,100.0
15399,2606,Special Session,5,0,100.0
15400,2138,Budget Session,16,0,100.0
15401,2138,Winter Session,20,0,100.0
15402,2138,Monsoon Session,17,0,100.0
15403,2138,Budget Session,13,0,100.0
15404,2138,Budget Session,19,0,100.0
15405,2138,Winter Session,22,0,100.0
15406,2138,Budget Session,27,0,100.0
15407,2138,Special Session,3,0,100.0
15408,2138,Winter Session,12,0,100.0
15409,2138,Winter Session,10,0,100.0
15410,2138,Monsoon Session,21,0,100.0
15411,2138,Budget Session,11,0,100.0
15412,2138,Budget Session,21,0,100.0
15413,2138,Winter Session,20,0,100.0
15414,2138,Monsoon Session,19,0,100.0
15415,2138,225th Part-2,21,0,100.0
15416,2138,225th Part-1,14,0,100.0
15417,2138,Winter Session,24,0,100.0
15418,2138,Monsoon Session,26,0,100.0
15419,2138,Budget Session,23,0,100.0
15420,2138,Winter Session,23,0,100.0
15421,2138,Monsoon Session,26,0,100.0
15422,2138,219th Part-2,17,0,100.0
15423,2139,Budget Session,16,0,100.0
15424,2139,Winter Session,20,0,100.0
15425,2139,Monsoon Session,17,0,100.0
15426,2139,Budget Session,13,0,100.0
15427,2139,Budget Session,19,0,100.0
15428,2139,Winter Session,22,0,100.0
15429,2139,Budget Session,27,0,100.0
15430,2139,Special Session,3,0,100.0
15431,2139,Winter Session,12,0,100.0
15432,2139,Winter Session,10,0,100.0
15433,2139,Monsoon Session,21,0,100.0
15434,2139,Budget Session,11,0,100.0
15435,2139,Budget Session,21,0,100.0
15436,2139,Winter Session,20,0,100.0
15437,2139,Monsoon Session,19,0,100.0
15438,2139,225th Part-2,21,0,100.0
15439,2139,225th Part-1,14,0,100.0
15440,2139,Winter Session,24,0,100.0
15441,2139,Monsoon Session,26,0,100.0
15442,2139,Budget Session,23,0,100.0
15443,2139,Winter Session,23,0,100.0
15444,2139,Monsoon Session,26,0,100.0
15445,2139,219th Part-2,17,0,100.0
15446,2607,Winter Session,15,0,100.0
15447,2607,Monsoon Session,21,0,100.0
15448,2607,Budget Session,27,0,100.0
15449,2607,Winter Session,19,0,100.0
15450,2607,Monsoon Session,16,0,100.0
15451,2607,Special Session,5,0,100.0
15452,2141,Budget Session,29,0,100.0
15453,2141,Winter Session,18,0,100.0
15454,2141,Monsoon Session,17,0,100.0
15455,2141,Budget Session,33,0,100.0
15456,2141,Monsoon Session,18,0,100.0
15457,2141,Budget Session,34,0,100.0
15458,2141,Winter Session,20,0,100.0
15459,2141,Monsoon Session,35,0,100.0
15460,2141,Budget Session,10,0,100.0
15461,2141,Winter Session,18,0,100.0
15462,2141,Monsoon Session,17,0,100.0
15463,2141,Budget Session,22,0,100.0
15464,2141,Budget Session,8,0,100.0
15465,2141,Winter Session,13,0,100.0
15466,2141,Monsoon Session,19,0,100.0
15467,2141,Budget Session,21,0,100.0
15468,2141,Budget Session,8,0,100.0
15469,2141,Winter Session,21,0,100.0
15470,2141,Monsoon Session,20,0,100.0
15471,2141,Budget Session,15,0,100.0
15472,2141,Budget Session,16,0,100.0
15473,2141,Winter Session,20,0,100.0
15474,2141,Monsoon Session,17,0,100.0
15475,2141,Budget Session,13,0,100.0
15476,2141,Budget Session,19,0,100.0
15477,2141,Winter Session,22,0,100.0
15478,2141,Budget Session,27,0,100.0
15479,2141,Special Session,3,0,100.0
15480,2141,Winter Session,12,0,100.0
15481,2141,Winter Session,10,0,100.0
15482,2141,Monsoon Session,21,0,100.0
15483,2141,Budget Session,11,0,100.0
15484,2141,Budget Session,21,0,100.0
15485,2141,Winter Session,20,0,100.0
15486,2141,Monsoon Session,19,0,100.0
15487,2141,225th Part-2,21,0,100.0
15488,2141,225th Part-1,14,0,100.0
15489,2141,Winter Session,24,0,100.0
15490,2141,Monsoon Session,26,0,100.0
15491,2141,Budget Session,23,0,100.0
15492,2141,Winter Session,23,0,100.0
15493,2141,Monsoon Session,26,0,100.0
15494,2141,219th Part-2,17,0,100.0
15495,2608,Winter Session,15,0,100.0
15496,2608,Monsoon Session,21,0,100.0
15497,2608,Budget Session,27,0,100.0
15498,2608,Winter Session,19,0,100.0
15499,2608,Monsoon Session,16,0,100.0
15500,2608,Special Session,5,0,100.0
15501,2142,Budget Session,16,0,100.0
15502,2142,Winter Session,20,0,100.0
15503,2142,Monsoon Session,17,0,100.0
15504,2142,Budget Session,13,0,100.0
15505,2142,Budget Session,19,0,100.0
15506,2142,Winter Session,22,0,100.0
15507,2142,Budget Session,27,0,100.0
15508,2142,Special Session,3,0,100.0
15509,2142,Winter Session,12,0,100.0
15510,2142,Winter Session,10,0,100.0
15511,2142,Monsoon Session,21,0,100.0
15512,2142,Budget Session,11,0,100.0
15513,2142,Budget Session,21,0,100.0
15514,2142,Winter Session,20,0,100.0
15515,2142,Monsoon Session,19,0,100.0
15516,2142,225th Part-2,21,0,100.0
15517,2142,225th Part-1,14,0,100.0
15518,2142,Winter Session,24,0,100.0
15519,2142,Monsoon Session,26,0,100.0
15520,2142,Budget Session,23,0,100.0
15521,2142,Winter Session,23,0,100.0
15522,2142,Monsoon Session,26,0,100.0
15523,2142,219th Part-2,17,0,100.0
15524,2609,Winter Session,15,0,100.0
15525,2609,Monsoon Session,21,0,100.0
15526,2609,Budget Session,27,0,100.0
15527,2609,Winter Session,19,0,100.0
15528,2609,Monsoon Session,16,0,100.0
15529,2609,Special Session,5,0,100.0
15530,2610,Winter Session,15,0,100.0
15531,2610,Monsoon Session,21,0,100.0
15532,2610,Budget Session,27,0,100.0
15533,2610,Winter Session,19,0,100.0
15534,2610,Monsoon Session,16,0,100.0
15535,2610,Special Session,5,0,100.0
15536,2143,Budget Session,15,0,100.0
15537,2143,Budget Session,16,0,100.0
15538,2143,Winter Session,20,0,100.0
15539,2143,Monsoon Session,17,0,100.0
15540,2143,Budget Session,13,0,100.0
15541,2143,Budget Session,19,0,100.0
15542,2143,Winter Session,22,0,100.0
15543,2143,Budget Session,27,0,100.0
15544,2143,Special Session,3,0,100.0
15545,2143,Winter Session,12,0,100.0
15546,2143,Winter Session,10,0,100.0
15547,2143,Monsoon Session,21,0,100.0
15548,2143,Budget Session,11,0,100.0
15549,2143,Budget Session,21,0,100.0
15550,2143,Winter Session,20,0,100.0
15551,2143,Monsoon Session,19,0,100.0
15552,2143,225th Part-2,21,0,100.0
15553,2143,225th Part-1,14,0,100.0
15554,2143,Winter Session,24,0,100.0
15555,2143,Monsoon Session,26,0,100.0
15556,2143,Budget Session,23,0,100.0
15557,2143,Winter Session,23,0,100.0
15558,2143,Monsoon Session,26,0,100.0
15559,223,219th Part-2,17,0,100.0
15560,223,219th Part-1,15,0,100.0
15561,223,Winter Session,23,0,100.0
15562,223,Budget Session,26,0,100.0
15563,223,Special Session,4,0,100.0
15564,223,Budget Session,10,0,100.0
15565,223,214th Part2,10,0,100.0
15566,223,214th Part-1,6,0,100.0
15567,223,Budget Session,35,0,100.0
15568,223,Winter Session,17,0,100.0
15569,2612,Winter Session,15,0,100.0
15570,2612,Monsoon Session,21,0,100.0
15571,2612,Budget Session,27,0,100.0
15572,2612,Winter Session,19,0,100.0
15573,2612,Monsoon Session,16,0,100.0
15574,2612,Special Session,5,0,100.0
15575,2145,Budget Session,15,0,100.0
15576,2145,Budget Session,16,0,100.0
15577,2145,Winter Session,20,0,100.0
15578,2145,Monsoon Session,17,0,100.0
15579,2145,Budget Session,13,0,100.0
15580,2145,Budget Session,19,0,100.0
15581,2145,Winter Session,22,0,100.0
15582,2145,Budget Session,27,0,100.0
15583,2145,Special Session,3,0,100.0
15584,2145,Winter Session,12,0,100.0
15585,2145,Winter Session,10,0,100.0
15586,2145,Monsoon Session,21,0,100.0
15587,2145,Budget Session,11,0,100.0
15588,2145,Budget Session,21,0,100.0
15589,2145,Winter Session,20,0,100.0
15590,2145,Monsoon Session,19,0,100.0
15591,2145,225th Part-2,21,0,100.0
15592,2145,225th Part-1,14,0,100.0
15593,2145,Winter Session,24,0,100.0
15594,2145,Monsoon Session,26,0,100.0
15595,2145,Budget Session,23,0,100.0
15596,2145,Winter Session,23,0,100.0
15597,2145,Monsoon Session,26,0,100.0
15598,2611,Winter Session,15,0,100.0
15599,2611,Monsoon Session,21,0,100.0
15600,2611,Budget Session,27,0,100.0
15601,2611,Winter Session,19,0,100.0
15602,2611,Monsoon Session,16,0,100.0
15603,2611,Special Session,5,0,100.0
15604,2144,Budget Session,29,0,100.0
15605,2144,Winter Session,18,0,100.0
15606,2144,Monsoon Session,17,0,100.0
15607,2144,Budget Session,33,0,100.0
15608,2144,Monsoon Session,18,0,100.0
15609,2144,Budget Session,34,0,100.0
15610,2144,Winter Session,20,0,100.0
15611,2144,Monsoon Session,35,0,100.0
15612,2144,Budget Session,10,0,100.0
15613,2144,Winter Session,18,0,100.0
15614,2144,Monsoon Session,17,0,100.0
15615,2144,Budget Session,22,0,100.0
15616,2144,Budget Session,8,0,100.0
15617,2144,Winter Session,13,0,100.0
15618,2144,Monsoon Session,19,0,100.0
15619,2144,Budget Session,21,0,100.0
15620,2144,Budget Session,8,0,100.0
15621,2144,Winter Session,21,0,100.0
15622,2144,Monsoon Session,20,0,100.0
15623,2144,Budget Session,15,0,100.0
15624,2144,Budget Session,16,0,100.0
15625,2144,Winter Session,20,0,100.0
15626,2144,Monsoon Session,17,0,100.0
15627,2144,Budget Session,13,0,100.0
15628,2144,Budget Session,19,0,100.0
15629,2144,Winter Session,22,0,100.0
15630,2144,Budget Session,27,0,100.0
15631,2144,Special Session,3,0,100.0
15632,2144,Winter Session,12,0,100.0
15633,2144,Winter Session,10,0,100.0
15634,2144,Monsoon Session,21,0,100.0
15635,2144,Budget Session,11,0,100.0
15636,2144,Budget Session,21,0,100.0
15637,2144,Winter Session,20,0,100.0
15638,2144,Monsoon Session,19,0,100.0
15639,2144,225th Part-2,21,0,100.0
15640,2144,225th Part-1,14,0,100.0
15641,2144,Winter Session,24,0,100.0
15642,2144,Monsoon Session,26,0,100.0
15643,2144,Budget Session,23,0,100.0
15644,2144,Winter Session,23,0,100.0
15645,2144,Monsoon Session,26,0,100.0
15646,2146,Budget Session,15,0,100.0
15647,2146,Budget Session,16,0,100.0
15648,2146,Winter Session,20,0,100.0
15649,2146,Monsoon Session,17,0,100.0
15650,2146,Budget Session,13,0,100.0
15651,2146,Budget Session,19,0,100.0
15652,2146,Winter Session,22,0,100.0
15653,2146,Budget Session,27,0,100.0
15654,2146,Special Session,3,0,100.0
15655,2146,Winter Session,12,0,100.0
15656,2146,Winter Session,10,0,100.0
15657,2146,Monsoon Session,21,0,100.0
15658,2146,Budget Session,11,0,100.0
15659,2146,Budget Session,21,0,100.0
15660,2146,Winter Session,20,0,100.0
15661,2146,Monsoon Session,19,0,100.0
15662,2146,225th Part-2,21,0,100.0
15663,2146,225th Part-1,14,0,100.0
15664,2146,Winter Session,24,0,100.0
15665,2146,Monsoon Session,26,0,100.0
15666,2146,Budget Session,23,0,100.0
15667,2146,Winter Session,23,0,100.0
15668,2146,Monsoon Session,26,0,100.0
15669,2613,Winter Session,15,0,100.0
15670,2613,Monsoon Session,21,0,100.0
15671,2613,Budget Session,27,0,100.0
15672,2613,Winter Session,19,0,100.0
15673,2613,Monsoon Session,16,0,100.0
15674,2613,Special Session,5,0,100.0
15675,2147,Budget Session,15,0,100.0
15676,2147,Budget Session,16,0,100.0
15677,2147,Winter Session,20,0,100.0
15678,2147,Monsoon Session,17,0,100.0
15679,2147,Budget Session,13,0,100.0
15680,2147,Budget Session,19,0,100.0
15681,2147,Winter Session,22,0,100.0
15682,2147,Budget Session,27,0,100.0
15683,2147,Special Session,3,0,100.0
15684,2147,Winter Session,12,0,100.0
15685,2147,Winter Session,10,0,100.0
15686,2147,Monsoon Session,21,0,100.0
15687,2147,Budget Session,11,0,100.0
15688,2147,Budget Session,21,0,100.0
15689,2147,Winter Session,20,0,100.0
15690,2147,Monsoon Session,19,0,100.0
15691,2147,225th Part-2,21,0,100.0
15692,2147,225th Part-1,14,0,100.0
15693,2147,Winter Session,24,0,100.0
15694,2147,Monsoon Session,26,0,100.0
15695,2147,Budget Session,23,0,100.0
15696,2147,Winter Session,23,0,100.0
15697,2147,Monsoon Session,26,0,100.0
15698,2614,Winter Session,15,0,100.0
15699,2614,Monsoon Session,21,0,100.0
15700,2614,Budget Session,27,0,100.0
15701,2614,Winter Session,19,0,100.0
15702,2614,Monsoon Session,16,0,100.0
15703,2614,Special Session,5,0,100.0
15704,2148,Budget Session,15,0,100.0
15705,2148,Budget Session,16,0,100.0
15706,2148,Winter Session,20,0,100.0
15707,2148,Monsoon Session,17,0,100.0
15708,2148,Budget Session,13,0,100.0
15709,2148,Budget Session,19,0,100.0
15710,2148,Winter Session,22,0,100.0
15711,2148,Budget Session,27,0,100.0
15712,2148,Special Session,3,0,100.0
15713,2148,Winter Session,12,0,100.0
15714,2148,Winter Session,10,0,100.0
15715,2148,Monsoon Session,21,0,100.0
15716,2148,Budget Session,11,0,100.0
15717,2148,Budget Session,21,0,100.0
15718,2148,Winter Session,20,0,100.0
15719,2148,Monsoon Session,19,0,100.0
15720,2148,225th Part-2,21,0,100.0
15721,2148,225th Part-1,14,0,100.0
15722,2148,Winter Session,24,0,100.0
15723,2148,Monsoon Session,26,0,100.0
15724,2148,Budget Session,23,0,100.0
15725,2148,Winter Session,23,0,100.0
15726,2148,Monsoon Session,26,0,100.0
15727,227,225th Part-1,14,0,100.0
15728,227,Winter Session,24,0,100.0
15729,227,Monsoon Session,26,0,100.0
15730,227,Budget Session,23,0,100.0
15731,227,Winter Session,23,0,100.0
15732,227,Monsoon Session,26,0,100.0
15733,227,219th Part-2,17,0,100.0
15734,227,219th Part-1,15,0,100.0
15735,227,Winter Session,23,0,100.0
15736,227,Budget Session,26,0,100.0
15737,227,Special Session,4,0,100.0
15738,227,Budget Session,10,0,100.0
15739,227,214th Part2,10,0,100.0
15740,227,214th Part-1,6,0,100.0
15741,227,Budget Session,35,0,100.0
15742,227,Winter Session,17,0,100.0
15743,2615,Winter Session,15,0,100.0
15744,2615,Monsoon Session,21,0,100.0
15745,2615,Budget Session,27,0,100.0
15746,2615,Winter Session,19,0,100.0
15747,2615,Monsoon Session,16,0,100.0
15748,2615,Special Session,5,0,100.0
15749,2616,Winter Session,15,0,100.0
15750,2616,Monsoon Session,21,0,100.0
15751,2616,Budget Session,27,0,100.0
15752,2616,Winter Session,19,0,100.0
15753,2616,Monsoon Session,16,0,100.0
15754,2616,Special Session,5,0,100.0
15755,2149,Budget Session,15,0,100.0
15756,2149,Budget Session,16,0,100.0
15757,2149,Winter Session,20,0,100.0
15758,2149,Monsoon Session,17,0,100.0
15759,2149,Budget Session,13,0,100.0
15760,2149,Budget Session,19,0,100.0
15761,2149,Winter Session,22,0,100.0
15762,2149,Budget Session,27,0,100.0
15763,2149,Special Session,3,0,100.0
15764,2149,Winter Session,12,0,100.0
15765,2149,Winter Session,10,0,100.0
15766,2149,Monsoon Session,21,0,100.0
15767,2149,Budget Session,11,0,100.0
15768,2149,Budget Session,21,0,100.0
15769,2149,Winter Session,20,0,100.0
15770,2149,Monsoon Session,19,0,100.0
15771,2149,225th Part-2,21,0,100.0
15772,2149,225th Part-1,14,0,100.0
15773,2149,Winter Session,24,0,100.0
15774,2149,Monsoon Session,26,0,100.0
15775,2149,Budget Session,23,0,100.0
15776,2149,Winter Session,23,0,100.0
15777,2149,Monsoon Session,26,0,100.0
15778,2150,Budget Session,15,0,100.0
15779,2150,Budget Session,16,0,100.0
15780,2150,Winter Session,20,0,100.0
15781,2150,Monsoon Session,17,0,100.0
15782,2150,Budget Session,13,0,100.0
15783,2150,Budget Session,19,0,100.0
15784,2150,Winter Session,22,0,100.0
15785,2150,Budget Session,27,0,100.0
15786,2150,Special Session,3,0,100.0
15787,2150,Winter Session,12,0,100.0
15788,2150,Winter Session,10,0,100.0
15789,2150,Monsoon Session,21,0,100.0
15790,2150,Budget Session,11,0,100.0
15791,2150,Budget Session,21,0,100.0
15792,2150,Winter Session,20,0,100.0
15793,2150,Monsoon Session,19,0,100.0
15794,2150,225th Part-2,21,0,100.0
15795,2150,225th Part-1,14,0,100.0
15796,2150,Winter Session,24,0,100.0
15797,2150,Monsoon Session,26,0,100.0
15798,2150,Budget Session,23,0,100.0
15799,2150,Winter Session,23,0,100.0
15800,2150,Monsoon Session,26,0,100.0
15801,2617,Winter Session,15,0,100.0
15802,2617,Monsoon Session,21,0,100.0
15803,2617,Budget Session,27,0,100.0
15804,2617,Winter Session,19,0,100.0
15805,2617,Monsoon Session,16,0,100.0
15806,2617,Special Session,5,0,100.0
15807,2151,Budget Session,15,0,100.0
15808,2151,Budget Session,16,0,100.0
15809,2151,Winter Session,20,0,100.0
15810,2151,Monsoon Session,17,0,100.0
15811,2151,Budget Session,13,0,100.0
15812,2151,Budget Session,19,0,100.0
15813,2151,Winter Session,22,0,100.0
15814,2151,Budget Session,27,0,100.0
15815,2151,Special Session,3,0,100.0
15816,2151,Winter Session,12,0,100.0
15817,2151,Winter Session,10,0,100.0
15818,2151,Monsoon Session,21,0,100.0
15819,2151,Budget Session,11,0,100.0
15820,2151,Budget Session,21,0,100.0
15821,2151,Winter Session,20,0,100.0
15822,2151,Monsoon Session,19,0,100.0
15823,2151,225th Part-2,21,0,100.0
15824,2151,225th Part-1,14,0,100.0
15825,2151,Winter Session,24,0,100.0
15826,2151,Monsoon Session,26,0,100.0
15827,2151,Budget Session,23,0,100.0
15828,2151,Winter Session,23,0,100.0
15829,2151,Monsoon Session,26,0,100.0
15830,2618,Winter Session,15,0,100.0
15831,2618,Monsoon Session,21,0,100.0
15832,2618,Budget Session,27,0,100.0
15833,2618,Winter Session,19,0,100.0
15834,2618,Monsoon Session,16,0,100.0
15835,2618,Special Session,5,0,100.0
15836,2619,Winter Session,15,0,100.0
15837,2619,Monsoon Session,21,0,100.0
15838,2619,Budget Session,27,0,100.0
15839,2619,Winter Session,19,0,100.0
15840,2619,Monsoon Session,16,0,100.0
15841,2619,Special Session,5,0,100.0
15842,2152,Budget Session,15,0,100.0
15843,2152,Budget Session,16,0,100.0
15844,2152,Winter Session,20,0,100.0
15845,2152,Monsoon Session,17,0,100.0
15846,2152,Budget Session,13,0,100.0
15847,2152,Budget Session,19,0,100.0
15848,2152,Winter Session,22,0,100.0
15849,2152,Budget Session,27,0,100.0
15850,2152,Special Session,3,0,100.0
15851,2152,Winter Session,12,0,100.0
15852,2152,Winter Session,10,0,100.0
15853,2152,Monsoon Session,21,0,100.0
15854,2152,Budget Session,11,0,100.0
15855,2152,Budget Session,21,0,100.0
15856,2152,Winter Session,20,0,100.0
15857,2152,Monsoon Session,19,0,100.0
15858,2152,225th Part-2,21,0,100.0
15859,2152,225th Part-1,14,0,100.0
15860,2152,Winter Session,24,0,100.0
15861,2152,Monsoon Session,26,0,100.0
15862,2152,Budget Session,23,0,100.0
15863,2152,Winter Session,23,0,100.0
15864,2152,Monsoon Session,26,0,100.0
15865,2153,Budget Session,15,0,100.0
15866,2153,Budget Session,16,0,100.0
15867,2153,Winter Session,20,0,100.0
15868,2153,Monsoon Session,17,0,100.0
15869,2153,Budget Session,13,0,100.0
15870,2153,Budget Session,19,0,100.0
15871,2153,Winter Session,22,0,100.0
15872,2153,Budget Session,27,0,100.0
15873,2153,Special Session,3,0,100.0
15874,2153,Winter Session,12,0,100.0
15875,2153,Winter Session,10,0,100.0
15876,2153,Monsoon Session,21,0,100.0
15877,2153,Budget Session,11,0,100.0
15878,2153,Budget Session,21,0,100.0
15879,2153,Winter Session,20,0,100.0
15880,2153,Monsoon Session,19,0,100.0
15881,2153,225th Part-2,21,0,100.0
15882,2153,225th Part-1,14,0,100.0
15883,2153,Winter Session,24,0,100.0
15884,2153,Monsoon Session,26,0,100.0
15885,2153,Budget Session,23,0,100.0
15886,2153,Winter Session,23,0,100.0
15887,2153,Monsoon Session,26,0,100.0
15888,2620,Winter Session,15,0,100.0
15889,2620,Monsoon Session,21,0,100.0
15890,2620,Budget Session,27,0,100.0
15891,2620,Winter Session,19,0,100.0
15892,2620,Monsoon Session,16,0,100.0
15893,2620,Special Session,5,0,100.0
15894,2154,Budget Session,15,0,100.0
15895,2154,Budget Session,16,0,100.0
15896,2154,Winter Session,20,0,100.0
15897,2154,Monsoon Session,17,0,100.0
15898,2154,Budget Session,13,0,100.0
15899,2154,Budget Session,19,0,100.0
15900,2154,Winter Session,22,0,100.0
15901,2154,Budget Session,27,0,100.0
15902,2154,Special Session,3,0,100.0
15903,2154,Winter Session,12,0,100.0
15904,2154,Winter Session,10,0,100.0
15905,2154,Monsoon Session,21,0,100.0
15906,2154,Budget Session,11,0,100.0
15907,2154,Budget Session,21,0,100.0
15908,2154,Winter Session,20,0,100.0
15909,2154,Monsoon Session,19,0,100.0
15910,2154,225th Part-2,21,0,100.0
15911,2154,225th Part-1,14,0,100.0
15912,2154,Winter Session,24,0,100.0
15913,2154,Monsoon Session,26,0,100.0
15914,2154,Budget Session,23,0,100.0
15915,2154,Winter Session,23,0,100.0
15916,2154,Monsoon Session,26,0,100.0
15917,2621,Winter Session,15,0,100.0
15918,2621,Monsoon Session,21,0,100.0
15919,2621,Budget Session,27,0,100.0
15920,2621,Winter Session,19,0,100.0
15921,2621,Monsoon Session,16,0,100.0
15922,2621,Special Session,5,0,100.0
15923,2622,Winter Session,15,0,100.0
15924,2622,Monsoon Session,21,0,100.0
15925,2622,Budget Session,27,0,100.0
15926,2622,Winter Session,19,0,100.0
15927,2622,Monsoon Session,16,0,100.0
15928,2622,Special Session,5,0,100.0
15929,2155,Budget Session,15,0,100.0
15930,2155,Budget Session,16,0,100.0
15931,2155,Winter Session,20,0,100.0
15932,2155,Monsoon Session,17,0,100.0
15933,2155,Budget Session,13,0,100.0
15934,2155,Budget Session,19,0,100.0
15935,2155,Winter Session,22,0,100.0
15936,2155,Budget Session,27,0,100.0
15937,2155,Special Session,3,0,100.0
15938,2155,Winter Session,12,0,100.0
15939,2155,Winter Session,10,0,100.0
15940,2155,Monsoon Session,21,0,100.0
15941,2155,Budget Session,11,0,100.0
15942,2155,Budget Session,21,0,100.0
15943,2155,Winter Session,20,0,100.0
15944,2155,Monsoon Session,19,0,100.0
15945,2155,225th Part-2,21,0,100.0
15946,2155,225th Part-1,14,0,100.0
15947,2155,Winter Session,24,0,100.0
15948,2155,Monsoon Session,26,0,100.0
15949,2155,Budget Session,23,0,100.0
15950,2155,Winter Session,23,0,100.0
15951,2155,Monsoon Session,26,0,100.0
15952,2623,Winter Session,15,0,100.0
15953,2623,Monsoon Session,21,0,100.0
15954,2623,Budget Session,27,0,100.0
15955,2623,Winter Session,19,0,100.0
15956,2623,Monsoon Session,16,0,100.0
15957,2623,Special Session,5,0,100.0
15958,2157,Budget Session,15,0,100.0
15959,2157,Budget Session,16,0,100.0
15960,2157,Winter Session,20,0,100.0
15961,2157,Monsoon Session,17,0,100.0
15962,2157,Budget Session,13,0,100.0
15963,2157,Budget Session,19,0,100.0
15964,2157,Winter Session,22,0,100.0
15965,2157,Budget Session,27,0,100.0
15966,2157,Special Session,3,0,100.0
15967,2157,Winter Session,12,0,100.0
15968,2157,Winter Session,10,0,100.0
15969,2157,Monsoon Session,21,0,100.0
15970,2157,Budget Session,11,0,100.0
15971,2157,Budget Session,21,0,100.0
15972,2157,Winter Session,20,0,100.0
15973,2157,Monsoon Session,19,0,100.0
15974,2157,225th Part-2,21,0,100.0
15975,2157,225th Part-1,14,0,100.0
15976,2157,Winter Session,24,0,100.0
15977,2157,Monsoon Session,26,0,100.0
15978,2157,Budget Session,23,0,100.0
15979,2157,Winter Session,23,0,100.0
15980,2157,Monsoon Session,26,0,100.0
15981,236,Budget Session,35,0,100.0
15982,236,Winter Session,17,0,100.0
15983,2158,Budget Session,15,0,100.0
15984,2158,Budget Session,16,0,100.0
15985,2158,Winter Session,20,0,100.0
15986,2158,Monsoon Session,17,0,100.0
15987,2158,Budget Session,13,0,100.0
15988,2158,Budget Session,19,0,100.0
15989,2158,Winter Session,22,0,100.0
15990,2158,Budget Session,27,0,100.0
15991,2158,Special Session,3,0,100.0
15992,2158,Winter Session,12,0,100.0
15993,2158,Winter Session,10,0,100.0
15994,2158,Monsoon Session,21,0,100.0
15995,2158,Budget Session,11,0,100.0
15996,2158,Budget Session,21,0,100.0
15997,2158,Winter Session,20,0,100.0
15998,2158,Monsoon Session,19,0,100.0
15999,2158,225th Part-2,21,0,100.0
16000,2158,225th Part-1,14,0,100.0
16001,2158,Winter Session,24,0,100.0
16002,2158,Monsoon Session,26,0,100.0
16003,2158,Budget Session,23,0,100.0
16004,2158,Winter Session,23,0,100.0
16005,2158,Monsoon Session,26,0,100.0
16006,2624,Winter Session,15,0,100.0
16007,2624,Monsoon Session,21,0,100.0
16008,2624,Budget Session,27,0,100.0
16009,2624,Winter Session,19,0,100.0
16010,2624,Monsoon Session,16,0,100.0
16011,2624,Special Session,5,0,100.0
16012,237,225th Part-1,14,0,100.0
16013,237,Winter Session,24,0,100.0
16014,237,Monsoon Session,26,0,100.0
16015,237,Budget Session,23,0,100.0
16016,237,Winter Session,23,0,100.0
16017,237,Monsoon Session,26,0,100.0
16018,237,219th Part-2,17,0,100.0
16019,237,219th Part-1,15,0,100.0
16020,237,Winter Session,23,0,100.0
16021,237,Budget Session,26,0,100.0
16022,237,Special Session,4,0,100.0
16023,237,Budget Session,10,0,100.0
16024,237,214th Part2,10,0,100.0
16025,237,214th Part-1,6,0,100.0
16026,237,Budget Session,35,0,100.0
16027,237,Winter Session,17,0,100.0
16028,2159,Budget Session,15,0,100.0
16029,2159,Budget Session,16,0,100.0
16030,2159,Winter Session,20,0,100.0
16031,2159,Monsoon Session,17,0,100.0
16032,2159,Budget Session,13,0,100.0
16033,2159,Budget Session,19,0,100.0
16034,2159,Winter Session,22,0,100.0
16035,2159,Budget Session,27,0,100.0
16036,2159,Special Session,3,0,100.0
16037,2159,Winter Session,12,0,100.0
16038,2159,Winter Session,10,0,100.0
16039,2159,Monsoon Session,21,0,100.0
16040,2159,Budget Session,11,0,100.0
16041,2159,Budget Session,21,0,100.0
16042,2159,Winter Session,20,0,100.0
16043,2159,Monsoon Session,19,0,100.0
16044,2159,225th Part-2,21,0,100.0
16045,2159,225th Part-1,14,0,100.0
16046,2159,Winter Session,24,0,100.0
16047,2159,Monsoon Session,26,0,100.0
16048,2159,Budget Session,23,0,100.0
16049,2159,Winter Session,23,0,100.0
16050,2159,Monsoon Session,26,0,100.0
16051,2625,Winter Session,15,0,100.0
16052,2625,Monsoon Session,21,0,100.0
16053,2625,Budget Session,27,0,100.0
16054,2625,Winter Session,19,0,100.0
16055,2625,Monsoon Session,16,0,100.0
16056,2625,Special Session,5,0,100.0
16057,2160,Budget Session,15,0,100.0
16058,2160,Budget Session,16,0,100.0
16059,2160,Winter Session,20,0,100.0
16060,2160,Monsoon Session,17,0,100.0
16061,2160,Budget Session,13,0,100.0
16062,2160,Budget Session,19,0,100.0
16063,2160,Winter Session,22,0,100.0
16064,2160,Budget Session,27,0,100.0
16065,2160,Special Session,3,0,100.0
16066,2160,Winter Session,12,0,100.0
16067,2160,Winter Session,10,0,100.0
16068,2160,Monsoon Session,21,0,100.0
16069,2160,Budget Session,11,0,100.0
16070,2160,Budget Session,21,0,100.0
16071,2160,Winter Session,20,0,100.0
16072,2160,Monsoon Session,19,0,100.0
16073,2160,225th Part-2,21,0,100.0
16074,2160,225th Part-1,14,0,100.0
16075,2160,Winter Session,24,0,100.0
16076,2160,Monsoon Session,26,0,100.0
16077,2160,Budget Session,23,0,100.0
16078,2160,Winter Session,23,0,100.0
16079,2160,Monsoon Session,26,0,100.0
16080,2626,Winter Session,15,0,100.0
16081,2626,Monsoon Session,21,0,100.0
16082,2626,Budget Session,27,0,100.0
16083,2626,Winter Session,19,0,100.0
16084,2626,Monsoon Session,16,0,100.0
16085,2626,Special Session,5,0,100.0
16086,2627,Winter Session,15,0,100.0
16087,2627,Monsoon Session,21,0,100.0
16088,2627,Budget Session,27,0,100.0
16089,2627,Winter Session,19,0,100.0
16090,2627,Monsoon Session,16,0,100.0
16091,2627,Special Session,5,0,100.0
16092,2161,Budget Session,15,0,100.0
16093,2161,Budget Session,16,0,100.0
16094,2161,Winter Session,20,0,100.0
16095,2161,Monsoon Session,17,0,100.0
16096,2161,Budget Session,13,0,100.0
16097,2161,Budget Session,19,0,100.0
16098,2161,Winter Session,22,0,100.0
16099,2161,Budget Session,27,0,100.0
16100,2161,Special Session,3,0,100.0
16101,2161,Winter Session,12,0,100.0
16102,2161,Winter Session,10,0,100.0
16103,2161,Monsoon Session,21,0,100.0
16104,2161,Budget Session,11,0,100.0
16105,2161,Budget Session,21,0,100.0
16106,2161,Winter Session,20,0,100.0
16107,2161,Monsoon Session,19,0,100.0
16108,2161,225th Part-2,21,0,100.0
16109,2161,225th Part-1,14,0,100.0
16110,2161,Winter Session,24,0,100.0
16111,2161,Monsoon Session,26,0,100.0
16112,2161,Budget Session,23,0,100.0
16113,2161,Winter Session,23,0,100.0
16114,2161,Monsoon Session,26,0,100.0
16115,238,Winter Session,15,0,100.0
16116,238,Monsoon Session,21,0,100.0
16117,238,Budget Session,27,0,100.0
16118,238,Winter Session,19,0,100.0
16119,238,Monsoon Session,16,0,100.0
16120,238,Special Session,5,0,100.0
16121,238,Budget Session,9,0,100.0
16122,238,Winter Session,15,0,100.0
16123,238,Special Session,4,0,100.0
16124,238,Monsoon Session,17,0,100.0
16125,238,Budget Session,25,0,100.0
16126,238,Winter Session,13,0,100.0
16127,238,Monsoon Session,16,0,100.0
16128,238,Budget Session,29,0,100.0
16129,238,Winter Session,18,0,100.0
16130,238,Monsoon Session,17,0,100.0
16131,238,Budget Session,33,0,100.0
16132,238,Monsoon Session,18,0,100.0
16133,238,Budget Session,35,0,100.0
16134,238,Winter Session,17,0,100.0
16135,2628,Winter Session,15,0,100.0
16136,2628,Monsoon Session,21,0,100.0
16137,2628,Budget Session,27,0,100.0
16138,2628,Winter Session,19,0,100.0
16139,2628,Monsoon Session,16,0,100.0
16140,2628,Special Session,5,0,100.0
16141,2162,Budget Session,15,0,100.0
16142,2162,Budget Session,16,0,100.0
16143,2162,Winter Session,20,0,100.0
16144,2162,Monsoon Session,17,0,100.0
16145,2162,Budget Session,13,0,100.0
16146,2162,Budget Session,19,0,100.0
16147,2162,Winter Session,22,0,100.0
16148,2162,Budget Session,27,0,100.0
16149,2162,Special Session,3,0,100.0
16150,2162,Winter Session,12,0,100.0
16151,2162,Winter Session,10,0,100.0
16152,2162,Monsoon Session,21,0,100.0
16153,2162,Budget Session,11,0,100.0
16154,2162,Budget Session,21,0,100.0
16155,2162,Winter Session,20,0,100.0
16156,2162,Monsoon Session,19,0,100.0
16157,2162,225th Part-2,21,0,100.0
16158,2162,225th Part-1,14,0,100.0
16159,2162,Winter Session,24,0,100.0
16160,2162,Monsoon Session,26,0,100.0
16161,2162,Budget Session,23,0,100.0
16162,2162,Winter Session,23,0,100.0
16163,2162,Monsoon Session,26,0,100.0
16164,2163,Budget Session,15,0,100.0
16165,2163,Budget Session,16,0,100.0
16166,2163,Winter Session,20,0,100.0
16167,2163,Monsoon Session,17,0,100.0
16168,2163,Budget Session,13,0,100.0
16169,2163,Budget Session,19,0,100.0
16170,2163,Winter Session,22,0,100.0
16171,2163,Budget Session,27,0,100.0
16172,2163,Special Session,3,0,100.0
16173,2163,Winter Session,12,0,100.0
16174,2163,Winter Session,10,0,100.0
16175,2163,Monsoon Session,21,0,100.0
16176,2163,Budget Session,11,0,100.0
16177,2163,Budget Session,21,0,100.0
16178,2163,Winter Session,20,0,100.0
16179,2163,Monsoon Session,19,0,100.0
16180,2163,225th Part-2,21,0,100.0
16181,2163,225th Part-1,14,0,100.0
16182,2163,Winter Session,24,0,100.0
16183,2163,Monsoon Session,26,0,100.0
16184,2163,Budget Session,23,0,100.0
16185,2163,Winter Session,23,0,100.0
16186,2163,Monsoon Session,26,0,100.0
16187,2629,Winter Session,15,0,100.0
16188,2629,Monsoon Session,21,0,100.0
16189,2629,Budget Session,27,0,100.0
16190,2629,Winter Session,19,0,100.0
16191,2629,Monsoon Session,16,0,100.0
16192,2629,Special Session,5,0,100.0
16193,2165,Budget Session,15,0,100.0
16194,2165,Budget Session,16,0,100.0
16195,2165,Winter Session,20,0,100.0
16196,2165,Monsoon Session,17,0,100.0
16197,2165,Budget Session,13,0,100.0
16198,2165,Budget Session,19,0,100.0
16199,2165,Winter Session,22,0,100.0
16200,2165,Budget Session,27,0,100.0
16201,2165,Special Session,3,0,100.0
16202,2165,Winter Session,12,0,100.0
16203,2165,Winter Session,10,0,100.0
16204,2165,Monsoon Session,21,0,100.0
16205,2165,Budget Session,11,0,100.0
16206,2165,Budget Session,21,0,100.0
16207,2165,Winter Session,20,0,100.0
16208,2165,Monsoon Session,19,0,100.0
16209,2165,225th Part-2,21,0,100.0
16210,2165,225th Part-1,14,0,100.0
16211,2165,Winter Session,24,0,100.0
16212,2165,Monsoon Session,26,0,100.0
16213,2165,Budget Session,23,0,100.0
16214,2165,Winter Session,23,0,100.0
16215,2165,Monsoon Session,26,0,100.0
16216,2630,Winter Session,15,0,100.0
16217,2630,Monsoon Session,21,0,100.0
16218,2630,Budget Session,27,0,100.0
16219,2630,Winter Session,19,0,100.0
16220,2630,Monsoon Session,16,0,100.0
16221,2630,Special Session,5,0,100.0
16222,2166,Budget Session,15,0,100.0
16223,2166,Budget Session,16,0,100.0
16224,2166,Winter Session,20,0,100.0
16225,2166,Monsoon Session,17,0,100.0
16226,2166,Budget Session,13,0,100.0
16227,2166,Budget Session,19,0,100.0
16228,2166,Winter Session,22,0,100.0
16229,2166,Budget Session,27,0,100.0
16230,2166,Special Session,3,0,100.0
16231,2166,Winter Session,12,0,100.0
16232,2166,Winter Session,10,0,100.0
16233,2166,Monsoon Session,21,0,100.0
16234,2166,Budget Session,11,0,100.0
16235,2166,Budget Session,21,0,100.0
16236,2166,Winter Session,20,0,100.0
16237,2166,Monsoon Session,19,0,100.0
16238,2166,225th Part-2,21,0,100.0
16239,2166,225th Part-1,14,0,100.0
16240,2166,Winter Session,24,0,100.0
16241,2166,Monsoon Session,26,0,100.0
16242,2166,Budget Session,23,0,100.0
16243,2166,Winter Session,23,0,100.0
16244,2166,Monsoon Session,26,0,100.0
16245,2631,Winter Session,15,0,100.0
16246,2631,Monsoon Session,21,0,100.0
16247,2631,Budget Session,27,0,100.0
16248,2631,Winter Session,19,0,100.0
16249,2631,Monsoon Session,16,0,100.0
16250,2631,Special Session,5,0,100.0
16251,2632,Budget Session,27,0,100.0
16252,2632,Winter Session,19,0,100.0
16253,2167,Budget Session,29,0,100.0
16254,2167,Winter Session,18,0,100.0
16255,2167,Monsoon Session,17,0,100.0
16256,2167,Budget Session,33,0,100.0
16257,2167,Monsoon Session,18,0,100.0
16258,2167,Budget Session,34,0,100.0
16259,2167,Winter Session,20,0,100.0
16260,2167,Monsoon Session,35,0,100.0
16261,2167,Budget Session,10,0,100.0
16262,2167,Winter Session,18,0,100.0
16263,2167,Monsoon Session,17,0,100.0
16264,2167,Budget Session,22,0,100.0
16265,2167,Budget Session,8,0,100.0
16266,2167,Winter Session,13,0,100.0
16267,2167,Monsoon Session,19,0,100.0
16268,2167,Budget Session,21,0,100.0
16269,2167,Budget Session,8,0,100.0
16270,2167,Winter Session,21,0,100.0
16271,2167,Monsoon Session,20,0,100.0
16272,2167,Budget Session,15,0,100.0
16273,2167,Budget Session,16,0,100.0
16274,2167,Winter Session,20,0,100.0
16275,2167,Monsoon Session,17,0,100.0
16276,2167,Budget Session,13,0,100.0
16277,2167,Budget Session,19,0,100.0
16278,2167,Winter Session,22,0,100.0
16279,2167,Budget Session,27,0,100.0
16280,2167,Special Session,3,0,100.0
16281,2167,Winter Session,12,0,100.0
16282,2167,Winter Session,10,0,100.0
16283,2167,Monsoon Session,21,0,100.0
16284,2167,Budget Session,11,0,100.0
16285,2167,Budget Session,21,0,100.0
16286,2167,Winter Session,20,0,100.0
16287,2167,Monsoon Session,19,0,100.0
16288,2167,225th Part-2,21,0,100.0
16289,2167,225th Part-1,14,0,100.0
16290,2167,Winter Session,24,0,100.0
16291,2167,Monsoon Session,26,0,100.0
16292,2167,Budget Session,23,0,100.0
16293,2167,Winter Session,23,0,100.0
16294,2167,Monsoon Session,26,0,100.0
16295,244,Monsoon Session,26,0,100.0
16296,244,Budget Session,23,0,100.0
16297,244,Winter Session,23,0,100.0
16298,244,Monsoon Session,26,0,100.0
16299,244,219th Part-2,17,0,100.0
16300,244,219th Part-1,15,0,100.0
16301,244,Winter Session,23,0,100.0
16302,244,Budget Session,26,0,100.0
16303,244,Special Session,4,0,100.0
16304,244,Budget Session,10,0,100.0
16305,244,214th Part2,10,0,100.0
16306,244,214th Part-1,6,0,100.0
16307,244,Budget Session,35,0,100.0
16308,244,Winter Session,17,0,100.0
16309,2168,Winter Session,15,0,100.0
16310,2168,Monsoon Session,21,0,100.0
16311,2168,Budget Session,27,0,100.0
16312,2168,Winter Session,19,0,100.0
16313,2168,Budget Session,15,0,100.0
16314,2168,Budget Session,16,0,100.0
16315,2168,Winter Session,20,0,100.0
16316,2168,Monsoon Session,17,0,100.0
16317,2168,Budget Session,13,0,100.0
16318,2168,Budget Session,19,0,100.0
16319,2168,Winter Session,22,0,100.0
16320,2168,Budget Session,27,0,100.0
16321,2168,Special Session,3,0,100.0
16322,2168,Winter Session,12,0,100.0
16323,2168,Winter Session,10,0,100.0
16324,2168,Monsoon Session,21,0,100.0
16325,2168,Budget Session,11,0,100.0
16326,2168,Budget Session,21,0,100.0
16327,2168,Winter Session,20,0,100.0
16328,2168,Monsoon Session,19,0,100.0
16329,2168,225th Part-2,21,0,100.0
16330,2168,225th Part-1,14,0,100.0
16331,2168,Winter Session,24,0,100.0
16332,2168,Monsoon Session,26,0,100.0
16333,2168,Budget Session,23,0,100.0
16334,2168,Winter Session,23,0,100.0
16335,2168,Monsoon Session,26,0,100.0
16336,245,Budget Session,22,0,100.0
16337,245,Budget Session,8,0,100.0
16338,245,Winter Session,13,0,100.0
16339,245,Monsoon Session,19,0,100.0
16340,245,Budget Session,21,0,100.0
16341,245,Budget Session,8,0,100.0
16342,245,Winter Session,21,0,100.0
16343,245,Monsoon Session,20,0,100.0
16344,245,Budget Session,15,0,100.0
16345,245,Budget Session,16,0,100.0
16346,245,Winter Session,20,0,100.0
16347,245,Monsoon Session,17,0,100.0
16348,245,Budget Session,13,0,100.0
16349,245,Budget Session,19,0,100.0
16350,245,Winter Session,22,0,100.0
16351,245,Budget Session,27,0,100.0
16352,245,Special Session,3,0,100.0
16353,245,Winter Session,12,0,100.0
16354,245,Winter Session,10,0,100.0
16355,245,Monsoon Session,21,0,100.0
16356,245,Budget Session,11,0,100.0
16357,245,Budget Session,21,0,100.0
16358,245,Winter Session,20,0,100.0
16359,245,Monsoon Session,19,0,100.0
16360,245,225th Part-2,21,0,100.0
16361,245,225th Part-1,14,0,100.0
16362,245,Winter Session,24,0,100.0
16363,245,Monsoon Session,26,0,100.0
16364,245,Budget Session,23,0,100.0
16365,245,Winter Session,23,0,100.0
16366,245,Monsoon Session,26,0,100.0
16367,245,219th Part-2,17,0,100.0
16368,245,219th Part-1,15,0,100.0
16369,245,Winter Session,23,0,100.0
16370,245,Budget Session,26,0,100.0
16371,245,Special Session,4,0,100.0
16372,245,Budget Session,10,0,100.0
16373,245,214th Part2,10,0,100.0
16374,245,214th Part-1,6,0,100.0
16375,245,Budget Session,35,0,100.0
16376,245,Winter Session,17,0,100.0
16377,2633,Winter Session,15,0,100.0
16378,2633,Monsoon Session,21,0,100.0
16379,2633,Budget Session,27,0,100.0
16380,2633,Winter Session,19,0,100.0
16381,2634,Winter Session,15,0,100.0
16382,2634,Monsoon Session,21,0,100.0
16383,2634,Budget Session,27,0,100.0
16384,2634,Winter Session,19,0,100.0
16385,2169,Budget Session,9,0,100.0
16386,2169,Winter Session,15,0,100.0
16387,2169,Special Session,4,0,100.0
16388,2169,Monsoon Session,17,0,100.0
16389,2169,Budget Session,25,0,100.0
16390,2169,Winter Session,13,0,100.0
16391,2169,Monsoon Session,16,0,100.0
16392,2169,Budget Session,29,0,100.0
16393,2169,Winter Session,18,0,100.0
16394,2169,Monsoon Session,17,0,100.0
16395,2169,Budget Session,33,0,100.0
16396,2169,Monsoon Session,18,0,100.0
16397,2169,Budget Session,34,0,100.0
16398,2169,Winter Session,20,0,100.0
16399,2169,Monsoon Session,35,0,100.0
16400,2169,Budget Session,15,0,100.0
16401,2169,Budget Session,16,0,100.0
16402,2169,Winter Session,20,0,100.0
16403,2169,Monsoon Session,17,0,100.0
16404,2169,Budget Session,13,0,100.0
16405,2169,Budget Session,19,0,100.0
16406,2169,Winter Session,22,0,100.0
16407,2169,Budget Session,27,0,100.0
16408,2169,Special Session,3,0,100.0
16409,2169,Winter Session,12,0,100.0
16410,2169,Winter Session,10,0,100.0
16411,2169,Monsoon Session,21,0,100.0
16412,2169,Budget Session,11,0,100.0
16413,2169,Budget Session,21,0,100.0
16414,2169,Winter Session,20,0,100.0
16415,2169,Monsoon Session,19,0,100.0
16416,2169,225th Part-2,21,0,100.0
16417,2169,225th Part-1,14,0,100.0
16418,2169,Winter Session,24,0,100.0
16419,2169,Monsoon Session,26,0,100.0
16420,2169,Budget Session,23,0,100.0
16421,2169,Winter Session,23,0,100.0
16422,2169,Monsoon Session,26,0,100.0
16423,1234,Budget Session,15,0,100.0
16424,1234,Budget Session,16,0,100.0
16425,1234,Winter Session,20,0,100.0
16426,1234,Monsoon Session,17,0,100.0
16427,1234,Budget Session,13,0,100.0
16428,1234,Budget Session,19,0,100.0
16429,1234,Winter Session,22,0,100.0
16430,1234,Budget Session,27,0,100.0
16431,1234,Special Session,3,0,100.0
16432,1234,Winter Session,12,0,100.0
16433,1234,Winter Session,10,0,100.0
16434,1234,Monsoon Session,21,0,100.0
16435,1234,Budget Session,11,0,100.0
16436,1234,Budget Session,21,0,100.0
16437,1234,Winter Session,20,0,100.0
16438,1234,Monsoon Session,19,0,100.0
16439,1234,225th Part-2,21,0,100.0
16440,1234,225th Part-1,14,0,100.0
16441,1234,Winter Session,24,0,100.0
16442,1234,Monsoon Session,26,0,100.0
16443,1234,Budget Session,23,0,100.0
16444,1234,Winter Session,23,0,100.0
16445,1234,Monsoon Session,26,0,100.0
16446,1234,219th Part-2,17,0,100.0
16447,1234,219th Part-1,15,0,100.0
16448,1234,Winter Session,23,0,100.0
16449,1234,Budget Session,26,0,100.0
16450,1234,Special Session,4,0,100.0
16451,247,219th Part-2,17,0,100.0
16452,247,219th Part-1,15,0,100.0
16453,247,Winter Session,23,0,100.0
16454,247,Budget Session,26,0,100.0
16455,247,Special Session,4,0,100.0
16456,247,Budget Session,10,0,100.0
16457,247,214th Part2,10,0,100.0
16458,247,214th Part-1,6,0,100.0
16459,247,Budget Session,35,0,100.0
16460,247,Winter Session,17,0,100.0
16461,2170,Budget Session,15,0,100.0
16462,2170,Budget Session,16,0,100.0
16463,2170,Winter Session,20,0,100.0
16464,2170,Monsoon Session,17,0,100.0
16465,2170,Budget Session,13,0,100.0
16466,2170,Budget Session,19,0,100.0
16467,2170,Winter Session,22,0,100.0
16468,2170,Budget Session,27,0,100.0
16469,2170,Special Session,3,0,100.0
16470,2170,Winter Session,12,0,100.0
16471,2170,Winter Session,10,0,100.0
16472,2170,Monsoon Session,21,0,100.0
16473,2170,Budget Session,11,0,100.0
16474,2170,Budget Session,21,0,100.0
16475,2170,Winter Session,20,0,100.0
16476,2170,Monsoon Session,19,0,100.0
16477,2170,225th Part-2,21,0,100.0
16478,2170,225th Part-1,14,0,100.0
16479,2170,Winter Session,24,0,100.0
16480,2170,Monsoon Session,26,0,100.0
16481,2170,Budget Session,23,0,100.0
16482,2170,Winter Session,23,0,100.0
16483,2170,Monsoon Session,26,0,100.0
16484,2635,Winter Session,15,0,100.0
16485,2635,Monsoon Session,21,0,100.0
16486,2635,Budget Session,27,0,100.0
16487,2635,Winter Session,19,0,100.0
16488,2636,Winter Session,15,0,100.0
16489,2636,Monsoon Session,21,0,100.0
16490,2636,Budget Session,27,0,100.0
16491,2636,Winter Session,19,0,100.0
16492,2171,Budget Session,34,0,100.0
16493,2171,Winter Session,20,0,100.0
16494,2171,Monsoon Session,35,0,100.0
16495,2171,Budget Session,10,0,100.0
16496,2171,Winter Session,18,0,100.0
16497,2171,Monsoon Session,17,0,100.0
16498,2171,Budget Session,22,0,100.0
16499,2171,Budget Session,8,0,100.0
16500,2171,Winter Session,13,0,100.0
16501,2171,Monsoon Session,19,0,100.0
16502,2171,Budget Session,21,0,100.0
16503,2171,Budget Session,8,0,100.0
16504,2171,Winter Session,21,0,100.0
16505,2171,Monsoon Session,20,0,100.0
16506,2171,Budget Session,15,0,100.0
16507,2171,Budget Session,15,0,100.0
16508,2171,Budget Session,16,0,100.0
16509,2171,Budget Session,16,0,100.0
16510,2171,Winter Session,20,0,100.0
16511,2171,Winter Session,20,0,100.0
16512,2171,Monsoon Session,17,0,100.0
16513,2171,Monsoon Session,17,0,100.0
16514,2171,Budget Session,13,0,100.0
16515,2171,Budget Session,13,0,100.0
16516,2171,Budget Session,19,0,100.0
16517,2171,Budget Session,19,0,100.0
16518,2171,Winter Session,22,0,100.0
16519,2171,Winter Session,22,0,100.0
16520,2171,Budget Session,27,0,100.0
16521,2171,Budget Session,27,0,100.0
16522,2171,Special Session,3,0,100.0
16523,2171,Special Session,3,0,100.0
16524,2171,Winter Session,12,0,100.0
16525,2171,Winter Session,10,0,100.0
16526,2171,Monsoon Session,21,0,100.0
16527,2171,Budget Session,11,0,100.0
16528,2171,Budget Session,21,0,100.0
16529,2171,Winter Session,20,0,100.0
16530,2171,Monsoon Session,19,0,100.0
16531,2171,225th Part-2,21,0,100.0
16532,2171,225th Part-1,14,0,100.0
16533,2171,Winter Session,24,0,100.0
16534,2171,Monsoon Session,26,0,100.0
16535,2171,Budget Session,23,0,100.0
16536,2171,Winter Session,23,0,100.0
16537,2171,Monsoon Session,26,0,100.0
16538,2172,225th Part-1,14,0,100.0
16539,2172,Winter Session,24,0,100.0
16540,2172,Monsoon Session,26,0,100.0
16541,2172,Budget Session,23,0,100.0
16542,2172,Winter Session,23,0,100.0
16543,2172,Monsoon Session,26,0,100.0
16544,2637,Winter Session,15,0,100.0
16545,2637,Monsoon Session,21,0,100.0
16546,2637,Budget Session,27,0,100.0
16547,2637,Winter Session,19,0,100.0
16548,2638,Winter Session,15,0,100.0
16549,2638,Monsoon Session,21,0,100.0
16550,2638,Budget Session,27,0,100.0
16551,2638,Winter Session,19,0,100.0
16552,2173,Winter Session,15,0,100.0
16553,2173,Monsoon Session,21,0,100.0
16554,2173,Budget Session,27,0,100.0
16555,2173,Winter Session,19,0,100.0
16556,2173,Monsoon Session,16,0,100.0
16557,2173,Special Session,5,0,100.0
16558,2173,Budget Session,9,0,100.0
16559,2173,Winter Session,15,0,100.0
16560,2173,Special Session,4,0,100.0
16561,2173,Monsoon Session,17,0,100.0
16562,2173,Budget Session,25,0,100.0
16563,2173,Winter Session,13,0,100.0
16564,2173,Monsoon Session,16,0,100.0
16565,2173,Budget Session,29,0,100.0
16566,2173,Winter Session,18,0,100.0
16567,2173,Monsoon Session,17,0,100.0
16568,2173,Budget Session,33,0,100.0
16569,2173,Monsoon Session,18,0,100.0
16570,2173,Budget Session,34,0,100.0
16571,2173,Winter Session,20,0,100.0
16572,2173,Monsoon Session,35,0,100.0
16573,2173,Budget Session,10,0,100.0
16574,2173,Winter Session,18,0,100.0
16575,2173,Monsoon Session,17,0,100.0
16576,2173,Budget Session,22,0,100.0
16577,2173,Budget Session,8,0,100.0
16578,2173,Winter Session,13,0,100.0
16579,2173,Monsoon Session,19,0,100.0
16580,2173,Budget Session,21,0,100.0
16581,2173,Budget Session,8,0,100.0
16582,2173,Winter Session,21,0,100.0
16583,2173,Monsoon Session,20,0,100.0
16584,2173,Budget Session,15,0,100.0
16585,2173,Budget Session,16,0,100.0
16586,2173,Winter Session,20,0,100.0
16587,2173,Monsoon Session,17,0,100.0
16588,2173,Budget Session,13,0,100.0
16589,2173,Budget Session,19,0,100.0
16590,2173,Winter Session,22,0,100.0
16591,2173,Budget Session,27,0,100.0
16592,2173,Special Session,3,0,100.0
16593,2173,Winter Session,12,0,100.0
16594,2173,Winter Session,10,0,100.0
16595,2173,Monsoon Session,21,0,100.0
16596,2173,Budget Session,11,0,100.0
16597,2173,Budget Session,21,0,100.0
16598,2173,Winter Session,20,0,100.0
16599,2173,Monsoon Session,19,0,100.0
16600,2173,225th Part-2,21,0,100.0
16601,2173,225th Part-1,14,0,100.0
16602,2173,Winter Session,24,0,100.0
16603,2173,Monsoon Session,26,0,100.0
16604,2173,Budget Session,23,0,100.0
16605,2173,Winter Session,23,0,100.0
16606,2173,Monsoon Session,26,0,100.0
16607,2174,Monsoon Session,20,0,100.0
16608,2174,Budget Session,15,0,100.0
16609,2174,Budget Session,16,0,100.0
16610,2174,Winter Session,20,0,100.0
16611,2174,Monsoon Session,17,0,100.0
16612,2174,Budget Session,13,0,100.0
16613,2174,Budget Session,19,0,100.0
16614,2174,Winter Session,22,0,100.0
16615,2174,Budget Session,27,0,100.0
16616,2174,Special Session,3,0,100.0
16617,2174,Winter Session,12,0,100.0
16618,2174,Winter Session,10,0,100.0
16619,2174,Monsoon Session,21,0,100.0
16620,2174,Budget Session,11,0,100.0
16621,2174,Budget Session,21,0,100.0
16622,2174,Winter Session,20,0,100.0
16623,2174,Monsoon Session,19,0,100.0
16624,2174,225th Part-2,21,0,100.0
16625,2174,225th Part-1,14,0,100.0
16626,2174,Winter Session,24,0,100.0
16627,2174,Monsoon Session,26,0,100.0
16628,2174,Budget Session,23,0,100.0
16629,2174,Winter Session,23,0,100.0
16630,2174,Monsoon Session,26,0,100.0
16631,2639,Winter Session,15,0,100.0
16632,2639,Monsoon Session,21,0,100.0
16633,2639,Budget Session,27,0,100.0
16634,2639,Winter Session,19,0,100.0
16635,2175,Monsoon Session,16,0,100.0
16636,2175,Budget Session,29,0,100.0
16637,2175,Winter Session,18,0,100.0
16638,2175,Monsoon Session,17,0,100.0
16639,2175,Budget Session,33,0,100.0
16640,2175,Monsoon Session,18,0,100.0
16641,2175,Budget Session,34,0,100.0
16642,2175,Winter Session,20,0,100.0
16643,2175,Monsoon Session,35,0,100.0
16644,2175,Budget Session,10,0,100.0
16645,2175,Winter Session,18,0,100.0
16646,2175,Monsoon Session,17,0,100.0
16647,2175,Budget Session,22,0,100.0
16648,2175,Budget Session,8,0,100.0
16649,2175,Winter Session,13,0,100.0
16650,2175,Monsoon Session,19,0,100.0
16651,2175,Budget Session,21,0,100.0
16652,2175,Budget Session,8,0,100.0
16653,2175,Winter Session,21,0,100.0
16654,2175,Monsoon Session,20,0,100.0
16655,2175,Monsoon Session,20,0,100.0
16656,2175,Monsoon Session,20,0,100.0
16657,2175,Budget Session,15,0,100.0
16658,2175,Budget Session,15,0,100.0
16659,2175,Budget Session,16,0,100.0
16660,2175,Budget Session,16,0,100.0
16661,2175,Winter Session,20,0,100.0
16662,2175,Winter Session,20,0,100.0
16663,2175,Monsoon Session,17,0,100.0
16664,2175,Monsoon Session,17,0,100.0
16665,2175,Budget Session,13,0,100.0
16666,2175,Budget Session,13,0,100.0
16667,2175,Budget Session,19,0,100.0
16668,2175,Budget Session,19,0,100.0
16669,2175,Winter Session,22,0,100.0
16670,2175,Winter Session,22,0,100.0
16671,2175,Budget Session,27,0,100.0
16672,2175,Special Session,3,0,100.0
16673,2175,Winter Session,12,0,100.0
16674,2175,Winter Session,10,0,100.0
16675,2175,Monsoon Session,21,0,100.0
16676,2175,Budget Session,11,0,100.0
16677,2175,Budget Session,21,0,100.0
16678,2175,Winter Session,20,0,100.0
16679,2175,Monsoon Session,19,0,100.0
16680,2175,225th Part-2,21,0,100.0
16681,2175,225th Part-1,14,0,100.0
16682,2175,Winter Session,24,0,100.0
16683,2175,Monsoon Session,26,0,100.0
16684,2175,Budget Session,23,0,100.0
16685,2175,Winter Session,23,0,100.0
16686,2175,Monsoon Session,26,0,100.0
16687,2640,Winter Session,15,0,100.0
16688,2640,Monsoon Session,21,0,100.0
16689,2640,Budget Session,27,0,100.0
16690,2640,Winter Session,19,0,100.0
16691,253,Budget Session,33,0,100.0
16692,253,Monsoon Session,18,0,100.0
16693,253,Budget Session,34,0,100.0
16694,253,Winter Session,20,0,100.0
16695,253,Monsoon Session,35,0,100.0
16696,253,Budget Session,10,0,100.0
16697,253,Winter Session,18,0,100.0
16698,253,Monsoon Session,17,0,100.0
16699,253,Budget Session,22,0,100.0
16700,253,Budget Session,8,0,100.0
16701,253,Winter Session,13,0,100.0
16702,253,Monsoon Session,19,0,100.0
16703,253,Budget Session,21,0,100.0
16704,253,Budget Session,8,0,100.0
16705,253,Winter Session,21,0,100.0
16706,253,Monsoon Session,20,0,100.0
16707,253,Budget Session,15,0,100.0
16708,253,Budget Session,16,0,100.0
16709,253,Winter Session,20,0,100.0
16710,253,Monsoon Session,17,0,100.0
16711,253,Budget Session,13,0,100.0
16712,253,Budget Session,19,0,100.0
16713,253,Winter Session,22,0,100.0
16714,253,Budget Session,27,0,100.0
16715,253,Special Session,3,0,100.0
16716,253,Winter Session,12,0,100.0
16717,253,Winter Session,10,0,100.0
16718,253,Monsoon Session,21,0,100.0
16719,253,Budget Session,11,0,100.0
16720,253,Budget Session,21,0,100.0
16721,253,Winter Session,20,0,100.0
16722,253,Monsoon Session,19,0,100.0
16723,253,225th Part-2,21,0,100.0
16724,253,225th Part-1,14,0,100.0
16725,253,Winter Session,24,0,100.0
16726,253,Monsoon Session,26,0,100.0
16727,253,Budget Session,23,0,100.0
16728,253,Winter Session,23,0,100.0
16729,253,Monsoon Session,26,0,100.0
16730,253,219th Part-2,17,0,100.0
16731,253,219th Part-1,15,0,100.0
16732,253,Winter Session,23,0,100.0
16733,253,Budget Session,26,0,100.0
16734,253,Special Session,4,0,100.0
16735,253,Budget Session,10,0,100.0
16736,253,214th Part2,10,0,100.0
16737,253,214th Part-1,6,0,100.0
16738,253,Budget Session,35,0,100.0
16739,253,Winter Session,17,0,100.0
16740,2176,Budget Session,22,0,100.0
16741,2176,Budget Session,8,0,100.0
16742,2176,Winter Session,13,0,100.0
16743,2176,Monsoon Session,19,0,100.0
16744,2176,Budget Session,21,0,100.0
16745,2176,Budget Session,8,0,100.0
16746,2176,Winter Session,21,0,100.0
16747,2176,Monsoon Session,20,0,100.0
16748,2176,Budget Session,15,0,100.0
16749,2176,Budget Session,16,0,100.0
16750,2176,Winter Session,20,0,100.0
16751,2176,Monsoon Session,17,0,100.0
16752,2176,Budget Session,13,0,100.0
16753,2176,Budget Session,19,0,100.0
16754,2176,Winter Session,22,0,100.0
16755,2176,225th Part-1,14,0,100.0
16756,2176,Winter Session,24,0,100.0
16757,2176,Monsoon Session,26,0,100.0
16758,2641,Winter Session,15,0,100.0
16759,2641,Monsoon Session,21,0,100.0
16760,2641,Budget Session,27,0,100.0
16761,2641,Winter Session,19,0,100.0
16762,2642,Winter Session,15,0,100.0
16763,2642,Monsoon Session,21,0,100.0
16764,2642,Budget Session,27,0,100.0
16765,2642,Winter Session,19,0,100.0
16766,2177,Budget Session,15,0,100.0
16767,2177,Budget Session,16,0,100.0
16768,2177,Winter Session,20,0,100.0
16769,2177,Monsoon Session,17,0,100.0
16770,2177,Budget Session,13,0,100.0
16771,2177,Budget Session,19,0,100.0
16772,2177,Winter Session,22,0,100.0
16773,2177,Budget Session,27,0,100.0
16774,2177,Special Session,3,0,100.0
16775,2177,Winter Session,12,0,100.0
16776,2177,Winter Session,10,0,100.0
16777,2177,Monsoon Session,21,0,100.0
16778,2177,Budget Session,11,0,100.0
16779,2177,Budget Session,21,0,100.0
16780,2177,Winter Session,20,0,100.0
16781,2177,Monsoon Session,19,0,100.0
16782,2177,225th Part-2,21,0,100.0
16783,2177,225th Part-1,14,0,100.0
16784,2177,Winter Session,24,0,100.0
16785,2177,Monsoon Session,26,0,100.0
16786,2643,Winter Session,15,0,100.0
16787,2643,Monsoon Session,21,0,100.0
16788,2178,Budget Session,34,0,100.0
16789,2178,Winter Session,20,0,100.0
16790,2178,Monsoon Session,35,0,100.0
16791,2178,Budget Session,10,0,100.0
16792,2178,Winter Session,18,0,100.0
16793,2178,Monsoon Session,17,0,100.0
16794,2178,Budget Session,22,0,100.0
16795,2178,Budget Session,8,0,100.0
16796,2178,Winter Session,13,0,100.0
16797,2178,Monsoon Session,19,0,100.0
16798,2178,Budget Session,21,0,100.0
16799,2178,Budget Session,8,0,100.0
16800,2178,Winter Session,21,0,100.0
16801,2178,Monsoon Session,20,0,100.0
16802,2178,Budget Session,15,0,100.0
16803,2178,Budget Session,16,0,100.0
16804,2178,Winter Session,20,0,100.0
16805,2178,Monsoon Session,17,0,100.0
16806,2178,Budget Session,13,0,100.0
16807,2178,Budget Session,19,0,100.0
16808,2178,Winter Session,22,0,100.0
16809,2178,Budget Session,27,0,100.0
16810,2178,Special Session,3,0,100.0
16811,2178,Winter Session,12,0,100.0
16812,2178,Winter Session,10,0,100.0
16813,2178,Monsoon Session,21,0,100.0
16814,2178,Budget Session,11,0,100.0
16815,2178,Budget Session,21,0,100.0
16816,2178,Winter Session,20,0,100.0
16817,2178,Monsoon Session,19,0,100.0
16818,2178,225th Part-2,21,0,100.0
16819,2178,225th Part-1,14,0,100.0
16820,2178,Winter Session,24,0,100.0
16821,2178,Monsoon Session,26,0,100.0
16822,2644,Winter Session,15,0,100.0
16823,2644,Monsoon Session,21,0,100.0
16824,2179,Monsoon Session,19,0,100.0
16825,2179,Budget Session,21,0,100.0
16826,2179,Budget Session,8,0,100.0
16827,2179,Winter Session,21,0,100.0
16828,2179,Monsoon Session,20,0,100.0
16829,2179,Budget Session,15,0,100.0
16830,2179,Budget Session,16,0,100.0
16831,2179,Winter Session,20,0,100.0
16832,2179,Monsoon Session,17,0,100.0
16833,2179,Budget Session,13,0,100.0
16834,2179,Budget Session,19,0,100.0
16835,2179,Winter Session,22,0,100.0
16836,2179,Budget Session,27,0,100.0
16837,2179,Special Session,3,0,100.0
16838,2179,Winter Session,12,0,100.0
16839,2179,Winter Session,10,0,100.0
16840,2179,Monsoon Session,21,0,100.0
16841,2179,Budget Session,11,0,100.0
16842,2179,Budget Session,21,0,100.0
16843,2179,Winter Session,20,0,100.0
16844,2179,Monsoon Session,19,0,100.0
16845,2179,225th Part-2,21,0,100.0
16846,2179,225th Part-1,14,0,100.0
16847,2179,Winter Session,24,0,100.0
16848,2179,Monsoon Session,26,0,100.0
16849,2645,Winter Session,15,0,100.0
16850,2645,Monsoon Session,21,0,100.0
16851,2180,Monsoon Session,17,0,100.0
16852,2180,Budget Session,25,0,100.0
16853,2180,Winter Session,13,0,100.0
16854,2180,Monsoon Session,16,0,100.0
16855,2180,Budget Session,29,0,100.0
16856,2180,Winter Session,18,0,100.0
16857,2180,Monsoon Session,17,0,100.0
16858,2180,Budget Session,33,0,100.0
16859,2180,Monsoon Session,18,0,100.0
16860,2180,Budget Session,34,0,100.0
16861,2180,Winter Session,20,0,100.0
16862,2180,Monsoon Session,35,0,100.0
16863,2180,Budget Session,10,0,100.0
16864,2180,Winter Session,18,0,100.0
16865,2180,Monsoon Session,17,0,100.0
16866,2180,Budget Session,22,0,100.0
16867,2180,Budget Session,8,0,100.0
16868,2180,Winter Session,13,0,100.0
16869,2180,Monsoon Session,19,0,100.0
16870,2180,Budget Session,21,0,100.0
16871,2180,Budget Session,8,0,100.0
16872,2180,Winter Session,21,0,100.0
16873,2180,Monsoon Session,20,0,100.0
16874,2180,Budget Session,15,0,100.0
16875,2180,Budget Session,16,0,100.0
16876,2180,Winter Session,20,0,100.0
16877,2180,Monsoon Session,17,0,100.0
16878,2180,Budget Session,13,0,100.0
16879,2180,Budget Session,19,0,100.0
16880,2180,Winter Session,22,0,100.0
16881,2180,Budget Session,27,0,100.0
16882,2180,Special Session,3,0,100.0
16883,2180,Winter Session,12,0,100.0
16884,2180,Winter Session,10,0,100.0
16885,2180,Monsoon Session,21,0,100.0
16886,2180,Budget Session,11,0,100.0
16887,2180,Budget Session,21,0,100.0
16888,2180,Winter Session,20,0,100.0
16889,2180,Monsoon Session,19,0,100.0
16890,2180,225th Part-2,21,0,100.0
16891,2180,225th Part-1,14,0,100.0
16892,2180,Winter Session,24,0,100.0
16893,2180,Monsoon Session,26,0,100.0
16894,1713,Monsoon Session,18,0,100.0
16895,1713,Budget Session,34,0,100.0
16896,1713,Winter Session,20,0,100.0
16897,1713,Monsoon Session,35,0,100.0
16898,1713,Budget Session,10,0,100.0
16899,1713,Winter Session,18,0,100.0
16900,1713,Monsoon Session,17,0,100.0
16901,1713,Budget Session,22,0,100.0
16902,1713,Budget Session,8,0,100.0
16903,1713,Winter Session,13,0,100.0
16904,1713,Monsoon Session,19,0,100.0
16905,1713,Budget Session,21,0,100.0
16906,1713,Budget Session,8,0,100.0
16907,1713,Winter Session,21,0,100.0
16908,1713,Monsoon Session,20,0,100.0
16909,1713,Budget Session,15,0,100.0
16910,1713,Budget Session,16,0,100.0
16911,1713,Winter Session,20,0,100.0
16912,1713,Monsoon Session,17,0,100.0
16913,1713,Budget Session,13,0,100.0
16914,1713,Budget Session,19,0,100.0
16915,2181,Winter Session,15,0,100.0
16916,2181,Monsoon Session,21,0,100.0
16917,2181,Budget Session,27,0,100.0
16918,2181,Winter Session,19,0,100.0
16919,2181,Monsoon Session,16,0,100.0
16920,2181,Special Session,5,0,100.0
16921,2181,Budget Session,9,0,100.0
16922,2181,Winter Session,15,0,100.0
16923,2181,Special Session,4,0,100.0
16924,2181,Monsoon Session,17,0,100.0
16925,2181,Budget Session,25,0,100.0
16926,2181,Winter Session,13,0,100.0
16927,2181,Monsoon Session,16,0,100.0
16928,2181,Budget Session,29,0,100.0
16929,2181,Winter Session,18,0,100.0
16930,2181,Monsoon Session,17,0,100.0
16931,2181,Budget Session,33,0,100.0
16932,2181,Monsoon Session,18,0,100.0
16933,2181,Budget Session,34,0,100.0
16934,2181,Winter Session,20,0,100.0
16935,2181,Monsoon Session,35,0,100.0
16936,2181,Budget Session,10,0,100.0
16937,2181,Winter Session,18,0,100.0
16938,2181,Monsoon Session,17,0,100.0
16939,2181,Budget Session,22,0,100.0
16940,2181,Budget Session,8,0,100.0
16941,2181,Winter Session,13,0,100.0
16942,2181,Monsoon Session,19,0,100.0
16943,2181,Budget Session,21,0,100.0
16944,2181,Budget Session,8,0,100.0
16945,2181,Winter Session,21,0,100.0
16946,2181,Monsoon Session,20,0,100.0
16947,2181,Budget Session,15,0,100.0
16948,2181,Budget Session,16,0,100.0
16949,2181,Winter Session,20,0,100.0
16950,2181,Monsoon Session,17,0,100.0
16951,2181,Budget Session,13,0,100.0
16952,2181,Budget Session,19,0,100.0
16953,2181,Winter Session,22,0,100.0
16954,2181,Budget Session,27,0,100.0
16955,2181,Special Session,3,0,100.0
16956,2181,Winter Session,12,0,100.0
16957,2181,Winter Session,10,0,100.0
16958,2181,Monsoon Session,21,0,100.0
16959,2181,Budget Session,11,0,100.0
16960,2181,Budget Session,21,0,100.0
16961,2181,Winter Session,20,0,100.0
16962,2181,Monsoon Session,19,0,100.0
16963,2181,225th Part-2,21,0,100.0
16964,2181,225th Part-1,14,0,100.0
16965,2181,Winter Session,24,0,100.0
16966,2181,Monsoon Session,26,0,100.0
16967,2646,Winter Session,15,0,100.0
16968,2646,Monsoon Session,21,0,100.0
16969,2647,Winter Session,15,0,100.0
16970,2647,Monsoon Session,21,0,100.0
16971,2182,Monsoon Session,19,0,100.0
16972,2182,Budget Session,21,0,100.0
16973,2182,Budget Session,8,0,100.0
16974,2182,Winter Session,21,0,100.0
16975,2182,Monsoon Session,20,0,100.0
16976,2182,Budget Session,15,0,100.0
16977,2182,Budget Session,16,0,100.0
16978,2182,Winter Session,20,0,100.0
16979,2182,Monsoon Session,17,0,100.0
16980,2182,Budget Session,13,0,100.0
16981,2182,Budget Session,19,0,100.0
16982,2182,Winter Session,22,0,100.0
16983,2182,Budget Session,27,0,100.0
16984,2182,Special Session,3,0,100.0
16985,2182,Winter Session,12,0,100.0
16986,2182,Winter Session,10,0,100.0
16987,2182,Monsoon Session,21,0,100.0
16988,2182,Budget Session,11,0,100.0
16989,2182,Budget Session,21,0,100.0
16990,2182,Winter Session,20,0,100.0
16991,2182,Monsoon Session,19,0,100.0
16992,2182,225th Part-2,21,0,100.0
16993,2182,225th Part-1,14,0,100.0
16994,2182,Winter Session,24,0,100.0
16995,2182,Monsoon Session,26,0,100.0
16996,2183,Monsoon Session,17,0,100.0
16997,2183,Budget Session,25,0,100.0
16998,2183,Winter Session,13,0,100.0
16999,2183,Monsoon Session,16,0,100.0
17000,2183,Budget Session,29,0,100.0
17001,2183,Winter Session,18,0,100.0
17002,2183,Monsoon Session,17,0,100.0
17003,2183,Budget Session,33,0,100.0
17004,2183,Monsoon Session,18,0,100.0
17005,2183,Budget Session,34,0,100.0
17006,2183,Winter Session,20,0,100.0
17007,2183,Monsoon Session,35,0,100.0
17008,2183,Budget Session,10,0,100.0
17009,2183,Winter Session,18,0,100.0
17010,2183,Monsoon Session,17,0,100.0
17011,2183,Budget Session,22,0,100.0
17012,2183,Budget Session,8,0,100.0
17013,2183,Winter Session,13,0,100.0
17014,2183,Monsoon Session,19,0,100.0
17015,2183,Budget Session,21,0,100.0
17016,2183,Budget Session,8,0,100.0
17017,2183,Winter Session,21,0,100.0
17018,2183,Monsoon Session,20,0,100.0
17019,2183,Budget Session,15,0,100.0
17020,2183,Budget Session,16,0,100.0
17021,2183,Winter Session,20,0,100.0
17022,2183,Monsoon Session,17,0,100.0
17023,2183,Budget Session,13,0,100.0
17024,2183,Budget Session,19,0,100.0
17025,2183,Winter Session,22,0,100.0
17026,2183,Budget Session,27,0,100.0
17027,2183,Special Session,3,0,100.0
17028,2183,Winter Session,12,0,100.0
17029,2183,Winter Session,10,0,100.0
17030,2183,Monsoon Session,21,0,100.0
17031,2183,Budget Session,11,0,100.0
17032,2183,Budget Session,21,0,100.0
17033,2183,Winter Session,20,0,100.0
17034,2183,Monsoon Session,19,0,100.0
17035,2183,225th Part-2,21,0,100.0
17036,2183,225th Part-1,14,0,100.0
17037,2183,Winter Session,24,0,100.0
17038,2183,Monsoon Session,26,0,100.0
17039,258,225th Part-1,14,0,100.0
17040,258,Winter Session,24,0,100.0
17041,258,Monsoon Session,26,0,100.0
17042,258,Budget Session,23,0,100.0
17043,258,Winter Session,23,0,100.0
17044,258,Monsoon Session,26,0,100.0
17045,258,219th Part-2,17,0,100.0
17046,258,219th Part-1,15,0,100.0
17047,258,Winter Session,23,0,100.0
17048,258,Budget Session,26,0,100.0
17049,2648,Winter Session,15,0,100.0
17050,2648,Monsoon Session,21,0,100.0
17051,2184,Winter Session,15,0,100.0
17052,2184,Monsoon Session,21,0,100.0
17053,2184,Budget Session,27,0,100.0
17054,2184,Winter Session,19,0,100.0
17055,2184,Monsoon Session,16,0,100.0
17056,2184,Special Session,5,0,100.0
17057,2184,Budget Session,9,0,100.0
17058,2184,Winter Session,15,0,100.0
17059,2184,Special Session,4,0,100.0
17060,2184,Monsoon Session,17,0,100.0
17061,2184,Budget Session,25,0,100.0
17062,2184,Winter Session,13,0,100.0
17063,2184,Monsoon Session,16,0,100.0
17064,2184,Budget Session,29,0,100.0
17065,2184,Winter Session,18,0,100.0
17066,2184,Monsoon Session,17,0,100.0
17067,2184,Budget Session,33,0,100.0
17068,2184,Monsoon Session,18,0,100.0
17069,2184,Budget Session,34,0,100.0
17070,2184,Winter Session,20,0,100.0
17071,2184,Monsoon Session,35,0,100.0
17072,2184,Budget Session,10,0,100.0
17073,2184,Winter Session,18,0,100.0
17074,2184,Monsoon Session,17,0,100.0
17075,2184,Budget Session,22,0,100.0
17076,2184,Budget Session,8,0,100.0
17077,2184,Winter Session,13,0,100.0
17078,2184,Monsoon Session,19,0,100.0
17079,2184,Budget Session,21,0,100.0
17080,2184,Budget Session,8,0,100.0
17081,2184,Winter Session,21,0,100.0
17082,2184,Monsoon Session,20,0,100.0
17083,2184,Budget Session,15,0,100.0
17084,2184,Budget Session,16,0,100.0
17085,2184,Winter Session,20,0,100.0
17086,2184,Monsoon Session,17,0,100.0
17087,2184,Budget Session,13,0,100.0
17088,2184,Budget Session,19,0,100.0
17089,2184,Winter Session,22,0,100.0
17090,2184,Budget Session,27,0,100.0
17091,2184,Special Session,3,0,100.0
17092,2184,Winter Session,12,0,100.0
17093,2184,Winter Session,10,0,100.0
17094,2184,Monsoon Session,21,0,100.0
17095,2184,Budget Session,11,0,100.0
17096,2184,Budget Session,21,0,100.0
17097,2184,Winter Session,20,0,100.0
17098,2184,Monsoon Session,19,0,100.0
17099,2184,225th Part-2,21,0,100.0
17100,2184,225th Part-1,14,0,100.0
17101,2184,Winter Session,24,0,100.0
17102,2184,Monsoon Session,26,0,100.0
17103,2649,Winter Session,15,0,100.0
17104,2649,Monsoon Session,21,0,100.0
17105,2185,Monsoon Session,19,0,100.0
17106,2185,Budget Session,21,0,100.0
17107,2185,Budget Session,8,0,100.0
17108,2185,Winter Session,21,0,100.0
17109,2185,Monsoon Session,20,0,100.0
17110,2185,Budget Session,15,0,100.0
17111,2185,Budget Session,16,0,100.0
17112,2185,Winter Session,20,0,100.0
17113,2185,Monsoon Session,17,0,100.0
17114,2185,Budget Session,13,0,100.0
17115,2185,Budget Session,19,0,100.0
17116,2185,Winter Session,22,0,100.0
17117,2185,Budget Session,27,0,100.0
17118,2185,Special Session,3,0,100.0
17119,2185,Winter Session,12,0,100.0
17120,2185,Winter Session,10,0,100.0
17121,2185,Monsoon Session,21,0,100.0
17122,2185,Budget Session,11,0,100.0
17123,2185,Budget Session,21,0,100.0
17124,2185,Winter Session,20,0,100.0
17125,2185,Monsoon Session,19,0,100.0
17126,2185,225th Part-2,21,0,100.0
17127,2185,225th Part-1,14,0,100.0
17128,2185,Winter Session,24,0,100.0
17129,2185,Monsoon Session,26,0,100.0
17130,2650,Winter Session,15,0,100.0
17131,2650,Monsoon Session,21,0,100.0
17132,2651,Winter Session,15,0,100.0
17133,2651,Monsoon Session,21,0,100.0
17134,2186,Budget Session,16,0,100.0
17135,2186,Winter Session,20,0,100.0
17136,2186,Monsoon Session,17,0,100.0
17137,2186,Budget Session,13,0,100.0
17138,2186,Budget Session,19,0,100.0
17139,2186,Winter Session,22,0,100.0
17140,2186,Budget Session,27,0,100.0
17141,2186,Special Session,3,0,100.0
17142,2186,Winter Session,12,0,100.0
17143,2186,Winter Session,10,0,100.0
17144,2186,Monsoon Session,21,0,100.0
17145,2186,Budget Session,11,0,100.0
17146,2186,Budget Session,21,0,100.0
17147,2186,Winter Session,20,0,100.0
17148,2186,Monsoon Session,19,0,100.0
17149,2186,225th Part-2,21,0,100.0
17150,2186,225th Part-1,14,0,100.0
17151,2186,Winter Session,24,0,100.0
17152,2187,Budget Session,9,0,100.0
17153,2187,Winter Session,15,0,100.0
17154,2187,Special Session,4,0,100.0
17155,2187,Monsoon Session,17,0,100.0
17156,2187,Budget Session,25,0,100.0
17157,2187,Winter Session,13,0,100.0
17158,2187,Monsoon Session,16,0,100.0
17159,2187,Budget Session,29,0,100.0
17160,2187,Winter Session,18,0,100.0
17161,2187,Monsoon Session,17,0,100.0
17162,2187,Budget Session,33,0,100.0
17163,2187,Monsoon Session,18,0,100.0
17164,2187,Budget Session,34,0,100.0
17165,2187,Winter Session,20,0,100.0
17166,2187,Monsoon Session,35,0,100.0
17167,2187,Budget Session,10,0,100.0
17168,2187,Winter Session,18,0,100.0
17169,2187,Monsoon Session,17,0,100.0
17170,2187,Budget Session,22,0,100.0
17171,2187,Budget Session,8,0,100.0
17172,2187,Winter Session,13,0,100.0
17173,2187,Monsoon Session,19,0,100.0
17174,2187,Budget Session,21,0,100.0
17175,2187,Budget Session,8,0,100.0
17176,2187,Winter Session,21,0,100.0
17177,2187,Monsoon Session,20,0,100.0
17178,2187,Budget Session,15,0,100.0
17179,2187,Budget Session,16,0,100.0
17180,2187,Winter Session,20,0,100.0
17181,2187,Monsoon Session,17,0,100.0
17182,2187,Budget Session,13,0,100.0
17183,2187,Budget Session,19,0,100.0
17184,2187,Winter Session,22,0,100.0
17185,2187,Budget Session,27,0,100.0
17186,2187,Special Session,3,0,100.0
17187,2187,Winter Session,12,0,100.0
17188,2187,Winter Session,10,0,100.0
17189,2187,Monsoon Session,21,0,100.0
17190,2187,Budget Session,11,0,100.0
17191,2187,Budget Session,21,0,100.0
17192,2187,Winter Session,20,0,100.0
17193,2187,Monsoon Session,19,0,100.0
17194,2187,225th Part-2,21,0,100.0
17195,2187,225th Part-1,14,0,100.0
17196,2652,Winter Session,15,0,100.0
17197,2652,Monsoon Session,21,0,100.0
17198,2653,Winter Session,15,0,100.0
17199,2653,Monsoon Session,21,0,100.0
17200,2189,Budget Session,22,0,100.0
17201,2189,Budget Session,8,0,100.0
17202,2189,Winter Session,13,0,100.0
17203,2189,Monsoon Session,19,0,100.0
17204,2189,Budget Session,21,0,100.0
17205,2189,Budget Session,8,0,100.0
17206,2189,Winter Session,21,0,100.0
17207,2189,Monsoon Session,20,0,100.0
17208,2189,Budget Session,15,0,100.0
17209,2189,Budget Session,16,0,100.0
17210,2189,Winter Session,20,0,100.0
17211,2189,Monsoon Session,17,0,100.0
17212,2189,Budget Session,13,0,100.0
17213,2189,Budget Session,19,0,100.0
17214,2189,Winter Session,22,0,100.0
17215,2189,Budget Session,27,0,100.0
17216,2189,Special Session,3,0,100.0
17217,2189,Winter Session,12,0,100.0
17218,2189,Winter Session,10,0,100.0
17219,2189,Monsoon Session,21,0,100.0
17220,2189,Budget Session,11,0,100.0
17221,2189,Budget Session,21,0,100.0
17222,2189,Winter Session,20,0,100.0
17223,2189,Monsoon Session,19,0,100.0
17224,2189,225th Part-2,21,0,100.0
17225,2194,Budget Session,22,0,100.0
17226,2194,Budget Session,8,0,100.0
17227,2194,Winter Session,13,0,100.0
17228,2194,Monsoon Session,19,0,100.0
17229,2194,Budget Session,21,0,100.0
17230,2194,Budget Session,8,0,100.0
17231,2194,Winter Session,21,0,100.0
17232,2194,Monsoon Session,20,0,100.0
17233,2194,Budget Session,15,0,100.0
17234,2194,Budget Session,16,0,100.0
17235,2194,Winter Session,20,0,100.0
17236,2194,Monsoon Session,17,0,100.0
17237,2194,Budget Session,13,0,100.0
17238,2194,Budget Session,19,0,100.0
17239,2194,Winter Session,22,0,100.0
17240,2194,Budget Session,27,0,100.0
17241,2194,Special Session,3,0,100.0
17242,2194,Winter Session,12,0,100.0
17243,2194,Winter Session,10,0,100.0
17244,2194,Monsoon Session,21,0,100.0
17245,2194,Budget Session,11,0,100.0
17246,2194,Budget Session,21,0,100.0
17247,2194,Winter Session,20,0,100.0
17248,2194,Monsoon Session,19,0,100.0
17249,2194,225th Part-2,21,0,100.0
17250,2654,Winter Session,15,0,100.0
17251,2196,Budget Session,22,0,100.0
17252,2196,Budget Session,8,0,100.0
17253,2196,Winter Session,13,0,100.0
17254,2196,Monsoon Session,19,0,100.0
17255,2196,Budget Session,21,0,100.0
17256,2196,Budget Session,8,0,100.0
17257,2196,Winter Session,21,0,100.0
17258,2196,Monsoon Session,20,0,100.0
17259,2196,Budget Session,15,0,100.0
17260,2196,Budget Session,16,0,100.0
17261,2196,Winter Session,20,0,100.0
17262,2196,Monsoon Session,17,0,100.0
17263,2196,Budget Session,13,0,100.0
17264,2196,Budget Session,19,0,100.0
17265,2196,Winter Session,22,0,100.0
17266,2196,Budget Session,27,0,100.0
17267,2196,Special Session,3,0,100.0
17268,2196,Winter Session,12,0,100.0
17269,2196,Winter Session,10,0,100.0
17270,2196,Monsoon Session,21,0,100.0
17271,2196,Budget Session,11,0,100.0
17272,2196,Budget Session,21,0,100.0
17273,2196,Winter Session,20,0,100.0
17274,2196,Monsoon Session,19,0,100.0
17275,2196,225th Part-2,21,0,100.0
17276,2655,Winter Session,15,0,100.0
17277,1256,Budget Session,26,0,100.0
17278,1256,Special Session,4,0,100.0
17279,1256,Budget Session,10,0,100.0
17280,1256,214th Part2,10,0,100.0
17281,1256,214th Part-1,6,0,100.0
17282,1256,Budget Session,35,0,100.0
17283,1256,Winter Session,17,0,100.0
17284,2197,Budget Session,22,0,100.0
17285,2197,Budget Session,8,0,100.0
17286,2197,Winter Session,13,0,100.0
17287,2197,Monsoon Session,19,0,100.0
17288,2197,Budget Session,21,0,100.0
17289,2197,Budget Session,8,0,100.0
17290,2197,Winter Session,21,0,100.0
17291,2197,Monsoon Session,20,0,100.0
17292,2197,Budget Session,15,0,100.0
17293,2197,Budget Session,16,0,100.0
17294,2197,Winter Session,20,0,100.0
17295,2197,Monsoon Session,17,0,100.0
17296,2197,Budget Session,13,0,100.0
17297,2197,Budget Session,19,0,100.0
17298,2197,Winter Session,22,0,100.0
17299,2197,Budget Session,27,0,100.0
17300,2197,Special Session,3,0,100.0
17301,2197,Winter Session,12,0,100.0
17302,2197,Winter Session,10,0,100.0
17303,2197,Monsoon Session,21,0,100.0
17304,2197,Budget Session,11,0,100.0
17305,2197,Budget Session,21,0,100.0
17306,2197,Winter Session,20,0,100.0
17307,2197,Monsoon Session,19,0,100.0
17308,2197,225th Part-2,21,0,100.0
17309,2656,Winter Session,15,0,100.0
17310,2657,Winter Session,15,0,100.0
17311,2198,Winter Session,15,0,100.0
17312,2198,Monsoon Session,21,0,100.0
17313,2198,Budget Session,27,0,100.0
17314,2198,Winter Session,19,0,100.0
17315,2198,Monsoon Session,16,0,100.0
17316,2198,Special Session,5,0,100.0
17317,2198,Budget Session,9,0,100.0
17318,2198,Winter Session,15,0,100.0
17319,2198,Special Session,4,0,100.0
17320,2198,Monsoon Session,17,0,100.0
17321,2198,Budget Session,25,0,100.0
17322,2198,Winter Session,13,0,100.0
17323,2198,Monsoon Session,16,0,100.0
17324,2198,Budget Session,29,0,100.0
17325,2198,Winter Session,18,0,100.0
17326,2198,Monsoon Session,17,0,100.0
17327,2198,Budget Session,33,0,100.0
17328,2198,Monsoon Session,18,0,100.0
17329,2198,Budget Session,34,0,100.0
17330,2198,Winter Session,20,0,100.0
17331,2198,Monsoon Session,35,0,100.0
17332,2198,Budget Session,10,0,100.0
17333,2198,Winter Session,18,0,100.0
17334,2198,Monsoon Session,17,0,100.0
17335,2198,Budget Session,22,0,100.0
17336,2198,Budget Session,22,0,100.0
17337,2198,Budget Session,8,0,100.0
17338,2198,Winter Session,13,0,100.0
17339,2198,Monsoon Session,19,0,100.0
17340,2198,Budget Session,21,0,100.0
17341,2198,Budget Session,8,0,100.0
17342,2198,Winter Session,21,0,100.0
17343,2198,Monsoon Session,20,0,100.0
17344,2198,Budget Session,15,0,100.0
17345,2198,Budget Session,16,0,100.0
17346,2198,Winter Session,20,0,100.0
17347,2198,Monsoon Session,17,0,100.0
17348,2198,Budget Session,13,0,100.0
17349,2198,Budget Session,19,0,100.0
17350,2198,Winter Session,22,0,100.0
17351,2198,Budget Session,27,0,100.0
17352,2198,Special Session,3,0,100.0
17353,2198,Winter Session,12,0,100.0
17354,2198,Winter Session,10,0,100.0
17355,2198,Monsoon Session,21,0,100.0
17356,2198,Budget Session,11,0,100.0
17357,2198,Budget Session,21,0,100.0
17358,2198,Winter Session,20,0,100.0
17359,2198,Monsoon Session,19,0,100.0
17360,2198,225th Part-2,21,0,100.0
17361,2199,Budget Session,22,0,100.0
17362,2199,Budget Session,8,0,100.0
17363,2199,Winter Session,13,0,100.0
17364,2199,Monsoon Session,19,0,100.0
17365,2199,Budget Session,21,0,100.0
17366,2199,Budget Session,8,0,100.0
17367,2199,Winter Session,21,0,100.0
17368,2199,Monsoon Session,20,0,100.0
17369,2199,Budget Session,15,0,100.0
17370,2199,Budget Session,16,0,100.0
17371,2199,Winter Session,20,0,100.0
17372,2199,Monsoon Session,17,0,100.0
17373,2199,Budget Session,13,0,100.0
17374,2199,Budget Session,19,0,100.0
17375,2199,Winter Session,22,0,100.0
17376,2199,Budget Session,27,0,100.0
17377,2199,Special Session,3,0,100.0
17378,2199,Winter Session,12,0,100.0
17379,2199,Winter Session,10,0,100.0
17380,2199,Monsoon Session,21,0,100.0
17381,2199,Budget Session,11,0,100.0
17382,2199,Budget Session,21,0,100.0
17383,2199,Winter Session,20,0,100.0
17384,2199,Monsoon Session,19,0,100.0
17385,2199,225th Part-2,21,0,100.0
17386,2658,Winter Session,15,0,100.0
17387,2200,Budget Session,22,0,100.0
17388,2200,Budget Session,8,0,100.0
17389,2200,Winter Session,13,0,100.0
17390,2200,Monsoon Session,19,0,100.0
17391,2200,Budget Session,21,0,100.0
17392,2200,Budget Session,8,0,100.0
17393,2200,Winter Session,21,0,100.0
17394,2200,Monsoon Session,20,0,100.0
17395,2200,Budget Session,15,0,100.0
17396,2200,Budget Session,16,0,100.0
17397,2200,Winter Session,20,0,100.0
17398,2200,Monsoon Session,17,0,100.0
17399,2200,Budget Session,13,0,100.0
17400,2200,Budget Session,19,0,100.0
17401,2200,Winter Session,22,0,100.0
17402,2200,Budget Session,27,0,100.0
17403,2200,Special Session,3,0,100.0
17404,2200,Winter Session,12,0,100.0
17405,2200,Winter Session,10,0,100.0
17406,2200,Monsoon Session,21,0,100.0
17407,2200,Budget Session,11,0,100.0
17408,2200,Budget Session,21,0,100.0
17409,2200,Winter Session,20,0,100.0
17410,2200,Monsoon Session,19,0,100.0
17411,2200,225th Part-2,21,0,100.0
17412,2201,Budget Session,22,0,100.0
17413,2201,Budget Session,8,0,100.0
17414,2201,Winter Session,13,0,100.0
17415,2201,Monsoon Session,19,0,100.0
17416,2201,Budget Session,21,0,100.0
17417,2201,Budget Session,8,0,100.0
17418,2201,Winter Session,21,0,100.0
17419,2201,Monsoon Session,20,0,100.0
17420,2201,Budget Session,15,0,100.0
17421,2201,Budget Session,16,0,100.0
17422,2201,Winter Session,20,0,100.0
17423,2201,Monsoon Session,17,0,100.0
17424,2201,Budget Session,13,0,100.0
17425,2201,Budget Session,19,0,100.0
17426,2201,Winter Session,22,0,100.0
17427,2201,Budget Session,27,0,100.0
17428,2201,Special Session,3,0,100.0
17429,2201,Winter Session,12,0,100.0
17430,2201,Winter Session,10,0,100.0
17431,2201,Monsoon Session,21,0,100.0
17432,2201,Budget Session,11,0,100.0
17433,2201,Budget Session,21,0,100.0
17434,2201,Winter Session,20,0,100.0
17435,2201,Monsoon Session,19,0,100.0
17436,2201,225th Part-2,21,0,100.0
17437,270,Budget Session,35,0,100.0
17438,270,Winter Session,17,0,100.0
17439,2202,Budget Session,9,0,100.0
17440,2202,Winter Session,15,0,100.0
17441,2202,Special Session,4,0,100.0
17442,2202,Monsoon Session,17,0,100.0
17443,2202,Budget Session,25,0,100.0
17444,2202,Winter Session,13,0,100.0
17445,2202,Monsoon Session,16,0,100.0
17446,2202,Budget Session,29,0,100.0
17447,2202,Winter Session,18,0,100.0
17448,2202,Monsoon Session,17,0,100.0
17449,2202,Budget Session,33,0,100.0
17450,2202,Monsoon Session,18,0,100.0
17451,2202,Budget Session,34,0,100.0
17452,2202,Winter Session,20,0,100.0
17453,2202,Monsoon Session,35,0,100.0
17454,2202,Budget Session,10,0,100.0
17455,2202,Winter Session,18,0,100.0
17456,2202,Monsoon Session,17,0,100.0
17457,2202,Budget Session,22,0,100.0
17458,2202,Budget Session,22,0,100.0
17459,2202,Budget Session,8,0,100.0
17460,2202,Winter Session,13,0,100.0
17461,2202,Monsoon Session,19,0,100.0
17462,2202,Budget Session,21,0,100.0
17463,2202,Budget Session,8,0,100.0
17464,2202,Winter Session,21,0,100.0
17465,2202,Monsoon Session,20,0,100.0
17466,2202,Budget Session,15,0,100.0
17467,2202,Budget Session,16,0,100.0
17468,2202,Winter Session,20,0,100.0
17469,2202,Monsoon Session,17,0,100.0
17470,2202,Budget Session,13,0,100.0
17471,2202,Budget Session,19,0,100.0
17472,2202,Winter Session,22,0,100.0
17473,2202,Budget Session,27,0,100.0
17474,2202,Special Session,3,0,100.0
17475,2202,Winter Session,12,0,100.0
17476,2202,Winter Session,10,0,100.0
17477,2202,Monsoon Session,21,0,100.0
17478,2202,Budget Session,11,0,100.0
17479,2202,Budget Session,21,0,100.0
17480,2202,Winter Session,20,0,100.0
17481,2202,Monsoon Session,19,0,100.0
17482,2202,225th Part-2,21,0,100.0
17483,2203,Budget Session,9,0,100.0
17484,2203,Winter Session,15,0,100.0
17485,2203,Special Session,4,0,100.0
17486,2203,Monsoon Session,17,0,100.0
17487,2203,Budget Session,25,0,100.0
17488,2203,Winter Session,13,0,100.0
17489,2203,Monsoon Session,16,0,100.0
17490,2203,Budget Session,29,0,100.0
17491,2203,Winter Session,18,0,100.0
17492,2203,Monsoon Session,17,0,100.0
17493,2203,Budget Session,33,0,100.0
17494,2203,Monsoon Session,18,0,100.0
17495,2203,Budget Session,34,0,100.0
17496,2203,Winter Session,20,0,100.0
17497,2203,Monsoon Session,35,0,100.0
17498,2203,Budget Session,10,0,100.0
17499,2203,Winter Session,18,0,100.0
17500,2203,Monsoon Session,17,0,100.0
17501,2203,Budget Session,22,0,100.0
17502,2203,Budget Session,22,0,100.0
17503,2203,Budget Session,8,0,100.0
17504,2203,Winter Session,13,0,100.0
17505,2203,Monsoon Session,19,0,100.0
17506,2203,Budget Session,21,0,100.0
17507,2203,Budget Session,8,0,100.0
17508,2203,Winter Session,21,0,100.0
17509,2203,Monsoon Session,20,0,100.0
17510,2203,Budget Session,15,0,100.0
17511,2203,Budget Session,16,0,100.0
17512,2203,Winter Session,20,0,100.0
17513,2203,Monsoon Session,17,0,100.0
17514,2203,Budget Session,13,0,100.0
17515,2203,Budget Session,19,0,100.0
17516,2203,Winter Session,22,0,100.0
17517,2203,Budget Session,27,0,100.0
17518,2203,Special Session,3,0,100.0
17519,2203,Winter Session,12,0,100.0
17520,2203,Winter Session,10,0,100.0
17521,2203,Monsoon Session,21,0,100.0
17522,2203,Budget Session,11,0,100.0
17523,2203,Budget Session,21,0,100.0
17524,2203,Winter Session,20,0,100.0
17525,2203,Monsoon Session,19,0,100.0
17526,2203,225th Part-2,21,0,100.0
17527,2204,Winter Session,15,0,100.0
17528,2204,Monsoon Session,21,0,100.0
17529,2204,Budget Session,27,0,100.0
17530,2204,Winter Session,19,0,100.0
17531,2204,Monsoon Session,16,0,100.0
17532,2204,Special Session,5,0,100.0
17533,2204,Budget Session,9,0,100.0
17534,2204,Winter Session,15,0,100.0
17535,2204,Special Session,4,0,100.0
17536,2204,Monsoon Session,17,0,100.0
17537,2204,Budget Session,25,0,100.0
17538,2204,Winter Session,13,0,100.0
17539,2204,Monsoon Session,16,0,100.0
17540,2204,Budget Session,29,0,100.0
17541,2204,Winter Session,18,0,100.0
17542,2204,Monsoon Session,17,0,100.0
17543,2204,Budget Session,33,0,100.0
17544,2204,Monsoon Session,18,0,100.0
17545,2204,Budget Session,34,0,100.0
17546,2204,Winter Session,20,0,100.0
17547,2204,Monsoon Session,35,0,100.0
17548,2204,Budget Session,10,0,100.0
17549,2204,Winter Session,18,0,100.0
17550,2204,Monsoon Session,17,0,100.0
17551,2204,Budget Session,22,0,100.0
17552,2204,Budget Session,22,0,100.0
17553,2204,Budget Session,8,0,100.0
17554,2204,Winter Session,13,0,100.0
17555,2204,Monsoon Session,19,0,100.0
17556,2204,Budget Session,21,0,100.0
17557,2204,Budget Session,8,0,100.0
17558,2204,Winter Session,21,0,100.0
17559,2204,Monsoon Session,20,0,100.0
17560,2204,Budget Session,15,0,100.0
17561,2204,Budget Session,16,0,100.0
17562,2204,Winter Session,20,0,100.0
17563,2204,Monsoon Session,17,0,100.0
17564,2204,Budget Session,13,0,100.0
17565,2204,Budget Session,19,0,100.0
17566,2204,Winter Session,22,0,100.0
17567,2204,Budget Session,27,0,100.0
17568,2204,Special Session,3,0,100.0
17569,2204,Winter Session,12,0,100.0
17570,2204,Winter Session,10,0,100.0
17571,2204,Monsoon Session,21,0,100.0
17572,2204,Budget Session,11,0,100.0
17573,2204,Budget Session,21,0,100.0
17574,2204,Winter Session,20,0,100.0
17575,2204,Monsoon Session,19,0,100.0
17576,2204,225th Part-2,21,0,100.0
17577,2205,Budget Session,22,0,100.0
17578,2205,Budget Session,8,0,100.0
17579,2205,Winter Session,13,0,100.0
17580,2205,Monsoon Session,19,0,100.0
17581,2205,Budget Session,21,0,100.0
17582,2205,Budget Session,8,0,100.0
17583,2205,Winter Session,21,0,100.0
17584,2205,Monsoon Session,20,0,100.0
17585,2205,Budget Session,15,0,100.0
17586,2205,Budget Session,16,0,100.0
17587,2205,Winter Session,20,0,100.0
17588,2205,Monsoon Session,17,0,100.0
17589,2205,Budget Session,13,0,100.0
17590,2205,Budget Session,19,0,100.0
17591,2205,Winter Session,22,0,100.0
17592,2205,Budget Session,27,0,100.0
17593,2205,Special Session,3,0,100.0
17594,2205,Winter Session,12,0,100.0
17595,2205,Winter Session,10,0,100.0
17596,2205,Monsoon Session,21,0,100.0
17597,2205,Budget Session,11,0,100.0
17598,2205,Budget Session,21,0,100.0
17599,2205,Winter Session,20,0,100.0
17600,2205,Monsoon Session,19,0,100.0
17601,2205,225th Part-2,21,0,100.0
17602,2206,Budget Session,22,0,100.0
17603,2206,Budget Session,8,0,100.0
17604,2206,Winter Session,13,0,100.0
17605,2206,Monsoon Session,19,0,100.0
17606,2206,Budget Session,21,0,100.0
17607,2206,Budget Session,8,0,100.0
17608,2206,Winter Session,21,0,100.0
17609,2206,Monsoon Session,20,0,100.0
17610,2206,Budget Session,15,0,100.0
17611,2206,Budget Session,16,0,100.0
17612,2206,Winter Session,20,0,100.0
17613,2206,Monsoon Session,17,0,100.0
17614,2206,Budget Session,13,0,100.0
17615,2206,Budget Session,19,0,100.0
17616,2206,Winter Session,22,0,100.0
17617,2206,Budget Session,27,0,100.0
17618,2206,Special Session,3,0,100.0
17619,2206,Winter Session,12,0,100.0
17620,2206,Winter Session,10,0,100.0
17621,2206,Monsoon Session,21,0,100.0
17622,2206,Budget Session,11,0,100.0
17623,2206,Budget Session,21,0,100.0
17624,2206,Winter Session,20,0,100.0
17625,2206,Monsoon Session,19,0,100.0
17626,2206,225th Part-2,21,0,100.0
17627,2207,Budget Session,9,0,100.0
17628,2207,Winter Session,15,0,100.0
17629,2207,Special Session,4,0,100.0
17630,2207,Monsoon Session,17,0,100.0
17631,2207,Budget Session,25,0,100.0
17632,2207,Winter Session,13,0,100.0
17633,2207,Monsoon Session,16,0,100.0
17634,2207,Budget Session,29,0,100.0
17635,2207,Winter Session,18,0,100.0
17636,2207,Monsoon Session,17,0,100.0
17637,2207,Budget Session,33,0,100.0
17638,2207,Monsoon Session,18,0,100.0
17639,2207,Budget Session,34,0,100.0
17640,2207,Winter Session,20,0,100.0
17641,2207,Monsoon Session,35,0,100.0
17642,2207,Budget Session,10,0,100.0
17643,2207,Winter Session,18,0,100.0
17644,2207,Monsoon Session,17,0,100.0
17645,2207,Budget Session,22,0,100.0
17646,2207,Budget Session,22,0,100.0
17647,2207,Budget Session,8,0,100.0
17648,2207,Winter Session,13,0,100.0
17649,2207,Monsoon Session,19,0,100.0
17650,2207,Budget Session,21,0,100.0
17651,2207,Budget Session,8,0,100.0
17652,2207,Winter Session,21,0,100.0
17653,2207,Monsoon Session,20,0,100.0
17654,2207,Budget Session,15,0,100.0
17655,2207,Budget Session,16,0,100.0
17656,2207,Winter Session,20,0,100.0
17657,2207,Monsoon Session,17,0,100.0
17658,2207,Budget Session,13,0,100.0
17659,2207,Budget Session,19,0,100.0
17660,2207,Winter Session,22,0,100.0
17661,2207,Budget Session,27,0,100.0
17662,2207,Special Session,3,0,100.0
17663,2207,Winter Session,12,0,100.0
17664,2207,Winter Session,10,0,100.0
17665,2207,Monsoon Session,21,0,100.0
17666,2207,Budget Session,11,0,100.0
17667,2207,Budget Session,21,0,100.0
17668,2207,Winter Session,20,0,100.0
17669,2207,Monsoon Session,19,0,100.0
17670,2207,225th Part-2,21,0,100.0
17671,1734,219th Part-2,17,0,100.0
17672,1734,219th Part-1,15,0,100.0
17673,1734,Winter Session,23,0,100.0
17674,1734,Budget Session,26,0,100.0
17675,1734,Special Session,4,0,100.0
17676,1734,Budget Session,10,0,100.0
17677,1734,214th Part2,10,0,100.0
17678,1734,214th Part-1,6,0,100.0
17679,1734,Budget Session,35,0,100.0
17680,1734,Winter Session,17,0,100.0
17681,2208,Budget Session,22,0,100.0
17682,2208,Budget Session,8,0,100.0
17683,2208,Winter Session,13,0,100.0
17684,2208,Monsoon Session,19,0,100.0
17685,2208,Budget Session,21,0,100.0
17686,2208,Budget Session,8,0,100.0
17687,2208,Winter Session,21,0,100.0
17688,2208,Monsoon Session,20,0,100.0
17689,2208,Budget Session,15,0,100.0
17690,2208,Budget Session,16,0,100.0
17691,2208,Winter Session,20,0,100.0
17692,2208,Monsoon Session,17,0,100.0
17693,2208,Budget Session,13,0,100.0
17694,2208,Budget Session,19,0,100.0
17695,2208,Winter Session,22,0,100.0
17696,2208,Budget Session,27,0,100.0
17697,2208,Special Session,3,0,100.0
17698,2208,Winter Session,12,0,100.0
17699,2208,Winter Session,10,0,100.0
17700,2208,Monsoon Session,21,0,100.0
17701,2208,Budget Session,11,0,100.0
17702,2208,Budget Session,21,0,100.0
17703,2208,Winter Session,20,0,100.0
17704,2208,Monsoon Session,19,0,100.0
17705,2208,225th Part-2,21,0,100.0
17706,2209,Budget Session,22,0,100.0
17707,2209,Budget Session,8,0,100.0
17708,2209,Winter Session,13,0,100.0
17709,2209,Monsoon Session,19,0,100.0
17710,2209,Budget Session,21,0,100.0
17711,2209,Budget Session,8,0,100.0
17712,2209,Winter Session,21,0,100.0
17713,2209,Monsoon Session,20,0,100.0
17714,2209,Budget Session,15,0,100.0
17715,2209,Budget Session,16,0,100.0
17716,2209,Winter Session,20,0,100.0
17717,2209,Monsoon Session,17,0,100.0
17718,2209,Budget Session,13,0,100.0
17719,2209,Budget Session,19,0,100.0
17720,2209,Winter Session,22,0,100.0
17721,2209,Budget Session,27,0,100.0
17722,2209,Special Session,3,0,100.0
17723,2209,Winter Session,12,0,100.0
17724,2209,Winter Session,10,0,100.0
17725,2209,Monsoon Session,21,0,100.0
17726,2209,Budget Session,11,0,100.0
17727,2209,Budget Session,21,0,100.0
17728,2209,Winter Session,20,0,100.0
17729,2209,Monsoon Session,19,0,100.0
17730,2209,225th Part-2,21,0,100.0
17731,2210,Budget Session,9,0,100.0
17732,2210,Winter Session,15,0,100.0
17733,2210,Special Session,4,0,100.0
17734,2210,Monsoon Session,17,0,100.0
17735,2210,Budget Session,25,0,100.0
17736,2210,Winter Session,13,0,100.0
17737,2210,Monsoon Session,16,0,100.0
17738,2210,Budget Session,29,0,100.0
17739,2210,Winter Session,18,0,100.0
17740,2210,Monsoon Session,17,0,100.0
17741,2210,Budget Session,33,0,100.0
17742,2210,Monsoon Session,18,0,100.0
17743,2210,Budget Session,34,0,100.0
17744,2210,Winter Session,20,0,100.0
17745,2210,Monsoon Session,35,0,100.0
17746,2210,Budget Session,10,0,100.0
17747,2210,Winter Session,18,0,100.0
17748,2210,Monsoon Session,17,0,100.0
17749,2210,Budget Session,22,0,100.0
17750,2210,Budget Session,22,0,100.0
17751,2210,Budget Session,8,0,100.0
17752,2210,Winter Session,13,0,100.0
17753,2210,Monsoon Session,19,0,100.0
17754,2210,Budget Session,21,0,100.0
17755,2210,Budget Session,8,0,100.0
17756,2210,Winter Session,21,0,100.0
17757,2210,Monsoon Session,20,0,100.0
17758,2210,Budget Session,15,0,100.0
17759,2210,Budget Session,16,0,100.0
17760,2210,Winter Session,20,0,100.0
17761,2210,Monsoon Session,17,0,100.0
17762,2210,Budget Session,13,0,100.0
17763,2210,Budget Session,19,0,100.0
17764,2210,Winter Session,22,0,100.0
17765,2210,Budget Session,27,0,100.0
17766,2210,Special Session,3,0,100.0
17767,2210,Winter Session,12,0,100.0
17768,2210,Winter Session,10,0,100.0
17769,2210,Monsoon Session,21,0,100.0
17770,2210,Budget Session,11,0,100.0
17771,2210,Budget Session,21,0,100.0
17772,2210,Winter Session,20,0,100.0
17773,2210,Monsoon Session,19,0,100.0
17774,2210,225th Part-2,21,0,100.0
17775,2211,Budget Session,22,0,100.0
17776,2211,Budget Session,8,0,100.0
17777,2211,Winter Session,13,0,100.0
17778,2211,Monsoon Session,19,0,100.0
17779,2211,Budget Session,21,0,100.0
17780,2211,Budget Session,8,0,100.0
17781,2211,Winter Session,21,0,100.0
17782,2211,Monsoon Session,20,0,100.0
17783,2211,Budget Session,15,0,100.0
17784,2211,Budget Session,16,0,100.0
17785,2211,Winter Session,20,0,100.0
17786,2211,Monsoon Session,17,0,100.0
17787,2211,Budget Session,13,0,100.0
17788,2211,Budget Session,19,0,100.0
17789,2211,Winter Session,22,0,100.0
17790,2211,Budget Session,27,0,100.0
17791,2211,Special Session,3,0,100.0
17792,2211,Winter Session,12,0,100.0
17793,2211,Winter Session,10,0,100.0
17794,2211,Monsoon Session,21,0,100.0
17795,2211,Budget Session,11,0,100.0
17796,2211,Budget Session,21,0,100.0
17797,2211,Winter Session,20,0,100.0
17798,2211,Monsoon Session,19,0,100.0
17799,2211,225th Part-2,21,0,100.0
17800,2212,Budget Session,9,0,100.0
17801,2212,Winter Session,15,0,100.0
17802,2212,Special Session,4,0,100.0
17803,2212,Monsoon Session,17,0,100.0
17804,2212,Budget Session,25,0,100.0
17805,2212,Winter Session,13,0,100.0
17806,2212,Monsoon Session,16,0,100.0
17807,2212,Budget Session,29,0,100.0
17808,2212,Winter Session,18,0,100.0
17809,2212,Monsoon Session,17,0,100.0
17810,2212,Budget Session,33,0,100.0
17811,2212,Monsoon Session,18,0,100.0
17812,2212,Budget Session,34,0,100.0
17813,2212,Winter Session,20,0,100.0
17814,2212,Monsoon Session,35,0,100.0
17815,2212,Budget Session,10,0,100.0
17816,2212,Winter Session,18,0,100.0
17817,2212,Monsoon Session,17,0,100.0
17818,2212,Budget Session,22,0,100.0
17819,2212,Budget Session,22,0,100.0
17820,2212,Budget Session,8,0,100.0
17821,2212,Winter Session,13,0,100.0
17822,2212,Monsoon Session,19,0,100.0
17823,2212,Budget Session,21,0,100.0
17824,2212,Budget Session,8,0,100.0
17825,2212,Winter Session,21,0,100.0
17826,2212,Monsoon Session,20,0,100.0
17827,2212,Budget Session,15,0,100.0
17828,2212,Budget Session,16,0,100.0
17829,2212,Winter Session,20,0,100.0
17830,2212,Monsoon Session,17,0,100.0
17831,2212,Budget Session,13,0,100.0
17832,2212,Budget Session,19,0,100.0
17833,2212,Winter Session,22,0,100.0
17834,2212,Budget Session,27,0,100.0
17835,2212,Special Session,3,0,100.0
17836,2212,Winter Session,12,0,100.0
17837,2212,Winter Session,10,0,100.0
17838,2212,Monsoon Session,21,0,100.0
17839,2212,Budget Session,11,0,100.0
17840,2212,Budget Session,21,0,100.0
17841,2212,Winter Session,20,0,100.0
17842,2212,Monsoon Session,19,0,100.0
17843,2212,225th Part-2,21,0,100.0
17844,2213,Budget Session,22,0,100.0
17845,2213,Budget Session,8,0,100.0
17846,2213,Winter Session,13,0,100.0
17847,2213,Monsoon Session,19,0,100.0
17848,2213,Budget Session,21,0,100.0
17849,2213,Budget Session,8,0,100.0
17850,2213,Winter Session,21,0,100.0
17851,2213,Monsoon Session,20,0,100.0
17852,2213,Budget Session,15,0,100.0
17853,2213,Budget Session,16,0,100.0
17854,2213,Winter Session,20,0,100.0
17855,2213,Monsoon Session,17,0,100.0
17856,2213,Budget Session,13,0,100.0
17857,2213,Budget Session,19,0,100.0
17858,2213,Winter Session,22,0,100.0
17859,2213,Budget Session,27,0,100.0
17860,2213,Special Session,3,0,100.0
17861,2213,Winter Session,12,0,100.0
17862,2213,Winter Session,10,0,100.0
17863,2213,Monsoon Session,21,0,100.0
17864,2213,Budget Session,11,0,100.0
17865,2213,Budget Session,21,0,100.0
17866,2213,Winter Session,20,0,100.0
17867,2213,Monsoon Session,19,0,100.0
17868,2213,225th Part-2,21,0,100.0
17869,2214,Budget Session,9,0,100.0
17870,2214,Winter Session,15,0,100.0
17871,2214,Special Session,4,0,100.0
17872,2214,Monsoon Session,17,0,100.0
17873,2214,Budget Session,25,0,100.0
17874,2214,Winter Session,13,0,100.0
17875,2214,Monsoon Session,16,0,100.0
17876,2214,Budget Session,29,0,100.0
17877,2214,Winter Session,18,0,100.0
17878,2214,Monsoon Session,17,0,100.0
17879,2214,Budget Session,33,0,100.0
17880,2214,Monsoon Session,18,0,100.0
17881,2214,Budget Session,34,0,100.0
17882,2214,Winter Session,20,0,100.0
17883,2214,Monsoon Session,35,0,100.0
17884,2214,Budget Session,10,0,100.0
17885,2214,Winter Session,18,0,100.0
17886,2214,Monsoon Session,17,0,100.0
17887,2214,Budget Session,22,0,100.0
17888,2214,Budget Session,22,0,100.0
17889,2214,Budget Session,8,0,100.0
17890,2214,Winter Session,13,0,100.0
17891,2214,Monsoon Session,19,0,100.0
17892,2214,Budget Session,21,0,100.0
17893,2214,Budget Session,8,0,100.0
17894,2214,Winter Session,21,0,100.0
17895,2214,Monsoon Session,20,0,100.0
17896,2214,Budget Session,15,0,100.0
17897,2214,Budget Session,16,0,100.0
17898,2214,Winter Session,20,0,100.0
17899,2214,Monsoon Session,17,0,100.0
17900,2214,Budget Session,13,0,100.0
17901,2214,Budget Session,19,0,100.0
17902,2214,Winter Session,22,0,100.0
17903,2214,Budget Session,27,0,100.0
17904,2214,Special Session,3,0,100.0
17905,2214,Winter Session,12,0,100.0
17906,2214,Winter Session,10,0,100.0
17907,2214,Monsoon Session,21,0,100.0
17908,2214,Budget Session,11,0,100.0
17909,2214,Budget Session,21,0,100.0
17910,2214,Winter Session,20,0,100.0
17911,2214,Monsoon Session,19,0,100.0
17912,2214,225th Part-2,21,0,100.0
17913,2215,Budget Session,22,0,100.0
17914,2215,Budget Session,8,0,100.0
17915,2215,Winter Session,13,0,100.0
17916,2215,Monsoon Session,19,0,100.0
17917,2215,Budget Session,21,0,100.0
17918,2215,Budget Session,8,0,100.0
17919,2215,Winter Session,21,0,100.0
17920,2215,Monsoon Session,20,0,100.0
17921,2215,Budget Session,15,0,100.0
17922,2215,Budget Session,16,0,100.0
17923,2215,Winter Session,20,0,100.0
17924,2215,Monsoon Session,17,0,100.0
17925,2215,Budget Session,13,0,100.0
17926,2215,Budget Session,19,0,100.0
17927,2215,Winter Session,22,0,100.0
17928,2215,Budget Session,27,0,100.0
17929,2215,Special Session,3,0,100.0
17930,2215,Winter Session,12,0,100.0
17931,2215,Winter Session,10,0,100.0
17932,2215,Monsoon Session,21,0,100.0
17933,2215,Budget Session,11,0,100.0
17934,2215,Budget Session,21,0,100.0
17935,2215,Winter Session,20,0,100.0
17936,2215,Monsoon Session,19,0,100.0
17937,2215,225th Part-2,21,0,100.0
17938,2217,Budget Session,22,0,100.0
17939,2217,Budget Session,8,0,100.0
17940,2217,Winter Session,13,0,100.0
17941,2217,Monsoon Session,19,0,100.0
17942,2217,Budget Session,21,0,100.0
17943,2217,Budget Session,8,0,100.0
17944,2217,Winter Session,21,0,100.0
17945,2217,Monsoon Session,20,0,100.0
17946,2217,Budget Session,15,0,100.0
17947,2217,Budget Session,16,0,100.0
17948,2217,Winter Session,20,0,100.0
17949,2217,Monsoon Session,17,0,100.0
17950,2217,Budget Session,13,0,100.0
17951,2217,Budget Session,19,0,100.0
17952,2217,Winter Session,22,0,100.0
17953,2217,Budget Session,27,0,100.0
17954,2217,Special Session,3,0,100.0
17955,2217,Winter Session,12,0,100.0
17956,2217,Winter Session,10,0,100.0
17957,2217,Monsoon Session,21,0,100.0
17958,2217,Budget Session,11,0,100.0
17959,2217,Budget Session,21,0,100.0
17960,2217,Winter Session,20,0,100.0
17961,2217,Monsoon Session,19,0,100.0
17962,2217,225th Part-2,21,0,100.0
17963,2218,Budget Session,22,0,100.0
17964,2218,Budget Session,8,0,100.0
17965,2218,Winter Session,13,0,100.0
17966,2218,Monsoon Session,19,0,100.0
17967,2218,Budget Session,21,0,100.0
17968,2218,Budget Session,8,0,100.0
17969,2218,Winter Session,21,0,100.0
17970,2218,Monsoon Session,20,0,100.0
17971,2218,Budget Session,15,0,100.0
17972,2218,Budget Session,16,0,100.0
17973,2218,Winter Session,20,0,100.0
17974,2218,Monsoon Session,17,0,100.0
17975,2218,Budget Session,13,0,100.0
17976,2218,Budget Session,19,0,100.0
17977,2218,Winter Session,22,0,100.0
17978,2218,Budget Session,27,0,100.0
17979,2218,Special Session,3,0,100.0
17980,2218,Winter Session,12,0,100.0
17981,2218,Winter Session,10,0,100.0
17982,2218,Monsoon Session,21,0,100.0
17983,2218,Budget Session,11,0,100.0
17984,2218,Budget Session,21,0,100.0
17985,2218,Winter Session,20,0,100.0
17986,2218,Monsoon Session,19,0,100.0
17987,2218,225th Part-2,21,0,100.0
17988,2219,Budget Session,22,0,100.0
17989,2219,Budget Session,8,0,100.0
17990,2219,Winter Session,13,0,100.0
17991,2219,Monsoon Session,19,0,100.0
17992,2219,Budget Session,21,0,100.0
17993,2219,Budget Session,8,0,100.0
17994,2219,Winter Session,21,0,100.0
17995,2219,Monsoon Session,20,0,100.0
17996,2219,Budget Session,15,0,100.0
17997,2219,Budget Session,16,0,100.0
17998,2219,Winter Session,20,0,100.0
17999,2219,Monsoon Session,17,0,100.0
18000,2219,Budget Session,13,0,100.0
18001,2219,Budget Session,19,0,100.0
18002,2219,Winter Session,22,0,100.0
18003,2219,Budget Session,27,0,100.0
18004,2219,Special Session,3,0,100.0
18005,2219,Winter Session,12,0,100.0
18006,2219,Winter Session,10,0,100.0
18007,2219,Monsoon Session,21,0,100.0
18008,2219,Budget Session,11,0,100.0
18009,2219,Budget Session,21,0,100.0
18010,2219,Winter Session,20,0,100.0
18011,2219,Monsoon Session,19,0,100.0
18012,2219,225th Part-2,21,0,100.0
18013,2221,Budget Session,22,0,100.0
18014,2221,Budget Session,8,0,100.0
18015,2221,Winter Session,13,0,100.0
18016,2221,Monsoon Session,19,0,100.0
18017,2221,Budget Session,21,0,100.0
18018,2221,Budget Session,8,0,100.0
18019,2221,Winter Session,21,0,100.0
18020,2221,Monsoon Session,20,0,100.0
18021,2221,Budget Session,15,0,100.0
18022,2221,Budget Session,16,0,100.0
18023,2221,Winter Session,20,0,100.0
18024,2221,Monsoon Session,17,0,100.0
18025,2221,Budget Session,13,0,100.0
18026,2221,Budget Session,19,0,100.0
18027,2221,Winter Session,22,0,100.0
18028,2221,Budget Session,27,0,100.0
18029,2221,Special Session,3,0,100.0
18030,2221,Winter Session,12,0,100.0
18031,2221,Winter Session,10,0,100.0
18032,2221,Monsoon Session,21,0,100.0
18033,2221,Budget Session,11,0,100.0
18034,2221,Budget Session,21,0,100.0
18035,2221,Winter Session,20,0,100.0
18036,2221,Monsoon Session,19,0,100.0
18037,2221,225th Part-2,21,0,100.0
18038,2222,Budget Session,22,0,100.0
18039,2222,Budget Session,8,0,100.0
18040,2222,Winter Session,13,0,100.0
18041,2222,Monsoon Session,19,0,100.0
18042,2222,Budget Session,21,0,100.0
18043,2222,Budget Session,8,0,100.0
18044,2222,Winter Session,21,0,100.0
18045,2222,Monsoon Session,20,0,100.0
18046,2222,Budget Session,15,0,100.0
18047,2222,Budget Session,16,0,100.0
18048,2222,Winter Session,20,0,100.0
18049,2222,Monsoon Session,17,0,100.0
18050,2222,Budget Session,13,0,100.0
18051,2222,Budget Session,19,0,100.0
18052,2222,Winter Session,22,0,100.0
18053,2222,Budget Session,27,0,100.0
18054,2222,Special Session,3,0,100.0
18055,2222,Winter Session,12,0,100.0
18056,2222,Winter Session,10,0,100.0
18057,2222,Monsoon Session,21,0,100.0
18058,2222,Budget Session,11,0,100.0
18059,2222,Budget Session,21,0,100.0
18060,2222,Winter Session,20,0,100.0
18061,2222,Monsoon Session,19,0,100.0
18062,2222,225th Part-2,21,0,100.0
18063,2223,Budget Session,22,0,100.0
18064,2223,Budget Session,8,0,100.0
18065,2223,Winter Session,13,0,100.0
18066,2223,Monsoon Session,19,0,100.0
18067,2223,Budget Session,21,0,100.0
18068,2223,Budget Session,8,0,100.0
18069,2223,Winter Session,21,0,100.0
18070,2223,Monsoon Session,20,0,100.0
18071,2223,Budget Session,15,0,100.0
18072,2223,Budget Session,16,0,100.0
18073,2223,Winter Session,20,0,100.0
18074,2223,Monsoon Session,17,0,100.0
18075,2223,Budget Session,13,0,100.0
18076,2223,Budget Session,19,0,100.0
18077,2223,Winter Session,22,0,100.0
18078,2223,Budget Session,27,0,100.0
18079,2223,Special Session,3,0,100.0
18080,2223,Winter Session,12,0,100.0
18081,2223,Winter Session,10,0,100.0
18082,2223,Monsoon Session,21,0,100.0
18083,2223,Budget Session,11,0,100.0
18084,2223,Budget Session,21,0,100.0
18085,2223,Winter Session,20,0,100.0
18086,2223,Monsoon Session,19,0,100.0
18087,2223,225th Part-2,21,0,100.0
18088,2224,Budget Session,9,0,100.0
18089,2224,Winter Session,15,0,100.0
18090,2224,Special Session,4,0,100.0
18091,2224,Monsoon Session,17,0,100.0
18092,2224,Budget Session,25,0,100.0
18093,2224,Winter Session,13,0,100.0
18094,2224,Monsoon Session,16,0,100.0
18095,2224,Budget Session,29,0,100.0
18096,2224,Winter Session,18,0,100.0
18097,2224,Monsoon Session,17,0,100.0
18098,2224,Budget Session,33,0,100.0
18099,2224,Monsoon Session,18,0,100.0
18100,2224,Budget Session,34,0,100.0
18101,2224,Winter Session,20,0,100.0
18102,2224,Monsoon Session,35,0,100.0
18103,2224,Budget Session,10,0,100.0
18104,2224,Winter Session,18,0,100.0
18105,2224,Monsoon Session,17,0,100.0
18106,2224,Budget Session,22,0,100.0
18107,2224,Budget Session,22,0,100.0
18108,2224,Budget Session,8,0,100.0
18109,2224,Winter Session,13,0,100.0
18110,2224,Monsoon Session,19,0,100.0
18111,2224,Budget Session,21,0,100.0
18112,2224,Budget Session,8,0,100.0
18113,2224,Winter Session,21,0,100.0
18114,2224,Monsoon Session,20,0,100.0
18115,2224,Budget Session,15,0,100.0
18116,2224,Budget Session,16,0,100.0
18117,2224,Winter Session,20,0,100.0
18118,2224,Monsoon Session,17,0,100.0
18119,2224,Budget Session,13,0,100.0
18120,2224,Budget Session,19,0,100.0
18121,2224,Winter Session,22,0,100.0
18122,2224,Budget Session,27,0,100.0
18123,2224,Special Session,3,0,100.0
18124,2224,Winter Session,12,0,100.0
18125,2224,Winter Session,10,0,100.0
18126,2224,Monsoon Session,21,0,100.0
18127,2224,Budget Session,11,0,100.0
18128,2224,Budget Session,21,0,100.0
18129,2224,Winter Session,20,0,100.0
18130,2224,Monsoon Session,19,0,100.0
18131,2224,225th Part-2,21,0,100.0
18132,2225,Budget Session,15,0,100.0
18133,2225,Budget Session,16,0,100.0
18134,2225,Winter Session,20,0,100.0
18135,2225,Monsoon Session,17,0,100.0
18136,2225,Budget Session,13,0,100.0
18137,2225,Budget Session,19,0,100.0
18138,2225,Winter Session,22,0,100.0
18139,2225,Budget Session,27,0,100.0
18140,2225,Special Session,3,0,100.0
18141,2225,Winter Session,12,0,100.0
18142,2225,Winter Session,10,0,100.0
18143,2225,Monsoon Session,21,0,100.0
18144,2225,Budget Session,11,0,100.0
18145,2225,Budget Session,21,0,100.0
18146,2225,Winter Session,20,0,100.0
18147,2225,Monsoon Session,19,0,100.0
18148,2225,225th Part-2,21,0,100.0
18149,2226,Budget Session,22,0,100.0
18150,2226,Budget Session,8,0,100.0
18151,2226,Winter Session,13,0,100.0
18152,2226,Monsoon Session,19,0,100.0
18153,2226,Budget Session,21,0,100.0
18154,2226,Budget Session,8,0,100.0
18155,2226,Winter Session,21,0,100.0
18156,2226,Monsoon Session,20,0,100.0
18157,2226,Budget Session,15,0,100.0
18158,2226,Budget Session,16,0,100.0
18159,2226,Winter Session,20,0,100.0
18160,2226,Monsoon Session,17,0,100.0
18161,2226,Budget Session,13,0,100.0
18162,2226,Budget Session,19,0,100.0
18163,2226,Winter Session,22,0,100.0
18164,2226,Budget Session,27,0,100.0
18165,2226,Special Session,3,0,100.0
18166,2226,Winter Session,12,0,100.0
18167,2226,Winter Session,10,0,100.0
18168,2226,Monsoon Session,21,0,100.0
18169,2226,Budget Session,11,0,100.0
18170,2226,Budget Session,21,0,100.0
18171,2226,Winter Session,20,0,100.0
18172,2226,Monsoon Session,19,0,100.0
18173,2226,225th Part-2,21,0,100.0
18174,2227,Budget Session,22,0,100.0
18175,2227,Budget Session,8,0,100.0
18176,2227,Winter Session,13,0,100.0
18177,2227,Monsoon Session,19,0,100.0
18178,2227,Budget Session,21,0,100.0
18179,2227,Budget Session,8,0,100.0
18180,2227,Winter Session,21,0,100.0
18181,2227,Monsoon Session,20,0,100.0
18182,2227,Budget Session,15,0,100.0
18183,2227,Budget Session,16,0,100.0
18184,2227,Winter Session,20,0,100.0
18185,2227,Monsoon Session,17,0,100.0
18186,2227,Budget Session,13,0,100.0
18187,2227,Budget Session,19,0,100.0
18188,2227,Winter Session,22,0,100.0
18189,2227,Budget Session,27,0,100.0
18190,2227,Special Session,3,0,100.0
18191,2227,Winter Session,12,0,100.0
18192,2227,Winter Session,10,0,100.0
18193,2227,Monsoon Session,21,0,100.0
18194,2227,Budget Session,11,0,100.0
18195,2227,Budget Session,21,0,100.0
18196,2227,Winter Session,20,0,100.0
18197,2227,Monsoon Session,19,0,100.0
18198,2227,225th Part-2,21,0,100.0
18199,2228,Budget Session,22,0,100.0
18200,2228,Budget Session,8,0,100.0
18201,2228,Winter Session,13,0,100.0
18202,2228,Monsoon Session,19,0,100.0
18203,2228,Budget Session,21,0,100.0
18204,2228,Budget Session,8,0,100.0
18205,2228,Winter Session,21,0,100.0
18206,2228,Monsoon Session,20,0,100.0
18207,2228,Budget Session,15,0,100.0
18208,2228,Budget Session,16,0,100.0
18209,2228,Winter Session,20,0,100.0
18210,2228,Monsoon Session,17,0,100.0
18211,2228,Budget Session,13,0,100.0
18212,2228,Budget Session,19,0,100.0
18213,2228,Winter Session,22,0,100.0
18214,2228,Budget Session,27,0,100.0
18215,2228,Special Session,3,0,100.0
18216,2228,Winter Session,12,0,100.0
18217,2228,Winter Session,10,0,100.0
18218,2228,Monsoon Session,21,0,100.0
18219,2228,Budget Session,11,0,100.0
18220,2228,Budget Session,21,0,100.0
18221,2228,Winter Session,20,0,100.0
18222,2228,Monsoon Session,19,0,100.0
18223,2228,225th Part-2,21,0,100.0
18224,2229,Budget Session,22,0,100.0
18225,2229,Budget Session,8,0,100.0
18226,2229,Winter Session,13,0,100.0
18227,2229,Monsoon Session,19,0,100.0
18228,2229,Budget Session,21,0,100.0
18229,2229,Budget Session,8,0,100.0
18230,2229,Winter Session,21,0,100.0
18231,2229,Monsoon Session,20,0,100.0
18232,2229,Budget Session,15,0,100.0
18233,2229,Budget Session,16,0,100.0
18234,2229,Winter Session,20,0,100.0
18235,2229,Monsoon Session,17,0,100.0
18236,2229,Budget Session,13,0,100.0
18237,2229,Budget Session,19,0,100.0
18238,2229,Winter Session,22,0,100.0
18239,2229,Budget Session,27,0,100.0
18240,2229,Special Session,3,0,100.0
18241,2229,Winter Session,12,0,100.0
18242,2229,Winter Session,10,0,100.0
18243,2229,Monsoon Session,21,0,100.0
18244,2229,Budget Session,11,0,100.0
18245,2229,Budget Session,21,0,100.0
18246,2229,Winter Session,20,0,100.0
18247,2229,Monsoon Session,19,0,100.0
18248,2229,225th Part-2,21,0,100.0
18249,2230,Budget Session,22,0,100.0
18250,2230,Budget Session,8,0,100.0
18251,2230,Winter Session,13,0,100.0
18252,2230,Monsoon Session,19,0,100.0
18253,2230,Budget Session,21,0,100.0
18254,2230,Budget Session,8,0,100.0
18255,2230,Winter Session,21,0,100.0
18256,2230,Monsoon Session,20,0,100.0
18257,2230,Budget Session,15,0,100.0
18258,2230,Budget Session,16,0,100.0
18259,2230,Winter Session,20,0,100.0
18260,2230,Monsoon Session,17,0,100.0
18261,2230,Budget Session,13,0,100.0
18262,2230,Budget Session,19,0,100.0
18263,2230,Winter Session,22,0,100.0
18264,2230,Budget Session,27,0,100.0
18265,2230,Special Session,3,0,100.0
18266,2230,Winter Session,12,0,100.0
18267,2230,Winter Session,10,0,100.0
18268,2230,Monsoon Session,21,0,100.0
18269,2230,Budget Session,11,0,100.0
18270,2230,Budget Session,21,0,100.0
18271,2230,Winter Session,20,0,100.0
18272,2230,Monsoon Session,19,0,100.0
18273,2230,225th Part-2,21,0,100.0
18274,2231,Budget Session,22,0,100.0
18275,2231,Budget Session,8,0,100.0
18276,2231,Winter Session,13,0,100.0
18277,2231,Monsoon Session,19,0,100.0
18278,2231,Budget Session,21,0,100.0
18279,2231,Budget Session,8,0,100.0
18280,2231,Winter Session,21,0,100.0
18281,2231,Monsoon Session,20,0,100.0
18282,2231,Budget Session,15,0,100.0
18283,2231,Budget Session,16,0,100.0
18284,2231,Winter Session,20,0,100.0
18285,2231,Monsoon Session,17,0,100.0
18286,2231,Budget Session,13,0,100.0
18287,2231,Budget Session,19,0,100.0
18288,2231,Winter Session,22,0,100.0
18289,2231,Budget Session,27,0,100.0
18290,2231,Special Session,3,0,100.0
18291,2231,Winter Session,12,0,100.0
18292,2231,Winter Session,10,0,100.0
18293,2231,Monsoon Session,21,0,100.0
18294,2231,Budget Session,11,0,100.0
18295,2231,Budget Session,21,0,100.0
18296,2231,Winter Session,20,0,100.0
18297,2231,Monsoon Session,19,0,100.0
18298,2232,Budget Session,16,0,100.0
18299,2232,Winter Session,20,0,100.0
18300,2232,Monsoon Session,17,0,100.0
18301,2232,Budget Session,13,0,100.0
18302,2232,Budget Session,19,0,100.0
18303,2232,Winter Session,22,0,100.0
18304,2232,Budget Session,27,0,100.0
18305,2232,Special Session,3,0,100.0
18306,2232,Winter Session,12,0,100.0
18307,2232,Winter Session,10,0,100.0
18308,2232,Monsoon Session,21,0,100.0
18309,2232,Budget Session,11,0,100.0
18310,2232,Budget Session,21,0,100.0
18311,2232,Winter Session,20,0,100.0
18312,2232,Monsoon Session,19,0,100.0
18313,819,219th Part-2,17,0,100.0
18314,819,219th Part-1,15,0,100.0
18315,819,Winter Session,23,0,100.0
18316,819,Budget Session,26,0,100.0
18317,819,Special Session,4,0,100.0
18318,819,Budget Session,10,0,100.0
18319,819,214th Part2,10,0,100.0
18320,819,214th Part-1,6,0,100.0
18321,819,Budget Session,35,0,100.0
18322,819,Winter Session,17,0,100.0
18323,2233,Budget Session,22,0,100.0
18324,2233,Budget Session,8,0,100.0
18325,2233,Winter Session,13,0,100.0
18326,2233,Monsoon Session,19,0,100.0
18327,2233,Budget Session,21,0,100.0
18328,2233,Budget Session,8,0,100.0
18329,2233,Winter Session,21,0,100.0
18330,2233,Monsoon Session,20,0,100.0
18331,2233,Budget Session,15,0,100.0
18332,2233,Budget Session,16,0,100.0
18333,2233,Winter Session,20,0,100.0
18334,2233,Monsoon Session,17,0,100.0
18335,2233,Budget Session,13,0,100.0
18336,2233,Budget Session,19,0,100.0
18337,2233,Winter Session,22,0,100.0
18338,2233,Budget Session,27,0,100.0
18339,2233,Special Session,3,0,100.0
18340,2233,Winter Session,12,0,100.0
18341,2233,Winter Session,10,0,100.0
18342,2233,Monsoon Session,21,0,100.0
18343,2233,Budget Session,11,0,100.0
18344,2233,Budget Session,21,0,100.0
18345,2233,Winter Session,20,0,100.0
18346,2233,Monsoon Session,19,0,100.0
18347,2234,Budget Session,22,0,100.0
18348,2234,Budget Session,8,0,100.0
18349,2234,Winter Session,13,0,100.0
18350,2234,Monsoon Session,19,0,100.0
18351,2234,Budget Session,21,0,100.0
18352,2234,Budget Session,8,0,100.0
18353,2234,Winter Session,21,0,100.0
18354,2234,Monsoon Session,20,0,100.0
18355,2234,Budget Session,15,0,100.0
18356,2234,Budget Session,16,0,100.0
18357,2234,Winter Session,20,0,100.0
18358,2234,Monsoon Session,17,0,100.0
18359,2234,Budget Session,13,0,100.0
18360,2234,Budget Session,19,0,100.0
18361,2234,Winter Session,22,0,100.0
18362,2234,Budget Session,27,0,100.0
18363,2234,Special Session,3,0,100.0
18364,2234,Winter Session,12,0,100.0
18365,2234,Winter Session,10,0,100.0
18366,2234,Monsoon Session,21,0,100.0
18367,2234,Budget Session,11,0,100.0
18368,2234,Budget Session,21,0,100.0
18369,2234,Winter Session,20,0,100.0
18370,2234,Monsoon Session,19,0,100.0
18371,2235,Budget Session,22,0,100.0
18372,2235,Budget Session,8,0,100.0
18373,2235,Winter Session,13,0,100.0
18374,2235,Monsoon Session,19,0,100.0
18375,2235,Budget Session,21,0,100.0
18376,2235,Budget Session,8,0,100.0
18377,2235,Winter Session,21,0,100.0
18378,2235,Monsoon Session,20,0,100.0
18379,2235,Budget Session,15,0,100.0
18380,2235,Budget Session,16,0,100.0
18381,2235,Winter Session,20,0,100.0
18382,2235,Monsoon Session,17,0,100.0
18383,2235,Budget Session,13,0,100.0
18384,2235,Budget Session,19,0,100.0
18385,2235,Winter Session,22,0,100.0
18386,2235,Budget Session,27,0,100.0
18387,2235,Special Session,3,0,100.0
18388,2235,Winter Session,12,0,100.0
18389,2235,Winter Session,10,0,100.0
18390,2235,Monsoon Session,21,0,100.0
18391,2235,Budget Session,11,0,100.0
18392,2235,Budget Session,21,0,100.0
18393,2235,Winter Session,20,0,100.0
18394,2235,Monsoon Session,19,0,100.0
18395,302,Monsoon Session,26,0,100.0
18396,302,Budget Session,23,0,100.0
18397,302,Winter Session,23,0,100.0
18398,302,Monsoon Session,26,0,100.0
18399,302,219th Part-2,17,0,100.0
18400,302,219th Part-1,15,0,100.0
18401,302,Winter Session,23,0,100.0
18402,302,Budget Session,26,0,100.0
18403,302,Special Session,4,0,100.0
18404,302,Budget Session,10,0,100.0
18405,302,214th Part2,10,0,100.0
18406,302,214th Part-1,6,0,100.0
18407,302,Budget Session,35,0,100.0
18408,302,Winter Session,17,0,100.0
18409,2236,Winter Session,15,0,100.0
18410,2236,Monsoon Session,21,0,100.0
18411,2236,Budget Session,27,0,100.0
18412,2236,Winter Session,19,0,100.0
18413,2236,Monsoon Session,16,0,100.0
18414,2236,Special Session,5,0,100.0
18415,2236,Budget Session,9,0,100.0
18416,2236,Winter Session,15,0,100.0
18417,2236,Special Session,4,0,100.0
18418,2236,Monsoon Session,17,0,100.0
18419,2236,Budget Session,25,0,100.0
18420,2236,Winter Session,13,0,100.0
18421,2236,Monsoon Session,16,0,100.0
18422,2236,Budget Session,29,0,100.0
18423,2236,Winter Session,18,0,100.0
18424,2236,Budget Session,22,0,100.0
18425,2236,Budget Session,8,0,100.0
18426,2236,Winter Session,13,0,100.0
18427,2236,Monsoon Session,19,0,100.0
18428,2236,Budget Session,21,0,100.0
18429,2236,Budget Session,8,0,100.0
18430,2236,Winter Session,21,0,100.0
18431,2236,Monsoon Session,20,0,100.0
18432,2236,Budget Session,15,0,100.0
18433,2236,Budget Session,16,0,100.0
18434,2236,Winter Session,20,0,100.0
18435,2236,Monsoon Session,17,0,100.0
18436,2236,Budget Session,13,0,100.0
18437,2236,Budget Session,19,0,100.0
18438,2236,Winter Session,22,0,100.0
18439,2236,Budget Session,27,0,100.0
18440,2236,Special Session,3,0,100.0
18441,2236,Winter Session,12,0,100.0
18442,2236,Winter Session,10,0,100.0
18443,2236,Monsoon Session,21,0,100.0
18444,2236,Budget Session,11,0,100.0
18445,2236,Budget Session,21,0,100.0
18446,2237,Budget Session,15,0,100.0
18447,2237,Budget Session,16,0,100.0
18448,2237,Winter Session,20,0,100.0
18449,2237,Monsoon Session,17,0,100.0
18450,2237,Budget Session,13,0,100.0
18451,2237,Budget Session,19,0,100.0
18452,2237,Winter Session,22,0,100.0
18453,2237,Budget Session,27,0,100.0
18454,2237,Special Session,3,0,100.0
18455,2237,Winter Session,12,0,100.0
18456,2237,Winter Session,10,0,100.0
18457,2237,Monsoon Session,21,0,100.0
18458,2237,Budget Session,11,0,100.0
18459,2237,Budget Session,21,0,100.0
18460,2238,Budget Session,34,0,100.0
18461,2238,Winter Session,20,0,100.0
18462,2238,Monsoon Session,35,0,100.0
18463,2238,Budget Session,10,0,100.0
18464,2238,Winter Session,18,0,100.0
18465,2238,Monsoon Session,17,0,100.0
18466,2238,Budget Session,22,0,100.0
18467,2238,Budget Session,8,0,100.0
18468,2238,Winter Session,13,0,100.0
18469,2238,Monsoon Session,19,0,100.0
18470,2238,Budget Session,21,0,100.0
18471,2238,Budget Session,8,0,100.0
18472,2238,Winter Session,21,0,100.0
18473,2238,Monsoon Session,20,0,100.0
18474,2238,Budget Session,15,0,100.0
18475,2238,Budget Session,16,0,100.0
18476,2238,Winter Session,20,0,100.0
18477,2238,Monsoon Session,17,0,100.0
18478,2238,Budget Session,13,0,100.0
18479,2238,Budget Session,19,0,100.0
18480,2238,Winter Session,22,0,100.0
18481,2238,Budget Session,27,0,100.0
18482,2238,Special Session,3,0,100.0
18483,2238,Winter Session,12,0,100.0
18484,2238,Winter Session,10,0,100.0
18485,2238,Monsoon Session,21,0,100.0
18486,2238,Budget Session,11,0,100.0
18487,2240,Budget Session,10,0,100.0
18488,2240,Winter Session,18,0,100.0
18489,2240,Monsoon Session,17,0,100.0
18490,2240,Budget Session,22,0,100.0
18491,2240,Budget Session,8,0,100.0
18492,2240,Winter Session,13,0,100.0
18493,2240,Monsoon Session,19,0,100.0
18494,2240,Budget Session,21,0,100.0
18495,2240,Budget Session,8,0,100.0
18496,2240,Winter Session,21,0,100.0
18497,2240,Monsoon Session,20,0,100.0
18498,2240,Budget Session,15,0,100.0
18499,2240,Budget Session,16,0,100.0
18500,2240,Winter Session,20,0,100.0
18501,2240,Monsoon Session,17,0,100.0
18502,2240,Budget Session,13,0,100.0
18503,2240,Budget Session,19,0,100.0
18504,2240,Winter Session,22,0,100.0
18505,2240,Budget Session,27,0,100.0
18506,2240,Special Session,3,0,100.0
18507,2240,Winter Session,12,0,100.0
18508,2240,Winter Session,10,0,100.0
18509,2240,Monsoon Session,21,0,100.0
18510,2242,Monsoon Session,35,0,100.0
18511,2242,Budget Session,10,0,100.0
18512,2242,Winter Session,18,0,100.0
18513,2242,Monsoon Session,17,0,100.0
18514,2242,Budget Session,22,0,100.0
18515,2242,Budget Session,8,0,100.0
18516,2242,Winter Session,13,0,100.0
18517,2242,Monsoon Session,19,0,100.0
18518,2242,Budget Session,21,0,100.0
18519,2242,Budget Session,8,0,100.0
18520,2242,Winter Session,21,0,100.0
18521,2242,Monsoon Session,20,0,100.0
18522,2242,Budget Session,15,0,100.0
18523,2242,Budget Session,16,0,100.0
18524,2242,Winter Session,20,0,100.0
18525,2242,Monsoon Session,17,0,100.0
18526,2242,Budget Session,13,0,100.0
18527,2242,Budget Session,19,0,100.0
18528,2242,Winter Session,22,0,100.0
18529,2242,Budget Session,27,0,100.0
18530,2242,Special Session,3,0,100.0
18531,2242,Winter Session,12,0,100.0
18532,2242,Winter Session,10,0,100.0
18533,2242,Monsoon Session,21,0,100.0
18534,2243,Monsoon Session,35,0,100.0
18535,2243,Budget Session,10,0,100.0
18536,2243,Winter Session,18,0,100.0
18537,2243,Monsoon Session,17,0,100.0
18538,2243,Budget Session,22,0,100.0
18539,2243,Budget Session,8,0,100.0
18540,2243,Winter Session,13,0,100.0
18541,2243,Monsoon Session,19,0,100.0
18542,2243,Budget Session,21,0,100.0
18543,2243,Budget Session,8,0,100.0
18544,2243,Winter Session,21,0,100.0
18545,2243,Monsoon Session,20,0,100.0
18546,2243,Budget Session,15,0,100.0
18547,2243,Budget Session,16,0,100.0
18548,2243,Winter Session,20,0,100.0
18549,2243,Monsoon Session,17,0,100.0
18550,2243,Budget Session,13,0,100.0
18551,2243,Budget Session,19,0,100.0
18552,2243,Winter Session,22,0,100.0
18553,2243,Budget Session,27,0,100.0
18554,2243,Special Session,3,0,100.0
18555,2243,Winter Session,12,0,100.0
18556,2243,Winter Session,10,0,100.0
18557,2243,Monsoon Session,21,0,100.0
18558,2244,Monsoon Session,35,0,100.0
18559,2244,Budget Session,10,0,100.0
18560,2244,Winter Session,18,0,100.0
18561,2244,Monsoon Session,17,0,100.0
18562,2244,Budget Session,22,0,100.0
18563,2244,Budget Session,8,0,100.0
18564,2244,Winter Session,13,0,100.0
18565,2244,Monsoon Session,19,0,100.0
18566,2244,Budget Session,21,0,100.0
18567,2244,Budget Session,8,0,100.0
18568,2244,Winter Session,21,0,100.0
18569,2244,Monsoon Session,20,0,100.0
18570,2244,Budget Session,15,0,100.0
18571,2244,Budget Session,16,0,100.0
18572,2244,Winter Session,20,0,100.0
18573,2244,Monsoon Session,17,0,100.0
18574,2244,Budget Session,13,0,100.0
18575,2244,Budget Session,19,0,100.0
18576,2244,Winter Session,22,0,100.0
18577,2244,Budget Session,27,0,100.0
18578,2244,Special Session,3,0,100.0
18579,2244,Winter Session,12,0,100.0
18580,2244,Winter Session,10,0,100.0
18581,2244,Monsoon Session,21,0,100.0
18582,2245,Winter Session,15,0,100.0
18583,2245,Monsoon Session,21,0,100.0
18584,2245,Budget Session,27,0,100.0
18585,2245,Winter Session,19,0,100.0
18586,2245,Monsoon Session,16,0,100.0
18587,2245,Special Session,5,0,100.0
18588,2245,Budget Session,9,0,100.0
18589,2245,Winter Session,15,0,100.0
18590,2245,Special Session,4,0,100.0
18591,2245,Monsoon Session,17,0,100.0
18592,2245,Budget Session,25,0,100.0
18593,2245,Winter Session,13,0,100.0
18594,2245,Monsoon Session,16,0,100.0
18595,2245,Budget Session,22,0,100.0
18596,2245,Budget Session,8,0,100.0
18597,2245,Winter Session,13,0,100.0
18598,2245,Monsoon Session,19,0,100.0
18599,2245,Budget Session,21,0,100.0
18600,2245,Budget Session,8,0,100.0
18601,2245,Winter Session,21,0,100.0
18602,2245,Monsoon Session,20,0,100.0
18603,2245,Budget Session,15,0,100.0
18604,2245,Budget Session,16,0,100.0
18605,2245,Winter Session,20,0,100.0
18606,2245,Monsoon Session,17,0,100.0
18607,2245,Budget Session,13,0,100.0
18608,2245,Budget Session,19,0,100.0
18609,2245,Winter Session,22,0,100.0
18610,2245,Budget Session,27,0,100.0
18611,2245,Special Session,3,0,100.0
18612,2245,Winter Session,12,0,100.0
18613,2245,Winter Session,10,0,100.0
18614,2246,Budget Session,15,0,100.0
18615,2246,Budget Session,16,0,100.0
18616,2246,Winter Session,20,0,100.0
18617,2246,Monsoon Session,17,0,100.0
18618,2246,Budget Session,13,0,100.0
18619,2246,Budget Session,19,0,100.0
18620,2246,Winter Session,22,0,100.0
18621,2246,Budget Session,27,0,100.0
18622,2246,Special Session,3,0,100.0
18623,2246,Winter Session,12,0,100.0
18624,2246,Winter Session,10,0,100.0
18625,2247,Winter Session,15,0,100.0
18626,2247,Monsoon Session,21,0,100.0
18627,2247,Budget Session,27,0,100.0
18628,2247,Winter Session,19,0,100.0
18629,2247,Monsoon Session,16,0,100.0
18630,2247,Special Session,5,0,100.0
18631,2247,Budget Session,9,0,100.0
18632,2247,Winter Session,15,0,100.0
18633,2247,Special Session,4,0,100.0
18634,2247,Monsoon Session,17,0,100.0
18635,2247,Budget Session,25,0,100.0
18636,2247,Winter Session,13,0,100.0
18637,2247,Monsoon Session,16,0,100.0
18638,2247,Budget Session,29,0,100.0
18639,2247,Winter Session,18,0,100.0
18640,2247,Monsoon Session,17,0,100.0
18641,2247,Budget Session,33,0,100.0
18642,2247,Monsoon Session,18,0,100.0
18643,2247,Budget Session,34,0,100.0
18644,2247,Winter Session,20,0,100.0
18645,2247,Monsoon Session,35,0,100.0
18646,2247,Budget Session,10,0,100.0
18647,2247,Winter Session,18,0,100.0
18648,2247,Monsoon Session,17,0,100.0
18649,2247,Budget Session,22,0,100.0
18650,2247,Budget Session,8,0,100.0
18651,2247,Winter Session,13,0,100.0
18652,2247,Monsoon Session,19,0,100.0
18653,2247,Budget Session,21,0,100.0
18654,2247,Budget Session,8,0,100.0
18655,2247,Winter Session,21,0,100.0
18656,2247,Monsoon Session,20,0,100.0
18657,2247,Budget Session,15,0,100.0
18658,2247,Budget Session,16,0,100.0
18659,2247,Winter Session,20,0,100.0
18660,2247,Monsoon Session,17,0,100.0
18661,2247,Budget Session,13,0,100.0
18662,2247,Budget Session,19,0,100.0
18663,2247,Winter Session,22,0,100.0
18664,2247,Budget Session,27,0,100.0
18665,2247,Special Session,3,0,100.0
18666,2248,Winter Session,15,0,100.0
18667,2248,Monsoon Session,21,0,100.0
18668,2248,Budget Session,27,0,100.0
18669,2248,Winter Session,19,0,100.0
18670,2248,Monsoon Session,16,0,100.0
18671,2248,Special Session,5,0,100.0
18672,2248,Budget Session,9,0,100.0
18673,2248,Winter Session,15,0,100.0
18674,2248,Special Session,4,0,100.0
18675,2248,Monsoon Session,17,0,100.0
18676,2248,Budget Session,25,0,100.0
18677,2248,Winter Session,13,0,100.0
18678,2248,Monsoon Session,16,0,100.0
18679,2248,Budget Session,29,0,100.0
18680,2248,Winter Session,18,0,100.0
18681,2248,Monsoon Session,17,0,100.0
18682,2248,Budget Session,33,0,100.0
18683,2248,Monsoon Session,18,0,100.0
18684,2248,Budget Session,34,0,100.0
18685,2248,Budget Session,34,0,100.0
18686,2248,Winter Session,20,0,100.0
18687,2248,Monsoon Session,35,0,100.0
18688,2248,Budget Session,10,0,100.0
18689,2248,Winter Session,18,0,100.0
18690,2248,Monsoon Session,17,0,100.0
18691,2248,Budget Session,22,0,100.0
18692,2248,Budget Session,8,0,100.0
18693,2248,Winter Session,13,0,100.0
18694,2248,Monsoon Session,19,0,100.0
18695,2248,Budget Session,21,0,100.0
18696,2248,Budget Session,8,0,100.0
18697,2248,Winter Session,21,0,100.0
18698,2248,Monsoon Session,20,0,100.0
18699,2248,Budget Session,15,0,100.0
18700,2248,Budget Session,16,0,100.0
18701,2248,Winter Session,20,0,100.0
18702,2248,Monsoon Session,17,0,100.0
18703,2248,Budget Session,13,0,100.0
18704,2248,Budget Session,19,0,100.0
18705,2248,Winter Session,22,0,100.0
18706,2248,Budget Session,27,0,100.0
18707,2248,Special Session,3,0,100.0
18708,2249,Budget Session,34,0,100.0
18709,2249,Winter Session,20,0,100.0
18710,2249,Monsoon Session,35,0,100.0
18711,2249,Budget Session,10,0,100.0
18712,2249,Winter Session,18,0,100.0
18713,2249,Monsoon Session,17,0,100.0
18714,2249,Budget Session,22,0,100.0
18715,2249,Budget Session,8,0,100.0
18716,2249,Winter Session,13,0,100.0
18717,2249,Monsoon Session,19,0,100.0
18718,2249,Budget Session,21,0,100.0
18719,2249,Budget Session,8,0,100.0
18720,2249,Winter Session,21,0,100.0
18721,2249,Monsoon Session,20,0,100.0
18722,2249,Budget Session,15,0,100.0
18723,2249,Budget Session,16,0,100.0
18724,2249,Winter Session,20,0,100.0
18725,2249,Monsoon Session,17,0,100.0
18726,2249,Budget Session,13,0,100.0
18727,2249,Budget Session,19,0,100.0
18728,2249,Winter Session,22,0,100.0
18729,2249,Budget Session,27,0,100.0
18730,2249,Special Session,3,0,100.0
18731,2250,Budget Session,34,0,100.0
18732,2250,Winter Session,20,0,100.0
18733,2250,Monsoon Session,35,0,100.0
18734,2250,Budget Session,10,0,100.0
18735,2250,Winter Session,18,0,100.0
18736,2250,Monsoon Session,17,0,100.0
18737,2250,Budget Session,22,0,100.0
18738,2250,Budget Session,8,0,100.0
18739,2250,Winter Session,13,0,100.0
18740,2250,Monsoon Session,19,0,100.0
18741,2250,Budget Session,21,0,100.0
18742,2250,Budget Session,8,0,100.0
18743,2250,Winter Session,21,0,100.0
18744,2250,Monsoon Session,20,0,100.0
18745,2250,Budget Session,15,0,100.0
18746,2250,Budget Session,16,0,100.0
18747,2250,Winter Session,20,0,100.0
18748,2250,Monsoon Session,17,0,100.0
18749,2250,Budget Session,13,0,100.0
18750,2250,Budget Session,19,0,100.0
18751,2250,Winter Session,22,0,100.0
18752,2250,Budget Session,27,0,100.0
18753,2250,Special Session,3,0,100.0
18754,2251,Winter Session,15,0,100.0
18755,2251,Monsoon Session,21,0,100.0
18756,2251,Budget Session,27,0,100.0
18757,2251,Winter Session,19,0,100.0
18758,2251,Monsoon Session,16,0,100.0
18759,2251,Special Session,5,0,100.0
18760,2251,Budget Session,9,0,100.0
18761,2251,Winter Session,15,0,100.0
18762,2251,Special Session,4,0,100.0
18763,2251,Monsoon Session,17,0,100.0
18764,2251,Budget Session,25,0,100.0
18765,2251,Winter Session,13,0,100.0
18766,2251,Monsoon Session,16,0,100.0
18767,2251,Budget Session,29,0,100.0
18768,2251,Winter Session,18,0,100.0
18769,2251,Monsoon Session,17,0,100.0
18770,2251,Budget Session,33,0,100.0
18771,2251,Monsoon Session,18,0,100.0
18772,2251,Budget Session,34,0,100.0
18773,2251,Budget Session,34,0,100.0
18774,2251,Winter Session,20,0,100.0
18775,2251,Monsoon Session,35,0,100.0
18776,2251,Budget Session,10,0,100.0
18777,2251,Winter Session,18,0,100.0
18778,2251,Monsoon Session,17,0,100.0
18779,2251,Budget Session,22,0,100.0
18780,2251,Budget Session,8,0,100.0
18781,2251,Winter Session,13,0,100.0
18782,2251,Monsoon Session,19,0,100.0
18783,2251,Budget Session,21,0,100.0
18784,2251,Budget Session,8,0,100.0
18785,2251,Winter Session,21,0,100.0
18786,2251,Monsoon Session,20,0,100.0
18787,2251,Budget Session,15,0,100.0
18788,2251,Budget Session,16,0,100.0
18789,2251,Winter Session,20,0,100.0
18790,2251,Monsoon Session,17,0,100.0
18791,2251,Budget Session,13,0,100.0
18792,2251,Budget Session,19,0,100.0
18793,2251,Winter Session,22,0,100.0
18794,2251,Budget Session,27,0,100.0
18795,2251,Special Session,3,0,100.0
18796,2252,Budget Session,22,0,100.0
18797,2252,Budget Session,8,0,100.0
18798,2252,Winter Session,13,0,100.0
18799,2252,Monsoon Session,19,0,100.0
18800,2252,Budget Session,21,0,100.0
18801,2252,Budget Session,8,0,100.0
18802,2252,Winter Session,21,0,100.0
18803,2252,Monsoon Session,20,0,100.0
18804,2252,Budget Session,15,0,100.0
18805,2252,Budget Session,16,0,100.0
18806,2252,Winter Session,20,0,100.0
18807,2252,Monsoon Session,17,0,100.0
18808,2252,Budget Session,13,0,100.0
18809,2252,Budget Session,19,0,100.0
18810,2252,Winter Session,22,0,100.0
18811,2252,Budget Session,27,0,100.0
18812,2253,Budget Session,34,0,100.0
18813,2253,Winter Session,20,0,100.0
18814,2253,Monsoon Session,35,0,100.0
18815,2253,Budget Session,10,0,100.0
18816,2253,Winter Session,18,0,100.0
18817,2253,Monsoon Session,17,0,100.0
18818,2253,Budget Session,22,0,100.0
18819,2253,Budget Session,8,0,100.0
18820,2253,Winter Session,13,0,100.0
18821,2253,Monsoon Session,19,0,100.0
18822,2253,Budget Session,21,0,100.0
18823,2253,Budget Session,8,0,100.0
18824,2253,Winter Session,21,0,100.0
18825,2253,Monsoon Session,20,0,100.0
18826,2253,Budget Session,15,0,100.0
18827,2253,Budget Session,16,0,100.0
18828,2253,Winter Session,20,0,100.0
18829,2253,Monsoon Session,17,0,100.0
18830,2253,Budget Session,13,0,100.0
18831,2253,Budget Session,19,0,100.0
18832,2253,Winter Session,22,0,100.0
18833,2253,Budget Session,27,0,100.0
18834,2253,Special Session,3,0,100.0
18835,2254,Budget Session,34,0,100.0
18836,2254,Winter Session,20,0,100.0
18837,2254,Monsoon Session,35,0,100.0
18838,2254,Budget Session,10,0,100.0
18839,2254,Winter Session,18,0,100.0
18840,2254,Monsoon Session,17,0,100.0
18841,2254,Budget Session,22,0,100.0
18842,2254,Budget Session,8,0,100.0
18843,2254,Winter Session,13,0,100.0
18844,2254,Monsoon Session,19,0,100.0
18845,2254,Budget Session,21,0,100.0
18846,2254,Budget Session,8,0,100.0
18847,2254,Winter Session,21,0,100.0
18848,2254,Monsoon Session,20,0,100.0
18849,2254,Budget Session,15,0,100.0
18850,2254,Budget Session,16,0,100.0
18851,2254,Winter Session,20,0,100.0
18852,2254,Monsoon Session,17,0,100.0
18853,2254,Budget Session,13,0,100.0
18854,2254,Budget Session,19,0,100.0
18855,2254,Winter Session,22,0,100.0
18856,2254,Budget Session,27,0,100.0
18857,2254,Special Session,3,0,100.0
18858,2255,Budget Session,34,0,100.0
18859,2255,Winter Session,20,0,100.0
18860,2255,Monsoon Session,35,0,100.0
18861,2255,Budget Session,10,0,100.0
18862,2255,Winter Session,18,0,100.0
18863,2255,Monsoon Session,17,0,100.0
18864,2255,Budget Session,22,0,100.0
18865,2255,Budget Session,8,0,100.0
18866,2255,Winter Session,13,0,100.0
18867,2255,Monsoon Session,19,0,100.0
18868,2255,Budget Session,21,0,100.0
18869,2255,Budget Session,8,0,100.0
18870,2255,Winter Session,21,0,100.0
18871,2255,Monsoon Session,20,0,100.0
18872,2255,Budget Session,15,0,100.0
18873,2255,Budget Session,16,0,100.0
18874,2255,Winter Session,20,0,100.0
18875,2255,Monsoon Session,17,0,100.0
18876,2255,Budget Session,13,0,100.0
18877,2255,Budget Session,19,0,100.0
18878,2255,Winter Session,22,0,100.0
18879,2255,Budget Session,27,0,100.0
18880,2255,Special Session,3,0,100.0
18881,2256,Budget Session,34,0,100.0
18882,2256,Winter Session,20,0,100.0
18883,2256,Monsoon Session,35,0,100.0
18884,2256,Budget Session,10,0,100.0
18885,2256,Winter Session,18,0,100.0
18886,2256,Monsoon Session,17,0,100.0
18887,2256,Budget Session,22,0,100.0
18888,2256,Budget Session,8,0,100.0
18889,2256,Winter Session,13,0,100.0
18890,2256,Monsoon Session,19,0,100.0
18891,2256,Budget Session,21,0,100.0
18892,2256,Budget Session,8,0,100.0
18893,2256,Winter Session,21,0,100.0
18894,2256,Monsoon Session,20,0,100.0
18895,2256,Budget Session,15,0,100.0
18896,2256,Budget Session,16,0,100.0
18897,2256,Winter Session,20,0,100.0
18898,2256,Monsoon Session,17,0,100.0
18899,2256,Budget Session,13,0,100.0
18900,2256,Budget Session,19,0,100.0
18901,2256,Winter Session,22,0,100.0
18902,2256,Budget Session,27,0,100.0
18903,2256,Special Session,3,0,100.0
18904,844,Budget Session,34,0,100.0
18905,844,Winter Session,20,0,100.0
18906,844,Monsoon Session,35,0,100.0
18907,844,Budget Session,10,0,100.0
18908,844,Winter Session,18,0,100.0
18909,844,Monsoon Session,17,0,100.0
18910,844,Budget Session,22,0,100.0
18911,844,Budget Session,8,0,100.0
18912,844,Winter Session,13,0,100.0
18913,844,Monsoon Session,19,0,100.0
18914,844,Budget Session,21,0,100.0
18915,844,Budget Session,8,0,100.0
18916,844,Winter Session,21,0,100.0
18917,844,Monsoon Session,20,0,100.0
18918,844,Budget Session,15,0,100.0
18919,844,Budget Session,16,0,100.0
18920,844,Winter Session,20,0,100.0
18921,844,Monsoon Session,17,0,100.0
18922,844,Budget Session,13,0,100.0
18923,844,Budget Session,19,0,100.0
18924,844,Winter Session,22,0,100.0
18925,844,Budget Session,27,0,100.0
18926,844,Special Session,3,0,100.0
18927,844,Winter Session,12,0,100.0
18928,844,Winter Session,10,0,100.0
18929,844,Monsoon Session,21,0,100.0
18930,844,Budget Session,11,0,100.0
18931,844,Budget Session,21,0,100.0
18932,844,Winter Session,20,0,100.0
18933,844,Monsoon Session,19,0,100.0
18934,844,225th Part-2,21,0,100.0
18935,844,225th Part-1,14,0,100.0
18936,844,Winter Session,24,0,100.0
18937,844,Monsoon Session,26,0,100.0
18938,844,Budget Session,23,0,100.0
18939,844,Winter Session,23,0,100.0
18940,844,Monsoon Session,26,0,100.0
18941,844,219th Part-2,17,0,100.0
18942,844,219th Part-1,15,0,100.0
18943,844,Winter Session,23,0,100.0
18944,844,Budget Session,26,0,100.0
18945,844,Special Session,4,0,100.0
18946,844,Budget Session,10,0,100.0
18947,844,214th Part2,10,0,100.0
18948,844,214th Part-1,6,0,100.0
18949,844,Budget Session,35,0,100.0
18950,844,Winter Session,17,0,100.0
18951,2257,Budget Session,34,0,100.0
18952,2257,Winter Session,20,0,100.0
18953,2257,Monsoon Session,35,0,100.0
18954,2257,Budget Session,10,0,100.0
18955,2257,Winter Session,18,0,100.0
18956,2257,Monsoon Session,17,0,100.0
18957,2257,Budget Session,22,0,100.0
18958,2257,Budget Session,8,0,100.0
18959,2257,Winter Session,13,0,100.0
18960,2257,Monsoon Session,19,0,100.0
18961,2257,Budget Session,21,0,100.0
18962,2257,Budget Session,8,0,100.0
18963,2257,Winter Session,21,0,100.0
18964,2257,Monsoon Session,20,0,100.0
18965,2257,Budget Session,15,0,100.0
18966,2257,Budget Session,16,0,100.0
18967,2257,Winter Session,20,0,100.0
18968,2257,Monsoon Session,17,0,100.0
18969,2257,Budget Session,13,0,100.0
18970,2257,Budget Session,19,0,100.0
18971,2257,Winter Session,22,0,100.0
18972,2257,Budget Session,27,0,100.0
18973,2257,Special Session,3,0,100.0
18974,2258,Budget Session,34,0,100.0
18975,2258,Winter Session,20,0,100.0
18976,2258,Monsoon Session,35,0,100.0
18977,2258,Budget Session,10,0,100.0
18978,2258,Winter Session,18,0,100.0
18979,2258,Monsoon Session,17,0,100.0
18980,2258,Budget Session,22,0,100.0
18981,2258,Budget Session,8,0,100.0
18982,2258,Winter Session,13,0,100.0
18983,2258,Monsoon Session,19,0,100.0
18984,2258,Budget Session,21,0,100.0
18985,2258,Budget Session,8,0,100.0
18986,2258,Winter Session,21,0,100.0
18987,2258,Monsoon Session,20,0,100.0
18988,2258,Budget Session,15,0,100.0
18989,2258,Budget Session,16,0,100.0
18990,2258,Winter Session,20,0,100.0
18991,2258,Monsoon Session,17,0,100.0
18992,2258,Budget Session,13,0,100.0
18993,2258,Budget Session,19,0,100.0
18994,2258,Winter Session,22,0,100.0
18995,2258,Budget Session,27,0,100.0
18996,2258,Special Session,3,0,100.0
18997,1781,219th Part-2,17,0,100.0
18998,1781,219th Part-1,15,0,100.0
18999,1781,Winter Session,23,0,100.0
19000,1781,Budget Session,26,0,100.0
19001,1781,Special Session,4,0,100.0
19002,1781,Budget Session,10,0,100.0
19003,1781,214th Part2,10,0,100.0
19004,1781,214th Part-1,6,0,100.0
19005,1781,Budget Session,35,0,100.0
19006,1781,Winter Session,17,0,100.0
19007,325,219th Part-2,17,0,100.0
19008,325,219th Part-1,15,0,100.0
19009,325,Winter Session,23,0,100.0
19010,325,Budget Session,26,0,100.0
19011,325,Special Session,4,0,100.0
19012,325,Budget Session,10,0,100.0
19013,325,214th Part2,10,0,100.0
19014,325,214th Part-1,6,0,100.0
19015,325,Budget Session,35,0,100.0
19016,325,Winter Session,17,0,100.0
19017,2259,Budget Session,34,0,100.0
19018,2259,Winter Session,20,0,100.0
19019,2259,Monsoon Session,35,0,100.0
19020,2259,Budget Session,10,0,100.0
19021,2259,Winter Session,18,0,100.0
19022,2259,Monsoon Session,17,0,100.0
19023,2259,Budget Session,22,0,100.0
19024,2259,Budget Session,8,0,100.0
19025,2259,Winter Session,13,0,100.0
19026,2259,Monsoon Session,19,0,100.0
19027,2259,Budget Session,21,0,100.0
19028,2259,Budget Session,8,0,100.0
19029,2259,Winter Session,21,0,100.0
19030,2259,Monsoon Session,20,0,100.0
19031,2259,Budget Session,15,0,100.0
19032,2259,Budget Session,16,0,100.0
19033,2259,Winter Session,20,0,100.0
19034,2259,Monsoon Session,17,0,100.0
19035,2259,Budget Session,13,0,100.0
19036,2259,Budget Session,19,0,100.0
19037,2259,Winter Session,22,0,100.0
19038,2259,Budget Session,27,0,100.0
19039,2259,Special Session,3,0,100.0
19040,2260,Budget Session,34,0,100.0
19041,2260,Winter Session,20,0,100.0
19042,2260,Monsoon Session,35,0,100.0
19043,2260,Budget Session,10,0,100.0
19044,2260,Winter Session,18,0,100.0
19045,2260,Monsoon Session,17,0,100.0
19046,2260,Budget Session,22,0,100.0
19047,2260,Budget Session,8,0,100.0
19048,2260,Winter Session,13,0,100.0
19049,2260,Monsoon Session,19,0,100.0
19050,2260,Budget Session,21,0,100.0
19051,2260,Budget Session,8,0,100.0
19052,2260,Winter Session,21,0,100.0
19053,2260,Monsoon Session,20,0,100.0
19054,2260,Budget Session,15,0,100.0
19055,2260,Budget Session,16,0,100.0
19056,2260,Winter Session,20,0,100.0
19057,2260,Monsoon Session,17,0,100.0
19058,2260,Budget Session,13,0,100.0
19059,2260,Budget Session,19,0,100.0
19060,2260,Winter Session,22,0,100.0
19061,2260,Budget Session,27,0,100.0
19062,2260,Special Session,3,0,100.0
19063,2261,Budget Session,34,0,100.0
19064,2261,Winter Session,20,0,100.0
19065,2261,Monsoon Session,35,0,100.0
19066,2261,Budget Session,10,0,100.0
19067,2261,Winter Session,18,0,100.0
19068,2261,Monsoon Session,17,0,100.0
19069,2261,Budget Session,22,0,100.0
19070,2261,Budget Session,8,0,100.0
19071,2261,Winter Session,13,0,100.0
19072,2261,Monsoon Session,19,0,100.0
19073,2261,Budget Session,21,0,100.0
19074,2261,Budget Session,8,0,100.0
19075,2261,Winter Session,21,0,100.0
19076,2261,Monsoon Session,20,0,100.0
19077,2261,Budget Session,15,0,100.0
19078,2261,Budget Session,16,0,100.0
19079,2261,Winter Session,20,0,100.0
19080,2261,Monsoon Session,17,0,100.0
19081,2261,Budget Session,13,0,100.0
19082,2261,Budget Session,19,0,100.0
19083,2261,Winter Session,22,0,100.0
19084,2261,Budget Session,27,0,100.0
19085,2261,Special Session,3,0,100.0
19086,2262,Budget Session,34,0,100.0
19087,2262,Winter Session,20,0,100.0
19088,2262,Monsoon Session,35,0,100.0
19089,2262,Budget Session,10,0,100.0
19090,2262,Winter Session,18,0,100.0
19091,2262,Monsoon Session,17,0,100.0
19092,2262,Budget Session,22,0,100.0
19093,2262,Budget Session,8,0,100.0
19094,2262,Winter Session,13,0,100.0
19095,2262,Monsoon Session,19,0,100.0
19096,2262,Budget Session,21,0,100.0
19097,2262,Budget Session,8,0,100.0
19098,2262,Winter Session,21,0,100.0
19099,2262,Monsoon Session,20,0,100.0
19100,2262,Budget Session,15,0,100.0
19101,2262,Budget Session,16,0,100.0
19102,2262,Winter Session,20,0,100.0
19103,2262,Monsoon Session,17,0,100.0
19104,2262,Budget Session,13,0,100.0
19105,2262,Budget Session,19,0,100.0
19106,2262,Winter Session,22,0,100.0
19107,2262,Budget Session,27,0,100.0
19108,2262,Special Session,3,0,100.0
19109,2263,Winter Session,15,0,100.0
19110,2263,Monsoon Session,21,0,100.0
19111,2263,Budget Session,27,0,100.0
19112,2263,Winter Session,19,0,100.0
19113,2263,Budget Session,34,0,100.0
19114,2263,Winter Session,20,0,100.0
19115,2263,Monsoon Session,35,0,100.0
19116,2263,Budget Session,10,0,100.0
19117,2263,Winter Session,18,0,100.0
19118,2263,Monsoon Session,17,0,100.0
19119,2263,Budget Session,22,0,100.0
19120,2263,Budget Session,8,0,100.0
19121,2263,Winter Session,13,0,100.0
19122,2263,Monsoon Session,19,0,100.0
19123,2263,Budget Session,21,0,100.0
19124,2263,Budget Session,8,0,100.0
19125,2263,Winter Session,21,0,100.0
19126,2263,Monsoon Session,20,0,100.0
19127,2263,Budget Session,15,0,100.0
19128,2263,Budget Session,16,0,100.0
19129,2263,Winter Session,20,0,100.0
19130,2263,Monsoon Session,17,0,100.0
19131,2263,Budget Session,13,0,100.0
19132,2263,Budget Session,19,0,100.0
19133,2263,Winter Session,22,0,100.0
19134,2263,Budget Session,27,0,100.0
19135,2263,Special Session,3,0,100.0
19136,2264,Budget Session,34,0,100.0
19137,2264,Winter Session,20,0,100.0
19138,2264,Monsoon Session,35,0,100.0
19139,2264,Budget Session,10,0,100.0
19140,2264,Winter Session,18,0,100.0
19141,2264,Monsoon Session,17,0,100.0
19142,2264,Budget Session,22,0,100.0
19143,2264,Budget Session,8,0,100.0
19144,2264,Winter Session,13,0,100.0
19145,2264,Monsoon Session,19,0,100.0
19146,2264,Budget Session,21,0,100.0
19147,2264,Budget Session,8,0,100.0
19148,2264,Winter Session,21,0,100.0
19149,2264,Monsoon Session,20,0,100.0
19150,2264,Budget Session,15,0,100.0
19151,2264,Budget Session,16,0,100.0
19152,2264,Winter Session,20,0,100.0
19153,2264,Monsoon Session,17,0,100.0
19154,2264,Budget Session,13,0,100.0
19155,2264,Budget Session,19,0,100.0
19156,2264,Winter Session,22,0,100.0
19157,2264,Budget Session,27,0,100.0
19158,2264,Special Session,3,0,100.0
19159,2265,Budget Session,34,0,100.0
19160,2265,Winter Session,20,0,100.0
19161,2265,Monsoon Session,35,0,100.0
19162,2265,Budget Session,10,0,100.0
19163,2265,Winter Session,18,0,100.0
19164,2265,Monsoon Session,17,0,100.0
19165,2265,Budget Session,22,0,100.0
19166,2265,Budget Session,8,0,100.0
19167,2265,Winter Session,13,0,100.0
19168,2265,Monsoon Session,19,0,100.0
19169,2265,Budget Session,21,0,100.0
19170,2265,Budget Session,8,0,100.0
19171,2265,Winter Session,21,0,100.0
19172,2265,Monsoon Session,20,0,100.0
19173,2265,Budget Session,15,0,100.0
19174,2265,Budget Session,16,0,100.0
19175,2265,Winter Session,20,0,100.0
19176,2265,Monsoon Session,17,0,100.0
19177,2265,Budget Session,13,0,100.0
19178,2265,Budget Session,19,0,100.0
19179,2265,Winter Session,22,0,100.0
19180,2265,Budget Session,27,0,100.0
19181,2265,Special Session,3,0,100.0
19182,2267,Budget Session,34,0,100.0
19183,2267,Winter Session,20,0,100.0
19184,2267,Monsoon Session,35,0,100.0
19185,2267,Budget Session,10,0,100.0
19186,2267,Winter Session,18,0,100.0
19187,2267,Monsoon Session,17,0,100.0
19188,2267,Budget Session,22,0,100.0
19189,2267,Budget Session,8,0,100.0
19190,2267,Winter Session,13,0,100.0
19191,2267,Monsoon Session,19,0,100.0
19192,2267,Budget Session,21,0,100.0
19193,2267,Budget Session,8,0,100.0
19194,2267,Winter Session,21,0,100.0
19195,2267,Monsoon Session,20,0,100.0
19196,2267,Budget Session,15,0,100.0
19197,2267,Budget Session,16,0,100.0
19198,2267,Winter Session,20,0,100.0
19199,2267,Monsoon Session,17,0,100.0
19200,2267,Budget Session,13,0,100.0
19201,2267,Budget Session,19,0,100.0
19202,2267,Winter Session,22,0,100.0
19203,2267,Budget Session,27,0,100.0
19204,2267,Special Session,3,0,100.0
19205,2268,Winter Session,15,0,100.0
19206,2268,Monsoon Session,21,0,100.0
19207,2268,Budget Session,27,0,100.0
19208,2268,Winter Session,19,0,100.0
19209,2268,Monsoon Session,16,0,100.0
19210,2268,Special Session,5,0,100.0
19211,2268,Budget Session,9,0,100.0
19212,2268,Winter Session,15,0,100.0
19213,2268,Special Session,4,0,100.0
19214,2268,Monsoon Session,17,0,100.0
19215,2268,Budget Session,25,0,100.0
19216,2268,Winter Session,13,0,100.0
19217,2268,Monsoon Session,16,0,100.0
19218,2268,Budget Session,29,0,100.0
19219,2268,Winter Session,18,0,100.0
19220,2268,Monsoon Session,17,0,100.0
19221,2268,Budget Session,33,0,100.0
19222,2268,Monsoon Session,18,0,100.0
19223,2268,Budget Session,34,0,100.0
19224,2268,Winter Session,20,0,100.0
19225,2268,Monsoon Session,35,0,100.0
19226,2268,Budget Session,10,0,100.0
19227,2268,Winter Session,18,0,100.0
19228,2268,Monsoon Session,17,0,100.0
19229,2268,Budget Session,22,0,100.0
19230,2268,Budget Session,8,0,100.0
19231,2268,Winter Session,13,0,100.0
19232,2268,Monsoon Session,19,0,100.0
19233,2268,Budget Session,21,0,100.0
19234,2268,Budget Session,8,0,100.0
19235,2268,Winter Session,21,0,100.0
19236,2268,Monsoon Session,20,0,100.0
19237,2268,Budget Session,15,0,100.0
19238,2268,Budget Session,16,0,100.0
19239,2268,Winter Session,20,0,100.0
19240,2268,Monsoon Session,17,0,100.0
19241,2268,Budget Session,13,0,100.0
19242,2268,Budget Session,19,0,100.0
19243,2268,Winter Session,22,0,100.0
19244,2268,Budget Session,27,0,100.0
19245,2268,Special Session,3,0,100.0
19246,2269,Winter Session,15,0,100.0
19247,2269,Monsoon Session,21,0,100.0
19248,2269,Budget Session,27,0,100.0
19249,2269,Winter Session,19,0,100.0
19250,2269,Monsoon Session,16,0,100.0
19251,2269,Special Session,5,0,100.0
19252,2269,Budget Session,9,0,100.0
19253,2269,Winter Session,15,0,100.0
19254,2269,Special Session,4,0,100.0
19255,2269,Monsoon Session,17,0,100.0
19256,2269,Budget Session,25,0,100.0
19257,2269,Winter Session,13,0,100.0
19258,2269,Monsoon Session,16,0,100.0
19259,2269,Budget Session,29,0,100.0
19260,2269,Winter Session,18,0,100.0
19261,2269,Monsoon Session,17,0,100.0
19262,2269,Budget Session,33,0,100.0
19263,2269,Monsoon Session,18,0,100.0
19264,2269,Budget Session,34,0,100.0
19265,2269,Winter Session,20,0,100.0
19266,2269,Monsoon Session,35,0,100.0
19267,2269,Budget Session,10,0,100.0
19268,2269,Winter Session,18,0,100.0
19269,2269,Monsoon Session,17,0,100.0
19270,2269,Budget Session,22,0,100.0
19271,2269,Budget Session,8,0,100.0
19272,2269,Winter Session,13,0,100.0
19273,2269,Monsoon Session,19,0,100.0
19274,2269,Budget Session,21,0,100.0
19275,2269,Budget Session,8,0,100.0
19276,2269,Winter Session,21,0,100.0
19277,2269,Monsoon Session,20,0,100.0
19278,2269,Budget Session,15,0,100.0
19279,2269,Budget Session,16,0,100.0
19280,2269,Winter Session,20,0,100.0
19281,2269,Monsoon Session,17,0,100.0
19282,2269,Budget Session,13,0,100.0
19283,2269,Budget Session,19,0,100.0
19284,2269,Winter Session,22,0,100.0
19285,2269,Budget Session,27,0,100.0
19286,2269,Special Session,3,0,100.0
19287,2270,Budget Session,34,0,100.0
19288,2270,Winter Session,20,0,100.0
19289,2270,Monsoon Session,35,0,100.0
19290,2270,Budget Session,10,0,100.0
19291,2270,Winter Session,18,0,100.0
19292,2270,Monsoon Session,17,0,100.0
19293,2270,Budget Session,22,0,100.0
19294,2270,Budget Session,8,0,100.0
19295,2270,Winter Session,13,0,100.0
19296,2270,Monsoon Session,19,0,100.0
19297,2270,Budget Session,21,0,100.0
19298,2270,Budget Session,8,0,100.0
19299,2270,Winter Session,21,0,100.0
19300,2270,Monsoon Session,20,0,100.0
19301,2270,Budget Session,15,0,100.0
19302,2270,Budget Session,16,0,100.0
19303,2270,Winter Session,20,0,100.0
19304,2270,Monsoon Session,17,0,100.0
19305,2270,Budget Session,13,0,100.0
19306,2270,Budget Session,19,0,100.0
19307,2270,Winter Session,22,0,100.0
19308,2270,Budget Session,27,0,100.0
19309,2270,Special Session,3,0,100.0
19310,2271,Budget Session,34,0,100.0
19311,2271,Winter Session,20,0,100.0
19312,2271,Monsoon Session,35,0,100.0
19313,2271,Budget Session,10,0,100.0
19314,2271,Winter Session,18,0,100.0
19315,2271,Monsoon Session,17,0,100.0
19316,2271,Budget Session,22,0,100.0
19317,2271,Budget Session,8,0,100.0
19318,2271,Winter Session,13,0,100.0
19319,2271,Monsoon Session,19,0,100.0
19320,2271,Budget Session,21,0,100.0
19321,2271,Budget Session,8,0,100.0
19322,2271,Winter Session,21,0,100.0
19323,2271,Monsoon Session,20,0,100.0
19324,2271,Budget Session,15,0,100.0
19325,2271,Budget Session,16,0,100.0
19326,2271,Winter Session,20,0,100.0
19327,2271,Monsoon Session,17,0,100.0
19328,2271,Budget Session,13,0,100.0
19329,2271,Budget Session,19,0,100.0
19330,2271,Winter Session,22,0,100.0
19331,2271,Budget Session,27,0,100.0
19332,2271,Special Session,3,0,100.0
19333,1794,Winter Session,22,0,100.0
19334,1794,Budget Session,27,0,100.0
19335,1794,Special Session,3,0,100.0
19336,1794,Winter Session,12,0,100.0
19337,1794,Winter Session,10,0,100.0
19338,1794,Monsoon Session,21,0,100.0
19339,1794,Budget Session,11,0,100.0
19340,1794,Budget Session,21,0,100.0
19341,1794,Winter Session,20,0,100.0
19342,1794,Monsoon Session,19,0,100.0
19343,1794,225th Part-2,21,0,100.0
19344,1794,225th Part-1,14,0,100.0
19345,1794,Winter Session,24,0,100.0
19346,1794,Monsoon Session,26,0,100.0
19347,1794,Budget Session,23,0,100.0
19348,1794,Winter Session,23,0,100.0
19349,1794,Monsoon Session,26,0,100.0
19350,1794,219th Part-2,17,0,100.0
19351,1794,219th Part-1,15,0,100.0
19352,1794,Winter Session,23,0,100.0
19353,1794,Budget Session,26,0,100.0
19354,1794,Special Session,4,0,100.0
19355,1794,Budget Session,10,0,100.0
19356,1794,214th Part-1,6,0,100.0
19357,1794,Budget Session,35,0,100.0
19358,1794,Winter Session,17,0,100.0
19359,2272,Budget Session,34,0,100.0
19360,2272,Winter Session,20,0,100.0
19361,2272,Monsoon Session,35,0,100.0
19362,2272,Budget Session,10,0,100.0
19363,2272,Winter Session,18,0,100.0
19364,2272,Monsoon Session,17,0,100.0
19365,2272,Budget Session,22,0,100.0
19366,2272,Budget Session,8,0,100.0
19367,2272,Winter Session,13,0,100.0
19368,2272,Monsoon Session,19,0,100.0
19369,2272,Budget Session,21,0,100.0
19370,2272,Budget Session,8,0,100.0
19371,2272,Winter Session,21,0,100.0
19372,2272,Monsoon Session,20,0,100.0
19373,2272,Budget Session,15,0,100.0
19374,2272,Budget Session,16,0,100.0
19375,2272,Winter Session,20,0,100.0
19376,2272,Monsoon Session,17,0,100.0
19377,2272,Budget Session,13,0,100.0
19378,2272,Budget Session,19,0,100.0
19379,2272,Winter Session,22,0,100.0
19380,2272,Budget Session,27,0,100.0
19381,2272,Special Session,3,0,100.0
19382,2273,Budget Session,34,0,100.0
19383,2273,Winter Session,20,0,100.0
19384,2273,Monsoon Session,35,0,100.0
19385,2273,Budget Session,10,0,100.0
19386,2273,Winter Session,18,0,100.0
19387,2273,Monsoon Session,17,0,100.0
19388,2273,Budget Session,22,0,100.0
19389,2273,Budget Session,8,0,100.0
19390,2273,Winter Session,13,0,100.0
19391,2273,Monsoon Session,19,0,100.0
19392,2273,Budget Session,21,0,100.0
19393,2273,Budget Session,8,0,100.0
19394,2273,Winter Session,21,0,100.0
19395,2273,Monsoon Session,20,0,100.0
19396,2273,Budget Session,15,0,100.0
19397,2273,Budget Session,16,0,100.0
19398,2273,Winter Session,20,0,100.0
19399,2273,Monsoon Session,17,0,100.0
19400,2273,Budget Session,13,0,100.0
19401,2273,Budget Session,19,0,100.0
19402,2273,Winter Session,22,0,100.0
19403,2273,Budget Session,27,0,100.0
19404,2273,Special Session,3,0,100.0
19405,2274,Budget Session,34,0,100.0
19406,2274,Winter Session,20,0,100.0
19407,2274,Monsoon Session,35,0,100.0
19408,2274,Budget Session,10,0,100.0
19409,2274,Winter Session,18,0,100.0
19410,2274,Monsoon Session,17,0,100.0
19411,2274,Budget Session,22,0,100.0
19412,2274,Budget Session,8,0,100.0
19413,2274,Winter Session,13,0,100.0
19414,2274,Monsoon Session,19,0,100.0
19415,2274,Budget Session,21,0,100.0
19416,2274,Budget Session,8,0,100.0
19417,2274,Winter Session,21,0,100.0
19418,2274,Monsoon Session,20,0,100.0
19419,2274,Budget Session,15,0,100.0
19420,2274,Budget Session,16,0,100.0
19421,2274,Winter Session,20,0,100.0
19422,2274,Monsoon Session,17,0,100.0
19423,2274,Budget Session,13,0,100.0
19424,2274,Budget Session,19,0,100.0
19425,2274,Winter Session,22,0,100.0
19426,2274,Budget Session,27,0,100.0
19427,2274,Special Session,3,0,100.0
19428,2275,Budget Session,34,0,100.0
19429,2275,Winter Session,20,0,100.0
19430,2275,Monsoon Session,35,0,100.0
19431,2275,Budget Session,10,0,100.0
19432,2275,Winter Session,18,0,100.0
19433,2275,Monsoon Session,17,0,100.0
19434,2275,Budget Session,22,0,100.0
19435,2275,Budget Session,8,0,100.0
19436,2275,Winter Session,13,0,100.0
19437,2275,Monsoon Session,19,0,100.0
19438,2275,Budget Session,21,0,100.0
19439,2275,Budget Session,8,0,100.0
19440,2275,Winter Session,21,0,100.0
19441,2275,Monsoon Session,20,0,100.0
19442,2275,Budget Session,15,0,100.0
19443,2275,Budget Session,16,0,100.0
19444,2275,Winter Session,20,0,100.0
19445,2275,Monsoon Session,17,0,100.0
19446,2275,Budget Session,13,0,100.0
19447,2275,Budget Session,19,0,100.0
19448,2275,Winter Session,22,0,100.0
19449,2275,Budget Session,27,0,100.0
19450,2275,Special Session,3,0,100.0
19451,2276,Budget Session,34,0,100.0
19452,2276,Winter Session,20,0,100.0
19453,2276,Monsoon Session,35,0,100.0
19454,2276,Budget Session,10,0,100.0
19455,2276,Winter Session,18,0,100.0
19456,2276,Monsoon Session,17,0,100.0
19457,2276,Budget Session,22,0,100.0
19458,2276,Budget Session,8,0,100.0
19459,2276,Winter Session,13,0,100.0
19460,2276,Monsoon Session,19,0,100.0
19461,2276,Budget Session,21,0,100.0
19462,2276,Budget Session,8,0,100.0
19463,2276,Winter Session,21,0,100.0
19464,2276,Monsoon Session,20,0,100.0
19465,2276,Budget Session,15,0,100.0
19466,2276,Budget Session,16,0,100.0
19467,2276,Winter Session,20,0,100.0
19468,2276,Monsoon Session,17,0,100.0
19469,2276,Budget Session,13,0,100.0
19470,2276,Budget Session,19,0,100.0
19471,2276,Winter Session,22,0,100.0
19472,2276,Budget Session,27,0,100.0
19473,2276,Special Session,3,0,100.0
19474,2277,Budget Session,34,0,100.0
19475,2277,Winter Session,20,0,100.0
19476,2277,Monsoon Session,35,0,100.0
19477,2277,Budget Session,10,0,100.0
19478,2277,Winter Session,18,0,100.0
19479,2277,Monsoon Session,17,0,100.0
19480,2277,Budget Session,22,0,100.0
19481,2277,Budget Session,8,0,100.0
19482,2277,Winter Session,13,0,100.0
19483,2277,Monsoon Session,19,0,100.0
19484,2277,Budget Session,21,0,100.0
19485,2277,Budget Session,8,0,100.0
19486,2277,Winter Session,21,0,100.0
19487,2277,Monsoon Session,20,0,100.0
19488,2277,Budget Session,15,0,100.0
19489,2277,Budget Session,16,0,100.0
19490,2277,Winter Session,20,0,100.0
19491,2277,Monsoon Session,17,0,100.0
19492,2277,Budget Session,13,0,100.0
19493,2277,Budget Session,19,0,100.0
19494,2277,Winter Session,22,0,100.0
19495,2277,Budget Session,27,0,100.0
19496,2277,Special Session,3,0,100.0
19497,2278,Budget Session,34,0,100.0
19498,2278,Winter Session,20,0,100.0
19499,2278,Monsoon Session,35,0,100.0
19500,2278,Budget Session,10,0,100.0
19501,2278,Winter Session,18,0,100.0
19502,2278,Monsoon Session,17,0,100.0
19503,2278,Budget Session,22,0,100.0
19504,2278,Budget Session,8,0,100.0
19505,2278,Winter Session,13,0,100.0
19506,2278,Monsoon Session,19,0,100.0
19507,2278,Budget Session,21,0,100.0
19508,2278,Budget Session,8,0,100.0
19509,2278,Winter Session,21,0,100.0
19510,2278,Monsoon Session,20,0,100.0
19511,2278,Budget Session,15,0,100.0
19512,2278,Budget Session,16,0,100.0
19513,2278,Winter Session,20,0,100.0
19514,2278,Monsoon Session,17,0,100.0
19515,2278,Budget Session,13,0,100.0
19516,2278,Budget Session,19,0,100.0
19517,2278,Winter Session,22,0,100.0
19518,2278,Budget Session,27,0,100.0
19519,2278,Special Session,3,0,100.0
19520,2279,Winter Session,15,0,100.0
19521,2279,Monsoon Session,21,0,100.0
19522,2279,Budget Session,27,0,100.0
19523,2279,Winter Session,19,0,100.0
19524,2279,Monsoon Session,16,0,100.0
19525,2279,Special Session,5,0,100.0
19526,2279,Budget Session,9,0,100.0
19527,2279,Winter Session,15,0,100.0
19528,2279,Special Session,4,0,100.0
19529,2279,Monsoon Session,17,0,100.0
19530,2279,Budget Session,25,0,100.0
19531,2279,Winter Session,13,0,100.0
19532,2279,Monsoon Session,16,0,100.0
19533,2279,Budget Session,29,0,100.0
19534,2279,Winter Session,18,0,100.0
19535,2279,Monsoon Session,17,0,100.0
19536,2279,Budget Session,33,0,100.0
19537,2279,Monsoon Session,18,0,100.0
19538,2279,Budget Session,34,0,100.0
19539,2279,Winter Session,20,0,100.0
19540,2279,Monsoon Session,35,0,100.0
19541,2279,Budget Session,10,0,100.0
19542,2279,Winter Session,18,0,100.0
19543,2279,Monsoon Session,17,0,100.0
19544,2279,Budget Session,22,0,100.0
19545,2279,Budget Session,8,0,100.0
19546,2279,Winter Session,13,0,100.0
19547,2279,Monsoon Session,19,0,100.0
19548,2279,Budget Session,21,0,100.0
19549,2279,Budget Session,8,0,100.0
19550,2279,Winter Session,21,0,100.0
19551,2279,Monsoon Session,20,0,100.0
19552,2279,Budget Session,15,0,100.0
19553,2279,Budget Session,16,0,100.0
19554,2279,Winter Session,20,0,100.0
19555,2279,Monsoon Session,17,0,100.0
19556,2279,Budget Session,13,0,100.0
19557,2279,Budget Session,19,0,100.0
19558,2279,Winter Session,22,0,100.0
19559,2279,Budget Session,27,0,100.0
19560,2279,Special Session,3,0,100.0
19561,2280,Budget Session,34,0,100.0
19562,2280,Winter Session,20,0,100.0
19563,2280,Monsoon Session,35,0,100.0
19564,2280,Budget Session,10,0,100.0
19565,2280,Winter Session,18,0,100.0
19566,2280,Monsoon Session,17,0,100.0
19567,2280,Budget Session,22,0,100.0
19568,2280,Budget Session,8,0,100.0
19569,2280,Winter Session,13,0,100.0
19570,2280,Monsoon Session,19,0,100.0
19571,2280,Budget Session,21,0,100.0
19572,2280,Budget Session,8,0,100.0
19573,2280,Winter Session,21,0,100.0
19574,2280,Monsoon Session,20,0,100.0
19575,2280,Budget Session,15,0,100.0
19576,2280,Budget Session,16,0,100.0
19577,2280,Winter Session,20,0,100.0
19578,2280,Monsoon Session,17,0,100.0
19579,2280,Budget Session,13,0,100.0
19580,2280,Budget Session,19,0,100.0
19581,2280,Winter Session,22,0,100.0
19582,2280,Budget Session,27,0,100.0
19583,2280,Special Session,3,0,100.0
19584,2281,Budget Session,34,0,100.0
19585,2281,Winter Session,20,0,100.0
19586,2281,Monsoon Session,35,0,100.0
19587,2281,Budget Session,10,0,100.0
19588,2281,Winter Session,18,0,100.0
19589,2281,Monsoon Session,17,0,100.0
19590,2281,Budget Session,22,0,100.0
19591,2281,Budget Session,8,0,100.0
19592,2281,Winter Session,13,0,100.0
19593,2281,Monsoon Session,19,0,100.0
19594,2281,Budget Session,21,0,100.0
19595,2281,Budget Session,8,0,100.0
19596,2281,Winter Session,21,0,100.0
19597,2281,Monsoon Session,20,0,100.0
19598,2281,Budget Session,15,0,100.0
19599,2281,Budget Session,16,0,100.0
19600,2281,Winter Session,20,0,100.0
19601,2281,Monsoon Session,17,0,100.0
19602,2281,Budget Session,13,0,100.0
19603,2281,Budget Session,19,0,100.0
19604,2281,Winter Session,22,0,100.0
19605,2281,Budget Session,27,0,100.0
19606,2281,Special Session,3,0,100.0
19607,2282,Budget Session,34,0,100.0
19608,2282,Winter Session,20,0,100.0
19609,2282,Monsoon Session,35,0,100.0
19610,2282,Budget Session,10,0,100.0
19611,2282,Winter Session,18,0,100.0
19612,2282,Monsoon Session,17,0,100.0
19613,2282,Budget Session,22,0,100.0
19614,2282,Budget Session,8,0,100.0
19615,2282,Winter Session,13,0,100.0
19616,2282,Monsoon Session,19,0,100.0
19617,2282,Budget Session,21,0,100.0
19618,2282,Budget Session,8,0,100.0
19619,2282,Winter Session,21,0,100.0
19620,2282,Monsoon Session,20,0,100.0
19621,2282,Budget Session,15,0,100.0
19622,2282,Budget Session,16,0,100.0
19623,2282,Winter Session,20,0,100.0
19624,2282,Monsoon Session,17,0,100.0
19625,2282,Budget Session,13,0,100.0
19626,2282,Budget Session,19,0,100.0
19627,2282,Winter Session,22,0,100.0
19628,2282,Budget Session,27,0,100.0
19629,2282,Special Session,3,0,100.0
19630,2283,Budget Session,34,0,100.0
19631,2283,Winter Session,20,0,100.0
19632,2283,Monsoon Session,35,0,100.0
19633,2283,Budget Session,10,0,100.0
19634,2283,Winter Session,18,0,100.0
19635,2283,Monsoon Session,17,0,100.0
19636,2283,Budget Session,22,0,100.0
19637,2283,Budget Session,8,0,100.0
19638,2283,Winter Session,13,0,100.0
19639,2283,Monsoon Session,19,0,100.0
19640,2283,Budget Session,21,0,100.0
19641,2283,Budget Session,8,0,100.0
19642,2283,Winter Session,21,0,100.0
19643,2283,Monsoon Session,20,0,100.0
19644,2283,Budget Session,15,0,100.0
19645,2283,Budget Session,16,0,100.0
19646,2283,Winter Session,20,0,100.0
19647,2283,Monsoon Session,17,0,100.0
19648,2283,Budget Session,13,0,100.0
19649,2283,Budget Session,19,0,100.0
19650,2283,Winter Session,22,0,100.0
19651,2283,Budget Session,27,0,100.0
19652,2283,Special Session,3,0,100.0
19653,870,Winter Session,15,0,100.0
19654,870,Monsoon Session,21,0,100.0
19655,870,Budget Session,27,0,100.0
19656,870,Winter Session,19,0,100.0
19657,870,Monsoon Session,16,0,100.0
19658,870,Special Session,5,0,100.0
19659,870,Budget Session,9,0,100.0
19660,870,Winter Session,15,0,100.0
19661,870,Special Session,4,0,100.0
19662,870,Monsoon Session,17,0,100.0
19663,870,Budget Session,25,0,100.0
19664,870,Winter Session,13,0,100.0
19665,870,Monsoon Session,16,0,100.0
19666,870,Budget Session,29,0,100.0
19667,870,Winter Session,18,0,100.0
19668,870,Monsoon Session,17,0,100.0
19669,870,Budget Session,33,0,100.0
19670,870,Monsoon Session,18,0,100.0
19671,2284,Budget Session,34,0,100.0
19672,2284,Winter Session,20,0,100.0
19673,2284,Monsoon Session,35,0,100.0
19674,2284,Budget Session,10,0,100.0
19675,2284,Winter Session,18,0,100.0
19676,2284,Monsoon Session,17,0,100.0
19677,2284,Budget Session,22,0,100.0
19678,2284,Budget Session,8,0,100.0
19679,2284,Winter Session,13,0,100.0
19680,2284,Monsoon Session,19,0,100.0
19681,2284,Budget Session,21,0,100.0
19682,2284,Budget Session,8,0,100.0
19683,2284,Winter Session,21,0,100.0
19684,2284,Monsoon Session,20,0,100.0
19685,2284,Budget Session,15,0,100.0
19686,2284,Budget Session,16,0,100.0
19687,2284,Winter Session,20,0,100.0
19688,2284,Monsoon Session,17,0,100.0
19689,2284,Budget Session,13,0,100.0
19690,2284,Budget Session,19,0,100.0
19691,2284,Winter Session,22,0,100.0
19692,2284,Budget Session,27,0,100.0
19693,2285,Budget Session,29,0,100.0
19694,2285,Winter Session,18,0,100.0
19695,2285,Monsoon Session,17,0,100.0
19696,2285,Budget Session,33,0,100.0
19697,2285,Monsoon Session,18,0,100.0
19698,2285,Budget Session,34,0,100.0
19699,2285,Winter Session,20,0,100.0
19700,2285,Monsoon Session,35,0,100.0
19701,2285,Budget Session,10,0,100.0
19702,2285,Winter Session,18,0,100.0
19703,2285,Monsoon Session,17,0,100.0
19704,2285,Budget Session,22,0,100.0
19705,2285,Budget Session,8,0,100.0
19706,2285,Winter Session,13,0,100.0
19707,2285,Monsoon Session,19,0,100.0
19708,2285,Budget Session,21,0,100.0
19709,2285,Budget Session,8,0,100.0
19710,2285,Winter Session,21,0,100.0
19711,2285,Monsoon Session,20,0,100.0
19712,2285,Budget Session,15,0,100.0
19713,2285,Budget Session,16,0,100.0
19714,2285,Winter Session,20,0,100.0
19715,2285,Monsoon Session,17,0,100.0
19716,2285,Budget Session,13,0,100.0
19717,2285,Budget Session,19,0,100.0
19718,2285,Winter Session,22,0,100.0
19719,2285,Budget Session,27,0,100.0
19720,2286,Budget Session,15,0,100.0
19721,2286,Budget Session,16,0,100.0
19722,2286,Winter Session,20,0,100.0
19723,2286,Monsoon Session,17,0,100.0
19724,2286,Budget Session,13,0,100.0
19725,2286,Budget Session,19,0,100.0
19726,2286,Winter Session,22,0,100.0
19727,2286,Budget Session,27,0,100.0
19728,2287,Budget Session,15,0,100.0
19729,2287,Budget Session,16,0,100.0
19730,2287,Winter Session,20,0,100.0
19731,2287,Monsoon Session,17,0,100.0
19732,2287,Budget Session,13,0,100.0
19733,2287,Budget Session,19,0,100.0
19734,2287,Winter Session,22,0,100.0
19735,2287,Budget Session,27,0,100.0
19736,2288,Winter Session,15,0,100.0
19737,2288,Monsoon Session,21,0,100.0
19738,2288,Budget Session,27,0,100.0
19739,2288,Winter Session,19,0,100.0
19740,2288,Monsoon Session,16,0,100.0
19741,2288,Special Session,5,0,100.0
19742,2288,Budget Session,9,0,100.0
19743,2288,Winter Session,15,0,100.0
19744,2288,Special Session,4,0,100.0
19745,2288,Monsoon Session,17,0,100.0
19746,2288,Budget Session,25,0,100.0
19747,2288,Winter Session,13,0,100.0
19748,2288,Monsoon Session,16,0,100.0
19749,2288,Budget Session,29,0,100.0
19750,2288,Winter Session,18,0,100.0
19751,2288,Monsoon Session,17,0,100.0
19752,2288,Budget Session,33,0,100.0
19753,2288,Monsoon Session,18,0,100.0
19754,2288,Budget Session,34,0,100.0
19755,2288,Winter Session,20,0,100.0
19756,2288,Monsoon Session,35,0,100.0
19757,2288,Budget Session,10,0,100.0
19758,2288,Winter Session,18,0,100.0
19759,2288,Monsoon Session,17,0,100.0
19760,2288,Budget Session,22,0,100.0
19761,2288,Budget Session,8,0,100.0
19762,2288,Winter Session,13,0,100.0
19763,2288,Monsoon Session,19,0,100.0
19764,2288,Budget Session,21,0,100.0
19765,2288,Budget Session,8,0,100.0
19766,2288,Winter Session,21,0,100.0
19767,2288,Monsoon Session,20,0,100.0
19768,2288,Budget Session,15,0,100.0
19769,2288,Budget Session,16,0,100.0
19770,2288,Winter Session,20,0,100.0
19771,2288,Monsoon Session,17,0,100.0
19772,2288,Budget Session,13,0,100.0
19773,2288,Budget Session,19,0,100.0
19774,2288,Winter Session,22,0,100.0
19775,2288,Budget Session,27,0,100.0
19776,2289,Budget Session,15,0,100.0
19777,2289,Budget Session,16,0,100.0
19778,2289,Winter Session,20,0,100.0
19779,2289,Monsoon Session,17,0,100.0
19780,2289,Budget Session,13,0,100.0
19781,2289,Budget Session,19,0,100.0
19782,2289,Winter Session,22,0,100.0
19783,2289,Budget Session,27,0,100.0
19784,2290,Budget Session,29,0,100.0
19785,2290,Winter Session,18,0,100.0
19786,2290,Monsoon Session,17,0,100.0
19787,2290,Budget Session,33,0,100.0
19788,2290,Monsoon Session,18,0,100.0
19789,2290,Budget Session,34,0,100.0
19790,2290,Winter Session,20,0,100.0
19791,2290,Monsoon Session,35,0,100.0
19792,2290,Budget Session,10,0,100.0
19793,2290,Winter Session,18,0,100.0
19794,2290,Monsoon Session,17,0,100.0
19795,2290,Budget Session,22,0,100.0
19796,2290,Budget Session,8,0,100.0
19797,2290,Winter Session,13,0,100.0
19798,2290,Monsoon Session,19,0,100.0
19799,2290,Budget Session,21,0,100.0
19800,2290,Budget Session,8,0,100.0
19801,2290,Winter Session,21,0,100.0
19802,2290,Monsoon Session,20,0,100.0
19803,2290,Budget Session,15,0,100.0
19804,2290,Budget Session,16,0,100.0
19805,2290,Winter Session,20,0,100.0
19806,2290,Monsoon Session,17,0,100.0
19807,2290,Budget Session,13,0,100.0
19808,2290,Budget Session,19,0,100.0
19809,2290,Winter Session,22,0,100.0
19810,2290,Budget Session,27,0,100.0
19811,877,219th Part-2,17,0,100.0
19812,877,219th Part-1,15,0,100.0
19813,877,Winter Session,23,0,100.0
19814,877,Budget Session,26,0,100.0
19815,877,Special Session,4,0,100.0
19816,877,Budget Session,10,0,100.0
19817,877,214th Part2,10,0,100.0
19818,877,214th Part-1,6,0,100.0
19819,877,Budget Session,35,0,100.0
19820,877,Winter Session,17,0,100.0
19821,2291,Budget Session,34,0,100.0
19822,2291,Winter Session,20,0,100.0
19823,2291,Monsoon Session,35,0,100.0
19824,2291,Budget Session,10,0,100.0
19825,2291,Winter Session,18,0,100.0
19826,2291,Monsoon Session,17,0,100.0
19827,2291,Budget Session,22,0,100.0
19828,2291,Budget Session,8,0,100.0
19829,2291,Winter Session,13,0,100.0
19830,2291,Monsoon Session,19,0,100.0
19831,2291,Budget Session,21,0,100.0
19832,2291,Budget Session,8,0,100.0
19833,2291,Winter Session,21,0,100.0
19834,2291,Monsoon Session,20,0,100.0
19835,2291,Budget Session,15,0,100.0
19836,2291,Budget Session,16,0,100.0
19837,2291,Winter Session,20,0,100.0
19838,2291,Monsoon Session,17,0,100.0
19839,2291,Budget Session,13,0,100.0
19840,2291,Budget Session,19,0,100.0
19841,2291,Winter Session,22,0,100.0
19842,2291,Budget Session,27,0,100.0
19843,2292,Budget Session,34,0,100.0
19844,2292,Winter Session,20,0,100.0
19845,2292,Monsoon Session,35,0,100.0
19846,2292,Budget Session,10,0,100.0
19847,2292,Winter Session,18,0,100.0
19848,2292,Monsoon Session,17,0,100.0
19849,2292,Budget Session,22,0,100.0
19850,2292,Budget Session,8,0,100.0
19851,2292,Winter Session,13,0,100.0
19852,2292,Monsoon Session,19,0,100.0
19853,2292,Budget Session,21,0,100.0
19854,2292,Budget Session,8,0,100.0
19855,2292,Winter Session,21,0,100.0
19856,2292,Monsoon Session,20,0,100.0
19857,2292,Budget Session,15,0,100.0
19858,2292,Budget Session,16,0,100.0
19859,2292,Winter Session,20,0,100.0
19860,2292,Monsoon Session,17,0,100.0
19861,2292,Budget Session,13,0,100.0
19862,2292,Budget Session,19,0,100.0
19863,2292,Winter Session,22,0,100.0
19864,2292,Budget Session,27,0,100.0
19865,2293,Budget Session,34,0,100.0
19866,2293,Winter Session,20,0,100.0
19867,2293,Monsoon Session,35,0,100.0
19868,2293,Budget Session,10,0,100.0
19869,2293,Winter Session,18,0,100.0
19870,2293,Monsoon Session,17,0,100.0
19871,2293,Budget Session,22,0,100.0
19872,2293,Budget Session,8,0,100.0
19873,2293,Winter Session,13,0,100.0
19874,2293,Monsoon Session,19,0,100.0
19875,2293,Budget Session,21,0,100.0
19876,2293,Budget Session,8,0,100.0
19877,2293,Winter Session,21,0,100.0
19878,2293,Monsoon Session,20,0,100.0
19879,2293,Budget Session,15,0,100.0
19880,2293,Budget Session,16,0,100.0
19881,2293,Winter Session,20,0,100.0
19882,2293,Monsoon Session,17,0,100.0
19883,2293,Budget Session,13,0,100.0
19884,2293,Budget Session,19,0,100.0
19885,2293,Winter Session,22,0,100.0
19886,2293,Budget Session,27,0,100.0
19887,2294,Monsoon Session,18,0,100.0
19888,2294,Budget Session,34,0,100.0
19889,2294,Winter Session,20,0,100.0
19890,2294,Monsoon Session,35,0,100.0
19891,2294,Budget Session,10,0,100.0
19892,2294,Winter Session,18,0,100.0
19893,2294,Monsoon Session,17,0,100.0
19894,2294,Budget Session,22,0,100.0
19895,2294,Budget Session,8,0,100.0
19896,2294,Winter Session,13,0,100.0
19897,2294,Monsoon Session,19,0,100.0
19898,2294,Budget Session,21,0,100.0
19899,2294,Budget Session,8,0,100.0
19900,2294,Winter Session,21,0,100.0
19901,2294,Monsoon Session,20,0,100.0
19902,2294,Budget Session,15,0,100.0
19903,2294,Budget Session,16,0,100.0
19904,2294,Winter Session,20,0,100.0
19905,2294,Monsoon Session,17,0,100.0
19906,2294,Budget Session,13,0,100.0
19907,2294,Budget Session,19,0,100.0
19908,2294,Winter Session,22,0,100.0
19909,2295,Winter Session,15,0,100.0
19910,2295,Monsoon Session,21,0,100.0
19911,2295,Budget Session,27,0,100.0
19912,2295,Winter Session,19,0,100.0
19913,2295,Monsoon Session,16,0,100.0
19914,2295,Special Session,5,0,100.0
19915,2295,Budget Session,9,0,100.0
19916,2295,Winter Session,15,0,100.0
19917,2295,Special Session,4,0,100.0
19918,2295,Monsoon Session,17,0,100.0
19919,2295,Budget Session,25,0,100.0
19920,2295,Winter Session,13,0,100.0
19921,2295,Monsoon Session,16,0,100.0
19922,2295,Monsoon Session,18,0,100.0
19923,2295,Budget Session,34,0,100.0
19924,2295,Winter Session,20,0,100.0
19925,2295,Monsoon Session,35,0,100.0
19926,2295,Budget Session,10,0,100.0
19927,2295,Winter Session,18,0,100.0
19928,2295,Monsoon Session,17,0,100.0
19929,2295,Budget Session,22,0,100.0
19930,2295,Budget Session,8,0,100.0
19931,2295,Winter Session,13,0,100.0
19932,2295,Monsoon Session,19,0,100.0
19933,2295,Budget Session,21,0,100.0
19934,2295,Budget Session,8,0,100.0
19935,2295,Winter Session,21,0,100.0
19936,2295,Monsoon Session,20,0,100.0
19937,2295,Budget Session,15,0,100.0
19938,2295,Budget Session,16,0,100.0
19939,2295,Winter Session,20,0,100.0
19940,2295,Monsoon Session,17,0,100.0
19941,2295,Budget Session,13,0,100.0
19942,2295,Budget Session,19,0,100.0
19943,2295,Winter Session,22,0,100.0
19944,2296,Monsoon Session,18,0,100.0
19945,2296,Budget Session,34,0,100.0
19946,2296,Winter Session,20,0,100.0
19947,2296,Monsoon Session,35,0,100.0
19948,2296,Budget Session,10,0,100.0
19949,2296,Winter Session,18,0,100.0
19950,2296,Monsoon Session,17,0,100.0
19951,2296,Budget Session,22,0,100.0
19952,2296,Budget Session,8,0,100.0
19953,2296,Winter Session,13,0,100.0
19954,2296,Monsoon Session,19,0,100.0
19955,2296,Budget Session,21,0,100.0
19956,2296,Budget Session,8,0,100.0
19957,2296,Winter Session,21,0,100.0
19958,2296,Monsoon Session,20,0,100.0
19959,2296,Budget Session,15,0,100.0
19960,2296,Budget Session,16,0,100.0
19961,2296,Winter Session,20,0,100.0
19962,2296,Monsoon Session,17,0,100.0
19963,2296,Budget Session,13,0,100.0
19964,2296,Budget Session,19,0,100.0
19965,2296,Winter Session,22,0,100.0
19966,2297,Winter Session,15,0,100.0
19967,2297,Monsoon Session,21,0,100.0
19968,2297,Budget Session,27,0,100.0
19969,2297,Winter Session,19,0,100.0
19970,2297,Monsoon Session,16,0,100.0
19971,2297,Special Session,5,0,100.0
19972,2297,Budget Session,9,0,100.0
19973,2297,Winter Session,15,0,100.0
19974,2297,Special Session,4,0,100.0
19975,2297,Monsoon Session,17,0,100.0
19976,2297,Budget Session,25,0,100.0
19977,2297,Winter Session,13,0,100.0
19978,2297,Monsoon Session,16,0,100.0
19979,2297,Budget Session,29,0,100.0
19980,2297,Winter Session,18,0,100.0
19981,2297,Monsoon Session,17,0,100.0
19982,2297,Budget Session,33,0,100.0
19983,2297,Monsoon Session,18,0,100.0
19984,2297,Monsoon Session,18,0,100.0
19985,2297,Budget Session,34,0,100.0
19986,2297,Budget Session,34,0,100.0
19987,2297,Winter Session,20,0,100.0
19988,2297,Winter Session,20,0,100.0
19989,2297,Monsoon Session,35,0,100.0
19990,2297,Budget Session,10,0,100.0
19991,2297,Winter Session,18,0,100.0
19992,2297,Monsoon Session,17,0,100.0
19993,2297,Budget Session,22,0,100.0
19994,2297,Budget Session,8,0,100.0
19995,2297,Winter Session,13,0,100.0
19996,2297,Monsoon Session,19,0,100.0
19997,2297,Budget Session,21,0,100.0
19998,2297,Budget Session,8,0,100.0
19999,2297,Winter Session,21,0,100.0
20000,2297,Monsoon Session,20,0,100.0
20001,2297,Budget Session,15,0,100.0
20002,2297,Budget Session,16,0,100.0
20003,2297,Winter Session,20,0,100.0
20004,2297,Monsoon Session,17,0,100.0
20005,2297,Budget Session,13,0,100.0
20006,2297,Budget Session,19,0,100.0
20007,2297,Winter Session,22,0,100.0
20008,2298,Monsoon Session,18,0,100.0
20009,2298,Budget Session,34,0,100.0
20010,2298,Winter Session,20,0,100.0
20011,2298,Monsoon Session,35,0,100.0
20012,2298,Budget Session,10,0,100.0
20013,2298,Winter Session,18,0,100.0
20014,2298,Monsoon Session,17,0,100.0
20015,2298,Budget Session,22,0,100.0
20016,2298,Budget Session,8,0,100.0
20017,2298,Winter Session,13,0,100.0
20018,2298,Monsoon Session,19,0,100.0
20019,2298,Budget Session,21,0,100.0
20020,2298,Budget Session,8,0,100.0
20021,2298,Winter Session,21,0,100.0
20022,2298,Monsoon Session,20,0,100.0
20023,2298,Budget Session,15,0,100.0
20024,2298,Budget Session,16,0,100.0
20025,2298,Winter Session,20,0,100.0
20026,2298,Monsoon Session,17,0,100.0
20027,2298,Budget Session,13,0,100.0
20028,2298,Budget Session,19,0,100.0
20029,2298,Winter Session,22,0,100.0
20030,1821,Budget Session,29,0,100.0
20031,1821,Winter Session,18,0,100.0
20032,1821,Monsoon Session,17,0,100.0
20033,1821,Budget Session,33,0,100.0
20034,1821,Monsoon Session,18,0,100.0
20035,1821,Budget Session,34,0,100.0
20036,1821,Winter Session,20,0,100.0
20037,1821,Monsoon Session,35,0,100.0
20038,1821,Budget Session,10,0,100.0
20039,1821,Winter Session,18,0,100.0
20040,1821,Monsoon Session,17,0,100.0
20041,1821,Budget Session,22,0,100.0
20042,1821,Budget Session,8,0,100.0
20043,1821,Winter Session,13,0,100.0
20044,1821,Monsoon Session,19,0,100.0
20045,1821,Budget Session,21,0,100.0
20046,1821,Budget Session,8,0,100.0
20047,1821,Winter Session,21,0,100.0
20048,1821,Monsoon Session,20,0,100.0
20049,1821,Budget Session,15,0,100.0
20050,2299,Monsoon Session,18,0,100.0
20051,2299,Budget Session,34,0,100.0
20052,2299,Winter Session,20,0,100.0
20053,2299,Monsoon Session,35,0,100.0
20054,2299,Budget Session,10,0,100.0
20055,2299,Winter Session,18,0,100.0
20056,2299,Monsoon Session,17,0,100.0
20057,2299,Budget Session,22,0,100.0
20058,2299,Budget Session,8,0,100.0
20059,2299,Winter Session,13,0,100.0
20060,2299,Monsoon Session,19,0,100.0
20061,2299,Budget Session,21,0,100.0
20062,2299,Budget Session,8,0,100.0
20063,2299,Winter Session,21,0,100.0
20064,2299,Monsoon Session,20,0,100.0
20065,2299,Budget Session,15,0,100.0
20066,2299,Budget Session,16,0,100.0
20067,2299,Winter Session,20,0,100.0
20068,2299,Monsoon Session,17,0,100.0
20069,2299,Budget Session,13,0,100.0
20070,2299,Budget Session,19,0,100.0
20071,2299,Winter Session,22,0,100.0
20072,2300,Monsoon Session,18,0,100.0
20073,2300,Budget Session,34,0,100.0
20074,2300,Winter Session,20,0,100.0
20075,2300,Monsoon Session,35,0,100.0
20076,2300,Budget Session,10,0,100.0
20077,2300,Winter Session,18,0,100.0
20078,2300,Monsoon Session,17,0,100.0
20079,2300,Budget Session,22,0,100.0
20080,2300,Budget Session,8,0,100.0
20081,2300,Winter Session,13,0,100.0
20082,2300,Monsoon Session,19,0,100.0
20083,2300,Budget Session,21,0,100.0
20084,2300,Budget Session,8,0,100.0
20085,2300,Winter Session,21,0,100.0
20086,2300,Monsoon Session,20,0,100.0
20087,2300,Budget Session,15,0,100.0
20088,2300,Budget Session,16,0,100.0
20089,2300,Winter Session,20,0,100.0
20090,2300,Monsoon Session,17,0,100.0
20091,2300,Budget Session,13,0,100.0
20092,2300,Budget Session,19,0,100.0
20093,2300,Winter Session,22,0,100.0
20094,2301,Monsoon Session,18,0,100.0
20095,2301,Budget Session,34,0,100.0
20096,2301,Winter Session,20,0,100.0
20097,2301,Monsoon Session,35,0,100.0
20098,2301,Budget Session,10,0,100.0
20099,2301,Winter Session,18,0,100.0
20100,2301,Monsoon Session,17,0,100.0
20101,2301,Budget Session,22,0,100.0
20102,2301,Budget Session,8,0,100.0
20103,2301,Winter Session,13,0,100.0
20104,2301,Monsoon Session,19,0,100.0
20105,2301,Budget Session,21,0,100.0
20106,2301,Budget Session,8,0,100.0
20107,2301,Winter Session,21,0,100.0
20108,2301,Monsoon Session,20,0,100.0
20109,2301,Budget Session,15,0,100.0
20110,2301,Budget Session,16,0,100.0
20111,2301,Winter Session,20,0,100.0
20112,2301,Monsoon Session,17,0,100.0
20113,2301,Budget Session,13,0,100.0
20114,2301,Budget Session,19,0,100.0
20115,2301,Winter Session,22,0,100.0
20116,2302,Budget Session,29,0,100.0
20117,2302,Winter Session,18,0,100.0
20118,2302,Monsoon Session,17,0,100.0
20119,2302,Budget Session,33,0,100.0
20120,2302,Monsoon Session,18,0,100.0
20121,2302,Budget Session,34,0,100.0
20122,2302,Winter Session,20,0,100.0
20123,2302,Monsoon Session,35,0,100.0
20124,2302,Budget Session,10,0,100.0
20125,2302,Winter Session,18,0,100.0
20126,2302,Monsoon Session,17,0,100.0
20127,2302,Budget Session,22,0,100.0
20128,2302,Budget Session,8,0,100.0
20129,2302,Winter Session,13,0,100.0
20130,2302,Monsoon Session,19,0,100.0
20131,2302,Budget Session,21,0,100.0
20132,2302,Budget Session,8,0,100.0
20133,2302,Winter Session,21,0,100.0
20134,2302,Monsoon Session,20,0,100.0
20135,2302,Monsoon Session,20,0,100.0
20136,2302,Budget Session,15,0,100.0
20137,2302,Budget Session,16,0,100.0
20138,2302,Winter Session,20,0,100.0
20139,2302,Monsoon Session,17,0,100.0
20140,2302,Budget Session,13,0,100.0
20141,2302,Budget Session,19,0,100.0
20142,2302,Winter Session,22,0,100.0
20143,2303,Budget Session,33,0,100.0
20144,2303,Monsoon Session,18,0,100.0
20145,2303,Budget Session,34,0,100.0
20146,2303,Winter Session,20,0,100.0
20147,2303,Monsoon Session,35,0,100.0
20148,2303,Budget Session,10,0,100.0
20149,2303,Winter Session,18,0,100.0
20150,2303,Monsoon Session,17,0,100.0
20151,2303,Budget Session,22,0,100.0
20152,2303,Budget Session,8,0,100.0
20153,2303,Winter Session,13,0,100.0
20154,2303,Monsoon Session,19,0,100.0
20155,2303,Budget Session,21,0,100.0
20156,2303,Budget Session,8,0,100.0
20157,2303,Winter Session,21,0,100.0
20158,2303,Monsoon Session,20,0,100.0
20159,2303,Budget Session,15,0,100.0
20160,2303,Budget Session,16,0,100.0
20161,2303,Winter Session,20,0,100.0
20162,2303,Monsoon Session,17,0,100.0
20163,2303,Budget Session,13,0,100.0
20164,2303,Budget Session,19,0,100.0
20165,2304,Budget Session,33,0,100.0
20166,2304,Monsoon Session,18,0,100.0
20167,2304,Budget Session,34,0,100.0
20168,2304,Winter Session,20,0,100.0
20169,2304,Monsoon Session,35,0,100.0
20170,2304,Budget Session,10,0,100.0
20171,2304,Winter Session,18,0,100.0
20172,2304,Monsoon Session,17,0,100.0
20173,2304,Budget Session,22,0,100.0
20174,2304,Budget Session,8,0,100.0
20175,2304,Winter Session,13,0,100.0
20176,2304,Monsoon Session,19,0,100.0
20177,2304,Budget Session,21,0,100.0
20178,2304,Budget Session,8,0,100.0
20179,2304,Winter Session,21,0,100.0
20180,2304,Monsoon Session,20,0,100.0
20181,2304,Budget Session,15,0,100.0
20182,2304,Budget Session,16,0,100.0
20183,2304,Winter Session,20,0,100.0
20184,2304,Monsoon Session,17,0,100.0
20185,2304,Budget Session,13,0,100.0
20186,2304,Budget Session,19,0,100.0
20187,2305,Budget Session,33,0,100.0
20188,2305,Monsoon Session,18,0,100.0
20189,2305,Budget Session,34,0,100.0
20190,2305,Winter Session,20,0,100.0
20191,2305,Monsoon Session,35,0,100.0
20192,2305,Budget Session,10,0,100.0
20193,2305,Winter Session,18,0,100.0
20194,2305,Monsoon Session,17,0,100.0
20195,2305,Budget Session,22,0,100.0
20196,2305,Budget Session,8,0,100.0
20197,2305,Winter Session,13,0,100.0
20198,2305,Monsoon Session,19,0,100.0
20199,2305,Budget Session,21,0,100.0
20200,2305,Budget Session,8,0,100.0
20201,2305,Winter Session,21,0,100.0
20202,2305,Monsoon Session,20,0,100.0
20203,2305,Budget Session,15,0,100.0
20204,2305,Budget Session,16,0,100.0
20205,2305,Winter Session,20,0,100.0
20206,2305,Monsoon Session,17,0,100.0
20207,2305,Budget Session,13,0,100.0
20208,2305,Budget Session,19,0,100.0
20209,2306,Budget Session,34,0,100.0
20210,2306,Winter Session,20,0,100.0
20211,2306,Monsoon Session,35,0,100.0
20212,2306,Budget Session,10,0,100.0
20213,2306,Winter Session,18,0,100.0
20214,2306,Monsoon Session,17,0,100.0
20215,2306,Budget Session,22,0,100.0
20216,2306,Budget Session,8,0,100.0
20217,2306,Winter Session,13,0,100.0
20218,2306,Monsoon Session,19,0,100.0
20219,2306,Budget Session,21,0,100.0
20220,2306,Budget Session,8,0,100.0
20221,2306,Winter Session,21,0,100.0
20222,2306,Monsoon Session,20,0,100.0
20223,2306,Budget Session,15,0,100.0
20224,2306,Budget Session,16,0,100.0
20225,2306,Winter Session,20,0,100.0
20226,2306,Monsoon Session,17,0,100.0
20227,2306,Budget Session,13,0,100.0
20228,2306,Budget Session,19,0,100.0
20229,1369,Budget Session,34,0,100.0
20230,1369,Winter Session,20,0,100.0
20231,1369,Monsoon Session,35,0,100.0
20232,1369,Budget Session,10,0,100.0
20233,1369,Winter Session,18,0,100.0
20234,1369,Monsoon Session,17,0,100.0
20235,1369,Budget Session,22,0,100.0
20236,1369,Budget Session,8,0,100.0
20237,1369,Winter Session,13,0,100.0
20238,1369,Monsoon Session,19,0,100.0
20239,1369,Budget Session,21,0,100.0
20240,1369,Budget Session,8,0,100.0
20241,1369,Winter Session,21,0,100.0
20242,1369,Monsoon Session,20,0,100.0
20243,1369,Budget Session,15,0,100.0
20244,1369,Budget Session,16,0,100.0
20245,1369,Winter Session,20,0,100.0
20246,1369,Monsoon Session,17,0,100.0
20247,1369,Budget Session,13,0,100.0
20248,1369,Budget Session,19,0,100.0
20249,1369,Winter Session,22,0,100.0
20250,1369,Budget Session,27,0,100.0
20251,1369,Special Session,3,0,100.0
20252,2307,Winter Session,15,0,100.0
20253,2307,Monsoon Session,21,0,100.0
20254,2307,Budget Session,27,0,100.0
20255,2307,Winter Session,19,0,100.0
20256,2307,Monsoon Session,16,0,100.0
20257,2307,Special Session,5,0,100.0
20258,2307,Budget Session,9,0,100.0
20259,2307,Winter Session,15,0,100.0
20260,2307,Special Session,4,0,100.0
20261,2307,Monsoon Session,17,0,100.0
20262,2307,Budget Session,25,0,100.0
20263,2307,Winter Session,13,0,100.0
20264,2307,Monsoon Session,16,0,100.0
20265,2307,Budget Session,29,0,100.0
20266,2307,Winter Session,18,0,100.0
20267,2307,Monsoon Session,17,0,100.0
20268,2307,Budget Session,33,0,100.0
20269,2307,Monsoon Session,18,0,100.0
20270,2307,Budget Session,34,0,100.0
20271,2307,Winter Session,20,0,100.0
20272,2307,Monsoon Session,35,0,100.0
20273,2307,Budget Session,10,0,100.0
20274,2307,Winter Session,18,0,100.0
20275,2307,Monsoon Session,17,0,100.0
20276,2307,Budget Session,22,0,100.0
20277,2307,Budget Session,8,0,100.0
20278,2307,Winter Session,13,0,100.0
20279,2307,Monsoon Session,19,0,100.0
20280,2307,Budget Session,21,0,100.0
20281,2307,Budget Session,8,0,100.0
20282,2307,Winter Session,21,0,100.0
20283,2307,Monsoon Session,20,0,100.0
20284,2307,Budget Session,15,0,100.0
20285,2307,Budget Session,16,0,100.0
20286,2307,Winter Session,20,0,100.0
20287,2307,Monsoon Session,17,0,100.0
20288,2307,Budget Session,13,0,100.0
20289,2307,Budget Session,19,0,100.0
20290,2308,Budget Session,33,0,100.0
20291,2308,Monsoon Session,18,0,100.0
20292,2308,Budget Session,34,0,100.0
20293,2308,Winter Session,20,0,100.0
20294,2308,Monsoon Session,35,0,100.0
20295,2308,Budget Session,10,0,100.0
20296,2308,Winter Session,18,0,100.0
20297,2308,Monsoon Session,17,0,100.0
20298,2308,Budget Session,22,0,100.0
20299,2308,Budget Session,8,0,100.0
20300,2308,Winter Session,13,0,100.0
20301,2308,Monsoon Session,19,0,100.0
20302,2308,Budget Session,21,0,100.0
20303,2308,Budget Session,8,0,100.0
20304,2308,Winter Session,21,0,100.0
20305,2308,Monsoon Session,20,0,100.0
20306,2308,Budget Session,15,0,100.0
20307,2308,Budget Session,16,0,100.0
20308,2308,Winter Session,20,0,100.0
20309,2308,Monsoon Session,17,0,100.0
20310,2308,Budget Session,13,0,100.0
20311,2310,Monsoon Session,17,0,100.0
20312,2310,Budget Session,33,0,100.0
20313,2310,Monsoon Session,18,0,100.0
20314,2310,Budget Session,34,0,100.0
20315,2310,Winter Session,20,0,100.0
20316,2310,Monsoon Session,35,0,100.0
20317,2310,Budget Session,10,0,100.0
20318,2310,Winter Session,18,0,100.0
20319,2310,Monsoon Session,17,0,100.0
20320,2310,Budget Session,22,0,100.0
20321,2310,Budget Session,8,0,100.0
20322,2310,Winter Session,13,0,100.0
20323,2310,Monsoon Session,19,0,100.0
20324,2310,Budget Session,21,0,100.0
20325,2310,Budget Session,8,0,100.0
20326,2310,Winter Session,21,0,100.0
20327,2310,Monsoon Session,20,0,100.0
20328,2310,Budget Session,15,0,100.0
20329,2310,Budget Session,16,0,100.0
20330,2310,Winter Session,20,0,100.0
20331,2311,Budget Session,34,0,100.0
20332,2311,Winter Session,20,0,100.0
20333,2311,Monsoon Session,35,0,100.0
20334,2311,Budget Session,10,0,100.0
20335,2311,Winter Session,18,0,100.0
20336,2311,Monsoon Session,17,0,100.0
20337,2311,Budget Session,22,0,100.0
20338,2311,Budget Session,8,0,100.0
20339,2311,Winter Session,13,0,100.0
20340,2311,Monsoon Session,19,0,100.0
20341,2311,Budget Session,21,0,100.0
20342,2311,Budget Session,8,0,100.0
20343,2311,Winter Session,21,0,100.0
20344,2311,Monsoon Session,20,0,100.0
20345,2311,Budget Session,15,0,100.0
20346,2311,Budget Session,16,0,100.0
20347,2311,Winter Session,20,0,100.0
20348,2312,Budget Session,29,0,100.0
20349,2312,Winter Session,18,0,100.0
20350,2312,Monsoon Session,17,0,100.0
20351,2312,Budget Session,33,0,100.0
20352,2312,Monsoon Session,18,0,100.0
20353,2312,Budget Session,34,0,100.0
20354,2312,Winter Session,20,0,100.0
20355,2312,Monsoon Session,35,0,100.0
20356,2312,Budget Session,10,0,100.0
20357,2312,Winter Session,18,0,100.0
20358,2312,Monsoon Session,17,0,100.0
20359,2312,Budget Session,22,0,100.0
20360,2312,Budget Session,8,0,100.0
20361,2312,Winter Session,13,0,100.0
20362,2312,Monsoon Session,19,0,100.0
20363,2312,Budget Session,21,0,100.0
20364,2312,Budget Session,8,0,100.0
20365,2312,Winter Session,21,0,100.0
20366,2312,Monsoon Session,20,0,100.0
20367,2312,Budget Session,15,0,100.0
20368,2313,Budget Session,29,0,100.0
20369,2313,Winter Session,18,0,100.0
20370,2313,Monsoon Session,17,0,100.0
20371,2313,Budget Session,33,0,100.0
20372,2313,Monsoon Session,18,0,100.0
20373,2313,Budget Session,34,0,100.0
20374,2313,Winter Session,20,0,100.0
20375,2313,Monsoon Session,35,0,100.0
20376,2313,Budget Session,10,0,100.0
20377,2313,Winter Session,18,0,100.0
20378,2313,Monsoon Session,17,0,100.0
20379,2313,Budget Session,22,0,100.0
20380,2313,Budget Session,8,0,100.0
20381,2313,Winter Session,13,0,100.0
20382,2313,Monsoon Session,19,0,100.0
20383,2313,Budget Session,21,0,100.0
20384,2313,Budget Session,8,0,100.0
20385,2313,Winter Session,21,0,100.0
20386,2313,Monsoon Session,20,0,100.0
20387,2313,Budget Session,15,0,100.0
20388,2314,Budget Session,29,0,100.0
20389,2314,Budget Session,29,0,100.0
20390,2314,Winter Session,18,0,100.0
20391,2314,Winter Session,18,0,100.0
20392,2314,Monsoon Session,17,0,100.0
20393,2314,Monsoon Session,17,0,100.0
20394,2314,Budget Session,33,0,100.0
20395,2314,Budget Session,33,0,100.0
20396,2314,Monsoon Session,18,0,100.0
20397,2314,Monsoon Session,18,0,100.0
20398,2314,Budget Session,34,0,100.0
20399,2314,Budget Session,34,0,100.0
20400,2314,Winter Session,20,0,100.0
20401,2314,Winter Session,20,0,100.0
20402,2314,Monsoon Session,35,0,100.0
20403,2314,Monsoon Session,35,0,100.0
20404,2314,Budget Session,10,0,100.0
20405,2314,Budget Session,10,0,100.0
20406,2314,Winter Session,18,0,100.0
20407,2314,Winter Session,18,0,100.0
20408,2314,Monsoon Session,17,0,100.0
20409,2314,Monsoon Session,17,0,100.0
20410,2314,Budget Session,22,0,100.0
20411,2314,Budget Session,22,0,100.0
20412,2314,Budget Session,8,0,100.0
20413,2314,Winter Session,13,0,100.0
20414,2314,Monsoon Session,19,0,100.0
20415,2314,Budget Session,21,0,100.0
20416,2314,Budget Session,8,0,100.0
20417,2314,Winter Session,21,0,100.0
20418,2314,Monsoon Session,20,0,100.0
20419,2314,Budget Session,15,0,100.0
20420,2315,Budget Session,29,0,100.0
20421,2315,Winter Session,18,0,100.0
20422,2315,Monsoon Session,17,0,100.0
20423,2315,Budget Session,33,0,100.0
20424,2315,Monsoon Session,18,0,100.0
20425,2315,Budget Session,34,0,100.0
20426,2315,Winter Session,20,0,100.0
20427,2315,Monsoon Session,35,0,100.0
20428,2315,Budget Session,10,0,100.0
20429,2315,Winter Session,18,0,100.0
20430,2315,Monsoon Session,17,0,100.0
20431,2315,Budget Session,22,0,100.0
20432,2315,Budget Session,8,0,100.0
20433,2315,Winter Session,13,0,100.0
20434,2315,Monsoon Session,19,0,100.0
20435,2315,Budget Session,21,0,100.0
20436,2315,Budget Session,8,0,100.0
20437,2315,Winter Session,21,0,100.0
20438,2315,Monsoon Session,20,0,100.0
20439,2315,Budget Session,15,0,100.0
20440,2316,Budget Session,29,0,100.0
20441,2316,Winter Session,18,0,100.0
20442,2316,Monsoon Session,17,0,100.0
20443,2316,Budget Session,33,0,100.0
20444,2316,Monsoon Session,18,0,100.0
20445,2316,Budget Session,34,0,100.0
20446,2316,Winter Session,20,0,100.0
20447,2316,Monsoon Session,35,0,100.0
20448,2316,Budget Session,10,0,100.0
20449,2316,Winter Session,18,0,100.0
20450,2316,Monsoon Session,17,0,100.0
20451,2316,Budget Session,22,0,100.0
20452,2316,Budget Session,8,0,100.0
20453,2316,Winter Session,13,0,100.0
20454,2316,Monsoon Session,19,0,100.0
20455,2316,Budget Session,21,0,100.0
20456,2316,Budget Session,8,0,100.0
20457,2316,Winter Session,21,0,100.0
20458,2316,Monsoon Session,20,0,100.0
20459,2316,Budget Session,15,0,100.0
20460,2317,Budget Session,29,0,100.0
20461,2317,Winter Session,18,0,100.0
20462,2317,Monsoon Session,17,0,100.0
20463,2317,Budget Session,33,0,100.0
20464,2317,Monsoon Session,18,0,100.0
20465,2317,Budget Session,34,0,100.0
20466,2317,Winter Session,20,0,100.0
20467,2317,Monsoon Session,35,0,100.0
20468,2317,Budget Session,10,0,100.0
20469,2317,Winter Session,18,0,100.0
20470,2317,Monsoon Session,17,0,100.0
20471,2317,Budget Session,22,0,100.0
20472,2317,Budget Session,8,0,100.0
20473,2317,Winter Session,13,0,100.0
20474,2317,Monsoon Session,19,0,100.0
20475,2317,Budget Session,21,0,100.0
20476,2317,Budget Session,8,0,100.0
20477,2317,Winter Session,21,0,100.0
20478,2317,Monsoon Session,20,0,100.0
20479,2317,Budget Session,15,0,100.0
20480,2318,Budget Session,29,0,100.0
20481,2318,Winter Session,18,0,100.0
20482,2318,Monsoon Session,17,0,100.0
20483,2318,Budget Session,33,0,100.0
20484,2318,Monsoon Session,18,0,100.0
20485,2318,Budget Session,34,0,100.0
20486,2318,Winter Session,20,0,100.0
20487,2318,Monsoon Session,35,0,100.0
20488,2318,Budget Session,10,0,100.0
20489,2318,Winter Session,18,0,100.0
20490,2318,Monsoon Session,17,0,100.0
20491,2318,Budget Session,22,0,100.0
20492,2318,Budget Session,8,0,100.0
20493,2318,Winter Session,13,0,100.0
20494,2318,Monsoon Session,19,0,100.0
20495,2318,Budget Session,21,0,100.0
20496,2318,Budget Session,8,0,100.0
20497,2318,Winter Session,21,0,100.0
20498,2318,Monsoon Session,20,0,100.0
20499,2318,Budget Session,15,0,100.0
20500,2319,Budget Session,29,0,100.0
20501,2319,Winter Session,18,0,100.0
20502,2319,Monsoon Session,17,0,100.0
20503,2319,Budget Session,33,0,100.0
20504,2319,Monsoon Session,18,0,100.0
20505,2319,Budget Session,34,0,100.0
20506,2319,Winter Session,20,0,100.0
20507,2319,Monsoon Session,35,0,100.0
20508,2319,Budget Session,10,0,100.0
20509,2319,Winter Session,18,0,100.0
20510,2319,Monsoon Session,17,0,100.0
20511,2319,Budget Session,22,0,100.0
20512,2319,Budget Session,8,0,100.0
20513,2319,Winter Session,13,0,100.0
20514,2319,Monsoon Session,19,0,100.0
20515,2319,Budget Session,21,0,100.0
20516,2319,Budget Session,8,0,100.0
20517,2319,Winter Session,21,0,100.0
20518,2319,Monsoon Session,20,0,100.0
20519,2319,Budget Session,15,0,100.0
20520,2320,Budget Session,29,0,100.0
20521,2320,Winter Session,18,0,100.0
20522,2320,Monsoon Session,17,0,100.0
20523,2320,Budget Session,33,0,100.0
20524,2320,Monsoon Session,18,0,100.0
20525,2320,Budget Session,34,0,100.0
20526,2320,Winter Session,20,0,100.0
20527,2320,Monsoon Session,35,0,100.0
20528,2320,Budget Session,10,0,100.0
20529,2320,Winter Session,18,0,100.0
20530,2320,Monsoon Session,17,0,100.0
20531,2320,Budget Session,22,0,100.0
20532,2320,Budget Session,8,0,100.0
20533,2320,Winter Session,13,0,100.0
20534,2320,Monsoon Session,19,0,100.0
20535,2320,Budget Session,21,0,100.0
20536,2320,Budget Session,8,0,100.0
20537,2320,Winter Session,21,0,100.0
20538,2320,Monsoon Session,20,0,100.0
20539,2320,Budget Session,15,0,100.0
20540,431,Budget Session,29,0,100.0
20541,431,Winter Session,18,0,100.0
20542,431,Monsoon Session,17,0,100.0
20543,431,Budget Session,33,0,100.0
20544,431,Monsoon Session,18,0,100.0
20545,431,Budget Session,34,0,100.0
20546,431,Winter Session,20,0,100.0
20547,431,Monsoon Session,35,0,100.0
20548,431,Budget Session,10,0,100.0
20549,431,Winter Session,18,0,100.0
20550,431,Monsoon Session,17,0,100.0
20551,431,Budget Session,22,0,100.0
20552,431,Budget Session,8,0,100.0
20553,431,Winter Session,13,0,100.0
20554,431,Monsoon Session,19,0,100.0
20555,431,Budget Session,21,0,100.0
20556,431,Budget Session,8,0,100.0
20557,431,Winter Session,21,0,100.0
20558,431,Monsoon Session,20,0,100.0
20559,431,Budget Session,15,0,100.0
20560,431,Budget Session,15,0,100.0
20561,431,Budget Session,16,0,100.0
20562,431,Winter Session,20,0,100.0
20563,431,Monsoon Session,17,0,100.0
20564,431,Budget Session,13,0,100.0
20565,431,Budget Session,19,0,100.0
20566,431,Winter Session,22,0,100.0
20567,431,Budget Session,27,0,100.0
20568,431,Special Session,3,0,100.0
20569,431,Winter Session,12,0,100.0
20570,431,Winter Session,10,0,100.0
20571,431,Monsoon Session,21,0,100.0
20572,431,Budget Session,11,0,100.0
20573,431,Budget Session,21,0,100.0
20574,431,Winter Session,20,0,100.0
20575,431,Monsoon Session,19,0,100.0
20576,431,225th Part-2,21,0,100.0
20577,431,225th Part-1,14,0,100.0
20578,431,Winter Session,24,0,100.0
20579,431,Monsoon Session,26,0,100.0
20580,431,Budget Session,23,0,100.0
20581,431,Winter Session,23,0,100.0
20582,431,Monsoon Session,26,0,100.0
20583,431,219th Part-1,15,0,100.0
20584,431,Winter Session,23,0,100.0
20585,431,Budget Session,26,0,100.0
20586,431,Special Session,4,0,100.0
20587,431,Budget Session,10,0,100.0
20588,431,214th Part2,10,0,100.0
20589,431,214th Part-1,6,0,100.0
20590,431,Budget Session,35,0,100.0
20591,431,Winter Session,17,0,100.0
20592,2321,Budget Session,29,0,100.0
20593,2321,Winter Session,18,0,100.0
20594,2321,Monsoon Session,17,0,100.0
20595,2321,Budget Session,33,0,100.0
20596,2321,Monsoon Session,18,0,100.0
20597,2321,Budget Session,34,0,100.0
20598,2321,Winter Session,20,0,100.0
20599,2321,Monsoon Session,35,0,100.0
20600,2321,Budget Session,10,0,100.0
20601,2321,Winter Session,18,0,100.0
20602,2321,Monsoon Session,17,0,100.0
20603,2321,Budget Session,22,0,100.0
20604,2321,Budget Session,8,0,100.0
20605,2321,Winter Session,13,0,100.0
20606,2321,Monsoon Session,19,0,100.0
20607,2321,Budget Session,21,0,100.0
20608,2321,Budget Session,8,0,100.0
20609,2321,Winter Session,21,0,100.0
20610,2321,Monsoon Session,20,0,100.0
20611,2321,Budget Session,15,0,100.0
20612,1845,Budget Session,11,0,100.0
20613,1845,Budget Session,21,0,100.0
20614,1845,Winter Session,20,0,100.0
20615,1845,Monsoon Session,19,0,100.0
20616,1845,225th Part-2,21,0,100.0
20617,1845,225th Part-1,14,0,100.0
20618,1845,Winter Session,24,0,100.0
20619,1845,Monsoon Session,26,0,100.0
20620,1845,Budget Session,23,0,100.0
20621,1845,Winter Session,23,0,100.0
20622,1845,Monsoon Session,26,0,100.0
20623,1845,219th Part-2,17,0,100.0
20624,1845,219th Part-1,15,0,100.0
20625,1845,Winter Session,23,0,100.0
20626,1845,Budget Session,26,0,100.0
20627,1845,Special Session,4,0,100.0
20628,1845,Budget Session,10,0,100.0
20629,1845,214th Part2,10,0,100.0
20630,1845,214th Part-1,6,0,100.0
20631,1845,Budget Session,35,0,100.0
20632,1845,Winter Session,17,0,100.0
20633,2322,Budget Session,29,0,100.0
20634,2322,Budget Session,29,0,100.0
20635,2322,Winter Session,18,0,100.0
20636,2322,Winter Session,18,0,100.0
20637,2322,Monsoon Session,17,0,100.0
20638,2322,Monsoon Session,17,0,100.0
20639,2322,Budget Session,33,0,100.0
20640,2322,Monsoon Session,18,0,100.0
20641,2322,Budget Session,34,0,100.0
20642,2322,Winter Session,20,0,100.0
20643,2322,Monsoon Session,35,0,100.0
20644,2322,Budget Session,10,0,100.0
20645,2322,Winter Session,18,0,100.0
20646,2322,Monsoon Session,17,0,100.0
20647,2322,Budget Session,22,0,100.0
20648,2322,Budget Session,8,0,100.0
20649,2322,Winter Session,13,0,100.0
20650,2322,Monsoon Session,19,0,100.0
20651,2322,Budget Session,21,0,100.0
20652,2322,Budget Session,8,0,100.0
20653,2322,Winter Session,21,0,100.0
20654,2322,Monsoon Session,20,0,100.0
20655,2322,Budget Session,15,0,100.0
20656,2323,Budget Session,29,0,100.0
20657,2323,Winter Session,18,0,100.0
20658,2323,Monsoon Session,17,0,100.0
20659,2323,Budget Session,33,0,100.0
20660,2323,Monsoon Session,18,0,100.0
20661,2323,Budget Session,34,0,100.0
20662,2323,Winter Session,20,0,100.0
20663,2323,Monsoon Session,35,0,100.0
20664,2323,Budget Session,10,0,100.0
20665,2323,Winter Session,18,0,100.0
20666,2323,Monsoon Session,17,0,100.0
20667,2323,Budget Session,22,0,100.0
20668,2323,Budget Session,8,0,100.0
20669,2323,Winter Session,13,0,100.0
20670,2323,Monsoon Session,19,0,100.0
20671,2323,Budget Session,21,0,100.0
20672,2323,Budget Session,8,0,100.0
20673,2323,Winter Session,21,0,100.0
20674,2323,Monsoon Session,20,0,100.0
20675,2323,Budget Session,15,0,100.0
20676,2324,Budget Session,29,0,100.0
20677,2324,Winter Session,18,0,100.0
20678,2324,Monsoon Session,17,0,100.0
20679,2324,Budget Session,33,0,100.0
20680,2324,Monsoon Session,18,0,100.0
20681,2324,Budget Session,34,0,100.0
20682,2324,Winter Session,20,0,100.0
20683,2324,Monsoon Session,35,0,100.0
20684,2324,Budget Session,10,0,100.0
20685,2324,Winter Session,18,0,100.0
20686,2324,Monsoon Session,17,0,100.0
20687,2324,Budget Session,22,0,100.0
20688,2324,Budget Session,8,0,100.0
20689,2324,Winter Session,13,0,100.0
20690,2324,Monsoon Session,19,0,100.0
20691,2324,Budget Session,21,0,100.0
20692,2324,Budget Session,8,0,100.0
20693,2324,Winter Session,21,0,100.0
20694,2324,Monsoon Session,20,0,100.0
20695,2324,Budget Session,15,0,100.0
20696,2325,Budget Session,29,0,100.0
20697,2325,Winter Session,18,0,100.0
20698,2325,Monsoon Session,17,0,100.0
20699,2325,Budget Session,33,0,100.0
20700,2325,Monsoon Session,18,0,100.0
20701,2325,Budget Session,34,0,100.0
20702,2325,Winter Session,20,0,100.0
20703,2325,Monsoon Session,35,0,100.0
20704,2325,Budget Session,10,0,100.0
20705,2325,Winter Session,18,0,100.0
20706,2325,Monsoon Session,17,0,100.0
20707,2325,Budget Session,22,0,100.0
20708,2325,Budget Session,8,0,100.0
20709,2325,Winter Session,13,0,100.0
20710,2325,Monsoon Session,19,0,100.0
20711,2325,Budget Session,21,0,100.0
20712,2325,Budget Session,8,0,100.0
20713,2325,Winter Session,21,0,100.0
20714,2325,Monsoon Session,20,0,100.0
20715,2325,Budget Session,15,0,100.0
20716,2326,Budget Session,29,0,100.0
20717,2326,Winter Session,18,0,100.0
20718,2326,Monsoon Session,17,0,100.0
20719,2326,Budget Session,33,0,100.0
20720,2326,Monsoon Session,18,0,100.0
20721,2326,Budget Session,34,0,100.0
20722,2326,Winter Session,20,0,100.0
20723,2326,Monsoon Session,35,0,100.0
20724,2326,Budget Session,10,0,100.0
20725,2326,Winter Session,18,0,100.0
20726,2326,Monsoon Session,17,0,100.0
20727,2326,Budget Session,22,0,100.0
20728,2326,Budget Session,8,0,100.0
20729,2326,Winter Session,13,0,100.0
20730,2326,Monsoon Session,19,0,100.0
20731,2326,Budget Session,21,0,100.0
20732,2326,Budget Session,8,0,100.0
20733,2326,Winter Session,21,0,100.0
20734,2326,Monsoon Session,20,0,100.0
20735,2327,Budget Session,29,0,100.0
20736,2327,Winter Session,18,0,100.0
20737,2327,Monsoon Session,17,0,100.0
20738,2327,Budget Session,33,0,100.0
20739,2327,Monsoon Session,18,0,100.0
20740,2327,Budget Session,34,0,100.0
20741,2327,Winter Session,20,0,100.0
20742,2327,Monsoon Session,35,0,100.0
20743,2327,Budget Session,10,0,100.0
20744,2327,Winter Session,18,0,100.0
20745,2327,Monsoon Session,17,0,100.0
20746,2327,Budget Session,22,0,100.0
20747,2327,Budget Session,8,0,100.0
20748,2327,Winter Session,13,0,100.0
20749,2327,Monsoon Session,19,0,100.0
20750,2327,Budget Session,21,0,100.0
20751,2327,Budget Session,8,0,100.0
20752,2327,Winter Session,21,0,100.0
20753,2327,Monsoon Session,20,0,100.0
20754,2328,Winter Session,15,0,100.0
20755,2328,Monsoon Session,21,0,100.0
20756,2328,Budget Session,27,0,100.0
20757,2328,Winter Session,19,0,100.0
20758,2328,Monsoon Session,16,0,100.0
20759,2328,Special Session,5,0,100.0
20760,2328,Budget Session,9,0,100.0
20761,2328,Winter Session,15,0,100.0
20762,2328,Special Session,4,0,100.0
20763,2328,Monsoon Session,17,0,100.0
20764,2328,Budget Session,25,0,100.0
20765,2328,Winter Session,13,0,100.0
20766,2328,Monsoon Session,16,0,100.0
20767,2328,Budget Session,29,0,100.0
20768,2328,Winter Session,18,0,100.0
20769,2328,Monsoon Session,17,0,100.0
20770,2328,Budget Session,33,0,100.0
20771,2328,Monsoon Session,18,0,100.0
20772,2328,Budget Session,34,0,100.0
20773,2328,Winter Session,20,0,100.0
20774,2328,Monsoon Session,35,0,100.0
20775,2328,Budget Session,10,0,100.0
20776,2328,Winter Session,18,0,100.0
20777,2328,Monsoon Session,17,0,100.0
20778,2328,Budget Session,22,0,100.0
20779,2328,Budget Session,8,0,100.0
20780,2328,Winter Session,13,0,100.0
20781,2328,Monsoon Session,19,0,100.0
20782,2328,Budget Session,21,0,100.0
20783,2328,Budget Session,8,0,100.0
20784,2328,Winter Session,21,0,100.0
20785,2328,Monsoon Session,20,0,100.0
20786,2329,Budget Session,29,0,100.0
20787,2329,Winter Session,18,0,100.0
20788,2329,Monsoon Session,17,0,100.0
20789,2329,Budget Session,33,0,100.0
20790,2329,Monsoon Session,18,0,100.0
20791,2329,Budget Session,34,0,100.0
20792,2329,Winter Session,20,0,100.0
20793,2329,Monsoon Session,35,0,100.0
20794,2329,Budget Session,10,0,100.0
20795,2329,Winter Session,18,0,100.0
20796,2329,Monsoon Session,17,0,100.0
20797,2329,Budget Session,22,0,100.0
20798,2329,Budget Session,8,0,100.0
20799,2329,Winter Session,13,0,100.0
20800,2329,Monsoon Session,19,0,100.0
20801,2329,Budget Session,21,0,100.0
20802,2329,Budget Session,8,0,100.0
20803,2329,Winter Session,21,0,100.0
20804,2329,Monsoon Session,20,0,100.0
20805,1853,Monsoon Session,35,0,100.0
20806,1853,Budget Session,10,0,100.0
20807,1853,Winter Session,18,0,100.0
20808,1853,Monsoon Session,17,0,100.0
20809,1853,Budget Session,22,0,100.0
20810,1853,Budget Session,8,0,100.0
20811,1853,Winter Session,13,0,100.0
20812,1853,Monsoon Session,19,0,100.0
20813,1853,Budget Session,21,0,100.0
20814,1853,Budget Session,8,0,100.0
20815,1853,Winter Session,21,0,100.0
20816,1853,Monsoon Session,20,0,100.0
20817,1853,Budget Session,15,0,100.0
20818,1853,Budget Session,16,0,100.0
20819,1853,Winter Session,20,0,100.0
20820,1853,Monsoon Session,17,0,100.0
20821,1853,Budget Session,13,0,100.0
20822,1853,Budget Session,19,0,100.0
20823,1853,Winter Session,22,0,100.0
20824,1853,Budget Session,27,0,100.0
20825,1853,Special Session,3,0,100.0
20826,1853,Winter Session,12,0,100.0
20827,1853,Winter Session,10,0,100.0
20828,1853,Monsoon Session,21,0,100.0
20829,1853,Budget Session,11,0,100.0
20830,1853,Budget Session,21,0,100.0
20831,1853,Winter Session,20,0,100.0
20832,1853,Monsoon Session,19,0,100.0
20833,1853,225th Part-2,21,0,100.0
20834,1853,225th Part-1,14,0,100.0
20835,1853,Winter Session,24,0,100.0
20836,1853,Monsoon Session,26,0,100.0
20837,1853,Budget Session,23,0,100.0
20838,1853,Winter Session,23,0,100.0
20839,1853,Monsoon Session,26,0,100.0
20840,1853,219th Part-2,17,0,100.0
20841,1853,219th Part-1,15,0,100.0
20842,1853,Winter Session,23,0,100.0
20843,1853,Budget Session,26,0,100.0
20844,1853,Special Session,4,0,100.0
20845,1853,Budget Session,10,0,100.0
20846,1853,214th Part2,10,0,100.0
20847,1853,214th Part-1,6,0,100.0
20848,1853,Budget Session,35,0,100.0
20849,1853,Winter Session,17,0,100.0
20850,1854,Winter Session,12,0,100.0
20851,1854,Winter Session,10,0,100.0
20852,1854,Monsoon Session,21,0,100.0
20853,1854,Budget Session,11,0,100.0
20854,1854,Budget Session,21,0,100.0
20855,1854,Winter Session,20,0,100.0
20856,1854,Monsoon Session,19,0,100.0
20857,1854,225th Part-2,21,0,100.0
20858,1854,225th Part-1,14,0,100.0
20859,1854,Winter Session,24,0,100.0
20860,1854,Monsoon Session,26,0,100.0
20861,1854,Budget Session,23,0,100.0
20862,1854,Winter Session,23,0,100.0
20863,1854,Monsoon Session,26,0,100.0
20864,1854,219th Part-2,17,0,100.0
20865,1854,219th Part-1,15,0,100.0
20866,1854,Winter Session,23,0,100.0
20867,1854,Budget Session,26,0,100.0
20868,1854,Special Session,4,0,100.0
20869,1854,Budget Session,10,0,100.0
20870,1854,214th Part2,10,0,100.0
20871,1854,214th Part-1,6,0,100.0
20872,1854,Budget Session,35,0,100.0
20873,1854,Winter Session,17,0,100.0
20874,2330,Budget Session,29,0,100.0
20875,2330,Winter Session,18,0,100.0
20876,2330,Monsoon Session,17,0,100.0
20877,2330,Budget Session,33,0,100.0
20878,2330,Monsoon Session,18,0,100.0
20879,2330,Budget Session,34,0,100.0
20880,2330,Winter Session,20,0,100.0
20881,2330,Monsoon Session,35,0,100.0
20882,2330,Budget Session,10,0,100.0
20883,2330,Winter Session,18,0,100.0
20884,2330,Monsoon Session,17,0,100.0
20885,2330,Budget Session,22,0,100.0
20886,2330,Budget Session,8,0,100.0
20887,2330,Winter Session,13,0,100.0
20888,2330,Monsoon Session,19,0,100.0
20889,2330,Budget Session,21,0,100.0
20890,2330,Budget Session,8,0,100.0
20891,2330,Winter Session,21,0,100.0
20892,2330,Monsoon Session,20,0,100.0
20893,2331,Budget Session,29,0,100.0
20894,2331,Winter Session,18,0,100.0
20895,2331,Monsoon Session,17,0,100.0
20896,2331,Budget Session,33,0,100.0
20897,2331,Monsoon Session,18,0,100.0
20898,2331,Budget Session,34,0,100.0
20899,2331,Winter Session,20,0,100.0
20900,2331,Monsoon Session,35,0,100.0
20901,2331,Budget Session,10,0,100.0
20902,2331,Winter Session,18,0,100.0
20903,2331,Monsoon Session,17,0,100.0
20904,2331,Budget Session,22,0,100.0
20905,2331,Budget Session,8,0,100.0
20906,2331,Winter Session,13,0,100.0
20907,2331,Monsoon Session,19,0,100.0
20908,2331,Budget Session,21,0,100.0
20909,2331,Budget Session,8,0,100.0
20910,2331,Winter Session,21,0,100.0
20911,2331,Monsoon Session,20,0,100.0
20912,1855,Budget Session,35,0,100.0
20913,1855,Winter Session,17,0,100.0
20914,2332,Budget Session,29,0,100.0
20915,2332,Winter Session,18,0,100.0
20916,2332,Monsoon Session,17,0,100.0
20917,2332,Budget Session,33,0,100.0
20918,2332,Monsoon Session,18,0,100.0
20919,2332,Budget Session,34,0,100.0
20920,2332,Winter Session,20,0,100.0
20921,2332,Monsoon Session,35,0,100.0
20922,2332,Budget Session,10,0,100.0
20923,2332,Winter Session,18,0,100.0
20924,2332,Monsoon Session,17,0,100.0
20925,2332,Budget Session,22,0,100.0
20926,2332,Budget Session,8,0,100.0
20927,2332,Winter Session,13,0,100.0
20928,2332,Monsoon Session,19,0,100.0
20929,2332,Budget Session,21,0,100.0
20930,2332,Budget Session,8,0,100.0
20931,2332,Winter Session,21,0,100.0
20932,2332,Monsoon Session,20,0,100.0
20933,1856,Budget Session,34,0,100.0
20934,1856,Winter Session,20,0,100.0
20935,1856,Monsoon Session,35,0,100.0
20936,1856,Budget Session,10,0,100.0
20937,1856,Winter Session,18,0,100.0
20938,1856,Monsoon Session,17,0,100.0
20939,1856,Budget Session,22,0,100.0
20940,1856,Budget Session,8,0,100.0
20941,1856,Winter Session,13,0,100.0
20942,1856,Monsoon Session,19,0,100.0
20943,1856,Budget Session,21,0,100.0
20944,1856,Budget Session,8,0,100.0
20945,1856,Winter Session,21,0,100.0
20946,1856,Monsoon Session,20,0,100.0
20947,1856,Budget Session,15,0,100.0
20948,1856,Budget Session,16,0,100.0
20949,1856,Winter Session,20,0,100.0
20950,1856,Monsoon Session,17,0,100.0
20951,1856,Budget Session,13,0,100.0
20952,1856,Budget Session,19,0,100.0
20953,1856,Winter Session,22,0,100.0
20954,1856,Budget Session,27,0,100.0
20955,1856,Special Session,3,0,100.0
20956,1856,Winter Session,12,0,100.0
20957,1856,Winter Session,10,0,100.0
20958,1856,Monsoon Session,21,0,100.0
20959,1856,Budget Session,11,0,100.0
20960,1856,Budget Session,21,0,100.0
20961,1856,Winter Session,20,0,100.0
20962,1856,Monsoon Session,19,0,100.0
20963,1856,225th Part-2,21,0,100.0
20964,1856,225th Part-1,14,0,100.0
20965,1856,Winter Session,24,0,100.0
20966,1856,Monsoon Session,26,0,100.0
20967,1856,Budget Session,23,0,100.0
20968,1856,Winter Session,23,0,100.0
20969,1856,Monsoon Session,26,0,100.0
20970,1856,219th Part-2,17,0,100.0
20971,1856,219th Part-1,15,0,100.0
20972,1856,Winter Session,23,0,100.0
20973,1856,Budget Session,26,0,100.0
20974,1856,Special Session,4,0,100.0
20975,1856,Budget Session,10,0,100.0
20976,1856,214th Part2,10,0,100.0
20977,1856,214th Part-1,6,0,100.0
20978,1856,Budget Session,35,0,100.0
20979,1856,Winter Session,17,0,100.0
20980,2333,Winter Session,15,0,100.0
20981,2333,Monsoon Session,21,0,100.0
20982,2333,Budget Session,27,0,100.0
20983,2333,Winter Session,19,0,100.0
20984,2333,Monsoon Session,16,0,100.0
20985,2333,Special Session,5,0,100.0
20986,2333,Budget Session,9,0,100.0
20987,2333,Winter Session,15,0,100.0
20988,2333,Special Session,4,0,100.0
20989,2333,Monsoon Session,17,0,100.0
20990,2333,Budget Session,25,0,100.0
20991,2333,Winter Session,13,0,100.0
20992,2333,Monsoon Session,16,0,100.0
20993,2333,Budget Session,29,0,100.0
20994,2333,Winter Session,18,0,100.0
20995,2333,Monsoon Session,17,0,100.0
20996,2333,Budget Session,33,0,100.0
20997,2333,Monsoon Session,18,0,100.0
20998,2333,Budget Session,34,0,100.0
20999,2333,Winter Session,20,0,100.0
21000,2333,Monsoon Session,35,0,100.0
21001,2333,Budget Session,10,0,100.0
21002,2333,Winter Session,18,0,100.0
21003,2333,Monsoon Session,17,0,100.0
21004,2333,Budget Session,22,0,100.0
21005,2333,Budget Session,8,0,100.0
21006,2333,Winter Session,13,0,100.0
21007,2333,Monsoon Session,19,0,100.0
21008,2333,Budget Session,21,0,100.0
21009,2333,Budget Session,8,0,100.0
21010,2333,Winter Session,21,0,100.0
21011,2333,Monsoon Session,20,0,100.0
21012,1857,Budget Session,34,0,100.0
21013,1857,Winter Session,20,0,100.0
21014,1857,Monsoon Session,35,0,100.0
21015,1857,Budget Session,10,0,100.0
21016,1857,Winter Session,18,0,100.0
21017,1857,Monsoon Session,17,0,100.0
21018,1857,Budget Session,22,0,100.0
21019,1857,Budget Session,8,0,100.0
21020,1857,Winter Session,13,0,100.0
21021,1857,Monsoon Session,19,0,100.0
21022,1857,Budget Session,21,0,100.0
21023,1857,Budget Session,8,0,100.0
21024,1857,Winter Session,21,0,100.0
21025,1857,Monsoon Session,20,0,100.0
21026,1857,Budget Session,15,0,100.0
21027,1857,Budget Session,16,0,100.0
21028,1857,Winter Session,20,0,100.0
21029,1857,Monsoon Session,17,0,100.0
21030,1857,Budget Session,13,0,100.0
21031,1857,Budget Session,19,0,100.0
21032,1857,Winter Session,22,0,100.0
21033,1857,Budget Session,27,0,100.0
21034,1857,Special Session,3,0,100.0
21035,1857,Winter Session,12,0,100.0
21036,1857,Winter Session,10,0,100.0
21037,1857,Monsoon Session,21,0,100.0
21038,1857,Budget Session,11,0,100.0
21039,1857,Budget Session,21,0,100.0
21040,1857,Winter Session,20,0,100.0
21041,1857,Monsoon Session,19,0,100.0
21042,1857,225th Part-2,21,0,100.0
21043,1857,225th Part-1,14,0,100.0
21044,1857,Winter Session,24,0,100.0
21045,1857,Monsoon Session,26,0,100.0
21046,1857,Budget Session,23,0,100.0
21047,1857,Winter Session,23,0,100.0
21048,1857,Monsoon Session,26,0,100.0
21049,1857,219th Part-2,17,0,100.0
21050,1857,219th Part-1,15,0,100.0
21051,1857,Winter Session,23,0,100.0
21052,1857,Budget Session,26,0,100.0
21053,1857,Special Session,4,0,100.0
21054,1857,Budget Session,10,0,100.0
21055,1857,214th Part2,10,0,100.0
21056,1857,214th Part-1,6,0,100.0
21057,1857,Budget Session,35,0,100.0
21058,1857,Winter Session,17,0,100.0
21059,1858,Budget Session,35,0,100.0
21060,1858,Winter Session,17,0,100.0
21061,2334,Budget Session,29,0,100.0
21062,2334,Winter Session,18,0,100.0
21063,2334,Monsoon Session,17,0,100.0
21064,2334,Budget Session,33,0,100.0
21065,2334,Monsoon Session,18,0,100.0
21066,2334,Budget Session,34,0,100.0
21067,2334,Winter Session,20,0,100.0
21068,2334,Monsoon Session,35,0,100.0
21069,2334,Budget Session,10,0,100.0
21070,2334,Winter Session,18,0,100.0
21071,2334,Monsoon Session,17,0,100.0
21072,2334,Budget Session,22,0,100.0
21073,2334,Budget Session,8,0,100.0
21074,2334,Winter Session,13,0,100.0
21075,2334,Monsoon Session,19,0,100.0
21076,2334,Budget Session,21,0,100.0
21077,2334,Budget Session,8,0,100.0
21078,2334,Winter Session,21,0,100.0
21079,2334,Monsoon Session,20,0,100.0
21080,2335,Budget Session,29,0,100.0
21081,2335,Winter Session,18,0,100.0
21082,2335,Monsoon Session,17,0,100.0
21083,2335,Budget Session,33,0,100.0
21084,2335,Monsoon Session,18,0,100.0
21085,2335,Budget Session,34,0,100.0
21086,2335,Winter Session,20,0,100.0
21087,2335,Monsoon Session,35,0,100.0
21088,2335,Budget Session,10,0,100.0
21089,2335,Winter Session,18,0,100.0
21090,2335,Monsoon Session,17,0,100.0
21091,2335,Budget Session,22,0,100.0
21092,2335,Budget Session,8,0,100.0
21093,2335,Winter Session,13,0,100.0
21094,2335,Monsoon Session,19,0,100.0
21095,2335,Budget Session,21,0,100.0
21096,2335,Budget Session,8,0,100.0
21097,2335,Winter Session,21,0,100.0
21098,2335,Monsoon Session,20,0,100.0
21099,1859,Budget Session,35,0,100.0
21100,1859,Winter Session,17,0,100.0
