srno,member_name,party,state_ut,status,age,term
1,"Roy, Shri Jibon",Communist Party of India (Marxist),West Bengal,Former,85.0,"2 (1993–1999, 1999–2005)"
2,"Singh, Dr. Manmohan",Indian National Congress,Rajasthan,Former,93.0,"6 (1991–1995, 1995–2001, 2001–2007, 2007–2013, 2013–2019, 2019–2024)"
3,"Joshi, Shri Kailash",Bharatiya Janata Party,Madhya Pradesh,Former,96.0,1 (2000–2006)
4,"Salim, Shri Md.",Communist Party of India (Marxist),West Bengal,Former,68.0,"2 (1990–1996, 1996–2002)"
5,"Gavai, Shri R.S.",Republican Party of India,Maharashtra,Former,96.0,1 (2000–2006)
6,"Singh, Shri Gaya",Communist Party of India,Bihar,Former,81.0,"2 (1992–1998, 1998–2004)"
7,"Gowda, Shri H.K. Javare",Janata Dal,Karnataka,Former,75.0,1 (1998–2004)
8,"Goyal, Shri Vedprakash P.",Bharatiya Janata Party,Maharashtra,Former,99.0,"2 (1996–2002, 2002–2008)"
9,"Gupta, Shri Banarsi Das",Indian National Congress,Haryana,Former,108.0,1 (1996–2002)
10,"Gupta, Shri Prem Chand",Rashtriya Janata Dal,Bihar,Sitting,75.0,"5 (1996–2002, 2002–2008, 2008–2014, 2014–2020, 2020–2026)"
11,"Haji, Shri Korambayil Ahammed",Muslim League,Kerala,Former,94.0,1 (1998–2004)
12,"Hamdard, Shri Barjinder Singh",Independent & Others,Punjab,Former,81.0,1 (1998–2004)
13,"Margabandu, Shri R.",All India Anna Dravida Munnetra Kazhagam,Tamil Nadu,Former,91.0,1 (1995–2001)
14,"Masthan, Dr. D.",Independent & Others,Tamil Nadu,Former,68.0,1 (1995–2001)
15,"Mattathil, Shri M.J. Varkey",Kerala Congress,Kerala,Former,88.0,1 (1998–2004)
16,"Meena, Shri Moolchand",Indian National Congress,Rajasthan,Former,70.0,"2 (1992–1998, 2000–2006)"
17,"Mehta, Shri Lalitbhai",Bharatiya Janata Party,Gujarat,Former,88.0,1 (1999–2005)
18,"Gautam, Shri Sangh Priya",Bharatiya Janata Party,Uttarakhand,Former,94.0,"3 (1990–1996, 1998–2000, 2000–2004)"
19,"Roy Chowdhury, Shri Shankar",Independent & Others,West Bengal,Former,88.0,1 (1999–2005)
20,"Rumandla Ramchandraiah, Shri",Telugu Desam Party,Andhra Pradesh,Former,75.0,1 (1998–2004)
21,"Hasan, Shri Munavvar",Samajwadi Party,Uttar Pradesh,Former,61.0,1 (1998–2004)
22,"Hegde, Shri Ramakrishna",Janata Party,Karnataka,Former,99.0,"2 (1978–1984, 1996–2002)"
23,"Heptulla, Dr. Najma A.",Bharatiya Janata Party,Madhya Pradesh,Former,85.0,"6 (1980–1986, 1986–1992, 1992–1998, 1998–2004, 2004–2010, 2012–2018)"
24,"Hiphei, Shri",CONG(I),Mizoram,Former,88.0,"2 (1990–1996, 1996–2002)"
25,"Ibrahim, Shri C.M.",Janata Dal,Karnataka,Former,72.0,1 (1996–2002)
26,"Jamir, Shri C. Apok",Indian National Congress,Nagaland,Former,64.0,1 (1998–2004)
27,"Jaitley, Shri Arun",Bharatiya Janata Party,Uttar Pradesh,Former,73.0,"4 (2000–2006, 2006–2012, 2012–2018, 2018–2024)"
28,"Judev, Shri Dilip Singh",Bharatiya Janata Party,Chhattisgarh,Former,76.0,"3 (1992–1998, 1998–2004, 2004–2010)"
29,"Jethmalani, Shri Ram",Rashtriya Janata Dal,Bihar,Former,102.0,"6 (1988–1994, 1994–2000, 2000–2006, 2006–2009, 2010–2016, 2016–2022)"
30,"Kadar, Shri M.A.",Dravida Munnetra Kazhagam,Tamil Nadu,Former,83.0,1 (1998–2004)
32,"Kalmadi, Shri Suresh",Indian National Congress,Maharashtra,Former,81.0,"4 (1982–1988, 1988–1994, 1994–2000, 1998–2004)"
33,"Kanshi Ram, Shri",Bahujan Samaj Party,Uttar Pradesh,Former,91.0,1 (1998–2004)
35,"Kaushal, Shri Swaraj",Haryana Vikas Party,Haryana,Former,73.0,1 (1998–2004)
36,"Kaushik, Shri Rama Shanker",Samajwadi Party,Uttar Pradesh,Former,94.0,1 (1998–2004)
37,"Keswani, Shri Suresh A.",Independent & Others,Maharashtra,Former,83.0,1 (1996–2002)
38,"Kharwar, Shri Ghanshyam Chandra",Bahujan Samaj Party,Uttar Pradesh,Former,64.0,1 (2000–2006)
39,"Khan (Durru), Shri Aimaduddin Ahmad",Indian National Congress,Rajasthan,Former,81.0,1 (1998–2004)
40,"Khan, Shri K.M.",Indian National Congress,Andhra Pradesh,Former,85.0,"2 (1994–2000, 2000–2006)"
42,"Khan, Shri Mohd. Azam",Samajwadi Party,Uttar Pradesh,Former,77.0,1 (1996–2002)
43,"Khuntia, Shri Rama Chandra",Indian National Congress,Odisha,Former,72.0,"2 (1998–2004, 2008–2014)"
44,"Kidwai, Dr. A.R.",Indian National Congress,National Capital Territory of Delhi,Former,105.0,1 (2000–2006)
45,"Kovind, Shri Ram Nath",Bharatiya Janata Party,Uttar Pradesh,Former,80.0,"2 (1994–2000, 2000–2006)"
46,"Kondaiah, Shri K.C.",Indian National Congress,Karnataka,Former,75.0,1 (2000–2002)
47,"Kujur, Shri Maurice",Indian National Congress,Odisha,Former,90.0,1 (1996–2002)
48,"Lachhman Singh, Shri",Indian National Congress,Haryana,Former,104.0,1 (1996–2002)
49,"Lakshmi Prasad, Dr. Y.",Telugu Desam Party,Andhra Pradesh,Former,72.0,1 (1996–2002)
50,"Lakshmisagar, Prof. A.",Janata Dal,Karnataka,Former,,1 (1998–2002)
51,"Lama, Shri Dawa",Communist Party of India (Marxist),West Bengal,Former,96.0,1 (1996–2002)
54,"Maharaj, Dr. Swami Sakshi Ji",Samajwadi Party,Uttar Pradesh,Former,70.0,1 (2000–2006)
55,"Mahanta, Dr.(Smt.) Joyasree Goswami",Asom Gana Parishad,Assam,Former,65.0,1 (1999–2001)
56,"Maheshwari, Shri P.K.",Indian National Congress,Madhya Pradesh,Former,83.0,1 (2000–2006)
57,"Maheshwari, Smt. Sarla",Communist Party of India (Marxist),West Bengal,Former,71.0,"2 (1990–1996, 1999–2005)"
58,"Mangeshkar, Ms. Lata",Nominated,Nominated,Former,96.0,1 (1999–2005)
59,"Saifullah, Shri K.M.",Telugu Desam Party,Andhra Pradesh,Former,81.0,1 (1996–2002)
60,"Salve, Shri N.K.P.",CONG(I),Maharashtra,Former,104.0,"4 (1978–1984, 1984–1990, 1990–1996, 1996–2002)"
61,"Samadani, Shri M.P. Abdussamad",Muslim League,Kerala,Former,67.0,"2 (1994–2000, 2000–2006)"
62,"Sankaralingam, Prof. M.",Dravida Munnetra Kazhagam,Tamil Nadu,Former,98.0,1 (1998–2004)
63,"Sarma, Dr. Arun Kumar",Asom Gana Parishad,Assam,Former,69.0,1 (1998–2004)
64,"Sarma, Smt. Basanti",CONG(I),Assam,Former,81.0,"2 (1991–1996, 1996–2002)"
65,"Sengupta, Shri Bratin",Communist Party of India (Marxist),West Bengal,Former,62.0,1 (1996–2002)
66,"Sharda, Smt. Savita",Bharatiya Janata Party,Gujarat,Former,78.0,1 (1999–2005)
67,"Sethi, Shri Ananta",Congress,Odisha,Former,74.0,1 (1996–2002)
68,"Shariq, Shri Sharief Ud-Din",J&K National Conference,Jammu & Kashmir,Former,86.0,"2 (1980–1984, 1996–2002)"
69,"Sharma, Shri Anil",Himachal Vikas Congress,Himachal Pradesh,Former,69.0,1 (1998–2004)
70,"Sharma, Dr. Mahesh Chandra",Bharatiya Janata Party,Rajasthan,Former,77.0,1 (1996–2002)
71,"Shirodkar, Shri Adhik",Shiv Sena,Maharashtra,Former,94.0,1 (1996–2002)
72,"Shourie, Shri Arun",Bharatiya Janata Party,Uttar Pradesh,Former,84.0,"2 (1998–2004, 2004–2010)"
73,"Singh, Shri Amar",Independent & Others,Uttar Pradesh,Former,70.0,"4 (1996–2002, 2002–2008, 2008–2014, 2016–2022)"
74,"Sibal, Shri Kapil",Independent & Others,Uttar Pradesh,Sitting,77.0,"3 (1998–2004, 2016–2022, 2022–2028)"
75,"Singh, Shri Arjun",Indian National Congress,Madhya Pradesh,Former,95.0,"2 (2000–2006, 2006–2012)"
76,"Singh, Shri Devi Prasad",Bharatiya Janata Party,Uttar Pradesh,Former,89.0,1 (1996–2002)
77,"Singh, Shri Jaswant",Bharatiya Janata Party,Rajasthan,Former,88.0,"4 (1980–1986, 1986–1992, 1998–2004, 2004–2010)"
78,"Majitha, Shri Raj Mohinder Singh",Shiromani Akali Dal,Punjab,Former,86.0,"2 (1998–2004, 2004–2010)"
79,"Singh, Shri Raj Nath",Bharatiya Janata Party,Uttar Pradesh,Former,74.0,"3 (1994–2000, 2000–2006, 2002–2008)"
81,"Singh, Shri Surendra Kumar",CONG(I),Chhattisgarh,Former,93.0,"2 (1996–2000, 2000–2002)"
82,"Karan Singh, Dr.",Indian National Congress,National Capital Territory of Delhi,Former,94.0,"4 (1996–1999, 2000–2006, 2006–2012, 2012–2018)"
83,"Soni, Smt. Ambika",Indian National Congress,Punjab,Former,83.0,"5 (1976–1980, 2000–2006, 2004–2010, 2010–2016, 2016–2022)"
84,"Singhal, Shri B.P.",Bharatiya Janata Party,Uttar Pradesh,Former,93.0,1 (1998–2004)
85,"Singhvi, Dr. L.M.",Bharatiya Janata Party,Rajasthan,Former,94.0,1 (1998–2004)
86,"Sinha, Shri Shatrughan",Bharatiya Janata Party,Bihar,Former,79.0,"2 (1996–2002, 2002–2008)"
87,"Sivasubramanian, Shri S.",Dravida Munnetra Kazhagam,Tamil Nadu,Former,88.0,1 (1998–2004)
88,"Solanki, Shri Gopalsinh G.",Bharatiya Janata Party,Gujarat,Former,86.0,"2 (1990–1996, 1996–2002)"
89,"Soren, Shri Shibu",Jharkhand Mukti Morcha,Jharkhand,Former,82.0,"4 (1998–2000, 2000–2004, 2002–2008, 2020–2026)"
90,"Soundararajan, Shri P.",All India Anna Dravida Munnetra Kazhagam,Tamil Nadu,Former,66.0,1 (1996–2002)
91,"Subbian, Shri Ka. Ra.",Dravida Munnetra Kazhagam,Tamil Nadu,Former,87.0,1 (2000–2002)
92,"Sundaram, Shri N. Thalavai",All India Anna Dravida Munnetra Kazhagam,Tamil Nadu,Former,67.0,1 (1996–2002)
93,"Singh 'Surya', Shri Rajnath",Bharatiya Janata Party,Uttar Pradesh,Former,88.0,1 (1996–2002)
94,"Swaraj, Smt. Sushma",Bharatiya Janata Party,Madhya Pradesh,Former,73.0,"3 (1990–1996, 2000–2006, 2006–2012)"
95,"Thiksey, Shri Kushok",J&K National Conference,Jammu & Kashmir,Former,82.0,1 (1998–2002)
96,"Thirunavukkarasu, Shri C.P.",Dravida Munnetra Kazhagam,Puducherry,Former,87.0,1 (1997–2003)
97,"Tohra, Sardar Gurcharan Singh",Shiromani Akali Dal,Punjab,Former,101.0,"5 (1969–1970, 1970–1976, 1980–1982, 1982–1988, 1998–2004)"
98,"Topno, Ms. Frida",Indian National Congress,Odisha,Former,100.0,1 (1998–2002)
99,"Vahadane, Shri Suryabhan Patil",Bharatiya Janata Party,Maharashtra,Former,95.0,1 (1996–2002)
100,"Varma, Prof. R.B.S.",Bharatiya Janata Party,Uttar Pradesh,Former,79.0,"2 (1994–2000, 2000–2006)"
101,"Verma, Shri Vikram",Bharatiya Janata Party,Madhya Pradesh,Former,82.0,"2 (2000–2006, 2006–2012)"
102,"Vanga Geetha, Smt.",Telugu Desam Party,Andhra Pradesh,Former,61.0,1 (2000–2006)
103,"Vijayaraghavan, Shri A.",Communist Party of India (Marxist),Kerala,Former,69.0,"2 (1998–2004, 2004–2010)"
104,"Dhammaviriyo,  Ven'ble",Rashtriya Janata Dal,Jharkhand,Former,86.0,"2 (2000–2000, 2000–2002)"
105,"Virumbi, Shri S. Viduthalai",Dravida Munnetra Kazhagam,Tamil Nadu,Former,86.0,"3 (1989–1989, 1989–1995, 1998–2004)"
106,"Warisa, Shri Prakanta",Autonomous State Demand Committee,Assam,Former,60.0,1 (1996–2002)
107,"Yadav, Shri D.P.",Independent & Others,Uttar Pradesh,Former,75.0,1 (1998–2004)
108,"Yadav, Chaudhary Harmohan Singh",Samajwadi Party,Nominated,Former,104.0,"2 (1990–1996, 1997–2003)"
109,"Yadav, Prof. Ram Gopal",Samajwadi Party,Uttar Pradesh,Sitting,79.0,"5 (1992–1998, 1998–2004, 2008–2014, 2014–2020, 2020–2026)"
110,"Yadav, Shri Ranjan Prasad",Rashtriya Janata Dal,Bihar,Former,77.0,"2 (1990–1996, 1996–2002)"
111,"Yadav, Shri Vijay Singh",Rashtriya Janata Dal,Bihar,Former,73.0,1 (2000–2006)
112,"Zahidi, Shri Khan Ghufran",Indian National Congress,Uttar Pradesh,Former,91.0,"2 (1996–1998, 1998–2004)"
113,"Agarwal, Shri Lakkhiram",Bharatiya Janata Party,Chhattisgarh,Former,93.0,"3 (1990–1996, 1996–2000, 2000–2002)"
114,"Agarwal, Prof. M.M.",Independent & Others,Uttar Pradesh,Former,91.0,1 (2000–2006)
115,"Agarwal, Shri Ramdas",Bharatiya Janata Party,Rajasthan,Former,88.0,"3 (1990–1996, 1996–2002, 2006–2012)"
116,"Agarwalla, Shri Parmeshwar Kumar",Bharatiya Janata Party,Bihar,Former,88.0,"3 (1992–1998, 1998–2000, 2000–2004)"
117,"Agniraj, Shri S.",Dravida Munnetra Kazhagam,Tamil Nadu,Former,92.0,1 (1998–2004)
118,"Ahluwalia, Shri S.S.",Bharatiya Janata Party,Jharkhand,Former,74.0,"5 (1986–1992, 1992–1998, 2000–2006, 2006–2012, 2000–2000)"
119,"Gupta, Dr. Akhilesh Das",Bahujan Samaj Party,Uttar Pradesh,Former,64.0,"3 (1996–2002, 2002–2008, 2008–2014)"
120,"Alphonse, Shri S.Peter",Tamil Maanila Congress (Moopanar),Tamil Nadu,Former,75.0,"2 (1996–2002, 1997–2002)"
121,"Anand, Shri R. K.",Indian National Congress,Bihar,Former,82.0,"2 (2000–2000, 2000–2006)"
122,"Anil Kumar, Shri",Rashtriya Janata Dal,Bihar,Former,68.0,"2 (1992–1998, 1998–2004)"
123,"Apte, Shri Balavant alias Bal",Bharatiya Janata Party,Maharashtra,Former,87.0,"2 (2000–2006, 2006–2012)"
124,"Arya, Shri R.N.",Bahujan Samaj Party,Uttar Pradesh,Former,73.0,1 (1996–2002)
125,"Azad, Shri Gandhi",Bahujan Samaj Party,Uttar Pradesh,Former,79.0,"2 (1996–2002, 2002–2008)"
126,"Azad, Shri Ghulam Nabi",Indian National Congress,Jammu & Kashmir,Former,76.0,"5 (1990–1996, 1996–2002, 2002–2006, 2009–2015, 2015–2021)"
127,"Azmi, Maulana Obaidullah Khan",Indian National Congress,Madhya Pradesh,Former,76.0,"3 (1990–1996, 1996–2000, 2002–2008)"
128,"Azmi, Smt. Shabana",Nominated,Nominated,Former,74.0,1 (1997–2003)
129,"Barupal, Smt. Jamana Devi",Indian National Congress,Rajasthan,Former,91.0,1 (2000–2006)
130,"Basu, Shri Nilotpal",Communist Party of India (Marxist),West Bengal,Former,69.0,"2 (1994–2000, 2000–2006)"
131,"Bhandary, Prof. Ram Deo",Rashtriya Janata Dal,Bihar,Former,86.0,"3 (1992–1998, 1998–2002, 2002–2008)"
132,"Bhardwaj, Shri Hans Raj",Indian National Congress,Haryana,Former,88.0,"5 (1982–1988, 1988–1994, 1994–2000, 2000–2006, 2006–2012)"
133,"Bhatt, Shri Brahmakumar",Indian National Congress,Gujarat,Former,104.0,1 (1996–2002)
134,"Bachani, Shri Lekhraj",Bharatiya Janata Party,Gujarat,Former,96.0,1 (2000–2006)
135,"Bagrodia, Shri Santosh",Indian National Congress,Rajasthan,Former,85.0,"3 (1986–1992, 1998–2004, 2004–2010)"
136,"Bairagi, Shri Balkavi",Indian National Congress,Madhya Pradesh,Former,94.0,1 (1998–2004)
137,"Bakht, Shri Sikander",Bharatiya Janata Party,Madhya Pradesh,Former,107.0,"2 (1990–1996, 1996–2002)"
138,"Raghavan, Shri V.V.",Communist Party of India,Kerala,Former,102.0,1 (2000–2006)
139,"Bangaru Laxman, Shri",Bharatiya Janata Party,Gujarat,Former,86.0,1 (1996–2002)
140,"Bhattacharjee, Shri Karnendu",Indian National Congress,Assam,Former,87.0,"2 (1996–2002, 2002–2008)"
141,"Bhattacharya, Shri Jayanta",Independent & Others,West Bengal,Former,78.0,1 (2000–2006)
142,"Bhendia, Shri Jhumuk Lal",Indian National Congress,Madhya Pradesh,Former,95.0,"2 (1998–2000, 2000–2004)"
143,"Bhunder, Sardar Balwinder Singh",Shiromani Akali Dal,Punjab,Former,81.0,"3 (1998–2004, 2010–2016, 2016–2022)"
144,"Bhutia, Shri K.G.",Sikkim Democratic Front,Sikkim,Former,85.0,1 (2000–2006)
145,"Birla, Shri Krishna Kumar",CONG(I),Rajasthan,Former,107.0,"3 (1984–1990, 1990–1996, 1996–2002)"
146,"Biswas, Shri Debabrata",All India Forward Block,West Bengal,Former,80.0,"4 (1990–1996, 1996–2002, 2002–2008, 2008–2014)"
147,"Bommai, Shri S.R.",Janata Dal,Karnataka,Former,101.0,"2 (1992–1998, 1998–2004)"
148,"Borgohain, Shri Drupad",Communist Party of India,Assam,Former,84.0,1 (1998–2004)
149,"Chandresh Kumari, Smt.",CONG(I),Himachal Pradesh,Former,81.0,1 (1996–2002)
150,"Chaturvedi, Shri T.N.",Bharatiya Janata Party,Uttar Pradesh,Former,98.0,"2 (1992–1998, 1998–2004)"
151,"Chunni Lal, Chaudhary",Bharatiya Janata Party,Uttar Pradesh,Former,92.0,1 (1996–2002)
152,"Chauhan, Shri Dara Singh",Samajwadi Party,Uttar Pradesh,Former,62.0,"2 (1996–2000, 2000–2006)"
153,"Chavan, Shri S.B.",Indian National Congress,Maharashtra,Former,105.0,"3 (1988–1990, 1990–1996, 1996–2002)"
154,"Chitharanjan, Shri J.",Communist Party of India,Kerala,Former,98.0,1 (1997–2003)
155,"Darda, Shri Vijay Jawaharlal",Indian National Congress,Maharashtra,Former,75.0,"3 (1998–2004, 2004–2010, 2010–2016)"
156,"Das, Shri Khagen",Communist Party of India (Marxist),Tripura,Former,88.0,1 (1998–2004)
157,"Das, Dr. M.N.",Indian National Congress,Odisha,Former,100.0,1 (1998–2004)
158,"Das, Dr.(Ms.) P. Selvie",Nominated,Nominated,Former,93.0,1 (1997–2003)
159,"Dasari, Shri N.R.",Communist Party of India,Andhra Pradesh,Former,99.0,1 (1998–2004)
160,"Dasgupta, Dr. Biplab",Communist Party of India (Marxist),West Bengal,Former,87.0,"2 (1994–2000, 2000–2006)"
161,"Dave, Shri Anantray Devshanker",Bharatiya Janata Party,Gujarat,Former,87.0,"2 (1990–1996, 1996–2002)"
162,"Deshmukh, Shri Nana",Nominated,Nominated,Former,109.0,1 (1999–2005)
163,"Devi Lal, Shri",Indian National Lok Dal,Haryana,Former,111.0,1 (1998–2004)
164,"Dhindsa, Sardar Sukhdev Singh",Shiromani Akali Dal,Punjab,Former,89.0,"3 (1998–2004, 2010–2016, 2016–2022)"
165,"Dhyani, Shri Manohar Kant",Bharatiya Janata Party,Uttarakhand,Former,83.0,
166,"Dilip Kumar, Shri Yusuf Sarwar Khan alias",Indian National Congress,Maharashtra,Former,103.0,1 (2000–2006)
167,"Dubey, Smt. Saroj",Rashtriya Janata Dal,Bihar,Former,87.0,1 (1998–2004)
168,"Duggal, Shri Kartar Singh",Nominated,Nominated,Former,108.0,1 (1997–2003)
169,"Duraisamy, Shri V.P.",Dravida Munnetra Kazhagam,Tamil Nadu,Former,76.0,"2 (1995–2001, 1996–2001)"
170,"Faguni   Ram, Dr.",Indian National Congress,Bihar,Former,81.0,"3 (1985–1988, 1988–1994, 2000–2006)"
171,"Mullana, Shri Faqir Chand",Indian National Lok Dal,Haryana,Former,85.0,1 (2000–2006)
172,"Faleiro, Shri Eduardo",Indian National Congress,Goa,Former,85.0,1 (1999–2005)
173,"Fernandes, Shri Oscar",Indian National Congress,Karnataka,Former,84.0,"4 (1998–2004, 2004–2010, 2010–2016, 2016–2022)"
174,"Samal, Shri Man Mohan",Bharatiya Janata Party,Odisha,Former,66.0,1 (2000–2006)
175,"Shukla, Shri Rajeev",Indian National Congress,Chhattisgarh,Sitting,68.0,2022-2028
176,"Singh, Shri Birabhadra",Biju Janata Dal,Odisha,Former,80.0,1 (2000–2006)
177,"Siva, Shri Tiruchi",Dravida Munnetra Kazhagam,Tamil Nadu,Sitting,71.0,"4 (2000–2002, 2007–2013, 2014–2020, 2020–2026)"
178,"Manhar, Shri Bhagatram",Indian National Congress,Chhattisgarh,Former,87.0,"4 (1978–1984, 1984–1990, 2000–2000, 2000–2006)"
179,"Manian, Shri O. S.",All India Anna Dravida Munnetra Kazhagam,Tamil Nadu,Former,69.0,1 (1995–2001)
180,"Mishra, Shri Dina Nath",Bharatiya Janata Party,Uttar Pradesh,Former,88.0,1 (1998–2004)
181,"Mishra, Shri Janeshwar",Samajwadi Party,Uttar Pradesh,Former,92.0,"3 (1994–2000, 2000–2006, 2006–2012)"
182,"Misra, Shri Ranganath",Indian National Congress,Odisha,Former,99.0,1 (1998–2004)
183,"Moopanar, Shri G. K.",Tamil Maanila Congress (Moopanar),Tamil Nadu,Former,94.0,"4 (1977–1983, 1983–1989, 1995–2001, 1998–2004)"
184,"Mukherjee, Shri Dipankar",Communist Party of India (Marxist),West Bengal,Former,82.0,"2 (1994–2000, 2000–2006)"
185,"Mukherjee, Shri Pranab",Indian National Congress,West Bengal,Former,90.0,"5 (1969–1975, 1975–1981, 1981–1987, 1993–1999, 1999–2005)"
186,"Murty, Dr. Y. Radhakrishna",Communist Party of India (Marxist),Andhra Pradesh,Former,97.0,1 (1996–2002)
187,"Murthy, Shri M. Rajasekara",Janata Dal (Secular),Karnataka,Former,103.0,"3 (1994–1999, 2000–2006, 2006–2012)"
188,"Murthy, Shri K. B. Krishna",Indian National Congress,Karnataka,Former,70.0,1 (2000–2006)
189,"Nahata, Smt. Jayaprada",Telugu Desam Party,Andhra Pradesh,Former,63.0,1 (1996–2002)
190,"Naidu, Shri M. Venkaiah",Bharatiya Janata Party,Rajasthan,Former,76.0,"4 (1998–2004, 2004–2010, 2010–2016, 2016–2022)"
191,"Nandy, Shri Pritish",Shiv Sena,Maharashtra,Former,75.0,1 (1998–2004)
192,"Narendra Mohan, Shri",Bharatiya Janata Party,Uttar Pradesh,Former,91.0,1 (1996–2002)
193,"Nariman, Shri Fali S.",Nominated,Nominated,Former,97.0,1 (1999–2005)
194,"Natarajan, Smt. Jayanthi",Indian National Congress,Tamil Nadu,Former,71.0,"4 (1986–1992, 1992–1998, 1997–2001, 2008–2014)"
195,"Nayyar, Shri Kuldip",Nominated,Nominated,Former,102.0,1 (1997–2003)
196,"Niraikulathan, Shri S.",All India Anna Dravida Munnetra Kazhagam,Tamil Nadu,Former,80.0,1 (1996–2002)
197,"Nirupam, Shri Sanjay",Shiv Sena,Maharashtra,Former,60.0,"2 (1996–2000, 2000–2006)"
198,"Nongtdu, Shri Onward L.",Indian National Congress,Meghalaya,Former,85.0,1 (1996–2002)
199,"Ojha, Shri Nagendra Nath",Communist Party of India,Bihar,Former,79.0,1 (1996–2002)
200,"Pachouri, Shri Suresh",Indian National Congress,Madhya Pradesh,Former,73.0,"4 (1984–1990, 1990–1996, 1996–2002, 2002–2008)"
201,"Panda, Shri B. J.",Biju Janata Dal,Odisha,Former,62.0,"2 (2000–2006, 2006–2012)"
202,"Pandey, Smt. Chandra Kala",Communist Party of India (Marxist),West Bengal,Former,83.0,"2 (1993–1999, 1999–2005)"
203,"Parmar, Shri Kripal",Bharatiya Janata Party,Himachal Pradesh,Former,66.0,1 (2000–2006)
204,"Raju Parmar, Shri",Indian National Congress,Gujarat,Former,75.0,"3 (1988–1994, 1994–2000, 2000–2006)"
205,"Patel, Shri Ahmed",Indian National Congress,Gujarat,Former,76.0,"5 (1993–1999, 1999–2005, 2005–2011, 2011–2017, 2017–2023)"
206,"Patel, Dr. A. K.",Bharatiya Janata Party,Gujarat,Former,94.0,1 (2000–2006)
207,"Patel, Shri Mukesh R.",Nationalist Congress Party,Maharashtra,Former,71.0,"2 (1996–2002, 2002–2008)"
208,"Patel, Shri Praful",Nationalist Congress Party,Maharashtra,Sitting,68.0,"6 (2000–2006, 2006–2012, 2014–2016, 2016–2022, 2022–2028, 2024–2030)"
209,"Pillai, Shri S. Ramachandran",Communist Party of India (Marxist),Kerala,Former,87.0,"2 (1991–1997, 1997–2003)"
210,"Poulose, Shri C. O.",Communist Party of India (Marxist),Kerala,Former,88.0,1 (1998–2003)
211,"Pradhan, Shri Satish",Shiv Sena,Maharashtra,Former,85.0,"2 (1992–1998, 1998–2004)"
212,"Mahendra Prasad, Dr.",Janata Dal (United),Bihar,Former,86.0,"7 (1985–1986, 1986–1992, 1993–1994, 2000–2006, 2006–2012, 2012–2018, 2018–2024)"
213,"Punj, Shri Balbir",Bharatiya Janata Party,Odisha,Former,76.0,"2 (2000–2006, 2008–2014)"
214,"Prasad, Shri Ravi Shankar",Bharatiya Janata Party,Bihar,Former,71.0,"4 (2000–2006, 2006–2012, 2012–2018, 2018–2024)"
215,"Goenka, Shri R.P.",Indian National Congress,Rajasthan,Former,95.0,1 (2000–2006)
216,"Qureshi, Shri Abdul Gaiyur",Congress,Madhya Pradesh,Former,93.0,1 (1996–2002)
217,"Rai, Smt. Kum Kum",Rashtriya Janata Dal,Bihar,Former,71.0,1 (2000–2006)
218,"Rai, Shri Lajpat",Bharatiya Janata Party,Punjab,Former,107.0,1 (1998–2004)
219,"Raikar, Smt. Bimba",Indian National Congress,Karnataka,Former,92.0,1 (2000–2006)
220,"Rajagopal, Shri O.",Bharatiya Janata Party,Madhya Pradesh,Former,96.0,"2 (1992–1998, 1998–2004)"
221,"Rajendran, Shri N.",Independent & Others,Tamil Nadu,Former,71.0,1 (1995–2001)
222,"Rajkumar, Dr. Alladi P.",Telugu Desam Party,Andhra Pradesh,Former,74.0,"2 (1994–2000, 2000–2006)"
223,"Ramachandraiah, Shri C.",Telugu Desam Party,Andhra Pradesh,Former,77.0,"2 (1998–2004, 2004–2010)"
224,"Ramaswamy, Shri Cho S.",Nominated,Nominated,Former,91.0,1 (1999–2005)
225,"Raja Ramanna, Dr.",Nominated,Nominated,Former,100.0,"2 (1990–1992, 1997–2003)"
226,"Ramoowalia, Shri Balwant Singh",Independent & Others,Uttar Pradesh,Former,83.0,1 (1996–2002)
227,"Rao, Dr. Dasari Narayana",Indian National Congress,Andhra Pradesh,Former,78.0,"2 (2000–2006, 2006–2012)"
228,"Rao, Dr. D. Venkateshwar",Bharatiya Janata Party,Andhra Pradesh,Former,72.0,1 (1996–2002)
229,"Rao, Shri K. Kalavenkata",Telugu Desam Party,Andhra Pradesh,Former,72.0,1 (1998–2004)
230,"Rao, Shri Yadlapati Venkat",Telugu Desam Party,Andhra Pradesh,Former,106.0,1 (1998–2004)
231,"Rao, Shri K. Rama Mohana",Telugu Desam Party,Andhra Pradesh,Former,67.0,1 (2000–2006)
232,"Rashid, Mirza Abdul",J&K National Conference,Jammu & Kashmir,Former,89.0,1 (2000–2002)
233,"Yadav 'Ravi', Dr. Ramendra Kumar",Rashtriya Janata Dal,Bihar,Former,83.0,"2 (1992–1998, 1998–2004)"
234,"Premachandran, Shri N. K.",Revolutionary Socialist Party,Kerala,Former,65.0,1 (2000–2006)
235,"Ray, Prof.(Smt) Bharati",Communist Party of India (Marxist),West Bengal,Former,91.0,1 (1996–2002)
236,"Ray, Shri Dilip",Independent & Others,Odisha,Former,71.0,"2 (1996–2002, 2002–2008)"
237,"Rebello, Ms. Mabel",Indian National Congress,Jharkhand,Former,75.0,"2 (1998–2004, 2006–2012)"
238,"Rebia, Shri Nabam",Bharatiya Janata Party,Arunachal Pradesh,Sitting,63.0,"3 (1996–2002, 2002–2008, 2020–2026)"
239,"Reddy, Dr. C. Narayana",Nominated,Nominated,Former,94.0,1 (1997–2003)
240,"Reddy, Shri P. Prabhakar",Telugu Desam Party,Andhra Pradesh,Former,75.0,1 (1998–2004)
241,"Sirigireddy, Shri Rama Muni Reddy",Telugu Desam Party,Andhra Pradesh,Former,75.0,1 (2000–2006)
242,"Reddy, Shri Solipeta Ramachandra",Telugu Desam Party,Andhra Pradesh,Former,90.0,1 (1996–2002)
243,"Rizvi, Dr. Akhtar Hasan",Independent & Others,Uttar Pradesh,Former,83.0,1 (1998–2004)
244,"Roy, Shri Abani",Revolutionary Socialist Party,West Bengal,Former,86.0,"3 (1998–1999, 1999–2005, 2005–2011)"
245,"Khan, Shri K. Rahman",Indian National Congress,Karnataka,Former,86.0,"4 (1994–2000, 2000–2006, 2006–2012, 2012–2018)"
246,"Libra, Shri Sukhdev Singh",Shiromani Akali Dal,Punjab,Former,93.0,1 (1998–2004)
247,"Mahajan, Shri Pramod",Bharatiya Janata Party,Maharashtra,Former,76.0,"4 (1986–1992, 1992–1998, 1998–2004, 2004–2010)"
248,"Sen, Shri Mrinal",Nominated,Nominated,Former,102.0,1 (1997–2003)
249,"Singh Lalan, Shri Rajiv Ranjan",Samata Party,Bihar,Former,71.0,1 (2000–2006)
250,"Singh, Shri W. Angou",CONG(I),Manipur,Former,89.0,1 (1996–2002)
251,"Bhattacharya, Shri Manoj",Revolutionary Socialist Party,West Bengal,Former,76.0,1 (2000–2006)
252,"Balanandan, Shri E.",Communist Party of India (Marxist),Kerala,Former,,"2 (1988–1994, 1994–2000)"
253,"Ravi, Shri Vayalar",Indian National Congress,Kerala,Former,88.0,"4 (1994–2000, 2003–2009, 2009–2015, 2015–2021)"
254,"Gyamtso, Shri Palden Tsering",Sikkim Democratic Front,Sikkim,Former,84.0,1 (2000–2006)
255,"Aas Mohammad, Shri",Janata Dal,Bihar,Former,,1 (1994–2000)
257,"Ghufran Azam, Shri",CONG(I),Madhya Pradesh,Former,,"2 (1989–1994, 1994–2000)"
258,"Adik, Shri Govindrao",Nationalist Congress Party,Maharashtra,Former,86.0,"3 (1993–1994, 1994–2000, 2009–2012)"
259,"Alagh, Shri Yoginder K.",Independent & Others,Gujarat,Former,,1 (1996–2000)
260,"Abdi, Shri Hashim Raja Allahabadi",Indian National Congress,Uttar Pradesh,Former,,1 (1982–1988)
261,"Abdul Khader, Shri M.S.",All India Anna Dravida Munnetra Kazhagam,Tamil Nadu,Former,,1 (1972–1978)
262,"Khader, Shri N. Abdul",Tamil Maanila Congress (Moopanar),Tamil Nadu,Former,,1 (1997–1998)
263,"Abdul Latif, Shri",Indian National Congress,Tripura,Former,,1 (1956–1962)
264,"Abdul Rahim, Shri",CONG(I),Madras,Former,,1 (1958–1962)
265,"Abdul Samad, Shri A.K.A.",Muslim League,Tamil Nadu,Former,,"2 (1964–1970, 1970–1976)"
266,"Abdul Shakoor, Maulana",Indian National Congress,Rajasthan,Former,,"3 (1952–1954, 1956–1962, 1962–1968)"
267,"Abid, Shri Kasim Ali",Congress,Andhra Pradesh,Former,,1 (1972–1978)
268,"Abid Ali, Shri",Indian National Congress,Maharashtra,Former,,"4 (1952–1954, 1954–1958, 1958–1964, 1964–1970)"
269,"Abraham, Shri P.",Congress,Pondicherry,Former,,1 (1963–1969)
270,"Abrar Ahmed, Dr.",Indian National Congress,Rajasthan,Former,69.0,"2 (1988–1994, 2002–2008)"
271,"Abu Abraham, Shri",Nominated,Nominated,Former,,1 (1972–1978)
272,"Adiseshiah, Dr. Malcolm Sathianathan",Nominated,Nominated,Former,,1 (1978–1984)
273,"Adivarekar, Smt. Sushila Shankar",CONG(I),Maharashtra,Former,,"3 (1971–1972, 1972–1978, 1978–1984)"
274,"Adityendra, Shri",Congress,Rajasthan,Former,,1 (1954–1960)
275,"Advani, Shri Lal K.",Bharatiya Janata Party,Gujarat,Former,,"4 (1970–1976, 1976–1982, 1982–1988, 1988–1994)"
276,"Agarwal, Shri Amar Nath",Congress,Uttar Pradesh,Former,,"2 (1952–1954, 1954–1960)"
277,"Agarwal, Shri Beni Prasad",Congress,West Bengal,Former,,1 (1952–1958)
278,"Agrawal, Shri Jagannath Prasad",Congress,Uttar Pradesh,Former,,"2 (1952–1958, 1958–1964)"
279,"Agarwala, Shri Ram Gopal",Congress,Bihar,Former,,"2 (1952–1956, 1956–1962)"
280,"Agarwal, Shri Satish",Bharatiya Janata Party,Rajasthan,Former,,1 (1994–2000)
281,"Agnibhoj, Shri Ramesh Umrao",Congress,Madhya Pradesh,Former,,1 (1952–1958)
282,"Ahmad, Dr. Z.A.",Communist Party of India,Uttar Pradesh,Former,,"4 (1958–1964, 1966–1972, 1972–1978, 1990–1994)"
283,"Ahmad Hussain, Kazi",Congress,Bihar,Former,,"2 (1952–1958, 1958–1964)"
284,"Ahmad, Shri Wasim",Independent & Others,Uttar Pradesh,Former,,1 (1996–1998)
285,"Ahmed, Shri Fakhruddin Ali",Congress,Assam,Former,,"2 (1954–1960, 1966–1972)"
286,"Aizaz Rasul, Begum",Congress,Uttar Pradesh,Former,,1 (1952–1956)
287,"Ajit Singh, Shri",Janata Dal,Uttar Pradesh,Former,,1 (1986–1992)
288,"Ajmal Khan, Shri M.",Nominated,Nominated,Former,,"2 (1964–1966, 1966–1972)"
289,"Akarte, Shri Jagannath Sitaram",Indian National Congress,Maharashtra,Former,,1 (1980–1986)
290,"Akhtar Hussain, Shri",Congress,Uttar Pradesh,Former,,"2 (1952–1956, 1956–1962)"
291,"Aladi Aruna, Shri V. Arunachalam alias",All India Anna Dravida Munnetra Kazhagam,Tamil Nadu,Former,,1 (1983–1989)
292,"Ali, Shri Syed Rahmat",CONG(I),Andhra Pradesh,Former,,1 (1980–1986)
293,"Alia, Kumari",CONG(I),Uttar Pradesh,Former,,1 (1989–1992)
294,"Alva, Shri Joachim",Congress,Nominated,Former,,1 (1968–1974)
295,"Alva, Smt. Margaret",CONG(I),Karnataka,Former,,"4 (1974–1980, 1980–1986, 1986–1992, 1992–1998)"
296,"Alva, Dr. K. Nagappa",Indian National Congress,Karnataka,Former,,1 (1970–1976)
297,"Alva, Smt. Violet",Indian National Congress,Mysore,Former,,"3 (1952–1960, 1960–1966, 1966–1972)"
298,"Amarjit Kaur, Smt.",CONG(I),Punjab,Former,,"2 (1976–1982, 1982–1988)"
299,"Amat, Shri Debananda",Congress,Odisha,Former,,1 (1973–1974)
300,"Ambedkar, Shri B.R.",Scheduled Castes Federation,Bombay,Former,,"2 (1952–1956, 1956–1962)"
301,"Ambedkar, Shri Prakash Yashwant",Nominated,Nominated,Former,,1 (1990–1996)
302,"Amin, Shri Mohammed",Communist Party of India (Marxist),West Bengal,Former,97.0,"2 (1988–1994, 2007–2011)"
303,"Amjad Ali, Shri Sardar",CONG(I),West Bengal,Former,,1 (1972–1978)
304,"Ammanna Raja, Smt. C.",Congress,Andhra Pradesh,Former,,1 (1962–1968)
305,"Amla, Shri Tirath Ram",CONG(I),Jammu & Kashmir,Former,,"4 (1967–1970, 1970–1976, 1976–1982, 1985–1991)"
306,"Ammu Swaminadhan, Smt.",Congress,Madras,Former,,1 (1957–1960)
307,"Amolakh Chand, Shri",Congress,Uttar Pradesh,Former,,"2 (1952–1954, 1954–1960)"
308,"Amrit Kaur, Rajkumari",Congress,Punjab,Former,,"2 (1957–1958, 1958–1964)"
309,"Amrita Pritam, Smt.",Nominated,Nominated,Former,,1 (1986–1992)
310,"Anand, Shri Jagjit Singh",Communist Party of India,Punjab,Former,,1 (1974–1980)
311,"Anandam, Shri M.",CONG(I),Andhra Pradesh,Former,,"2 (1969–1974, 1974–1980)"
312,"Anandan, Shri T.V.",Indian National Congress,Tamil Nadu,Former,,"2 (1964–1970, 1970–1976)"
313,"Shyam Lal, Shri",Bharatiya Janata Party,Uttar Pradesh,Former,86.0,1 (2001–2002)
314,"Sukhbir Singh, Shri",Shiromani Akali Dal,Punjab,Former,63.0,1 (2001–2004)
315,"Joshi, Shri Umashankar Jathalal",Nominated,Nominated,Former,,1 (1970–1976)
317,"Jugal Kishore, Shri",Congress,Punjab,Former,,1 (1957–1962)
318,"Joshi, Smt. Sudha Vijay",CONG(I),Maharashtra,Former,,1 (1984–1990)
319,"Joshi, Shri Maganlal Bhagwanji",Congress,Bombay,Former,,1 (1957–1958)
320,"Joshi, Miss Kumudben M.",CONG(I),Gujarat,Former,,"3 (1973–1976, 1976–1982, 1982–1988)"
321,"Joshi, Shri Krishna Nand",CONG(I),Uttar Pradesh,Former,,"2 (1976–1982, 1982–1988)"
322,"Joshi, Shri Jethalal Harikrishna",Congress,Bombay,Former,,"2 (1957–1960, 1960–1966)"
323,"Joshi, Shri Jagdish",Congress,Madhya Pradesh,Former,,1 (1974–1980)
324,"Joshi, Shri Jagannathrao",Bharatiya Janata Party,National Capital Territory of Delhi,Former,,1 (1978–1984)
325,"Joshi, Dr. Murli Manohar",Bharatiya Janata Party,Uttar Pradesh,Former,92.0,"2 (1992–1998, 2004–2010)"
326,"Joseph, Shri O. J.",Communist Party of India (Marxist),Kerala,Former,,1 (1980–1986)
327,"Joseph, Shri Nuthalapati",Congress,Andhra Pradesh,Former,,1 (1972–1974)
328,"John, Shri Valampuri",All India Anna Dravida Munnetra Kazhagam,Tamil Nadu,Former,,"2 (1974–1980, 1984–1990)"
329,"Jogi, Shri Ajit  P.K.",CONG(I),Madhya Pradesh,Former,,"2 (1986–1992, 1992–1998)"
330,"Jitendra Prasada, Shri",CONG(I),Uttar Pradesh,Former,,1 (1994–2000)
331,"Jichkar, Dr. Shrikant Ramchandra",CONG(I),Maharashtra,Former,,1 (1992–1998)
332,"Jha, Shri Shiva Chandra",Janata,Bihar,Former,,1 (1978–1984)
333,"Jha, Shri Lakshmi Kant",Congress,Bihar,Former,,1 (1986–1992)
334,"Jha, Shri Kamalnath",Congress,Bihar,Former,,"2 (1973–1974, 1974–1980)"
335,"Jayalalitha Jayaram, Ms.",All India Anna Dravida Munnetra Kazhagam,Tamil Nadu,Former,,1 (1984–1990)
336,"Jayadevappa, Shri K.R.",CONG(I),Karnataka,Former,,1 (1992–1998)
337,"Javali, Shri J.P.",Janata Dal,Karnataka,Former,,1 (1988–1994)
339,"Singh, Shri Jaswant",Independent & Others,Rajasthan,Former,,1 (1956–1962)
340,"Jani, Shri Jagadish",CONG(I),Odisha,Former,,"2 (1980–1986, 1986–1992)"
343,"Zaidi, Col. B.H.",Congress,Uttar Pradesh,Former,,"2 (1963–1964, 1964–1970)"
349,"Janardhanam, Shri A.P.",All India Anna Dravida Munnetra Kazhagam,Tamil Nadu,Former,,1 (1977–1983)
352,"Zail Singh, Shri",Congress,Punjab,Former,,1 (1956–1962)
353,"Jamuna Devi, Smt.",Janata,Madhya Pradesh,Former,,1 (1978–1980)
355,"Jamuda, Shri Durga Prasad",CONG(I),Bihar,Former,,1 (1984–1990)
356,"Jamir, Shri S.C.",CONG(I),Nagaland,Former,,1 (1987–1992)
359,"Jalali, Shri Syed Mohammad",J&K National Conference,Jammu & Kashmir,Former,,"2 (1952–1956, 1956–1962)"
360,"Zakaria, Dr. Rafiq",CONG(I),Maharashtra,Former,,1 (1978–1984)
364,"Zakir Hussain, Dr.",Nominated,Nominated,Former,,"2 (1952–1956, 1956–1962)"
365,"Jaiswal, Shri Anant Ram",Janata Dal (Secular),Uttar Pradesh,Former,,1 (1990–1996)
367,"Jairamdas Daulatram, Shri",Nominated,Nominated,Former,,"3 (1959–1964, 1964–1970, 1970–1976)"
371,"Jaipuria, Shri Sitaram",Independent & Others,Uttar Pradesh,Former,,"2 (1962–1968, 1968–1974)"
373,"Zawar Hussain, Shri",Congress,Bihar,Former,,1 (1975–1978)
375,"Jain, Shri Shriyans Prasad",Congress,Bombay,Former,,"2 (1952–1954, 1954–1958)"
376,"Umair, Shri Shah Mohd.",Congress,Bihar,Former,,1 (1956–1962)
377,"Untoo, Shri Gulam Nabi",Congress,Jammu & Kashmir,Former,,1 (1966–1972)
378,"Jain, Shri Rattan Lal",Indian National Congress,Punjab,Former,,1 (1968–1974)
379,"Upadhyaya, Shri Shiv Dutt",Congress,Madhya Pradesh,Former,,1 (1967–1970)
380,"Jain, Shri Rajendra Prasad",Other,Bihar,Former,,1 (1988–1994)
381,"Upendra, Shri Parvathaneni",Telugu Desam Party,Andhra Pradesh,Former,,"2 (1984–1990, 1990–1996)"
382,"Jain, Dr. Jinendra Kumar",Bharatiya Janata Party,Madhya Pradesh,Former,,1 (1990–1994)
385,"Jain, Shri J.K.",Indian National Congress,Madhya Pradesh,Former,,1 (1980–1986)
388,"Jain, Shri Dharamchand",CONG(I),Bihar,Former,,"2 (1970–1976, 1976–1982)"
391,"Jain, Smt. Chandrika Abhinandan",CONG(I),Maharashtra,Former,,1 (1990–1996)
393,"Jain, Shri Ajit Prasad",Congress,Uttar Pradesh,Former,,1 (1968–1974)
396,"Jagmohan, Shri",Nominated,Nominated,Former,,1 (1990–1996)
403,"Chaliha, Shri Parag",Asom Gana Parishad,Assam,Former,,1 (1995–2001)
407,"Chattopadhyaya, Prof. D.P.",CONG(I),West Bengal,Former,,"2 (1969–1975, 1975–1981)"
410,"Chaturvedi, Shri Banarsi Das",Congress,Madhya Pradesh,Former,,"2 (1952–1958, 1958–1964)"
411,"Chaturvedi, Shri Bhuvnesh",CONG(I),Rajasthan,Former,,"3 (1982–1988, 1988–1994, 1994–2000)"
413,"Anand Chand, Shri",Congress,Bihar,Former,,"2 (1958–1964, 1964–1970)"
414,"Chaturvedi, Smt. Vidyawati",CONG(I),Madhya Pradesh,Former,,"2 (1966–1972, 1972–1978)"
416,"Chaudhary, Shri Ganeshi Lal",Indian National Congress,Uttar Pradesh,Former,,1 (1968–1974)
417,"Jagbir Singh, Shri",Janta Lok Dal,Uttar Pradesh,Former,,1 (1974–1980)
418,"Chaudhuri, Shri Tridib",Revolutionary Socialist Party,West Bengal,Former,,"2 (1987–1993, 1993–1999)"
419,"Jagat Narain, Shri",BKD,Haryana,Former,,1 (1964–1970)
420,"Jagarlamudi, Shri Chandramouli",Swatantra Party,Andhra Pradesh,Former,,1 (1968–1974)
421,"Chaudhury, Shri Mahendramohan",Congress,Assam,Former,,"2 (1956–1962, 1972–1974)"
422,"Jadhav, Shri Vithalrao Madhavrao",CONG(I),Maharashtra,Former,,"2 (1982–1988, 1988–1994)"
424,"Chauhan, Shri Nawab Singh",Congress,Uttar Pradesh,Former,,"2 (1952–1958, 1958–1964)"
425,"Jadhav, Shri D.K.",Other,Madhya Pradesh,Former,,1 (1969–1970)
426,"Chaurasia, Shri Shiv Dayal Singh",CONG(I),Uttar Pradesh,Former,,1 (1974–1980)
427,"Jadhav, Shri Pandurang Dharmaji",Nominated,Nominated,Former,,1 (1978–1984)
428,"Jacob, Shri M.M.",CONG(I),Kerala,Former,,"2 (1982–1988, 1988–1994)"
429,"Iyer, Shri N. Ramakrishna",Independent & Others,Others,Former,,"3 (1957–1960, 1960–1966, 1966–1972)"
430,"Italia, Shri Dinshaw D.",Indian National Congress,Hyderabad,Former,,1 (1952–1956)
431,"Anand Sharma, Shri",Indian National Congress,Himachal Pradesh,Former,73.0,"4 (1984–1990, 2004–2010, 2010–2016, 2016–2022)"
432,"Chautala, Shri Om Prakash",Janata Dal,Haryana,Former,,1 (1987–1990)
433,"Ismail Saheb, Shri M. Muhammad",Muslim League,Madras,Former,,1 (1952–1958)
434,"Ismail, Smt. Fathema",Nominated,Nominated,Former,,1 (1978–1984)
436,"Anant Ram, Pandit",Other,Jammu & Kashmir,Former,,1 (1952–1954)
437,"Ishaque, Shri Muhammad",Congress,West Bengal,Former,,"2 (1961–1964, 1964–1970)"
438,"Iqbal Singh, Shri",CONG(I),Punjab,Former,,1 (1992–1998)
439,"Anbalagan, Shri P.",All India Anna Dravida Munnetra Kazhagam,Tamil Nadu,Former,,1 (1980–1984)
440,"Chavan, Smt. Premilabai Dajisaheb",CONG(I),Maharashtra,Former,,1 (1980–1986)
441,"Indra Vidyavachaspati, Shri",Indian National Congress,Uttar Pradesh,Former,,1 (1952–1958)
442,"Inder Singh, Shri",Congress,Uttar Pradesh,Former,,1 (1970–1976)
443,"Inaitullah, Khawaja",Indian National Congress,Bihar,Former,,1 (1952–1954)
444,"Chavda, Shri Khemchandbhai Shomabhai",Congress,Gujarat,Former,,"2 (1960–1966, 1966–1972)"
445,"Imti, Shri T. Aliba",United Democratic Front (Nagaland),Nagaland,Former,,1 (1980–1986)
446,"Imbichibava, Shri E.K.",Communist Party of India,Madras,Former,,1 (1952–1954)
448,"Imam, Shri Jafar",Indian National Congress,Bihar,Former,,1 (1952–1956)
449,"Imam, Smt. Aziza",Congress,Bihar,Former,,"2 (1973–1976, 1976–1982)"
450,"Ibrahim, Hafiz Mohammad",Congress,Uttar Pradesh,Former,,"2 (1958–1962, 1962–1968)"
451,"Ibrahim, Shri B.",CONG(I),Karnataka,Former,,1 (1980–1984)
452,"Chavan, Shri Y. B.",Congress,Maharashtra,Former,,1 (1963–1969)
453,"Chengalvaroyan, Shri T.",Congress (O),Tamil Nadu,Former,,"2 (1963–1966, 1966–1972)"
454,"Wadia, Prof. Ardeshir Ruttonji",Nominated,Nominated,Former,,"2 (1954–1960, 1960–1966)"
455,"Wajd, Shri Sikander Ali",Congress,Maharashtra,Former,,1 (1972–1978)
456,"Chellappa, Shri V. Rajan",All India Anna Dravida Munnetra Kazhagam,Tamil Nadu,Former,,1 (1992–1998)
457,"Warerkar, Shri Bhargavram Vitthal (Mama)",Nominated,Nominated,Former,,"2 (1956–1962, 1962–1968)"
459,"Chetia, Shri Purnananda",Congress,Assam,Former,,1 (1964–1970)
460,"Warjri, Shri Alexander",Independent & Others,Meghalaya,Former,,1 (1978–1984)
461,"Wilson, Shri Tharagatury John Moses",Indian National Congress,Andhra Pradesh,Former,,1 (1955–1958)
463,"Yadava, Shri Bal Ram Singh",CONG(I),Uttar Pradesh,Former,,1 (1990–1996)
464,"Chettiar, Shri T.S.Avinashlingam",Congress,Madras,Former,,1 (1958–1964)
465,"Chettri, Shri Krishna Bahadur",Congress,West Bengal,Former,,1 (1972–1978)
466,"Yadav, Shri Hukmdeo Narain",Janata,Bihar,Former,,1 (1980–1986)
467,"Yadav, Shri Jagdambi Prasad",Bharatiya Janata Party,Bihar,Former,,"2 (1968–1974, 1982–1988)"
468,"Lotha, Shri Khyomo",Indian National Congress,Nagaland,Former,,"2 (1974–1980, 1989–1992)"
469,"Chettry, Smt. Maya Devi",Congress,West Bengal,Former,,"2 (1952–1958, 1958–1964)"
471,"Angre, Sardar Chandroji Sambhaji Rao",Hindu Mahasabha,Madhya Bharat,Former,,1 (1952–1954)
472,"Lokesh Chandra, Dr.",Nominated,Nominated,Former,,"2 (1974–1980, 1980–1986)"
473,"Chinai, Shri Babubhai Maneklal",Indian National Congress,Bombay,Former,,"3 (1958–1964, 1964–1970, 1970–1976)"
474,"Yadav, Shri Janardan",Bharatiya Janata Party,Bihar,Former,,1 (1994–2000)
475,"Chordia, Shri Vimal Kumar Mannalalji",Jansangh,Madhya Pradesh,Former,,1 (1962–1968)
476,"Lohani, Shri Iqbalmohmedkhan Talynohmedkhan",Indian National Congress,Gujarat,Former,,1 (1960–1964)
477,"Angre, Shri S.C.",Jansangh,Madhya Pradesh,Former,,1 (1970–1976)
478,"Yadav, Shri Naresh",Rashtriya Janata Dal,Bihar,Former,,1 (1994–2000)
479,"Lingam, Shri N.M.",Indian National Congress,Tamil Nadu,Former,,1 (1958–1964)
480,"Anjiah, Shri T.",CONG(I),Andhra Pradesh,Former,,1 (1978–1984)
481,"Yadav, Shri Ramanand",CONG(I),Bihar,Former,,"2 (1976–1982, 1982–1988)"
482,"Choudhury, Shri Nripati Ranjan",Congress,Assam,Former,,1 (1972–1978)
483,"Limaye, Shri Shripad Krishna",Other,Maharashtra,Former,,1 (1960–1966)
484,"Annadurai, Shri C.N.",Dravida Munnetra Kazhagam,Madras,Former,,1 (1962–1968)
485,"Yadav, Shri Ram Naresh",CONG(I),Uttar Pradesh,Former,,"2 (1988–1994, 1989–1994)"
486,"Chowdhary, Dr. Chandramanilal",Congress,Bihar,Former,,1 (1974–1980)
487,"Ansari, Shri Abdul Qaiyum",Congress,Bihar,Former,,1 (1970–1976)
488,"Lila Devi, Smt.",Indian National Congress,Himachal Pradesh,Former,,1 (1956–1962)
489,"Yadav, Shri Sharad",Janata Dal (United),Bihar,Former,78.0,"4 (1986–1992, 2004–2010, 2014–2016, 2016–2022)"
490,"Ansari, Shri Faridul Haq",Praja Socialist Party,Uttar Pradesh,Former,,"2 (1958–1964, 1964–1970)"
491,"Leuva, Shri Premji Thobhanbhai",Indian National Congress,Bombay,Former,,"2 (1952–1954, 1954–1960)"
492,"Chowdhary, Shri Ram Sewak",CONG(I),Uttar Pradesh,Former,,"2 (1980–1986, 1986–1992)"
493,"Lepcha, Shri Sangdopal",Communist Party of India (Marxist),West Bengal,Former,,1 (1980–1984)
494,"Ansari, Shri Hayatulla",Other,Uttar Pradesh,Former,,"2 (1966–1972, 1982–1988)"
496,"Chowdhri, Shri A. S.",CONG(I),Andhra Pradesh,Former,,"3 (1972–1978, 1980–1986, 1992–1998)"
497,"Yadav, Shri Shyam Lal",Indian National Congress,Uttar Pradesh,Former,,"3 (1970–1976, 1976–1982, 1982–1988)"
498,"Lenka, Shri Kanhu Charan",Indian National Congress,Odisha,Former,,1 (1988–1994)
499,"Chowdhary, Shri Hari Singh",CONG(I),Uttar Pradesh,Former,,1 (1988–1994)
500,"Ledger, Shri David",Asom Gana Parishad,Assam,Former,,1 (1989–1995)
501,"Yajee, Shri Sheel Bhadra",Congress,Bihar,Former,,"3 (1957–1958, 1958–1964, 1966–1972)"
502,"Laxmi Narain, Shri",Indian National Congress,National Capital Territory of Delhi,Former,,1 (1983–1989)
503,"Chowdhury, Smt. Renuka",Indian National Congress,Telangana,Sitting,71.0,"4 (1986–1992, 1992–1998, 2012–2018, 2024–2030)"
504,"Yadav, Shri Ish Dutt",Samajwadi Party,Uttar Pradesh,Former,,"2 (1988–1994, 1994–2000)"
505,"Lavji Lakhamshi, Shri",Indian National Congress,Bombay,Former,,
506,"Yerra Narayanaswamy, Shri",Telugu Desam Party,Andhra Pradesh,Former,,1 (1994–2000)
507,"Yonggam, Shri Nyodek",CONG(I),Arunachal Pradesh,Former,,1 (1990–1996)
508,"Lather, Shri Mohinder Singh",Janata Dal,Haryana,Former,,1 (1988–1994)
509,"Lalsawia, Shri",Independent & Others,Mizoram,Former,,1 (1978–1984)
510,"Lall, Shri Kailash Bihari",Indian National Congress,Bihar,Former,,"2 (1952–1954, 1954–1960)"
511,"Chundawat, Smt. Lakshmi Kumari",CONG(I),Rajasthan,Former,,1 (1972–1978)
512,"Chatterjee, Shri Pranab",Janata Party,Bihar,Former,,1 (1978–1984)
513,"Ansari, Shri Jalaludin",Communist Party of India,Bihar,Former,,1 (1994–2000)
514,"Ansari, Shri Mohammed Amin",Congress,Uttar Pradesh,Former,,1 (1988–1994)
515,"Ansaruddin Ahmed, Shri",Congress,West Bengal,Former,,1 (1958–1964)
517,"Antony, Shri A.K.",Indian National Congress,Kerala,Former,85.0,"5 (1985–1991, 1991–1997, 2005–2010, 2010–2016, 2016–2022)"
518,"Antulay, Shri A.R.",CONG(I),Maharashtra,Former,,1 (1976–1982)
519,"Lalbuaia, Shri",Indian National Congress,Mizoram,Former,,1 (1972–1978)
520,"Anup Singh, Dr.",Congress,Punjab,Former,,"4 (1952–1954, 1954–1960, 1962–1968, 1964–1970)"
521,"Lal, Prof. Mukut Behari",Other,Uttar Pradesh,Former,,1 (1960–1966)
522,"Anwar, Shri N.M.",Congress,Madras,Former,,1 (1960–1966)
524,"Appan, Shri G.A.",Dravida Munnetra Kazhagam,Madras,Former,,1 (1968–1974)
525,"Laksman Singhji Bahadur, His Highness Rai-I-Rayan Maharawal Shrisir",Independent & Others,Rajasthan,Former,,1 (1952–1958)
526,"Lakshmanna, Prof. C.",Telugu Desam Party,Andhra Pradesh,Former,,1 (1984–1990)
527,"Lakshmanan, Shri G.",Dravida Munnetra Kazhagam,Tamil Nadu,Former,,1 (1974–1980)
528,"Lakhawat, Shri Onkar Singh",Bharatiya Janata Party,Rajasthan,Former,,1 (1997–2000)
529,"Vaduthala, Shri T.K.C.",CONG(I),Kerala,Former,,1 (1986–1992)
530,"Lakhan Singh, Shri",Bharatiya Janata Party,Uttar Pradesh,Former,,1 (1978–1984)
531,"Lakhanpal, Smt. Chandravati",Indian National Congress,Uttar Pradesh,Former,,"2 (1952–1956, 1956–1962)"
532,"Chagla, Shri M. C.",Indian National Congress,Maharashtra,Former,,"3 (1962–1968, 1964–1966, 1966–1972)"
533,"Lahoti, Shri Puranmal S.",Indian National Congress,Hyderabad,Former,,1 (1952–1954)
534,"Vaghela, Shri Shanker Sinh",Bharatiya Janata Party,Gujarat,Former,,1 (1984–1990)
535,"Lahane, Shri Motiram Udaybhanji",Janata Party,Maharashtra,Former,,1 (1978–1980)
536,"Vaidya, Shri Kanhaiyalal D.",Congress,Madhya Bharat,Former,,1 (1952–1956)
537,"Tyagi, Shri Shanti",CONG(I),Uttar Pradesh,Former,,"2 (1982–1988, 1988–1994)"
538,"Chakrabarti, Dr. Rajat Kumar",CONG(I),West Bengal,Former,,1 (1972–1978)
539,"Tyagi, Shri Omprakash",Jansangh,Uttar Pradesh,Former,,1 (1972–1978)
540,"Vaishampayen, Shri S.K.",Independent & Others,Maharashtra,Former,,"2 (1964–1970, 1976–1982)"
541,"Tyagi, Shri Mahavir",Congress (O),Uttar Pradesh,Former,,1 (1970–1976)
542,"Apparow, Shri M.R.",CONG(I),Andhra Pradesh,Former,,1 (1981–1982)
543,"Chakraborty, Shri Amarprosad",Forward Block,West Bengal,Former,,"2 (1978–1984, 1984–1990)"
544,"Tumpalliwar, Shri Marotirao Damodar",Congress,Bombay,Former,,1 (1956–1962)
545,"Aram, Dr. M.",Nominated,Nominated,Former,,1 (1993–1999)
546,"Trivedi, Shri H.M.",Janata,Gujarat,Former,,1 (1972–1978)
547,"Vajpayee, Shri Atal Bihari",Bharatiya Janata Party,Uttar Pradesh,Former,,"2 (1962–1968, 1986–1992)"
548,"Trivedi, Shri Dinesh",All India Trinamool Congress,West Bengal,Former,75.0,"3 (1990–1996, 2002–2008, 2020–2026)"
549,"Arif, Shri Mohammed Usman",Congress,Rajasthan,Former,,"3 (1970–1976, 1976–1982, 1982–1988)"
550,"Tripathi, Shri Kamlapati",CONG(I),Uttar Pradesh,Former,,"3 (1973–1978, 1978–1984, 1985–1986)"
551,"Chakradhar, Shri A.",Other,Andhra Pradesh,Former,,1 (1958–1964)
552,"Arora, Shri Arjun",Congress,Uttar Pradesh,Former,,"2 (1960–1966, 1966–1972)"
553,"Chakravarty, Smt. Bijoya",Asom Gana Parishad,Assam,Former,,1 (1986–1992)
554,"Tripathi, Shri Hira Vallabha",Congress,Uttar Pradesh,Former,,"3 (1957–1960, 1960–1966, 1966–1972)"
555,"Valiulla, Shri Mohamed",Congress,Mysore,Former,,"2 (1952–1958, 1958–1964)"
556,"Arundale, Smt. Rukmini Devi",Nominated,Nominated,Former,,"2 (1952–1956, 1956–1962)"
557,"Chaman Lall, Diwan",Indian National Congress,Punjab,Former,,"3 (1952–1956, 1956–1962, 1962–1968)"
558,"Tripathi, Shri Chandrika Prasad",CONG(I),Madhya Pradesh,Former,,1 (1984–1990)
559,"Valiullah, Shri Raoof",Indian National Congress,Gujarat,Former,,1 (1984–1990)
560,"Triloki Singh, Shri",Congress,Uttar Pradesh,Former,,"3 (1967–1968, 1970–1976, 1976–1982)"
561,"Arun Singh, Shri",CONG(I),Uttar Pradesh,Former,,1 (1984–1990)
562,"Vallabharao, Shri Jayanthy Venkatachela Kameshwara",Communist Party of India,Andhra Pradesh,Former,,1 (1954–1960)
563,"Chanana, Shri Charanjit",CONG(I),National Capital Territory of Delhi,Former,,1 (1976–1982)
564,"Varadaraj, Shri G.",All India Anna Dravida Munnetra Kazhagam,Tamil Nadu,Former,,1 (1983–1989)
565,"Chand Ram, Shri",CONG(I),Haryana,Former,,1 (1983–1984)
566,"Variava, Dr. Dara Hormusji",Congress,Bombay,Former,,"2 (1952–1954, 1954–1960)"
567,"Arya, Shri Kumbha Ram",Congress,Rajasthan,Former,,"2 (1960–1964, 1968–1974)"
568,"Chandra Shekhar, Shri",Independent & Others,Uttar Pradesh,Former,,"3 (1962–1968, 1968–1974, 1974–1980)"
570,"Totu, Shri Gian Chand",CONG(I),Himachal Pradesh,Former,,1 (1974–1980)
571,"Asthana, Shri K.B.",Janata Party,Uttar Pradesh,Former,,1 (1977–1980)
572,"Chandrasekhar, Smt. Maragatham",CONG(I),Nominated,Former,,"3 (1970–1976, 1976–1982, 1982–1988)"
573,"Topden, Shri Karma",Sikkim Sangram Parishad,Sikkim,Former,,"2 (1988–1993, 1994–2000)"
574,"Asthana, Shri Lila Dhar",Congress,Uttar Pradesh,Former,,1 (1962–1968)
575,"Tombi, Shri Salam",Manipur Peoples Party,Manipur,Former,,1 (1972–1978)
576,"Chandrasekhar, Dr. S.",Congress,Madras,Former,,1 (1964–1970)
577,"Tiwary, Pandit Bhawani Prasad",Congress,Madhya Pradesh,Former,,"2 (1964–1970, 1970–1976)"
578,"Chandrasekharan, Shri K.",Socialist Party,Kerala,Former,,"2 (1967–1970, 1970–1976)"
579,"Tiwari, Shri V.N.",Nominated,Nominated,Former,,1 (1982–1988)
580,"Tiwari, Shri Shankarlal",Congress,Madhya Pradesh,Former,,1 (1972–1978)
581,"Varma, Shri B. B.",Congress,Bihar,Former,,1 (1962–1968)
582,"Tiwari, Shri Narayan Datt",CONG(I),Uttar Pradesh,Former,,"2 (1985–1986, 1986–1992)"
583,"Chandrasekharappa, Shri T. V.",CONG(I),Karnataka,Former,,1 (1977–1978)
584,"Tiriya, Ms. Sushila",Indian National Congress,Odisha,Former,69.0,"2 (1986–1992, 2006–2012)"
585,"Chanpuria, Shri Shivprasad",Bharatiya Janata Party,Madhya Pradesh,Former,,1 (1990–1996)
586,"Tilak, Shri J.S.",Congress,Maharashtra,Former,,"2 (1968–1974, 1974–1980)"
587,"Chathunni Master, Shri K.",Communist Party of India (Marxist),Kerala,Former,,1 (1979–1985)
589,"Thomas, Dr. Parekunnel Joseph",Independent & Others,Kerala,Former,,1 (1957–1962)
590,"Chatterjee, Shri Arun Prakash",Communist Party of India (Marxist),West Bengal,Former,,1 (1966–1972)
591,"Thihmareddy, Smt. Annapurna Devi",Congress,Mysore,Former,,"2 (1958–1964, 1964–1970)"
592,"Varma, Shri Bhagwati Charan",Nominated,Nominated,Former,,1 (1978–1984)
593,"Thimmabovi, Shri L.H.",Congress,Mysore,Former,,1 (1952–1952)
594,"Varma, Shri C.L.",Congress,Bilaspur and Himachal Pradesh,Former,,"2 (1952–1958, 1964–1970)"
595,"Thengari, Shri Dattopant Bapurao",Jansangh,Uttar Pradesh,Former,,"2 (1964–1970, 1970–1976)"
596,"Varma, Shri Mahadeo Prasad",Janata,Uttar Pradesh,Former,,1 (1974–1980)
597,"Thazhava, Shri Kesavan",Communist Party of India (Marxist),Kerala,Former,,1 (1967–1973)
598,"Thaware, Shri Gangaram Mathaji",Congress,Madhya Pradesh,Former,,1 (1952–1952)
599,"Varma, Shri Man Singh",Jansangh,Uttar Pradesh,Former,,1 (1968–1974)
600,"Tharadevi, Smt. D.K.",CONG(I),Karnataka,Former,,1 (1990–1996)
601,"Atwal, Shri Surjit Singh",Congress,Punjab,Former,,1 (1962–1968)
602,"Thanulingam, Shri P.",Congress,Madras,Former,,1 (1964–1968)
603,"Aurora, Sardar Jagjit Singh",Akali Dal,Punjab,Former,,1 (1986–1992)
604,"Thanhlira, Shri Raymond",Congress,Assam,Former,,1 (1952–1958)
605,"Chatterjee, Prof.(Smt) Asima",Nominated,Nominated,Former,,"2 (1982–1984, 1984–1990)"
606,"Thanglura, Shri A.",Congress,Assam,Former,,"2 (1962–1964, 1964–1970)"
607,"Thangkabalu, Shri K.V.",CONG(I),Tamil Nadu,Former,,1 (1984–1990)
609,"Chatterjee, Shri Jogesh Chandra",Congress,Uttar Pradesh,Former,,"3 (1956–1960, 1960–1966, 1966–1972)"
610,"Chatterjee, Shri Nirmal",Communist Party of India (Marxist),West Bengal,Former,,1 (1982–1988)
611,"Varma, Smt. Narayani Devi",Congress,Rajasthan,Former,,1 (1970–1976)
612,"Varma, Shri Niranjan",Jansangh,Madhya Pradesh,Former,,1 (1966–1972)
613,"Vasan, Shri S.S.",Congress,Madras,Former,,1 (1964–1970)
614,"Vasavada, Shri Shamprasad Rupshanker",Congress (O),Gujarat,Former,,"2 (1968–1970, 1970–1976)"
615,"Vasisht, Ms. Shanta",Congress,Delhi,Former,,"2 (1960–1966, 1966–1972)"
616,"Veerappan, Shri K.K.",Dravida Munnetra Kazhagam,Tamil Nadu,Former,,1 (1990–1996)
617,"Austin, Shri S.",All India Anna Dravida Munnetra Kazhagam,Tamil Nadu,Former,,1 (1992–1998)
618,"Venka, Shri V.",Dravida Munnetra Kazhagam,Tamil Nadu,Former,,1 (1978–1984)
619,"Avergoankar, Shri R.D. Jagtap",CONG(I),Maharashtra,Former,,1 (1974–1980)
620,"Ayyangar, Shri Narasimha Gopalaswami",Congress,Madras,Former,,1 (1952–1956)
621,"Ayyar, Shri Alladi Krishnaswami",Nominated,Nominated,Former,,1 (1952–1958)
622,"Venkatachalam, Shri T.M.",All India Anna Dravida Munnetra Kazhagam,Tamil Nadu,Former,,1 (1996–2002)
623,"Venkatanarayana, Shri Pydah",Praja Socialist Party,Madras,Former,,1 (1952–1958)
624,"Qasim, Shri Syyed Mir",Congress,Jammu & Kashmir,Former,,1 (1975–1978)
625,"Venkatappa, Shri J",Other,Mysore,Former,,1 (1962–1968)
626,"Qausem, Shri Mostafa Bin",Communist Party of India (Marxist),West Bengal,Former,,1 (1984–1990)
627,"Venkataraman, Shri M.R.",Communist Party of India (Marxist),Madras,Former,,1 (1968–1974)
628,"Venkataraman, Shri S.",Congress,Madras,Former,,"2 (1952–1956, 1956–1962)"
629,"Venkatraman, Shri Tindivanam G",Dravida Munnetra Kazhagam,Tamil Nadu,Former,,1 (1989–1995)
630,"Venkataramana, Shri Villuri",Congress,Andhra Pradesh,Former,,"2 (1953–1956, 1956–1962)"
631,"Venkatrao, Shri Chadalavada",CONG(I),Andhra Pradesh,Former,,1 (1978–1984)
632,"Verma, Shri Ashok Nath",Janata Dal (Secular),Uttar Pradesh,Former,,1 (1986–1992)
633,"Verma, Shri Kapil",CONG(I),Uttar Pradesh,Former,,"2 (1985–1986, 1986–1992)"
634,"Verma, Shri Kesho Prasad",Other,Madhya Pradesh,Former,,1 (1960–1966)
635,"Verma, Shri Shrikant",CONG(I),Madhya Pradesh,Former,,"2 (1976–1982, 1982–1988)"
636,"Qureshi, Shri M. Shafi",Congress,Jammu & Kashmir,Former,,1 (1965–1971)
637,"Verma, Smt. Veena",CONG(I),Madhya Pradesh,Former,,"3 (1986–1988, 1988–1994, 1994–2000)"
638,"Verma, Shri Virendra",Janata Dal,Uttar Pradesh,Former,,"2 (1984–1990, 1990–1996)"
639,"Padmanabham, Shri Mentay",Telugu Desam Party,Andhra Pradesh,Former,,1 (1989–1994)
640,"Pahadia, Shri Jagannath Prasad",Other,Rajasthan,Former,,"2 (1965–1966, 1966–1967)"
641,"Pahadia, Smt. Shanti",CONG(I),Rajasthan,Former,,1 (1984–1990)
642,"Pai, Shri T.A.",Congress,Karnataka,Former,,1 (1972–1978)
643,"Palaniyandi, Shri M.",CONG(I),Tamil Nadu,Former,,1 (1986–1992)
644,"Paliwal, Shri Srikrishna Dutt",Congress,Uttar Pradesh,Former,,1 (1967–1968)
645,"Gadgil, Dr. D R",Nominated,Nominated,Former,,1 (1966–1972)
646,"Gadgil, Shri V. N.",Congress,Maharashtra,Former,,"3 (1971–1976, 1976–1982, 1994–2000)"
647,"Gaikwad, Shri B K",Republican,Maharashtra,Former,,"2 (1962–1968, 1968–1974)"
648,"Paliwal, Shri Tika Ram",Other,Rajasthan,Former,,1 (1958–1964)
649,"Gaj Singh, Shri",Independent & Others,Rajasthan,Former,,1 (1990–1992)
650,"Panda, Shri Akshay",Indian National Congress,Odisha,Former,,1 (1980–1986)
652,"Galib, Shaik",Congress,Andhra Pradesh,Former,,1 (1954–1960)
653,"Gandhi, Smt. Indira",Indian National Congress,Uttar Pradesh,Former,,1 (1964–1970)
654,"Gandhi, Shri Raj Mohan",Janata Dal,Uttar Pradesh,Former,,1 (1990–1992)
655,"Ganesan, Shri L.",Dravida Munnetra Kazhagam,Tamil Nadu,Former,,1 (1980–1986)
656,"Ganesan, Shri Misa R.",Dravida Munnetra Kazhagam,Tamil Nadu,Former,,1 (1990–1996)
657,"Ganesan, Shri V. C.",Nominated,Nominated,Former,,1 (1982–1986)
658,"Ganeshwar Kusum, Shri",CONG(I),Odisha,Former,,1 (1984–1990)
659,"Ganguli, Shri Salil Kumar",Communist Party of India (Marxist),West Bengal,Former,,1 (1970–1976)
660,"Gautam, Shri Anand Prakash",Independent & Others,Uttar Pradesh,Former,,"2 (1985–1986, 1988–1994)"
661,"Gautam, Shri Mohan Lal",Congress,Uttar Pradesh,Former,,1 (1969–1972)
669,"Thakur, Shri Surendra Singh",CONG(I),Madhya Pradesh,Former,,1 (1986–1992)
670,"Thakur, Shri Rameshwar",CONG(I),Bihar,Former,,"2 (1984–1990, 1990–1996)"
671,"George, Shri K. C.",Communist Party of India,Travancore Cochin,Former,,1 (1952–1954)
672,"Ghose, Shri Bimal Comar",Praja Socialist Party,West Bengal,Former,,1 (1952–1958)
673,"Jagatpal Singh, Thakur",Indian National Congress,Madhya Pradesh,Former,,1 (1984–1990)
674,"Thakur, Shri Gunanand",Congress,Bihar,Former,,1 (1972–1978)
675,"Thakur, Prof. Chandresh P.",CONG(I),Bihar,Former,,1 (1986–1992)
676,"Ghose, Shri Sankar",Congress,West Bengal,Former,,1 (1976–1982)
677,"Ghose, Shri Surendra Mohan",Congress,West Bengal,Former,,"2 (1956–1962, 1962–1968)"
678,"Ghosh, Shri Arabinda",Communist Party of India (Marxist),West Bengal,Former,,1 (1981–1987)
679,"Ghose, Principal Devaprasad",Jansangh,West Bengal,Former,,1 (1952–1954)
680,"Ghosh, Shri Dipen",Communist Party of India (Marxist),West Bengal,Former,,"2 (1981–1987, 1987–1993)"
681,"Ghosh, Shri Niren",Communist Party of India (Marxist),West Bengal,Former,,"2 (1962–1968, 1969–1975)"
682,"Ghosh, Shri Shantimoy",Communist Party of India (Marxist),West Bengal,Former,,1 (1984–1987)
683,"Ghosh, Shri Sudhir",Congress,West Bengal,Former,,1 (1960–1966)
684,"Gilbert, Shri Albert Crozier",Congress,Uttar Pradesh,Former,,"2 (1960–1964, 1964–1970)"
685,"Gilder, Dr. Muncheshaw Dhunjeebhai Dorabjee",Congress,Bombay,Former,,"2 (1952–1956, 1956–1960)"
686,"Thakur Das, Shri",Congress,Uttar Pradesh,Former,,1 (1952–1958)
687,"Thacker, Shri Premji Bhavanji",Congress,Gujarat,Former,,1 (1952–1952)
688,"Tayyebulla, Maulana M.",Congress,Assam,Former,,"2 (1952–1958, 1958–1964)"
689,"Tariang, Shri Jerlie E.",CONG(I),Meghalaya,Former,,1 (1984–1990)
690,"Tara Chand, Dr.",Nominated,Nominated,Former,,"2 (1957–1962, 1962–1968)"
691,"Tapase, Shri Ganpatrao Devji",Congress,Maharashtra,Former,,1 (1962–1968)
692,"Tanvir, Shri Habib",Nominated,Nominated,Former,,1 (1972–1978)
693,"Tankha, Pandit Sham Sundar Narain",Congress,Uttar Pradesh,Former,,"3 (1952–1958, 1958–1964, 1964–1970)"
694,"Tandon, Shri Purushottam Das",Congress,Uttar Pradesh,Former,,1 (1957–1963)
695,"Tamta, Shri Ram Prasad",Congress,Uttar Pradesh,Former,,"2 (1952–1956, 1956–1962)"
696,"Tama, Shri Ratan",CONG(I),Arunachal Pradesh,Former,,1 (1978–1984)
697,"Talwar, Dr.(Smt.) Mangla Devi",Congress,Rajasthan,Former,,1 (1966–1972)
699,"Talwandi, Sardar Jagdev Singh",Shiromani Akali Dal,Punjab,Former,,1 (1980–1986)
700,"Talib, Shri Niranjan Singh",Congress,Punjab,Former,,1 (1974–1978)
702,"Talari Manohar, Shri",Telugu Desam Party,Andhra Pradesh,Former,,1 (1986–1992)
703,"Gill, Shri Raghbir Singh",CONG(I),Punjab,Former,,1 (1976–1982)
706,"Tajamul Husain, Shri",Indian National Congress,Bihar,Former,,"2 (1952–1956, 1956–1962)"
707,"Taimur, Smt. Syeda Anwara",Indian National Congress,Assam,Former,89.0,"2 (1988–1990, 2004–2010)"
708,"Giri Prasad, Shri N.",Communist Party of India,Andhra Pradesh,Former,,1 (1992–1998)
709,"Dwivedy, Shri Surendranath",Socialist Party,Odisha,Former,,1 (1952–1956)
710,"Dwivedi, Shri Devendra Nath",Congress,Uttar Pradesh,Former,,1 (1974–1980)
711,"Gogoi, Shri Tilok",CONG(I),Assam,Former,,1 (1977–1980)
712,"Dwibedy, Shri Bairagi",Swatantra Party,Odisha,Former,,1 (1960–1966)
714,"Dutta, Shri Trilochan",Congress,Jammu & Kashmir,Former,,1 (1954–1960)
715,"Ashwani Kumar, Shri",Bharatiya Janata Party,Bihar,Former,,"2 (1980–1986, 1986–1992)"
716,"Dutta, Dr. B.B.",Nominated,Nominated,Former,,1 (1993–1999)
717,"Dutt, Dr. Vidya Prakash",Congress,Nominated,Former,,"2 (1971–1974, 1974–1980)"
719,"Golandaz Mohammedhusain, Shri",CONG(I),Gujarat,Former,,1 (1976–1982)
720,"Dutt, Smt. Nargis",Nominated,Nominated,Former,,1 (1980–1986)
721,"Gopal, Shri V G",Congress,Bihar,Former,,1 (1952–1956)
723,"Angelina Tiga, Smt.",Jharkhand Party,Bihar,Former,,1 (1952–1954)
724,"Gopal Singh, Dr.",Nominated,Nominated,Former,,1 (1962–1968)
725,"Gopalakrishnan, Shri R.",Indian National Congress,Madras,Former,,1 (1960–1964)
726,"Gopalan, Shri K.",Janata (G),Kerala,Former,,1 (1982–1988)
727,"Gopalan, Shri R. T.",All India Anna Dravida Munnetra Kazhagam,Tamil Nadu,Former,,1 (1986–1992)
728,"Vaiko, Shri",Marumalarchi Dravida Munetra Kazhagam,Tamil Nadu,Former,81.0,"4 (1978–1984, 1984–1990, 1990–1996, 2019–2025)"
729,"Goradia, Shri Prafull",Bharatiya Janata Party,Gujarat,Former,,1 (1998–2000)
730,"Goray, Shri N G",Socialist Party,Maharashtra,Former,,1 (1970–1976)
731,"Goswami, Shri Biswa",Other,Assam,Former,,1 (1980–1986)
732,"Goswami, Shri Dinesh",Congress,Assam,Former,,"2 (1978–1984, 1990–1996)"
733,"Goswami, Shri Sriman Prafulla",Congress,Assam,Former,,"2 (1967–1972, 1974–1980)"
734,"Goswami, Shri Ramnarayan",Communist Party of India (Marxist),West Bengal,Former,,"3 (1986–1987, 1987–1993, 1993–1999)"
735,"Gour, Dr. Raj Bahadur",Communist,Andhra Pradesh,Former,,
736,"Gowda, Shri D. B. Chandre",Janata Dal,Karnataka,Former,,1 (1986–1992)
737,"Gowda, Shri K. G. Thimme",Janata Dal,Karnataka,Former,,1 (1984–1990)
738,"Gowda, Shri K. S. Malle",Independent & Others,Karnataka,Former,,"2 (1970–1976, 1976–1982)"
739,"Gowda, Shri U.K. Lakshmana",Independent & Others,Karnataka,Former,,"2 (1968–1974, 1974–1980)"
740,"Goyal, Shri J.P.",Lok Dal,Uttar Pradesh,Former,,1 (1982–1988)
741,"Guha, Dr.(Smt.) Phulrenu",Congress,West Bengal,Former,,1 (1964–1970)
742,"Gujral, Shri Inder Kumar",Janata Dal,Punjab,Former,,"3 (1964–1970, 1970–1976, 1992–1998)"
743,"Gulsher Ahmed, Shri",Congress,Vindhya Pradesh,Former,,1 (1952–1956)
744,"Gupta, Shri Balkrishna",Sikkim Sangram Parishad,Bihar,Former,,1 (1968–1974)
745,"Gupta, Shri Bhupesh",Communist Party of India,West Bengal,Former,,"5 (1952–1958, 1958–1964, 1964–1970, 1970–1976, 1976–1982)"
746,"Gupta, Shri Gurudev",Congress,Madhya Pradesh,Former,,"2 (1960–1966, 1976–1982)"
747,"Gupta, Dr. Ishwar Chandra",Bharatiya Janata Party,Uttar Pradesh,Former,,1 (1992–1998)
748,"Gupta, Shri Maithilisharan",Nominated,Nominated,Former,,"2 (1952–1958, 1958–1964)"
749,"Gupta, Shri Narain Prasad",Bharatiya Janata Party,Madhya Pradesh,Former,,1 (1992–1998)
750,"Gupta, Shri R. C.",Congress,Uttar Pradesh,Former,,"2 (1952–1954, 1954–1960)"
751,"Gupta, Shri Ram Gopal",Swatantra Party,Uttar Pradesh,Former,,1 (1960–1966)
752,"Gupta, Shri Ram Lakhan Prasad",Bharatiya Janata Party,Bihar,Former,,1 (1978–1984)
753,"Gupta, Shri Shyamlal",Janata,Bihar,Former,,1 (1972–1978)
754,"Gupta, Shri Vishwa Bandhu",CONG(I),National Capital Territory of Delhi,Former,,1 (1984–1990)
755,"Gupte, Shri Bhalchanda Maheshwar",Congress,Bombay,Former,,1 (1952–1958)
756,"Gurumoorthy, Shri B. V.",Congress,Hyderabad,Former,,1 (1954–1956)
757,"Gurung, Shri T. S.",Communist Party of India (Marxist),West Bengal,Former,,1 (1986–1990)
758,"Panda, Shri Brahmananda",Congress,Odisha,Former,,"2 (1967–1972, 1972–1978)"
759,"Panda, Smt. Ila",Janata Dal,Odisha,Former,,1 (1992–1998)
760,"Gurupadaswamy, Shri M. S.",Janata Dal,Uttar Pradesh,Former,,"4 (1960–1966, 1966–1972, 1984–1990, 1990–1992)"
761,"Panda, Shri Krishna Chandra",Swatantra Party,Odisha,Former,,1 (1968–1974)
762,"Pande, Shri Bishambhar Nath",Nominated,Uttar Pradesh,Former,,"3 (1976–1982, 1982–1988, 1988–1994)"
763,"Pande, Shri C.D.",Congress,Uttar Pradesh,Former,,"2 (1962–1968, 1968–1974)"
764,"Guruswami, Shri S.",Other,Madras,Former,,1 (1952–1954)
765,"Pande, Shri Tarkeshwar",Congress,Uttar Pradesh,Former,,"4 (1952–1958, 1958–1964, 1964–1970, 1966–1970)"
766,"Gyan Ranjan, Shri",CONG(I),Bihar,Former,,1 (1996–2002)
767,"Pandey, Smt. Manorama",CONG(I),Bihar,Former,,"2 (1980–1986, 1986–1992)"
768,"Pandey, Shri Narsingh Narain",CONG(I),Uttar Pradesh,Former,,1 (1980–1982)
769,"Dutt, Dr. Nalinaksha",Congress,West Bengal,Former,,"2 (1952–1954, 1954–1960)"
770,"Pandey, Dr. Ratnakar",CONG(I),Uttar Pradesh,Former,,1 (1986–1992)
771,"Dutt, Shri Krishan",Congress,Jammu & Kashmir,Former,,1 (1960–1966)
772,"Pandian, Shri N. Thangaraj",All India Anna Dravida Munnetra Kazhagam,Tamil Nadu,Former,,1 (1992–1998)
774,"Pandey, Shri Sudhakar",CONG(I),Uttar Pradesh,Former,,1 (1980–1986)
775,"Duggal, Shri Harcharan Singh",Other,Punjab,Former,,1 (1969–1970)
776,"Panicker, Shri K. Vasudeva",CONG(I),Odisha,Former,,1 (1984–1990)
777,"Dugal, Shri Uttam Singh",Independent & Others,Punjab,Former,,1 (1964–1970)
778,"Panigrahi, Shri Swapnananda",Congress,Odisha,Former,,1 (1954–1960)
779,"Dubey, Shri Bindeshwari",CONG(I),Bihar,Former,,1 (1988–1994)
780,"Dube, Pandit Sitacharan",Congress,Madhya Pradesh,Former,,1 (1952–1954)
781,"Panikkar, Sardar K.M.",Nominated,Nominated,Former,,"2 (1959–1960, 1960–1966)"
782,"Dube, Dr. R.P.",Congress,Madhya Pradesh,Former,,1 (1952–1960)
783,"Rachaiah, Shri B.",Congress,Karnataka,Former,,1 (1974–1980)
784,"Panjhazari, Sardar Raghbir Singh",Congress,Patiala and East Punjab States Union,Former,,"3 (1954–1960, 1960–1966, 1966–1972)"
785,"Dube, Shri Bodh Ram",Congress,Odisha,Former,,1 (1952–1958)
786,"Rafique Alam, Shri",CONG(I),Bihar,Former,,"2 (1982–1988, 1988–1994)"
787,"Dube, Shri Baij Nath",Socialist Party,Vindhya Pradesh,Former,,1 (1952–1954)
788,"Pant, Pandit Govind Ballabh",Congress,Uttar Pradesh,Former,,"2 (1955–1958, 1958–1964)"
789,"Radhakrishna, Shri Puttapaga",Telugu Desam Party,Andhra Pradesh,Former,,1 (1984–1990)
790,"D'souza, Dr. Joseph Leon",Indian National Congress,Maharashtra,Former,,1 (1980–1986)
791,"Pant, Shri K.C.",CONG(I),Uttar Pradesh,Former,,1 (1978–1984)
792,"Raghavji, Shri",Bharatiya Janata Party,Madhya Pradesh,Former,,"2 (1991–1992, 1994–2000)"
793,"Dronamraju, Shri Satyanarayana",CONG(I),Andhra Pradesh,Former,,"2 (1988–1994, 1994–2000)"
794,"Panwar, Shri B.L.",CONG(I),Rajasthan,Former,,"2 (1985–1986, 1986–1992)"
795,"Doshi, Shri Lalchand Hirachand",Congress,Bombay,Former,,1 (1952–1958)
796,"Raghu Vira, Dr.",Congress,Bombay,Former,,"2 (1952–1956, 1956–1962)"
797,"Papireddi, Shri Bezawada",Janata,Andhra Pradesh,Former,,1 (1972–1978)
798,"Doogar, Shri Rajpat Singh",Independent & Others,West Bengal,Former,,"4 (1952–1954, 1954–1960, 1960–1966, 1966–1972)"
799,"Raghubir Sinh, Dr.",Congress,Madhya Bharat,Former,,"2 (1952–1954, 1954–1960)"
800,"Parameswaran, Shri B.",Other,Madras,Former,,1 (1958–1964)
801,"Diwakar, Shri R.R.",Nominated,Nominated,Former,,"2 (1952–1952, 1962–1968)"
802,"Paranjpye, Smt. Shakuntala",Nominated,Nominated,Former,,1 (1964–1970)
803,"Raha, Shri Sanat Kumar",Communist Party of India,West Bengal,Former,,1 (1972–1978)
804,"Dinkar, Prof. Ramdhari Sinha",Congress,Bihar,Former,,"3 (1952–1954, 1954–1960, 1960–1964)"
805,"Parashar, Shri Vinaykumar Ramlal",Congress,Maharashtra,Former,,1 (1972–1978)
806,"Rahmathulla, Shri Mohammad",CONG(I),Andhra Pradesh,Former,,1 (1976–1982)
807,"Rahmath Ullah, Shri K. Muhammad",Congress,Madras,Former,,1 (1952–1954)
808,"Parbhu Singh, Shri",Janata,Haryana,Former,,1 (1974–1980)
809,"Dinesh Chandra, Shri Swami",CONG(I),Rajasthan,Former,,1 (1976–1982)
810,"Dikshit, Shri Umashankar",Congress,Uttar Pradesh,Former,,"3 (1961–1964, 1964–1970, 1970–1976)"
811,"Rahman, Shri Mohd. Khalleelur",Telugu Desam Party,Andhra Pradesh,Former,,"2 (1987–1988, 1988–1994)"
812,"Parikh, Shri Chandulal Pitamberdas",Congress,Bombay,Former,,"2 (1952–1954, 1954–1958)"
813,"Dikshit, Shri Jagdish Chandra",Congress,Uttar Pradesh,Former,,1 (1969–1970)
814,"Dhusiya, Shri Sohan Lal",CONG(I),Uttar Pradesh,Former,,1 (1984–1990)
815,"Parikh, Prof. Ramlal",Janata,Gujarat,Former,,1 (1975–1981)
816,"Dhulap, Shri Krishnarao Narayan",Peasants and Workers Party,Maharashtra,Former,,1 (1974–1980)
817,"Dhillon, Shri Guraj Singh",Shiromani Akali Dal,Punjab,Former,,1 (1952–1958)
818,"Parmanand, Dr.(Smt.) Seeta",Congress,Madhya Pradesh,Former,,"2 (1952–1958, 1958–1964)"
819,"Dhawan, Shri R.K.",Indian National Congress,Bihar,Former,88.0,"2 (1990–1996, 2004–2010)"
820,"Parthasarathy, Prof.(Smt) G.",Other,Madras,Former,,1 (1960–1966)
821,"Dharia, Shri Mohan Manikchand",Congress,Maharashtra,Former,,"2 (1964–1970, 1970–1976)"
822,"Parthasarathy, Shri R.T.",Other,Madras,Former,,1 (1966–1972)
823,"Dharam Prakash, Dr.",Congress,Uttar Pradesh,Former,,"2 (1958–1962, 1962–1968)"
824,"Parvathi Krishnan, Smt.",Other,Tamil Nadu,Former,,1 (1954–1960)
825,"Dharam Pal, Shri",CONG(I),Jammu & Kashmir,Former,,1 (1988–1994)
826,"Dharmavir, Shri",CONG(I),Uttar Pradesh,Former,,1 (1980–1986)
827,"Dhar, Shri D.P.",Congress,Jammu & Kashmir,Former,,1 (1972–1975)
828,"Dhage, Shri Venkat Krishna",Independent & Others,Bombay,Former,,
829,"Rai, Shri Kalp Nath",CONG(I),Uttar Pradesh,Former,,"3 (1974–1980, 1980–1986, 1986–1992)"
830,"Rai, Shri Ratna Bahadur",Communist Party of India (Marxist),West Bengal,Former,,"2 (1989–1990, 1990–1996)"
831,"Rajabhoj, Shri P. N.",Congress,Bombay,Former,,1 (1957–1962)
832,"Rajagopal, Shri M.",CONG(I),Karnataka,Former,,1 (1982–1988)
833,"Rajagopalan, Shri G.",Congress,Madras,Former,,"3 (1952–1958, 1958–1964, 1964–1970)"
834,"Vero, Shri Melhupra",Congress,Nagaland,Former,,"2 (1964–1968, 1968–1974)"
835,"Vijaivargiya, Shri Gopikrishna",Congress,Madhya Bharat,Former,,"2 (1954–1960, 1960–1966)"
836,"Vijay Bhushan, Shri Deosharan",Jansangh,Madhya Pradesh,Former,,1 (1970–1976)
837,"Vijay Singh, Shri",Congress,Rajasthan,Former,,"2 (1954–1960, 1960–1966)"
840,"Vijaya Raje, Kunwarani",Janata,Bihar,Former,,1 (1952–1957)
841,"Vikal, Shri Ram Chandra",CONG(I),Uttar Pradesh,Former,,1 (1984–1990)
842,"Villalan, Shri Thillai",Dravida Munnetra Kazhagam,Madras,Former,,1 (1968–1974)
843,"Vincent, Shri M.",All India Anna Dravida Munnetra Kazhagam,Tamil Nadu,Former,,1 (1986–1992)
844,"Vora, Shri Motilal",Indian National Congress,Chhattisgarh,Former,97.0,"4 (1988–1994, 2002–2008, 2008–2014, 2014–2020)"
845,"Vyas, Shri Jai Narain",Congress,Rajasthan,Former,,"2 (1957–1960, 1960–1966)"
846,"Vyas, Shri Krishna Kant",Congress,Madhya Bharat,Former,,1 (1952–1956)
847,"Vyas, Dr. M.R.",Congress,Maharashtra,Former,,1 (1972–1978)
848,"Vyas, Shri Ramesh Chandra",Congress,Rajasthan,Former,,1 (1962–1968)
849,"Rajagopalan, Smt. G. Lalitha",Congress,Madras,Former,,1 (1965–1970)
850,"Rajah, Shri H. D.",Republican Party of India,Madras,Former,,"2 (1952–1958, 1958–1964)"
851,"Rajan, Shri Pattiam",Communist Party of India (Marxist),Kerala,Former,,1 (1976–1982)
852,"Rajangam, Shri N.",All India Anna Dravida Munnetra Kazhagam,Tamil Nadu,Former,,1 (1984–1990)
853,"Rajasekharam, Shri Palavalasa",CONG(I),Andhra Pradesh,Former,,1 (1976–1982)
854,"Rajendra Singh Ishwar Singh, Shri",CONG(I),Madhya Pradesh,Former,,1 (1980–1982)
855,"Rajendran, Shri Sedapatti  Suryanarayana Thevar",Dravida Munnetra Kazhagam,Tamil Nadu,Former,,1 (1970–1976)
856,"Rajinder Kaur, Dr.(Smt.)",Shiromani Akali Dal,Punjab,Former,,1 (1978–1984)
857,"Rajnarain, Shri",Socialist Party,Uttar Pradesh,Former,,"2 (1966–1972, 1974–1980)"
858,"Raju, Shri Alluri Satyanarayana",Congress,Andhra Pradesh,Former,,"2 (1953–1954, 1954–1960)"
859,"Raju, Shri J. S.",Dravida Munnetra Kazhagam,Tamil Nadu,Former,,1 (1989–1995)
860,"Raju, Shri V. B.",Congress,Andhra Pradesh,Former,,"2 (1970–1976, 1976–1982)"
861,"Ram Chander, Shri",Congress,Haryana,Former,,1 (1966–1968)
862,"Ram Ratan Ram, Shri",Bharatiya Janata Party,Uttar Pradesh,Former,,1 (1992–1998)
863,"Ram Sahai, Shri",Congress,Madhya Pradesh,Former,,"3 (1956–1962, 1962–1968, 1968–1974)"
864,"Ram Singh, Sardar",Swatantra Party,Uttar Pradesh,Former,,1 (1964–1970)
865,"Ramachandran, Shri G.",Nominated,Nominated,Former,,1 (1964–1970)
866,"Ramachandran, Shri M. S.",CONG(I),Tamil Nadu,Former,,1 (1980–1986)
867,"Dhabe, Shri S.W.",Congress (S),Maharashtra,Former,,"2 (1974–1980, 1980–1986)"
868,"Dey, Shri S. K.",Indian National Congress,Delhi,Former,,1 (1957–1962)
869,"Devi Singh, Shri",Swatantra Party,Rajasthan,Former,,1 (1964–1970)
870,"Devegowda, Shri H.D.",Janata Dal (Secular),Karnataka,Sitting,92.0,"2 (1996–2002, 2020–2026)"
871,"Devaki Gopidas, Smt.",Congress,Karnataka,Former,,1 (1962–1968)
872,"Ramachandran, Shri S. K. T.",CONG(I),Tamil Nadu,Former,,1 (1989–1995)
873,"Deo, Shri V. Kishore Chandra S.",Congress (O),Andhra Pradesh,Former,,1 (1994–2000)
874,"Ramakrishnan, Shri R.",All India Anna Dravida Munnetra Kazhagam,Tamil Nadu,Former,,1 (1980–1986)
875,"Ramamurthy, Shri Thindivanam K.",CONG(I),Nominated,Former,,1 (1984–1990)
876,"Ramamurti, Shri P.",Communist Party of India (Marxist),Tamil Nadu,Former,,"2 (1960–1966, 1977–1983)"
877,"Deshpande, Kumari Nirmala",Nominated,Nominated,Former,96.0,"2 (1997–1999, 2004–2010)"
878,"Deshmukh, Smt. Vimal Punjab",Congress,Maharashtra,Former,,1 (1967–1972)
879,"Deshmukh, Shri T.G.",Congress,Maharashtra,Former,,1 (1968–1974)
880,"Deshmukh, Shri Shankarrao Narayanarao",CONG(I),Maharashtra,Former,,1 (1984–1990)
881,"Ramamurti, Shri T. Nallamuthu",Congress,Madras,Former,,1 (1956–1962)
882,"Ramanathan, Shri V.",All India Anna Dravida Munnetra Kazhagam,Tamil Nadu,Former,,1 (1984–1990)
883,"Ramaswamy, Shri K. S.",Congress,Madras,Former,,"2 (1962–1968, 1968–1974)"
884,"Ramaswamy, Shri V. V.",Other,Madras,Former,,1 (1967–1968)
885,"Ramaul, Shri Shiva Nand",Congress,Himachal Pradesh,Former,,1 (1962–1968)
886,"Ramesh Babu, Shri S. B.",CONG(I),Andhra Pradesh,Former,,1 (1982–1988)
887,"Rameshwar Singh, Shri",Lok Dal,Uttar Pradesh,Former,,1 (1978–1984)
888,"Deshmukh, Shri Ramrao Madhavrao",Congress,Bombay,Former,,"2 (1952–1958, 1958–1964)"
889,"Ramiah, Dr. K.",Nominated,Nominated,Former,,1 (1968–1974)
890,"Ranawat, Shri Mahendra Singh",Congress,Rajasthan,Former,,1 (1952–1954)
891,"Ranbir Singh, Shri",Congress,Haryana,Former,,1 (1972–1978)
892,"Ranga, Shri N. G.",CONG(I),Madras,Former,,"2 (1952–1958, 1977–1980)"
893,"Ranganathan, Shri S.",Independent & Others,Tamil Nadu,Former,,1 (1974–1980)
894,"Ranjit Singh, Shri",Janata Dal,Haryana,Former,,1 (1990–1992)
895,"Deshmukh, Shri Narsinghrao Balbhimrao",Peasants and Workers Party,Bombay,Former,,"2 (1952–1954, 1954–1960)"
896,"Deshmukh, Shri Bapuraoji Marotraoji",CONG(I),Maharashtra,Former,,1 (1976–1982)
897,"Desai, Shri Suresh J.",Congress,Gujarat,Former,,"2 (1960–1966, 1966–1972)"
898,"Desai, Shri R.M.",CONG(I),Karnataka,Former,,1 (1976–1982)
899,"Rao, Dr. A.Subba",Communist Party of India,Kerala,Former,,1 (1958–1964)
900,"Desai, Shri Jagesh",CONG(I),Maharashtra,Former,,"2 (1984–1990, 1990–1996)"
901,"Desai, Shri Khandubhai K.",Congress,Bombay,Former,,"2 (1959–1964, 1964–1970)"
902,"Rao, Prof. B. Ramachandra",CONG(I),Andhra Pradesh,Former,,1 (1982–1988)
903,"Desai, Shri Janardhan Rao",Congress,Mysore,Former,,1 (1956–1962)
904,"Desai, Shri Dajiba Balwantrao",Peasants and Workers Party,Others,Former,,1 (1960–1966)
906,"Deori, Smt. Omem Moyong",CONG(I),Arunachal Pradesh,Former,,1 (1984–1990)
907,"Deo, Shri K.P. Singh",Swatantra Party,Odisha,Former,,1 (1972–1976)
908,"Deogirikar, Shri T.R.",Congress,Bombay,Former,,"2 (1952–1956, 1956–1962)"
909,"Deo, Shri Bira Kesari",Swatantra Party,Odisha,Former,,"2 (1967–1970, 1970–1976)"
910,"Deepak, Shri Krishan Kumar",Janata Dal,Haryana,Former,,1 (1990–1992)
911,"Rao, Shri B. Ramakrishna",Congress,Andhra Pradesh,Former,,1 (1962–1966)
912,"Paswan, Shri Kameshwar",Bharatiya Janata Party,Bihar,Former,,1 (1990–1996)
913,"Rao, Shri B. Shiva",Congress,Mysore,Former,,1 (1957–1960)
914,"Rao, Shri D. Ramanuja",Congress,Andhra Pradesh,Former,,1 (1960–1962)
916,"Paswan, Shri Ram Bhagat",CONG(I),Bihar,Former,,1 (1980–1986)
917,"Deb Burman, Shri Bir Chandra",Communist Party of India,Tripura,Former,,1 (1974–1980)
918,"Rao, Shri Gopala Rao",Telugu Desam Party,Andhra Pradesh,Former,,1 (1986–1992)
919,"Deb, Shri Suresh Chandra",Congress,Assam,Former,,"2 (1957–1960, 1960–1966)"
920,"Patel, Smt. Anandiben Jethabhai",Bharatiya Janata Party,Gujarat,Former,,1 (1994–2000)
921,"Rao, Dr. K. L. Narasimha",Congress,Andhra Pradesh,Former,,1 (1960–1966)
922,"Deb, Shri Shankar Pratap Singh",Swatantra Party,Odisha,Former,,1 (1964–1970)
923,"Rao, Shri K. V. R. S. Balasubba",CONG(I),Andhra Pradesh,Former,,1 (1981–1984)
924,"Patel, Shri Chhotubhai",CONG(I),Gujarat,Former,,1 (1987–1993)
925,"Dave, Shri Somnath P.",Congress,Bombay,Former,,"2 (1952–1958, 1958–1964)"
926,"Rao, Shri Katragadda Srinivasa",Independent & Others,Andhra Pradesh,Former,,1 (1970–1976)
927,"Dave, Shri Rohit Manushankar",Praja Socialist Party,Bombay,Former,,1 (1958–1964)
928,"Rao, Shri Kotamraju  Rama",Congress,Madras,Former,,1 (1952–1954)
929,"Patel, Shri Dahyabhai V.",Other,Bombay,Former,,"3 (1958–1964, 1964–1970, 1970–1976)"
930,"Dass, Shri Mahabir",Congress,Bihar,Former,,"2 (1962–1968, 1968–1974)"
931,"Rao, Shri Narla Venkateswara",Congress,Andhra Pradesh,Former,,"2 (1958–1964, 1964–1970)"
932,"Das Gupta, Shri Gurudas",Communist Party of India,West Bengal,Former,,"3 (1985–1988, 1988–1994, 1994–2000)"
933,"Rao, Shri R. Samba Siva",CONG(I),Andhra Pradesh,Former,,1 (1982–1988)
934,"Patel, Shri D.K.",Jansangh,Gujarat,Former,,1 (1970–1976)
935,"Rao, Shri Raghavendra",Congress,Mysore,Former,,1 (1954–1960)
936,"Dass, Shri A. Dharam",Congress,Uttar Pradesh,Former,,"2 (1952–1958, 1958–1964)"
937,"Dasgupta, Shri Tarit Mohan",Congress,Tripura,Former,,1 (1962–1968)
938,"Dasappa, Shri H.C.",Indian National Congress,Others,Former,,1 (1954–1960)
939,"Patel, Shri Harihar",Other,Odisha,Former,,1 (1958–1964)
940,"Das, Ms. Shoila Bala",Congress,Odisha,Former,,1 (1952–1954)
941,"Das, Smt. Pushpalata",Congress,Assam,Former,,"2 (1952–1956, 1956–1962)"
942,"Das, Shri Nanda Kishore",Congress,Odisha,Former,,1 (1960–1966)
943,"Ramji Lal, Shri",Indian National Congress,Haryana,Former,,"2 (1992–1998, 1994–2000)"
944,"Patel, Shri Maganbhai Shankerbhai",Congress,Gujarat,Former,,"2 (1960–1962, 1962–1968)"
945,"Das, Smt. Monika",CONG(I),Karnataka,Former,,1 (1980–1986)
946,"Das, Smt. Mira",Janata Dal,Odisha,Former,,1 (1990–1996)
947,"Das, Mahant Laxmi Narain",Congress,Madhya Pradesh,Former,,1 (1962–1968)
948,"Rao, Smt. Rathnabai Sreenivasa",Janata,Andhra Pradesh,Former,,1 (1972–1978)
949,"Patel, Ms. Maniben Vallabhbhai",Other,Gujarat,Former,,1 (1964–1970)
950,"Rao, Shri S. V. Krishna Moorthy",Indian National Congress,Mysore,Former,,"2 (1952–1956, 1956–1962)"
953,"Das, Shri Biswanath",Congress,Odisha,Former,,"2 (1954–1960, 1960–1966)"
954,"Patel, Shri Manubhai",Janata Dal,Gujarat,Former,,1 (1978–1984)
955,"Das, Shri Bipinpal",CONG(I),Assam,Former,,"2 (1970–1976, 1976–1982)"
956,"Patel, Shri Ram Pujan",Indian National Congress,Uttar Pradesh,Former,,1 (1981–1986)
957,"Das, Shri Bhubanananda",Congress,Odisha,Former,,1 (1957–1958)
958,"Das, Shri Basant Kumar",Janata Dal,Odisha,Former,,1 (1990–1996)
959,"Patel, Dr. Shanti G.",Janata Dal,Maharashtra,Former,,1 (1980–1986)
960,"Das, Shri Banka Behary",Praja Socialist Party,Odisha,Former,,1 (1966–1972)
961,"Jagir Singh, Shri",CONG(I),Punjab,Former,,1 (1992–1998)
962,"Patel, Shri Sundarmani",Other,Odisha,Former,,"2 (1962–1968, 1968–1974)"
963,"Patel, Shri Tribhovandas Kishibhai",Congress,Gujarat,Former,,"2 (1967–1968, 1968–1974)"
964,"Darbara Singh, Shri",CONG(I),Punjab,Former,,1 (1984–1990)
965,"Dar, Shri Abdul Ghani",PIP,Punjab,Former,,1 (1962–1967)
966,"Daphtary, Shri C.K.",Nominated,Nominated,Former,,1 (1972–1978)
967,"Dangre, Shri R.V.",Congress,Madhya Pradesh,Former,,1 (1954–1960)
968,"Dang, Smt. Satyavati",CONG(I),Himachal Pradesh,Former,,1 (1968–1974)
969,"Damodaran, Shri Kizhedath",Communist Party of India,Kerala,Former,,1 (1964–1970)
970,"Dalwai, Shri Husen",CONG(I),Maharashtra,Former,,1 (1984–1990)
971,"Dalpat Singh, Shri",Congress,Rajasthan,Former,,"2 (1964–1966, 1966–1972)"
972,"Dalmia, Shri Sanjay",Samajwadi Party,Uttar Pradesh,Former,,1 (1994–1998)
973,"Daga, Shri Sitaram",Congress,West Bengal,Former,,1 (1957–1958)
974,"Daga, Shri Narayandas K.",Congress,Hyderabad,Former,,1 (1954–1958)
975,"Husain, Shri M.F.",Nominated,Nominated,Former,,1 (1986–1992)
976,"Himmat Sinh, Shri",Congress,Gujarat,Former,,1 (1972–1978)
977,"Himatsingka, Shri P.D.",Congress,West Bengal,Former,,1 (1956–1962)
978,"Hensman, Smt. Mona",Congress,Madras,Former,,1 (1952–1956)
979,"Hemrom, Shri Sunder Mohan",Congress,Odisha,Former,,1 (1952–1956)
980,"Hegde, Shri K.S.",Congress,Madras,Former,,"2 (1952–1954, 1954–1960)"
981,"Heerachand, Shri D.",All India Anna Dravida Munnetra Kazhagam,Tamil Nadu,Former,,1 (1980–1986)
982,"Havanur, Shri L.G.",CONG(I),Karnataka,Former,,1 (1977–1978)
983,"Hathi, Shri Jai Sukh Lal",Congress,Saurashtra,Former,,"3 (1952–1958, 1962–1968, 1968–1974)"
984,"Hashim, Shri M.M.",CONG(I),Andhra Pradesh,Former,,1 (1990–1996)
985,"Hariprasad, Shri B.K.",Indian National Congress,Karnataka,Former,71.0,"4 (1990–1996, 2004–2010, 2013–2014, 2014–2020)"
986,"Hashmi, Shri Syed Ahmad",Congress,Uttar Pradesh,Former,,"2 (1974–1980, 1980–1986)"
987,"Hashmi, Shri Shamim",CONG(I),Bihar,Former,,"2 (1988–1994, 1989–1994)"
988,"Haridas, Shri C.",Indian National Congress,Kerala,Former,,1 (1980–1986)
989,"Patel, Smt. Urmilaben Chimanbhai",CONG(I),Gujarat,Former,,1 (1993–1999)
990,"Patel, Shri Vithalbhai M.",CONG(I),Gujarat,Former,,"2 (1982–1988, 1988–1994)"
991,"Hardikar, Dr. N.S.",Congress,Mysore,Former,,"2 (1952–1956, 1956–1962)"
992,"Pathak, Shri Ananda",Communist Party of India (Marxist),West Bengal,Former,,"2 (1977–1978, 1978–1984)"
993,"Haq, Molana Asrarul",Indian National Congress,Rajasthan,Former,,1 (1980–1986)
994,"Pathak, Shri Gopal Swarup",Congress,Uttar Pradesh,Former,,"2 (1960–1966, 1966–1972)"
995,"Patil, Shri Deorao",CONG(I),Maharashtra,Former,,1 (1974–1980)
996,"Patil, Shri Dinkarrao Govindrao",CONG(I),Maharashtra,Former,,1 (1982–1988)
997,"Hanumanthappa, Shri H.",CONG(I),Karnataka,Former,,"3 (1982–1988, 1988–1994, 1994–2000)"
998,"Patil, Shri Gulabrao",CONG(I),Maharashtra,Former,,"2 (1966–1972, 1972–1978)"
999,"Patil, Shri Pandharinath Sitaramji",Congress,Maharashtra,Former,,"2 (1962–1968, 1968–1974)"
1000,"Patil, Dr. Gopalrao Vithalrao",Bharatiya Janata Party,Maharashtra,Former,,1 (1994–2000)
1002,"Rao, Shri T. Bhaskara",Independent & Others,Madras,Former,,1 (1952–1960)
1003,"Rao, Shri V. C. Kesava",CONG(I),Andhra Pradesh,Former,,"4 (1956–1962, 1962–1968, 1974–1980, 1980–1986)"
1004,"Rao, Shri V. Hanumantha",Indian National Congress,Telangana,Former,77.0,"4 (1992–1998, 2004–2010, 2010–2014, 2014–2016)"
1005,"Kabir, Prof. Humayun",Congress,West Bengal,Former,,1 (1956–1962)
1006,"Kadharsha, Shri M.",Dravida Munnetra Kazhagam,Tamil Nadu,Former,,"2 (1974–1980, 1983–1989)"
1007,"Kaimal, Shri Aravindakshan",Other,Kerala,Former,,1 (1967–1968)
1008,"Kakati, Shri Robin",Janata,Assam,Former,,"2 (1962–1968, 1978–1984)"
1009,"Patil, Smt. Pratibha Devisingh",Indian National Congress,Maharashtra,Former,,1 (1985–1990)
1010,"Rao, Shri V. Prasad",Communist Party of India,Hyderabad,Former,,1 (1954–1960)
1011,"Kakkilaya, Shri B.V.",Communist Party of India,Madras,Former,,1 (1952–1954)
1012,"Hanspal, Shri Harvendra Singh",CONG(I),Punjab,Former,,"2 (1980–1986, 1986–1992)"
1013,"Rao, Shri V. Rajeshwar",CONG(I),Andhra Pradesh,Former,,1 (1992–1998)
1015,"Rao, Shri Yalla Sesi Bhushana",Telugu Desam Party,Andhra Pradesh,Former,,1 (1984–1990)
1016,"Patil, Shri Shivajirao Giridhar",CONG(I),Maharashtra,Former,,1 (1992–1998)
1017,"Hans Raj, Raizada",Indian National Congress,Punjab,Former,,"2 (1952–1952, 1953–1958)"
1018,"Kakodkar, Shri Purushottam",CONG(I),Nominated,Former,,1 (1985–1991)
1019,"Ratan Kumari, Smt.",CONG(I),Madhya Pradesh,Former,,"3 (1976–1982, 1982–1988, 1988–1994)"
1020,"Patil, Shri Sonusing Dhansing",Congress,Bombay,Former,,"2 (1957–1958, 1958–1964)"
1021,"Kalaniya, Shri Ibrahim",CONG(I),Gujarat,Former,,"2 (1972–1978, 1978–1984)"
1022,"Hansda, Shri Phanindra Nath",Congress,West Bengal,Former,,1 (1976–1982)
1023,"Rath, Shri Abhimanyu",Gantantra Parishad,Odisha,Former,,1 (1956–1962)
1024,"Patil, Smt. Suryakanta",CONG(I),Maharashtra,Former,,1 (1986–1992)
1025,"Rath, Shri Baidyanath",Communist Party of India,Odisha,Former,,1 (1952–1954)
1026,"Patil, Shri Udhavrao Sahebrao",Other,Maharashtra,Former,,1 (1964–1970)
1027,"Rathi, Shri Kunj Bihari Lal",Jansangh,Uttar Pradesh,Former,,1 (1966–1972)
1028,"Patil, Shri Veerendra",Janata,Karnataka,Former,,1 (1972–1978)
1029,"Patil, Shri Vinayakrao Pandurang",Other,Bombay,Former,,1 (1960–1966)
1030,"Kaldate, Dr. Bapu",Janata Dal,Maharashtra,Former,,"2 (1984–1990, 1990–1996)"
1031,"Kalelkar, Kaka Saheb",Nominated,Nominated,Former,,"2 (1952–1958, 1958–1964)"
1032,"Patil, Shri Vishwasrao Ramrao",Janata Dal,Maharashtra,Former,,1 (1988–1994)
1033,"Patil Puttappa, Shri",Congress,Mysore,Former,,"2 (1962–1968, 1968–1974)"
1034,"Kalita, Shri Bhubaneswar",Bharatiya Janata Party,Assam,Sitting,74.0,"5 (1984–1990, 1990–1996, 2008–2014, 2014–2020, 2020–2026)"
1035,"Patnaik, Shri Biju",Janata Dal,Odisha,Former,,1 (1971–1971)
1036,"Kalvala, Shri Prabhakar Rao",Telugu Desam Party,Andhra Pradesh,Former,,1 (1986–1992)
1037,"Kalyan Chand, Shri",Indian National Congress,Uttar Pradesh,Former,,1 (1970–1976)
1038,"Kalyanasundaram, Shri Kanchi",Dravida Munnetra Kazhagam,Tamil Nadu,Former,,"2 (1969–1970, 1970–1976)"
1039,"Haneef, Shri Mahammed",Congress,Odisha,Former,,1 (1966–1972)
1040,"Handique, Shri Bijoy Krishna",CONG(I),Assam,Former,,1 (1980–1986)
1042,"Hakim Ali, Khawja",Other,Jammu & Kashmir,Former,,1 (1961–1962)
1043,"Hagjer, Shri Joy Bhadra",Congress,Assam,Former,,1 (1958–1964)
1044,"Habibullah, Smt. Hamida",CONG(I),Uttar Pradesh,Former,,1 (1976–1982)
1045,"Fotedar, Shri Makhan Lal",CONG(I),Uttar Pradesh,Former,,"2 (1985–1990, 1990–1996)"
1046,"Patnaik, Shri Dibakar",Praja Socialist Party,Odisha,Former,,1 (1958–1964)
1047,"Fernandes, Shri John F.",CONG(I),Goa,Former,,"2 (1987–1993, 1993–1999)"
1048,"Patnaik, Smt. Jayanti",CONG(I),Odisha,Former,,1 (1996–2002)
1049,"Patra, Shri Narayan",Congress,Odisha,Former,,1 (1964–1970)
1050,"Pattabiraman, Shri T.S.",Congress,Madras,Former,,"3 (1952–1956, 1957–1960, 1960–1966)"
1051,"Pattanayak, Shri Bhabani Charan",CONG(I),Odisha,Former,,"3 (1961–1966, 1966–1972, 1978–1984)"
1052,"Pattnaik, Shri Sunil Kumar",CONG(I),Odisha,Former,,1 (1984–1990)
1053,"Paul, Shri Makhan",Revolutionary Socialist Party,West Bengal,Former,,1 (1981–1987)
1054,"Pawar, Shri D.Y.",CONG(I),Bombay,Former,,"4 (1952–1956, 1956–1962, 1962–1968, 1972–1978)"
1055,"Kalyan, Shri Mohinder Singh",Indian National Congress,Punjab,Former,,1 (1992–1998)
1056,"Kalyanasundaram, Shri M.",Communist Party of India,Tamil Nadu,Former,,1 (1980–1986)
1057,"Kamalanathan, Shri M.",Dravida Munnetra Kazhagam,Tamil Nadu,Former,,"2 (1971–1972, 1972–1978)"
1058,"Kamalaswamy, Shri T.V.",Indian National Congress,Madras,Former,,"2 (1952–1954, 1954–1960)"
1059,"Kamble, Prof. N.M.",Indian National Congress,Maharashtra,Former,,"3 (1974–1980, 1980–1982, 1984–1990)"
1060,"Rathwa, Shri Ramsinh",CONG(I),Gujarat,Former,,"2 (1982–1988, 1988–1994)"
1061,"Raut, Shri Rajaram Balkrishna",Other,Bombay,Former,,1 (1952–1958)
1062,"Singh, Shri Kameshwar",Congress,Bihar,Former,,1 (1974–1980)
1064,"Ravi Shankar, Pandit",Other,Nominated,Former,,1 (1986–1992)
1065,"Ray, Shri Deba Prasad",CONG(I),West Bengal,Former,,1 (1984–1990)
1066,"Ray, Dr. Nihar Ranjan",Congress,West Bengal,Former,,"2 (1957–1962, 1962–1968)"
1067,"Ray, Shri Rabi",Lok Dal,Odisha,Former,,1 (1974–1980)
1068,"Ray, Shri Ram Prasanna",Congress,West Bengal,Former,,1 (1962–1968)
1069,"Ray, Shri Satyendra Prosad",Congress,West Bengal,Former,,"3 (1952–1956, 1956–1962, 1964–1970)"
1070,"Rayka, Shri Sagar",CONG(I),Gujarat,Former,,1 (1986–1988)
1071,"Razack, Smt. Noorjehan",All India Anna Dravida Munnetra Kazhagam,Tamil Nadu,Former,,1 (1977–1983)
1072,"Singh, Shri Kameshwara",Independent & Others,Bihar,Former,,"2 (1952–1958, 1960–1966)"
1074,"Kamta Singh, Shri",Other,Bihar,Former,,1 (1958–1964)
1075,"Kane, Dr. P.V.",Nominated,Nominated,Former,,"2 (1953–1958, 1958–1964)"
1076,"Kapoor, Shri Giriraj Kishore",Other,Madhya Pradesh,Former,,1 (1964–1985)
1077,"Kapoor, Shri Jaspat Roy",Indian National Congress,Uttar Pradesh,Former,,"2 (1952–1956, 1956–1962)"
1078,"Razi, Shri Syed Sibtey",Indian National Congress,Uttar Pradesh,Former,,"3 (1980–1986, 1988–1992, 1992–1998)"
1079,"Reddi, Dr. Begwada Gopala",Congress,Andhra Pradesh,Former,,"2 (1958–1960, 1960–1966)"
1082,"Kapoor, Shri Prithvi Raj",Nominated,Nominated,Former,,"2 (1952–1954, 1954–1960)"
1083,"Kapse, Prof. Ram",Bharatiya Janata Party,Maharashtra,Former,,1 (1996–1998)
1084,"Kapur, Shri H.L.",Indian National Congress,Nominated,Former,,1 (1985–1988)
1085,"Kapur, Shri Yashpal",Indian National Congress,Uttar Pradesh,Former,,1 (1972–1978)
1086,"Kar, Shri Ghulam Rasool",Indian National Congress,Nominated,Former,,1 (1984–1987)
1087,"Kar, Shri Narayan",Communist Party of India (Marxist),Tripura,Former,,1 (1986–1992)
1088,"Karanjia, Shri R.K.",Nominated,Nominated,Former,,1 (1991–1997)
1089,"Karayalar, Shri S. Chattanatha",Indian National Congress,Travancore Cochin,Former,,"2 (1952–1958, 1958–1964)"
1090,"Karimuddin, Kazi Syed",Indian National Congress,Madhya Pradesh,Former,,1 (1954–1958)
1091,"Karmarkar, Shri D.P.",Indian National Congress,Mysore,Former,,1 (1962–1968)
1092,"Kartar Singh, Shri",Indian National Congress,Patiala and East Punjab States Union,Former,,1 (1952–1953)
1093,"Karumbaya, Shri K.C.",Communist Party of India,Ajmer and Coorg,Former,,1 (1954–1956)
1094,"Karunakaran, Shri K.",Indian National Congress,Kerala,Former,107.0,"3 (1995–1997, 1997–1998, 2004–2010)"
1095,"Pendse, Shri Lalji Moreshwar",Communist Party of India,Bombay,Former,,1 (1958–1964)
1096,"Kasliwal, Shri Nemi Chandra",Indian National Congress,Rajasthan,Former,,1 (1962–1964)
1097,"Pheruman, Sardar Darshan Singh",Congress,Punjab,Former,,"3 (1952–1956, 1956–1956, 1958–1964)"
1098,"Katara, Shri Kanak Mal",Bharatiya Janata Party,Rajasthan,Former,,1 (1994–2000)
1099,"Phool Singh, Shri",Congress,Uttar Pradesh,Former,,1 (1969–1970)
1100,"Kataria, Shri Virendra",Indian National Congress,Punjab,Former,,1 (1992–1998)
1101,"Kathju, Shri P.N.",Indian National Congress,Rajasthan,Former,,1 (1962–1968)
1102,"Pillai, Shri C. Narayana",Congress,Travancore Cochin,Former,,1 (1952–1958)
1103,"Kaul, Shri Bal Krishna",Indian National Congress,Rajasthan,Former,,1 (1968–1974)
1104,"Pillai, Shri J. Sivashanmugam",Congress,Madras,Former,,1 (1962–1968)
1105,"Kaul, Smt. Krishna",Indian National Congress,Uttar Pradesh,Former,,1 (1982–1988)
1106,"Kaul, Shri M.N.",Nominated,Nominated,Former,,"2 (1966–1970, 1970–1972)"
1107,"Kaushal, Shri Jagan Nath",Indian National Congress,Patiala and East Punjab States Union,Former,,"2 (1952–1958, 1958–1964)"
1108,"Pillai, Shri Thennala  G. Balakrishna",Indian National Congress,Kerala,Former,94.0,"3 (1991–1992, 1992–1998, 2003–2009)"
1109,"Kaushik, Shri M.P.",Indian National Congress,Haryana,Former,,1 (1984–1990)
1110,"Pitamber Das, Shri",Jansangh,Uttar Pradesh,Former,,1 (1968–1974)
1111,"Kemparaj, Shri B.T.",Indian National Congress,Others,Former,,1 (1968–1974)
1112,"Keshvanand, Shri",Indian National Congress,Rajasthan,Former,,"2 (1952–1958, 1958–1964)"
1113,"Poddar, Shri Ramnath Anandilal",Congress,Rajasthan,Former,,1 (1952–1954)
1114,"Kesri, Shri Sitaram",Indian National Congress,Bihar,Former,,"5 (1971–1974, 1974–1980, 1980–1986, 1988–1994, 1994–2000)"
1115,"Poddar, Dr. R.K.",Communist Party of India (Marxist),West Bengal,Former,,"2 (1985–1987, 1987–1993)"
1116,"Khaitan, Shri Raghunath Prasad",Indian National Congress,Bihar,Former,,1 (1966–1972)
1117,"Poddar, Shri Rajendra Kumar",Independent & Others,Bihar,Former,,"2 (1968–1974, 1974–1980)"
1119,"Poonacha, Shri C.M.",Congress,Mysore,Former,,1 (1964–1970)
1120,"Poswal, Shri K.L.",CONG(I),Haryana,Former,,1 (1996–1998)
1123,"Paswan, Shri Braham Deo Anand",Janata Dal,Bihar,Former,,1 (1993–1994)
1125,"Reddi, Shri K. Brahamananda",Congress,Andhra Pradesh,Former,,1 (1974–1980)
1126,"Reddy, Shri Adduru Balarami",Congress,Andhra Pradesh,Former,,"2 (1953–1956, 1956–1962)"
1127,"Reddy, Shri Adinarayana",CONG(I),Andhra Pradesh,Former,,"2 (1964–1970, 1982–1988)"
1128,"Oza, Shri Ghanshyambhai",Janata,Gujarat,Former,,1 (1978–1984)
1129,"Khaparde, Miss Saroj",Indian National Congress,Maharashtra,Former,,"5 (1972–1974, 1976–1982, 1982–1988, 1988–1994, 1994–2000)"
1130,"Reddy, Shri B. Satyanarayan",Telugu Desam Party,Andhra Pradesh,Former,,"2 (1978–1984, 1984–1990)"
1131,"Onkar Nath, Shri",Congress,Delhi,Former,,"2 (1952–1955, 1956–1960)"
1132,"Oberoi, Shri Mohan Singh",BKD,Uttar Pradesh,Former,,"2 (1962–1968, 1972–1978)"
1133,"Reddy, Shri C. G.",Socialist Party,Mysore,Former,,1 (1952–1954)
1134,"Khan, Shri Abdur Rezzak",Communist Party of India,West Bengal,Former,,1 (1954–1960)
1135,"Khan, Shri Ahmad Said",Indian National Congress,Uttar Pradesh,Former,,"2 (1952–1954, 1954–1960)"
1136,"Reddy, Dr. G. Vijaya Mohan",Telugu Desam Party,Andhra Pradesh,Former,,1 (1986–1992)
1137,"Reddy, Shri Gaddam Narayana",Congress,Andhra Pradesh,Former,,1 (1970–1976)
1138,"Khan, Shri Akbar Ali",Indian National Congress,Andhra Pradesh,Former,,"3 (1954–1960, 1960–1966, 1966–1972)"
1139,"Khan, Shri Barkatullah",Indian National Congress,Rajasthan,Former,,"2 (1952–1954, 1954–1960)"
1140,"Khan, Shri F.M.",Indian National Congress,Karnataka,Former,,"2 (1976–1982, 1982–1988)"
1141,"Khan, Shri Ghayoor Ali",Other,Uttar Pradesh,Former,,1 (1976–1982)
1142,"Khan, Shri Khurshed Alam",Indian National Congress,National Capital Territory of Delhi,Former,,"2 (1974–1980, 1980–1986)"
1143,"Khan, Shri Maqsood Ali",Indian National Congress,Karnataka,Former,,"2 (1972–1978, 1978–1984)"
1144,"Khan, Mohd Masood",Independent & Others,Uttar Pradesh,Former,,1 (1992–1998)
1145,"Khan, Shri Pir Mohhmed",J&K National Conference,Jammu & Kashmir,Former,,"2 (1952–1958, 1958–1964)"
1147,"Obaidullah Sahib, Shri V.M.",Congress,Madras,Former,,"2 (1952–1956, 1956–1962)"
1148,"Khan, Prof. Rasheeduddin",Nominated,Nominated,Former,,"2 (1970–1976, 1976–1982)"
1149,"Khan, Shri Samiulla",Indian National Congress,Madhya Pradesh,Former,,1 (1952–1954)
1150,"Khan, Smt. Shyam Kumari",Indian National Congress,Uttar Pradesh,Former,,1 (1963–1968)
1151,"Nurul Hasan, Prof. S.",Indian National Congress,Uttar Pradesh,Former,,"3 (1968–1974, 1971–1972, 1972–1978)"
1152,"Khan, Smt. Ushi",Indian National Congress,Rajasthan,Former,,1 (1976–1982)
1153,"Khandekar, Shri Rameshehandra Shankarrao",Other,Madhya Pradesh,Former,,1 (1962–1968)
1154,"Khandelwal, Shri Pyarelal",Bharatiya Janata Party,Madhya Pradesh,Former,96.0,"2 (1980–1986, 2004–2010)"
1155,"Khanna, Shri Mehr Chand",Indian National Congress,National Capital Territory of Delhi,Former,,"2 (1955–1956, 1956–1962)"
1156,"Nomani, Maulana Habibur Rahman",Nominated,Nominated,Former,,1 (1993–1999)
1157,"Nizam-Ud-Din, Shri Syed",Janata,Jammu & Kashmir,Former,,1 (1974–1980)
1158,"Niranjan Singh, Shri",Other,Madhya Pradesh,Former,,"2 (1958–1964, 1964–1970)"
1160,"Nihal Singh, Shri M.H..S.",Indian National Congress,Punjab,Former,,"2 (1952–1954, 1954–1960)"
1161,"Nigam, Smt. Savitry Devi",Indian National Congress,Uttar Pradesh,Former,,"2 (1952–1956, 1956–1962)"
1162,"Nigam, Shri Ladli Mohan",Janata,Madhya Pradesh,Former,,1 (1978–1984)
1163,"Neki Ram, Shri",Indian National Congress,Punjab,Former,,"2 (1960–1966, 1966–1972)"
1164,"Khatun, Ms. Sayeeda",Indian National Congress,Madhya Pradesh,Former,,1 (1986–1992)
1165,"Kher, Shri Bal Gangadhar",Indian National Congress,Maharashtra,Former,,1 (1952–1952)
1166,"Khobragade, Shri Bhaurao Dewaji",Republican Party of India,Bombay,Former,,"3 (1958–1964, 1966–1972, 1978–1984)"
1167,"Khosla, Dr. Ajudhia Nath",Nominated,Nominated,Former,,1 (1958–1964)
1168,"Khushwant Singh, Shri",Nominated,Nominated,Former,,1 (1980–1986)
1169,"Kidwai, Smt. Anis",Indian National Congress,Uttar Pradesh,Former,,"2 (1956–1962, 1962–1968)"
1170,"Kidwai, Dr. Mohd. Hashim",Indian National Congress,Uttar Pradesh,Former,,1 (1984–1990)
1171,"Kidwai, Begum Siddiqa",Indian National Congress,National Capital Territory of Delhi,Former,,"2 (1956–1958, 1958–1964)"
1172,"Kiruttinan, Shri Pasupon Tha",Dravida Munnetra Kazhagam,Tamil Nadu,Former,,"2 (1989–1990, 1990–1996)"
1173,"Kishen Chand, Shri",Other,Others,Former,,1 (1952–1958)
1174,"Kishori Ram, Shri",Indian National Congress,Bihar,Former,,"2 (1952–1956, 1956–1962)"
1175,"Kohli, Shri O.P.",Bharatiya Janata Party,National Capital Territory of Delhi,Former,,1 (1994–2000)
1176,"Kollur, Shri M.L.",Indian National Congress,Karnataka,Former,,"3 (1968–1974, 1974–1980, 1984–1990)"
1177,"Kore, Dr. Prabhakar",Bharatiya Janata Party,Karnataka,Former,78.0,"3 (1990–1996, 2008–2014, 2014–2020)"
1178,"Korwar, Shri Gundappa",Indian National Congress,Karnataka,Former,,1 (1992–1998)
1179,"Reddy, Shri J. C. Nagi",Other,Andhra Pradesh,Former,,"2 (1960–1964, 1966–1972)"
1180,"Kothari, Prof. Shantilal",Indian National Congress,Rajasthan,Former,,1 (1964–1970)
1181,"Koya, Shri B.V. Abdulla",Muslim League,Kerala,Former,,"5 (1967–1973, 1974–1980, 1980–1986, 1986–1992, 1992–1998)"
1182,"Koya, Shri Palat Kunhi",Indian National Congress,Kerala,Former,,1 (1962–1968)
1183,"Kriplani, Shri Krishna",Nominated,Nominated,Former,,1 (1974–1980)
1184,"Krishan Kant, Shri",Indian National Congress,Haryana,Former,,"2 (1966–1972, 1972–1978)"
1185,"Pradhan, Shri Badri Narayan",Communist Party of India (Marxist),West Bengal,Former,,1 (1984–1990)
1186,"Krishna, Shri M.R.",Indian National Congress,Andhra Pradesh,Former,,"2 (1972–1976, 1976–1982)"
1187,"Pradhan, Shri Narendra",Janata Dal,Odisha,Former,,1 (1992–1998)
1188,"Krishna Chandra, Shri",Indian National Congress,Uttar Pradesh,Former,,1 (1962–1964)
1189,"Pradhan, Shri Patitpaban",Lok Dal,Odisha,Former,,1 (1977–1982)
1190,"Krishna, Shri S.M.",Indian National Congress,Karnataka,Former,93.0,"2 (1996–2002, 2008–2014)"
1191,"Pradhan, Smt. Saraswati",CONG(I),Odisha,Former,,1 (1972–1978)
1192,"Krishnan, Shri E.R.",All India Anna Dravida Munnetra Kazhagam,Tamil Nadu,Former,,1 (1977–1980)
1193,"Pragada  Kotaiah, Shri",CONG(I),Andhra Pradesh,Former,,1 (1990–1996)
1194,"Krishnan, Shri G.Y.",Indian National Congress,Karnataka,Former,,1 (1990–1996)
1195,"Krishnan, Shri N.K.",Communist Party of India,Kerala,Former,,1 (1970–1974)
1196,"Prajapati, Shri Praveen Kumar",CONG(I),Madhya Pradesh,Former,,1 (1980–1986)
1197,"Krishna Kumari, Smt.",Indian National Congress,Vindhya Pradesh,Former,,1 (1954–1960)
1198,"Prasad, Dr. Badri Nath",Other,Nominated,Former,,1 (1964–1970)
1199,"Krishnamachari, Shri V.T.",Nominated,Nominated,Former,,1 (1961–1967)
1200,"Prasad, Shri K.L.N.",Congress,Andhra Pradesh,Former,,"3 (1970–1976, 1976–1982, 1982–1988)"
1201,"Krishna Mohan, Shri B.",Indian National Congress,Andhra Pradesh,Former,,1 (1980–1986)
1202,"Nehru, Smt. Uma",Other,Uttar Pradesh,Former,,1 (1962–1968)
1203,"Krishnan, Shri U.R.",All India Anna Dravida Munnetra Kazhagam,Tamil Nadu,Former,,1 (1977–1983)
1204,"Prasad, Smt. Leeladevi Renuka",Janata Dal,Karnataka,Former,,1 (1996–2002)
1205,"Krishnaswamy, Shri K.A.",All India Anna Dravida Munnetra Kazhagam,Tamil Nadu,Former,,1 (1972–1978)
1206,"Prasadrao, Shri N.D.M.",Communist Party of India,Andhra Pradesh,Former,,1 (1953–1956)
1207,"Kulkarni, Shri Gajanan Ramrao",Other,Bombay,Former,,1 (1956–1962)
1208,"Kulkarni, Shri Bidesh Tukaram",Indian National Congress,Maharashtra,Former,,"2 (1962–1968, 1968–1974)"
1209,"Prashant, Shri Dharam Chander",Independent & Others,Jammu & Kashmir,Former,,1 (1982–1988)
1211,"Kulkarni, Smt. Sumitra G.",Indian National Congress,Gujarat,Former,,1 (1972–1978)
1212,"Prithwi Nath, Shri",Other,Uttar Pradesh,Former,,1 (1968–1974)
1213,"Kumar, Shri R.K.",All India Anna Dravida Munnetra Kazhagam,Tamil Nadu,Former,,1 (1996–2002)
1214,"Puglia, Shri Naresh C.",CONG(I),Maharashtra,Former,,1 (1986–1992)
1215,"Kumaran, Shri P.K.",Communist Party of India,Andhra Pradesh,Former,,1 (1962–1968)
1216,"Kumaran, Shri S.",Communist Party of India,Kerala,Former,,"2 (1970–1976, 1976–1982)"
1217,"Pulger, Shri Khamsum Namgyal",Sikkim Sangram Parishad,Sikkim,Former,,1 (1987–1993)
1218,"Kumarappa, Dr. Jagadisan Mohandas",Nominated,Nominated,Former,,1 (1952–1954)
1219,"Kumbhare, Shri N.H.",Republican Party of India,Maharashtra,Former,,1 (1972–1978)
1220,"Kunhambu, Shri A.V.",Communist Party of India,Kerala,Former,,1 (1957–1958)
1221,"Punnaiah, Shri Kota",Congress,Andhra Pradesh,Former,,"3 (1960–1966, 1966–1972, 1972–1978)"
1222,"Kunjachen, Shri P.K.",Communist Party of India (Marxist),Kerala,Former,,"2 (1973–1979, 1988–1992)"
1223,"Kunzru, Dr. Hirdey Nath",Independent & Others,Uttar Pradesh,Former,,"2 (1952–1956, 1956–1962)"
1224,"Nawal Kishore, Shri",Indian National Congress,Uttar Pradesh,Former,,1 (1970–1976)
1225,"Purakayastha, Shri Mahitosh",Congress,Assam,Former,,1 (1966–1972)
1226,"Kureel, Shri Piare Lall alias Piare Lall Talib Unnavi",Other,Uttar Pradesh,Former,,"3 (1960–1966, 1974–1980, 1980–1986)"
1227,"Puri, Shri D.D.",Congress,Haryana,Former,,1 (1970–1976)
1228,"Kurian, Dr. K. Mathew",Communist Party of India (Marxist),Kerala,Former,,1 (1970–1976)
1229,"Puri, Shri Mukand Lal",Congress,Punjab,Former,,1 (1952–1953)
1231,"Kurre, Shri Dayaldas",Indian National Congress,Madhya Pradesh,Former,,"2 (1958–1964, 1964–1970)"
1232,"Kurup, Shri G. Sankara",Nominated,Nominated,Former,,1 (1968–1972)
1233,"Pustake, Shri Trimbak Damodar",Congress,Madhya Bharat,Former,,"2 (1952–1958, 1958–1964)"
1234,"Reddy, Dr. N. Janardhana",Congress,Andhra Pradesh,Former,90.0,"3 (1972–1978, 2009–2010, 2010–2016)"
1235,"Kushawaha, Shri Ram Naresh",Lok Dal,Uttar Pradesh,Former,,1 (1982–1988)
1236,"Reddy, Shri K. V. Raghunatha",Congress,Andhra Pradesh,Former,,"3 (1962–1968, 1968–1974, 1974–1980)"
1237,"Kushnoor, Shri Veershetty Moglappa",Indian National Congress,Karnataka,Former,,1 (1982–1988)
1239,"Kuthiravattom, Shri Thomas",Kerala Congress,Kerala,Former,,1 (1985–1991)
1240,"Reddy, Shri Kasu Vengala",Congress,Andhra Pradesh,Former,,1 (1962–1968)
1241,"Reddy, Shri Kysanbally  Chengalaraya",Congress,Mysore,Former,,"2 (1952–1954, 1954–1960)"
1242,"Reddy, Dr. M. Chenna",Congress,Andhra Pradesh,Former,,"2 (1967–1968, 1968–1968)"
1243,"Nathi Singh, Shri",Lok Dal,Rajasthan,Former,,1 (1974–1980)
1244,"Reddy, Shri G. Prathapa",CONG(I),Andhra Pradesh,Former,,1 (1992–1998)
1245,"Natha Singh, Shri",Indian National Congress,Rajasthan,Former,,1 (1982–1988)
1246,"Reddy, Shri M. Govinda",Congress,Mysore,Former,,"3 (1952–1956, 1956–1962, 1962–1968)"
1247,"Natarajan, Shri C.D.",Dravida Munnetra Kazhagam,Tamil Nadu,Former,,1 (1974–1980)
1248,"Reddy, Shri M. Srinivasa",Congress,Andhra Pradesh,Former,,1 (1968–1974)
1249,"Narendra Singh, Shri",Indian National Congress,Uttar Pradesh,Former,,"3 (1977–1978, 1978–1984, 1984–1990)"
1250,"Reddy, Shri Mulka Govinda",Praja Socialist Party,Karnataka,Former,,"4 (1958–1964, 1964–1970, 1970–1976, 1976–1982)"
1251,"Reddy, Shri N. Narotham",Congress,Andhra Pradesh,Former,,"2 (1956–1962, 1962–1968)"
1252,"Narendra Deva, Shri",Other,Uttar Pradesh,Former,,"2 (1952–1954, 1954–1960)"
1253,"Prem Manohar, Shri",Other,Uttar Pradesh,Former,,"2 (1968–1974, 1977–1980)"
1254,"Reddy, Shri N. Sri Rama",Congress,Mysore,Former,,"2 (1960–1966, 1966–1972)"
1255,"Reddy, Dr. Narredy Thulasi",Telugu Desam Party,Andhra Pradesh,Former,,1 (1988–1994)
1256,"Narayanasamy, Shri V.",Indian National Congress,Puducherry,Former,78.0,"3 (1985–1991, 1991–1997, 2003–2009)"
1257,"Narayanappa, Shri Sanda",Other,Andhra Pradesh,Former,,1 (1968–1974)
1258,"Narayanappa, Shri Konda",Indian National Congress,Hyderabad,Former,,1 (1952–1954)
1259,"Narayan, Shri M.D.",Other,Mysore,Former,,1 (1966–1972)
1260,"Narayan, Shri Deokinandan",Indian National Congress,Bombay,Former,,"3 (1952–1954, 1954–1960, 1960–1966)"
1261,"Narsimham, Shri K.L.",Communist Party of India,Madras,Former,,"2 (1952–1958, 1958–1964)"
1262,"Sadiq Ali, Shri",Congress,Rajasthan,Former,,"2 (1958–1964, 1964–1970)"
1263,"Saha, Shri Surajmal",Other,Odisha,Former,,1 (1970–1976)
1264,"Sahay, Shri Dayanand",Independent & Others,Jharkhand,Former,93.0,"3 (1978–1984, 1988–1994, 2001–2004)"
1265,"Sahu, Shri Baikunatha Nath",CONG(I),Odisha,Former,,1 (1988–1990)
1266,"Sahu, Shri Rajni Ranjan",CONG(I),Bihar,Former,,"2 (1984–1990, 1990–1996)"
1267,"Sahu, Shri Santosh Kumar",CONG(I),Odisha,Former,,"3 (1976–1982, 1982–1988, 1988–1994)"
1268,"Saikia, Dr. Nagen",Asom Gana Parishad,Assam,Former,,1 (1986–1992)
1269,"Sait, Shri Ebrahim Sulaiman",Muslim League,Kerala,Former,,1 (1960–1966)
1270,"Narasiah, Shri H.S.",Indian National Congress,Karnataka,Former,,1 (1972–1978)
1271,"Sait, Shri Salay Mohammed",Independent & Others,Kerala,Former,,1 (1964–1970)
1272,"Narayan, Shri R.K,",Nominated,Nominated,Former,,1 (1986–1992)
1273,"Sakhalecha, Shri Virendra Kumar",Jansangh,Madhya Pradesh,Former,,1 (1972–1978)
1274,"Nanjundaiya, Shri B.C.",Indian National Congress,Mysore,Former,,"2 (1957–1960, 1960–1966)"
1275,"Nanda, Shri Narasingha Prasad",Indian National Congress,Odisha,Former,,1 (1976–1982)
1276,"Nallasivan, Shri A.",Communist Party of India (Marxist),Tamil Nadu,Former,,1 (1989–1995)
1277,"Reddy, Dr. Neelam Sanjiva",Congress,Madras,Former,,"3 (1952–1953, 1964–1966, 1966–1972)"
1278,"Nadukkara, Shri Joy",Other,Kerala,Former,,1 (1995–1997)
1279,"Nafisul Hasan, Shri",Other,Uttar Pradesh,Former,,1 (1960–1966)
1280,"Naidu, Shri N.P. Chengalraya",Indian National Congress,Andhra Pradesh,Former,,1 (1978–1984)
1282,"Naidu, Ms. M.L. Mary",Other,Andhra Pradesh,Former,,1 (1964–1970)
1283,"Naicker, Shri M.A. Manickavelu",Other,Madras,Former,,1 (1962–1968)
1284,"Nagpure, Shri Vithalrao Tukaram",Indian National Congress,Maharashtra,Former,,"2 (1960–1966, 1966–1972)"
1285,"Nagoke, Jathedar Udham Singh",Indian National Congress,Punjab,Former,,"2 (1952–1954, 1954–1960)"
1286,"Nagaraja Murthy, Shri B.P.",Indian National Congress,Karnataka,Former,,1 (1970–1976)
1287,"Nag, Dr. Kalidas",Nominated,Nominated,Former,,1 (1952–1954)
1289,"Naidu, Shri P.S. Rajagopal",Indian National Congress,Madras,Former,,"2 (1952–1954, 1954–1960)"
1290,"Nausher Ali, Syed",Communist Party of India,West Bengal,Former,,"2 (1952–1956, 1962–1968)"
1291,"Nalwa, Shri Hari Singh",Indian National Congress,Haryana,Former,,"2 (1980–1982, 1982–1988)"
1292,"Nair, Shri P. Narayanan",Communist Party of India,Kerala,Former,,1 (1956–1960)
1293,"Nair, Shri M.N. Govindan",Other,Kerala,Former,,"2 (1956–1962, 1962–1968)"
1294,"Nair, Shri K.P. Madhavan",Indian National Congress,Travancore Cochin,Former,,"2 (1952–1956, 1956–1962)"
1295,"Nair, Shri G. Gopinathan",Revolutionary Socialist Party,Kerala,Former,,1 (1968–1974)
1296,"Nair, Shri C.K. Govindan",Other,Kerala,Former,,1 (1964–1970)
1297,"Naik, Shri R.S.",Janata,Karnataka,Former,,1 (1980–1986)
1298,"Naik, Shri Maheshwar",Other,Odisha,Former,,1 (1956–1962)
1299,"Naik, Shri L.R.",CONG(I),Karnataka,Former,,1 (1977–1980)
1301,"Reddy, Shri P. Babul",Janata,Andhra Pradesh,Former,,1 (1982–1988)
1302,"Reddy, Shri R. Narasimha",Congress,Andhra Pradesh,Former,,1 (1974–1980)
1303,"Reddy, Shri S. Channa",Congress,Hyderabad,Former,,"2 (1952–1958, 1958–1964)"
1304,"Reddy, Shri T. Chandrasekhar",CONG(I),Andhra Pradesh,Former,,"3 (1981–1984, 1984–1990, 1990–1996)"
1305,"Reddy, Shri S.  Jaipal",Janata Dal,Andhra Pradesh,Former,,"2 (1990–1996, 1997–2003)"
1306,"Reddy, Shri T. Venkatram",CONG(I),Andhra Pradesh,Former,,1 (1994–1996)
1307,"Reddy, Smt. Yashoda",Congress,Andhra Pradesh,Former,,"2 (1956–1962, 1967–1972)"
1308,"Reddy, Shri Yella",Communist Party of India,Andhra Pradesh,Former,,1 (1964–1970)
1309,"Refaye, Shri A. K.",Muslim League,Tamil Nadu,Former,,1 (1972–1978)
1310,"Richharia, Dr. Govind Das",CONG(I),Uttar Pradesh,Former,,1 (1984–1990)
1311,"Rizaq Ram, Shri",Congress,Haryana,Former,,1 (1968–1974)
1312,"Rohatgi, Dr. Jawaharlal",Congress,Uttar Pradesh,Former,,1 (1962–1964)
1313,"Rohatgi, Smt. Sushila",CONG(I),Uttar Pradesh,Former,,1 (1985–1988)
1315,"Roshan Lal, Shri",Congress,Himachal Pradesh,Former,,"3 (1970–1976, 1976–1982, 1982–1988)"
1316,"Routray, Shri Nilamoni",Janata,Odisha,Former,,1 (1976–1982)
1317,"Roy, Shri Biren",Congress,West Bengal,Former,,"2 (1960–1966, 1966–1972)"
1318,"Roy, Shri Joyanta",Forward Block,West Bengal,Former,,1 (1994–2000)
1319,"Roy, Shri Kalyan",Communist Party of India,West Bengal,Former,,"3 (1969–1975, 1975–1981, 1982–1988)"
1320,"Roy, Shri Monoranjan",Communist Party of India (Marxist),West Bengal,Former,,1 (1969–1975)
1321,"Rukmani Bai, Smt.",Congress,Madhya Pradesh,Former,,1 (1956–1962)
1322,"Ruthnaswamy, Shri M.",Swatantra Party,Madras,Former,,"2 (1962–1968, 1968–1974)"
1323,"Buragohain, Shri Nabin Chandra",CONG(I),Assam,Former,,1 (1972–1978)
1324,"Buragohain, Shri Bhadreswar",Asom Gana Parishad,Assam,Former,,1 (1990–1996)
1325,"Buragohain, Smt. Bedavati",Congress,Assam,Former,,"2 (1954–1960, 1960–1966)"
1326,"Budh Singh, Sardar",Nationalist Congress Party,Jammu & Kashmir,Former,,"2 (1952–1958, 1958–1964)"
1327,"Brar, Sardar Narinder Singh",Akali Dal,Punjab,Former,,1 (1966–1972)
1328,"Bose, Prof. Satyendra Nath",Nominated,Nominated,Former,,"2 (1952–1954, 1954–1960)"
1329,"Bose, Smt. Pratima",Congress,West Bengal,Former,,1 (1975–1981)
1330,"Bose, Dr. Atindra Nath",Praja Socialist Party,West Bengal,Former,,1 (1958–1964)
1331,"Borooah, Shri Lakshesvar",Congress,Assam,Former,,1 (1952–1954)
1332,"Borooah, Shri D.K.",Congress,Assam,Former,,"2 (1973–1974, 1974–1980)"
1333,"Bodra, Shri Theodore",Jharkhand Party,Bihar,Former,,1 (1954–1960)
1334,"Bobdey, Shri Shankarrao Bajirao",Congress,Maharashtra,Former,,"2 (1964–1970, 1970–1976)"
1335,"Biswasroy, Shri Radhakrishna",Congress,Odisha,Former,,1 (1952–1958)
1336,"Biswas, Shri Charu Chandra",Congress,West Bengal,Former,,"2 (1952–1954, 1954–1960)"
1337,"Man Singh, Rao",Indian National Lok Dal,Haryana,Former,92.0,1 (2001–2004)
1338,"Kaur, Smt. Gurcharan",Bharatiya Janata Party,Punjab,Former,89.0,1 (2001–2004)
1339,"Maddanna, Shri M.",Indian National Congress,Karnataka,Former,,1 (1980–1986)
1340,"Madhavan, Shri K. K.",Indian National Congress,Kerala,Former,,1 (1976–1982)
1341,"Madni, Maulana Asad",Indian National Congress,Uttar Pradesh,Former,,"3 (1968–1974, 1980–1986, 1988–1994)"
1342,"Madhavan, Shri S.",All India Anna Dravida Munnetra Kazhagam,Tamil Nadu,Former,,1 (1990–1996)
1343,"Mahabir Prasad, Dr.",Janata,Bihar,Former,,1 (1982–1985)
1345,"Mahanti, Shri Bhairab Chandra",Indian National Congress,Odisha,Former,,1 (1974–1980)
1346,"Mahanti, Shri Binoy Kumar",Indian National Congress,Odisha,Former,,"2 (1964–1970, 1970–1976)"
1347,"Mahapatra, Shri Bhagirathi",Indian National Congress,Odisha,Former,,1 (1956–1962)
1348,"Mahapatro, Shri Lakshmana",Communist Party of India,Odisha,Former,,1 (1974–1980)
1349,"Mahavir, Dr. Bhai",Bharatiya Janata Party,National Capital Territory of Delhi,Former,,"2 (1968–1974, 1978–1984)"
1350,"Maheshwar Singh, Shri",Bharatiya Janata Party,Himachal Pradesh,Former,,1 (1992–1998)
1351,"Saksena, Shri Har Prasad",Congress,Uttar Pradesh,Former,,"2 (1952–1956, 1956–1962)"
1352,"Saksena, Shri Mohan Lal",Nominated,Nominated,Former,,1 (1959–1964)
1353,"Salaria, Shri Shabbir Ahmad",J&K National Conference,Jammu & Kashmir,Former,,1 (1989–1992)
1354,"Salaskar, Dr. V.H.",CONG(I),Maharashtra,Former,,1 (1981–1982)
1355,"Saleem, Shri Mohammad Yunus",Congress,Andhra Pradesh,Former,,1 (1974–1980)
1356,"Salig Ram, Dr.",Congress,Punjab,Former,,1 (1966–1972)
1357,"Salim Ali, Shri",Nominated,Nominated,Former,,1 (1985–1988)
1358,"Samantaray, Shri Pravat Kumar",Janata Dal,Odisha,Former,,1 (1990–1996)
1359,"Sambasivam, Shri Era",All India Anna Dravida Munnetra Kazhagam,Tamil Nadu,Former,,1 (1983–1989)
1360,"Sambhu Prasad, Shri S.",Congress,Madras,Former,,1 (1952–1956)
1361,"Samuel, Shri Mudumala Henry",Congress,Andhra Pradesh,Former,,"3 (1957–1958, 1958–1964, 1968–1974)"
1362,"Samy, Shri V.P.M.",All India Anna Dravida Munnetra Kazhagam,Puducherry,Former,,1 (1977–1983)
1363,"Sanadi, Prof. I.G.",CONG(I),Karnataka,Former,,1 (1990–1996)
1365,"Sandil, Shri Ghasiram",Other,Odisha,Former,,1 (1959–1960)
1367,"Sangma, Shri Emonsing  M.",Congress,Assam,Former,,"2 (1967–1970, 1970–1976)"
1369,"Sinh, Dr. Sanjay",Indian National Congress,Assam,Former,74.0,"2 (1990–1996, 2014–2020)"
1370,"Sanjivayya, Shri D.",Congress,Andhra Pradesh,Former,,"2 (1964–1970, 1970–1976)"
1371,"Sankata Prasad, Dr.",CONG(I),Uttar Pradesh,Former,,1 (1982–1988)
1372,"Santhanam, Shri K.",Congress,Madras,Former,,"2 (1960–1962, 1962–1964)"
1373,"Sanyal, Shri Sasankasekhar",Communist Party of India (Marxist),West Bengal,Former,,1 (1970–1976)
1374,"Sapru, Shri Prakash Narayan",Congress,Uttar Pradesh,Former,,"2 (1956–1962, 1962–1968)"
1375,"Saqhy, Shri T.A. Mohammed",Dravida Munnetra Kazhagam,Tamil Nadu,Former,,1 (1990–1996)
1376,"Sarang, Shri Kailash Narain",Bharatiya Janata Party,Madhya Pradesh,Former,,1 (1990–1996)
1377,"Saraogi, Shri Pannalal",Congress,West Bengal,Former,,1 (1962–1968)
1378,"Sardar Singh, Shri",Independent & Others,Rajasthan,Former,,1 (1952–1958)
1379,"Sardesai, Shri Sriniwas Ganesh",Communist Party of India,Maharashtra,Former,,1 (1970–1976)
1380,"Mahesh Saran, Shri",Indian National Congress,Bihar,Former,,"2 (1954–1960, 1960–1966)"
1381,"Maheswarappa, Shri K. G.",J&K National Conference,Karnataka,Former,,1 (1986–1992)
1382,"Mahida, Shri Harisinh Bhagubava",Indian National Congress,Gujarat,Former,,"2 (1975–1981, 1981–1987)"
1383,"Mahida, Shri U. N.",Independent & Others,Gujarat,Former,,1 (1968–1974)
1384,"Mahishi, Dr.(Smt.) Sarojini",Janata,Karnataka,Former,,"2 (1983–1984, 1984–1990)"
1386,"Mahtha, Shri Sri Narayan",Indian National Congress,Bihar,Former,,1 (1952–1958)
1387,"Mahto, Shri Bandhu",Indian National Congress,Bihar,Former,,1 (1984–1990)
1388,"Maity, Ms. Abha",Indian National Congress,West Bengal,Former,,1 (1960–1966)
1390,"Maiti, Shri Nikunja Behari",Indian National Congress,West Bengal,Former,,1 (1962–1966)
1391,"Majhi, Shri Bhagaban",Janata Dal,Odisha,Former,,1 (1994–2000)
1392,"Majhi, Shri C. P.",Indian National Congress,Odisha,Former,,1 (1972–1978)
1393,"Majhi, Shri Dhaneswar",Janata,Odisha,Former,,1 (1978–1984)
1394,"Majhi, Shri Prithibi",Indian National Congress,Assam,Former,,1 (1984–1990)
1396,"Majji, Shri Tulasi Das",Indian National Congress,Andhra Pradesh,Former,,1 (1994–2000)
1397,"Majumdar, Shri Suresh Chandra",Indian National Congress,West Bengal,Former,,"2 (1952–1954, 1954–1960)"
1398,"Majumdar, Shri Sudhir Ranjan",Indian National Congress,Tripura,Former,,1 (1992–1998)
1399,"Majumdar, Shri Tara Charan",Independent & Others,Assam,Former,,1 (1992–1998)
1400,"Makwana, Shri Yogendra",Indian National Congress,Gujarat,Former,,"3 (1973–1976, 1976–1982, 1982–1988)"
1401,"Malaviya, Shri Harsh Deo",Indian National Congress,Uttar Pradesh,Former,,1 (1972–1978)
1402,"Malaviya, Shri Radhakishan",Indian National Congress,Uttar Pradesh,Former,,"3 (1982–1988, 1988–1994, 1994–2000)"
1403,"Malaviya, Shri Satya Prakash",Janata Dal,Uttar Pradesh,Former,,"2 (1984–1990, 1990–1996)"
1404,"Mali, Shri Ganesh Lal",Indian National Congress,Rajasthan,Former,,1 (1972–1978)
1405,"Malik, Shri Mukhtiar Singh",Indian National Congress,Haryana,Former,,"2 (1967–1968, 1984–1990)"
1406,"Malhotra, Prof. Vijay Kumar",Bharatiya Janata Party,National Capital Territory of Delhi,Former,,1 (1994–2000)
1407,"Malhotra, Smt. Usha",Indian National Congress,Himachal Pradesh,Former,,1 (1980–1986)
1408,"Malhoutra, Shri Jayant Kumar",Independent & Others,Uttar Pradesh,Former,,1 (1994–2000)
1409,"Malik, Shri Satya Pal",Indian National Congress,Uttar Pradesh,Former,,"2 (1980–1986, 1986–1992)"
1410,"Malik, Shri Syed Abdul",Indian National Congress,Assam,Former,,1 (1976–1982)
1411,"Malkani, Shri Naraindas Rattanmal",Nominated,Nominated,Former,,"2 (1952–1956, 1956–1962)"
1412,"Mallick, Shri Harekrushna",Janata,Odisha,Former,,1 (1978–1984)
1413,"Mallik, Shri Dhirendra Chandra",Indian National Congress,Bihar,Former,,1 (1962–1968)
1414,"Saring, Shri Leonard Soloman",Congress,Sikkim,Former,,"2 (1975–1981, 1981–1987)"
1415,"Sarup  Singh, Dr.",Lok Dal,Haryana,Former,,1 (1978–1984)
1416,"Sarwate, Shri Vinayak Sitaram",Congress,Madhya Bharat,Former,,1 (1952–1958)
1417,"Sarwate, Shri Vishnu Vinayak",Congress,Madhya Pradesh,Former,,1 (1958–1964)
1418,"Satchidananda, Shri",CONG(I),Karnataka,Former,,"3 (1978–1984, 1991–1992, 1992–1998)"
1419,"Sathe, Smt. Tara Ramchandra",Congress,Maharashtra,Former,,1 (1962–1968)
1420,"Satpathy, Smt. Nandini",Congress,Odisha,Former,,"2 (1962–1968, 1968–1974)"
1421,"Satya Bahin, Smt.",CONG(I),Uttar Pradesh,Former,,1 (1988–1994)
1422,"Satyacharan, Shri",Congress,Uttar Pradesh,Former,,1 (1960–1966)
1423,"Satyanarayana, Shri Moturi",Nominated,Nominated,Former,,"2 (1954–1960, 1960–1966)"
1424,"Satyanarayana, Shri Venigalla",Congress,Andhra Pradesh,Former,,"2 (1970–1976, 1976–1982)"
1425,"Bisi, Shri Sanatan",Janata Dal,Odisha,Former,,1 (1994–2000)
1426,"Bisi, Shri Pramatha Nath",Nominated,Nominated,Former,,1 (1972–1978)
1427,"Bisht, Shri Jashaud Singh",Congress,Uttar Pradesh,Former,,"2 (1952–1956, 1956–1962)"
1428,"Satyavrata Siddhantalankar, Prof.",Nominated,Nominated,Former,,1 (1964–1968)
1429,"Bindumati Devi, Smt.",Congress (O),Uttar Pradesh,Former,,1 (1967–1972)
1430,"Malkani, Shri K. R.",Bharatiya Janata Party,National Capital Territory of Delhi,Former,,1 (1994–2000)
1431,"Bhuyan, Dr. S.K.",Congress,Assam,Former,,1 (1952–1954)
1432,"Bhuyan, Shri Gaya Chand",Janata Party,Odisha,Former,,1 (1982–1988)
1433,"Mallikarjunudu, Shri K. P.",Congress (O),Andhra Pradesh,Former,,1 (1966–1972)
1434,"Savita Behen, Smt.",Congress,National Capital Territory of Delhi,Former,,1 (1972–1978)
1435,"Bhuwalka, Shri R.K.",Congress,West Bengal,Former,,1 (1963–1968)
1436,"Malviya, Shri Ratanlal Kishorilal",Indian National Congress,Madhya Pradesh,Former,,"2 (1954–1960, 1960–1966)"
1437,"Savnekar, Shri B.S.",Congress,Maharashtra,Former,,"2 (1960–1966, 1966–1972)"
1439,"Mandal, Shri Bhupendra  Narayan",Sikkim Sangram Parishad,Bihar,Former,,"2 (1966–1972, 1972–1978)"
1440,"Bhupinder Singh, Shri",CONG(I),Punjab,Former,,"2 (1970–1976, 1976–1978)"
1441,"Mandal, Shri Jagdambi",Janata Dal,Bihar,Former,,1 (1996–2002)
1442,"Bhupinder Singh, Shri",Independent & Others,Punjab,Former,,1 (1967–1970)
1443,"Sayeed, Shri Mufti  Mohamad",Janata Dal,Jammu & Kashmir,Former,,"2 (1986–1992, 1992–1998)"
1444,"Bhola Prasad, Shri",Communist Party of India,Bihar,Former,,"2 (1970–1976, 1976–1982)"
1445,"Mane(Patil), Shri Maruti Dnyanoo",Indian National Congress,Maharashtra,Former,,1 (1985–1986)
1446,"Bhim Raj, Shri",CONG(I),Rajasthan,Former,,"2 (1978–1984, 1984–1990)"
1447,"Mangrola, Shri Kanaksingh Mohansinh",Bharatiya Janata Party,Gujarat,Former,,1 (1994–2000)
1448,"Mani, Shri A.D.",Independent & Others,Madhya Pradesh,Former,,"2 (1960–1966, 1966–1972)"
1449,"Bheron Prasad, Shri",Congress,Bhopal,Former,,1 (1952–1958)
1450,"Schamnad, Shri Hamid Ali",Muslim League,Kerala,Former,,"2 (1970–1973, 1973–1979)"
1451,"Mani, Shri S. Muthu",All India Anna Dravida Munnetra Kazhagam,Tamil Nadu,Former,,1 (1992–1998)
1452,"Bhattacharjee, Prof. Saurin",Revolutionary Socialist Party,West Bengal,Former,,"2 (1978–1984, 1988–1994)"
1453,"Bhattacharya, Smt. Ila",Communist Party of India (Marxist),Tripura,Former,,1 (1980–1986)
1454,"Manjuran, Shri Mathai",Other,Travancore Cochin,Former,,1 (1952–1954)
1455,"Scindia, Smt. Vijaya Raje",Bharatiya Janata Party,Madhya Pradesh,Former,,"2 (1978–1984, 1984–1990)"
1456,"Mann, Shri Bhupinder Singh",Other,Nominated,Former,,1 (1990–1996)
1457,"Bhattacharya, Shri G.C.",Democratic Socialist Party,Uttar Pradesh,Former,,1 (1978–1984)
1458,"Mann, Lt. Col. Sardar Joginder Singh",Other,Patiala and East Punjab States Union,Former,,1 (1952–1956)
1459,"Sebastian, Shri K.C.",Congress,Kerala,Former,,1 (1979–1985)
1460,"Bhattacharjee, Shri Nepaldev",Communist Party of India (Marxist),West Bengal,Former,,"2 (1981–1982, 1982–1988)"
1461,"Bhattacharjee, Shri Kamalendu",CONG(I),Assam,Former,,1 (1984–1990)
1462,"Maran, Shri Murasoli",Dravida Munnetra Kazhagam,Tamil Nadu,Former,,"3 (1977–1983, 1983–1989, 1989–1995)"
1463,"Seeta Yudhvir, Smt.",Congress,Andhra Pradesh,Former,,"2 (1958–1964, 1964–1970)"
1464,"Bhatt, Shri Nand Kishore",CONG(I),Madhya Pradesh,Former,,"3 (1966–1972, 1972–1978, 1980–1986)"
1465,"Mariswamy, Shri S.S .",Dravida Munnetra Kazhagam,Tamil Nadu,Former,,"2 (1964–1970, 1970–1976)"
1466,"Sekhar, Shri N.C.",Communist Party of India,Travancore Cochin,Former,,1 (1954–1960)
1467,"Bhatt, Shri Nanabhai",Congress,Saurashtra,Former,,1 (1952–1956)
1468,"Masood, Shri Rasheed",Indian National Congress,Uttar Pradesh,Former,78.0,"3 (1986–1992, 2010–2016, 2012–2018)"
1469,"Bhatt, Shri Jitendrabhai Labhshanker",CONG(I),Gujarat,Former,,1 (1987–1993)
1470,"Sema, Shri Hokishe",CONG(I),Nagaland,Former,,1 (1986–1992)
1471,"Masodkar, Shri Bhaskar Annaji",Indian National Congress,Maharashtra,Former,,1 (1986–1992)
1472,"Bhatt, Smt. Ela Ramesh",Nominated,Nominated,Former,,1 (1986–1988)
1473,"Bhatia, Shri Madan",CONG(I),Nominated,Former,,"2 (1982–1988, 1988–1994)"
1474,"Matang Sinh, Shri",Indian National Congress,Assam,Former,,1 (1992–1998)
1475,"Bhargava, Smt. Sharda",Congress,Rajasthan,Former,,"3 (1952–1956, 1956–1962, 1963–1966)"
1476,"Sen, Shri Ashis",Communist Party of India (Marxist),West Bengal,Former,,1 (1988–1994)
1477,"Bhargava, Shri Mahabir Prasad",Congress,Uttar Pradesh,Former,,"3 (1956–1958, 1958–1964, 1964–1970)"
1478,"Bhargava, Shri Bhagwat Narain",Congress,Uttar Pradesh,Former,,1 (1960–1966)
1480,"Mathen, Shri Joseph",Indian National Congress,Kerala,Former,,1 (1960–1966)
1481,"Bharadwaj, Shri Ramchandra",CONG(I),Bihar,Former,,1 (1980–1986)
1482,"Sen, Shri Ashoke Kumar",Janata Dal,West Bengal,Former,,1 (1990–1996)
1483,"Mathur, Shri Harish Chandra",Independent & Others,Rajasthan,Former,,"3 (1952–1958, 1967–1968, 1968–1974)"
1484,"Bharathi, Smt. K. Udayabhanu",Congress,Travancore Cochin,Former,,"2 (1954–1958, 1958–1964)"
1485,"Bhanj Deo, Shri Prafulla Chandra",Gantantra Parishad,Odisha,Former,,"2 (1952–1954, 1954–1960)"
1486,"Mathur, Shri Jagdish Prasad",Jansangh,Rajasthan,Former,,1 (1970–1976)
1487,"Sen, Shri Sukomal",Communist Party of India (Marxist),West Bengal,Former,,"2 (1982–1988, 1998–1994)"
1488,"Bhandari, Shri Sunder Singh",Bharatiya Janata Party,Rajasthan,Former,,"3 (1966–1972, 1976–1982, 1992–1998)"
1489,"Sen, Dr. Triguna",Congress,Tripura,Former,,"2 (1967–1968, 1968–1974)"
1490,"Bhandare, Shri Murlidhar Chandrakant",CONG(I),Maharashtra,Former,,"3 (1980–1982, 1982–1988, 1988–1994)"
1491,"Bhajan Lal, Shri",CONG(I),Haryana,Former,,1 (1986–1992)
1492,"Mathur, Shri Jagdish Prasad",Bharatiya Janata Party,Uttar Pradesh,Former,,"2 (1978–1984, 1990–1996)"
1493,"Bhagawati, Shri B.C.",Congress,Assam,Former,,1 (1972–1978)
1494,"Sen Gupta, Shri Dwijendralal",Independent & Others,West Bengal,Former,,"2 (1964–1970, 1970–1976)"
1495,"Bhagwan Din, Shri",CONG(I),Uttar Pradesh,Former,,1 (1976–1982)
1496,"Bhagat, Shri Ganpat Hiralal",Independent & Others,Maharashtra,Former,,1 (1978–1984)
1497,"Bhadram, Shri M.V.",Communist Party of India,Andhra Pradesh,Former,,1 (1966–1972)
1498,"Bhadauria, Smt. Sarla",Sikkim Sangram Parishad,Uttar Pradesh,Former,,1 (1964–1970)
1499,"Bhabhra, Shri Hari Shankar",Bharatiya Janata Party,Rajasthan,Former,,1 (1978–1984)
1500,"Berwa, Shri Jamnalal",CONG(I),Rajasthan,Former,,1 (1972–1978)
1502,"Beniwal, Smt. Vidya",Janata Dal,Haryana,Former,,1 (1990–1996)
1503,"Bekal Utsahi, Shri",CONG(I),Uttar Pradesh,Former,,1 (1986–1992)
1504,"Setalvad, Shri M.C.",Nominated,Nominated,Former,,1 (1966–1972)
1505,"Behring, Shri B.D.",Janata Dal,Manipur,Former,,1 (1990–1996)
1506,"Sethi, Shri P.C.",CONG(I),Madhya Pradesh,Former,,"3 (1961–1964, 1964–1970, 1976–1982)"
1507,"Mathur, Shri Manmohan",Indian National Congress,Odisha,Former,,1 (1988–1994)
1508,"Beed, Shri Indra Bhushan",Congress,West Bengal,Former,,1 (1952–1956)
1509,"Maurya, Shri Buddha Priya",Indian National Congress,Andhra Pradesh,Former,,1 (1978–1984)
1510,"Basuray, Shri Sunil",Communist Party of India (Marxist),West Bengal,Former,,1 (1987–1993)
1511,"Mayawati, Km.",Bahujan Samaj Party,Uttar Pradesh,Former,70.0,"3 (1994–1996, 2004–2007, 2012–2018)"
1512,"Basumatary, Shri Amritlal",Congress (S),Assam,Former,,1 (1989–1995)
1513,"Mazhar Imam, Syed",Indian National Congress,Bihar,Former,,"2 (1952–1956, 1956–1962)"
1514,"Basumatari, Shri Dharanidhar",CONG(I),Assam,Former,,1 (1983–1989)
1515,"Mazumdar, Shri Satyendra Narayan",Communist Party of India,West Bengal,Former,,1 (1952–1958)
1516,"Basu, Shri Santosh Kumar",CONG(I),West Bengal,Former,,"2 (1957–1958, 1958–1964)"
1517,"Mazumder, Shri Ramkrishna",Forward Block,West Bengal,Former,,1 (1982–1988)
1518,"Basu, Shri Chitta",Forward Block,West Bengal,Former,,"2 (1966–1972, 1985–1990)"
1519,"Basheer, Shri Thalekkunnil",CONG(I),Kerala,Former,,"2 (1977–1979, 1979–1985)"
1520,"Meena, Shri Dhuleshwar",Indian National Congress,Rajasthan,Former,,"2 (1980–1986, 1986–1992)"
1521,"Mehrotra, Shri Prakash",Independent & Others,Uttar Pradesh,Former,,1 (1976–1982)
1522,"Mehta, Shri Ashoka",Indian National Congress,Maharashtra,Former,,1 (1966–1972)
1523,"Mehta, Shri Chiman Bhai",Indian National Congress,Gujarat,Former,,"2 (1984–1990, 1990–1996)"
1524,"Mehta, Shri Kishor",Independent & Others,Gujarat,Former,,1 (1981–1987)
1525,"Mehta, Shri Mahipatray M.",Indian National Congress,Bombay,Former,,1 (1960–1966)
1526,"Mehta, Shri Om",Indian National Congress,Jammu & Kashmir,Former,,"3 (1964–1970, 1970–1976, 1976–1982)"
1528,"Menon, Shri Balachandra",Communist Party of India,Kerala,Former,,1 (1967–1973)
1529,"Menon, Shri C. Achutha",Communist Party of India,Kerala,Former,,1 (1968–1974)
1530,"Menon, Shri K. Madhava",Indian National Congress,Madras,Former,,"2 (1954–1960, 1960–1966)"
1531,"Menon, Shri K. P. Subramania",Communist Party of India (Marxist),Kerala,Former,,1 (1968–1974)
1533,"Menon, Smt. Lakshmi N.",Indian National Congress,Bombay,Former,,"3 (1952–1954, 1954–1960, 1960–1966)"
1534,"Mehta, Smt. Pushpaben Janardanrai",Congress (O),Gujarat,Former,,1 (1966–1972)
1535,"Menon, Smt. Leela Damodara",Indian National Congress,Kerala,Former,,1 (1974–1980)
1537,"Basavaraj, Shri H.R.",CONG(I),Karnataka,Former,,1 (1978–1984)
1538,"Basavapunnaiah, Shri Makkineni",Communist,Madras,Former,,"3 (1952–1954, 1954–1960, 1960–1966)"
1539,"Basar, Shri Todak",Congress,Arunachal Pradesh,Former,,1 (1972–1978)
1540,"Barthakur, Smt. Usha",Congress,Assam,Former,,1 (1966–1972)
1541,"Barooah, Shri Lila Dhar",Congress,Assam,Former,,"2 (1958–1960, 1960–1966)"
1542,"Barongpa, Shri Sushil",CONG(I),Himachal Pradesh,Former,,"2 (1988–1994, 1994–2000)"
1543,"Menon, Prof. M. G. K.",Janata Dal,Rajasthan,Former,,1 (1990–1996)
1544,"Menon, Shri V. K. Krishna",Indian National Congress,Madras,Former,,"2 (1953–1956, 1956–1962)"
1545,"Seyid Muhammad, Dr. V.A.",Congress,Kerala,Former,,1 (1973–1979)
1546,"Seziyan, Shri Era",Janata,Tamil Nadu,Former,,1 (1978–1984)
1547,"Barman, Shri Prasenjit",CONG(I),West Bengal,Former,,1 (1976–1982)
1548,"Menon, Shri Viswanatha",Communist Party of India (Marxist),Kerala,Former,,1 (1974–1980)
1549,"Shah, Shri Bhogilal Maganlal",Congress,Saurashtra,Former,,1 (1952–1956)
1550,"Shah, Shri Kodardas Kakudas",Congress,Bombay,Former,,"2 (1960–1966, 1966–1972)"
1551,"Mhaisekar, Shri Govindrao Ramchandra",Indian National Congress,Maharashtra,Former,,1 (1976–1982)
1552,"Shah, Shri Maneklal Chunilal",Congress,Gujarat,Former,,1 (1962–1968)
1553,"Shah, Shri Manilal Chaturbhai",Indian National Congress,Bombay,Former,,"2 (1952–1956, 1956–1962)"
1554,"Barik, Shri Rahasbihari",Janata Dal,Odisha,Former,,1 (1994–2000)
1555,"Shah, Shri Manubhai",Congress,Gujarat,Former,,"2 (1956–1962, 1970–1976)"
1556,"Shah, Shri Meghjibhai Pethraj",Congress,Bombay,Former,,1 (1956–1962)
1557,"Shah, Shri Viren J.",Independent & Others,Gujarat,Former,,"2 (1975–1981, 1990–1996)"
1558,"Shahabuddin, Shri Syed",Janata,Bihar,Former,,1 (1979–1984)
1559,"Shahedullah, Shri Syed",Communist Party of India (Marxist),West Bengal,Former,,1 (1978–1984)
1560,"Shahi, Shri Nageshwar Prasad",Janata,Uttar Pradesh,Former,,"2 (1970–1976, 1976–1982)"
1561,"Shanti Bhushan, Shri",Janata,Uttar Pradesh,Former,,1 (1977–1980)
1562,"Mir, Shri Gulam  Mohammad",Indian National Congress,Jammu & Kashmir,Former,,1 (1964–1970)
1563,"Mirdha, Shri Ram Niwas",Indian National Congress,Rajasthan,Former,,"4 (1967–1968, 1968–1974, 1974–1980, 1980–1986)"
1564,"Shanti Devi, Smt.",Other,Uttar Pradesh,Former,,1 (1961–1962)
1565,"Sharma, Shri Ajit Kumar",Janata,Assam,Former,,1 (1978–1984)
1566,"Miri, Shri Govindram",Bharatiya Janata Party,Madhya Pradesh,Former,,1 (1994–2000)
1567,"Mirza Ahmed Ali, Shri",Independent & Others,Delhi,Former,,1 (1958–1964)
1568,"Sharma, Shri Anant Prasad",CONG(I),Bihar,Former,,"3 (1968–1974, 1978–1984, 1984–1988)"
1569,"Sharma, Shri Balkrishna",Congress,Uttar Pradesh,Former,,1 (1956–1962)
1570,"Sharma, Shri Bhagwat Dayal",Congress,Haryana,Former,,1 (1968–1974)
1571,"Sharma, Shri Braj Bihari",Congress,Uttar Pradesh,Former,,"2 (1952–1954, 1954–1960)"
1572,"Sharma, Shri Chandan",CONG(I),Himachal Pradesh,Former,,1 (1986–1992)
1573,"Sharma, Dr. H.P.",CONG(I),Rajasthan,Former,,1 (1985–1988)
1574,"Sharma, Shri Krishan Lal",Bharatiya Janata Party,Himachal Pradesh,Former,,1 (1990–1996)
1575,"Sharma, Shri Kishan Lal",CONG(I),Rajasthan,Former,,1 (1974–1980)
1576,"Bansi Lal, Shri",Congress,Punjab,Former,,"2 (1960–1966, 1976–1982)"
1577,"Bansal, Shri Pawan Kumar",Indian National Congress,Punjab,Former,,1 (1984–1990)
1578,"Mirza Irshadbaig, Shri",Indian National Congress,Gujarat,Former,,"2 (1983–1984, 1984–1990)"
1579,"Mirza, Shri Dawood Ali",Indian National Congress,Madras,Former,,1 (1956–1962)
1580,"Banerjee, Shri Satyapriya",Forward Block (Marxist),West Bengal,Former,,"2 (1952–1956, 1956–1960)"
1581,"Misra, Shri Bibudhendra",Other,Odisha,Former,,1 (1958–1964)
1582,"Mishra, Shri Chaturanan",Communist Party of India,Bihar,Former,,"2 (1984–1990, 1990–1996)"
1583,"Sharma, Shri Laimayum Lalit Madhob",Congress,Manipur,Former,,"2 (1956–1960, 1960–1966)"
1584,"Sharma, Shri Madho Ram",Congress,Punjab,Former,,1 (1958–1964)
1585,"Sharma, Smt. Malti",Bharatiya Janata Party,Uttar Pradesh,Former,,1 (1994–2000)
1586,"Mishra, Dr. Jagannath",Indian National Congress,Bihar,Former,,"2 (1988–1994, 1994–2000)"
1587,"Sharma, Shri Purna Chandra",Congress,Assam,Former,,1 (1956–1962)
1588,"Sharma, Shri Satish",Indian National Congress,Uttar Pradesh,Former,78.0,"3 (1986–1992, 2004–2010, 2010–2016)"
1589,"Sharma, Shri Venod Kumar",CONG(I),Punjab,Former,,1 (1992–1998)
1590,"Sharma, Shri Yogendra",Communist Party of India,Bihar,Former,,"2 (1972–1978, 1978–1984)"
1591,"Shastri, Pandit Algurai",Congress,Uttar Pradesh,Former,,1 (1956–1962)
1592,"Shastri, Shri Bhola Paswan",Congress,Bihar,Former,,"2 (1972–1976, 1976–1982)"
1593,"Shastri, Shri Brahmdeo Ram",Janata,Bihar,Former,,1 (1979–1980)
1594,"Shastri, Shri Lal Bahadur",Congress,Uttar Pradesh,Former,,"2 (1952–1954, 1954–1960)"
1595,"Shastri, Shri Prakash Veer",Jansangh,Uttar Pradesh,Former,,1 (1974–1980)
1596,"Shastri, Shri Vishnu Kant",Bharatiya Janata Party,Uttar Pradesh,Former,,1 (1992–1998)
1597,"Shawl, Shri Gulam Mohi-Ud-Din",J&K National Conference,Jammu & Kashmir,Former,,1 (1980–1986)
1598,"Mishra, Shri Kailash Pati",Bharatiya Janata Party,Bihar,Former,,1 (1984–1990)
1599,"Sheikh, Shri Abdul Rehman",Janata,Uttar Pradesh,Former,,1 (1978–1984)
1600,"Sheikh, Shri Ghouse Mohiuddin",CONG(I),Andhra Pradesh,Former,,1 (1978–1984)
1601,"Shejwalkar, Shri Narayanrao Krishnarao",Jansangh,Madhya Pradesh,Former,,1 (1968–1974)
1602,"Mishra, Shri Kalraj",Bharatiya Janata Party,Uttar Pradesh,Former,84.0,"3 (1978–1984, 2001–2006, 2006–2012)"
1603,"Shekhawat, Shri Bhairon Singh",Jansangh,Madhya Pradesh,Former,,1 (1974–1980)
1604,"Mishra, Shri Lalit Narayan",Indian National Congress,Bihar,Former,,"2 (1964–1966, 1966–1972)"
1605,"Banerjee, Shri Tara Shankar",Nominated,Nominated,Former,,1 (1960–1966)
1606,"Sherkhan, Shri M.",Congress,Mysore,Former,,"3 (1961–1964, 1964–1970, 1970–1972)"
1607,"Mishra, Shri Mahendra Mohan",Indian National Congress,Bihar,Former,,"2 (1976–1982, 1982–1988)"
1608,"Mishra, Shri Rishi Kumar",Indian National Congress,Rajasthan,Former,,1 (1974–1980)
1609,"Mishra, Shri Satyanand",Indian National Congress,Odisha,Former,,1 (1962–1964)
1610,"Shervani, Shri Mustafa Rashid",CONG(I),Uttar Pradesh,Former,,"3 (1960–1966, 1966–1972, 1980–1986)"
1611,"Mishra, Shri Sheo Kumar",Indian National Congress,Uttar Pradesh,Former,,1 (1984–1990)
1612,"Banerjee, Shri B.N.",Nominated,Nominated,Former,,1 (1976–1982)
1613,"Banarsi Das, Shri",Janata,Uttar Pradesh,Former,,1 (1972–1978)
1614,"Shetty, Shri B.P. Basappa",Congress,Mysore,Former,,"2 (1952–1958, 1958–1964)"
1615,"Matto, Shri Ghulam Rasool",J&K National Conference,Jammu & Kashmir,Former,,"2 (1982–1988, 1988–1994)"
1616,"Banamali Babu, Shri",CONG(I),Odisha,Former,,1 (1982–1988)
1617,"Balu, Shri T.R.",Dravida Munnetra Kazhagam,Tamil Nadu,Former,,1 (1986–1992)
1618,"Balram Das, Shri",Congress,Madhya Pradesh,Former,,"2 (1970–1976, 1976–1982)"
1619,"Mishra, Shri Shiv Pratap",Indian National Congress,Uttar Pradesh,Former,,1 (1988–1994)
1620,"Shilla, Shri Showaless K.",Congress,Meghalaya,Former,,1 (1972–1978)
1621,"Shinde, Shri Sushilkumar Sambhajirao",Indian National Congress,Maharashtra,Former,84.0,"2 (1992–1998, 2006–2012)"
1622,"Mishra, Shri Shrikant",Jansangh,Bihar,Former,,1 (1970–1976)
1623,"Balmiki, Shri Shiv Lal",CONG(I),Uttar Pradesh,Former,,1 (1981–1982)
1624,"Shishir Kumar, Shri",Praja Socialist Party,Bihar,Former,,"2 (1964–1970, 1970–1976)"
1625,"Shiv Shanker, Shri P.",CONG(I),Gujarat,Former,,"2 (1985–1987, 1987–1993)"
1626,"Shrimali, Dr. K.L.",Congress,Rajasthan,Former,,"2 (1952–1956, 1956–1962)"
1627,"Shukla, Shri Chakrapani",Congress,Madhya Pradesh,Former,,"2 (1966–1970, 1970–1976)"
1628,"Shukla, Shri Chimanbhai Haribhai",Bharatiya Janata Party,Gujarat,Former,,1 (1993–1999)
1629,"Bali, Smt. Vyjayantimala",Nominated,Nominated,Former,,1 (1993–1999)
1630,"Mishra, Shri Shyamnandan",Indian National Congress,Bihar,Former,,"2 (1962–1966, 1966–1972)"
1631,"Misra, Shri Chandragopal  Gajadharprasad.",Other,Madhya Pradesh,Former,,1 (1952–1954)
1632,"Misra, Shri Govind Chandra",Indian National Congress,Odisha,Former,,1 (1956–1960)
1633,"Mishra, Shri Lingaraj",Indian National Congress,Odisha,Former,,1 (1957–1963)
1634,"Misra, Shri Lokanath",Janata,Odisha,Former,,"3 (1960–1966, 1966–1972, 1972–1978)"
1635,"Misra, Shri Manmathnath",Indian National Congress,Odisha,Former,,1 (1962–1968)
1636,"Misra, Shri Shyam Dhar",Congress (O),Uttar Pradesh,Former,,"3 (1952–1958, 1958–1964, 1968–1974)"
1637,"Bora, Shri Indramoni",Bharatiya Janata Party,Assam,Former,87.0,1 (2001–2007)
1638,"Mistry, Smt. Roda",Other,Andhra Pradesh,Former,,1 (1980–1986)
1639,"Mitra, Shri Ashok",Communist Party of India (Marxist),West Bengal,Former,,1 (1993–1999)
1640,"Mitra, Shri Pratul Chandra",Indian National Congress,Bihar,Former,,"2 (1960–1966, 1966–1972)"
1641,"Mitra, Dr. Purna Chanda",Indian National Congress,Bihar,Former,,"2 (1952–1954, 1954–1960)"
1642,"Mitra, Shri Sankar Prasad",Independent & Others,West Bengal,Former,,1 (1981–1987)
1644,"Mitra, Shri Santosh",Communist Party of India (Marxist),West Bengal,Former,,1 (1981–1987)
1645,"Mittal, Shri Sat Paul",Indian National Congress,Punjab,Former,,"3 (1976–1982, 1982–1988, 1988–1994)"
1646,"Modi, Shri Jadavji Keshavji",Indian National Congress,Bombay,Former,,1 (1957–1962)
1647,"Mody, Shri Piloo",Janata,Gujarat,Former,,1 (1978–1984)
1648,"Mody, Shri Rajendra Prasad",Independent & Others,Rajasthan,Former,,1 (1992–1998)
1649,"Mohammad, Chaudhary A.",Congress (O),Bihar,Former,,"3 (1961–1964, 1964–1970, 1970–1976)"
1650,"Mohammad Ali, Shri",Indian National Congress,Madhya Pradesh,Former,,1 (1956–1962)
1651,"Mohammad Faruqi, Maulana",Indian National Congress,Uttar Pradesh,Former,,"2 (1952–1954, 1954–1960)"
1652,"Mohammad Yunus, Shri",Indian National Congress,Nominated,Former,,1 (1989–1995)
1653,"Mohammad Roufique, Shri",Independent & Others,Assam,Former,,1 (1952–1956)
1654,"Mohammed Afzal alias Meem Afzal, Shri",Janata Dal,Uttar Pradesh,Former,,1 (1990–1996)
1655,"Mohan Babu, Dr.",Telugu Desam Party,Andhra Pradesh,Former,,1 (1995–2000)
1656,"Singh, Shri Mohan",Indian National Congress,Uttar Pradesh,Former,,1 (1989–1990)
1657,"Singh, Shri Mohan",Indian National Congress,Punjab,Former,,"2 (1960–1966, 1972–1978)"
1658,"Mohan, Shri V. R.",Independent & Others,Uttar Pradesh,Former,,1 (1972–1978)
1659,"Mohanan, Shri K.",Communist Party of India (Marxist),Kerala,Former,,1 (1982–1988)
1660,"Mohanarangam, Shri R.",All India Anna Dravida Munnetra Kazhagam,Tamil Nadu,Former,,"2 (1980–1986, 1983–1989)"
1661,"Mohanty, Shri Dhananjoy",Indian National Congress,Odisha,Former,,1 (1961–1964)
1662,"Mohanty, Shri Sarada",Janata Dal,Odisha,Former,,1 (1990–1996)
1663,"Mohanty, Shri Subas",Indian National Congress,Odisha,Former,,1 (1984–1990)
1664,"Mohanty, Shri Surendra",Indian National Congress,Odisha,Former,,"2 (1952–1958, 1978–1984)"
1665,"Mohapatra, Shri Basudeb",Indian National Congress,Odisha,Former,,1 (1986–1992)
1666,"Mohapatra, Dr. Shyam Sundar",Independent & Others,Odisha,Former,,1 (1980–1986)
1667,"Mohideen, Shri S. A. Khaja",Muslim League,Tamil Nadu,Former,,"2 (1968–1974, 1974–1980)"
1668,"Mohinder Kaur, Smt.",Bharatiya Janata Party,Himachal Pradesh,Former,,"2 (1964–1970, 1978–1984)"
1669,"Mohta, Shri Gopaldas  Bulakidasji",Indian National Congress,Madhya Pradesh,Former,,1 (1952–1956)
1670,"Mohta, Shri Mahendra Kumar",Other,Rajasthan,Former,,1 (1968–1974)
1671,"Mohunta, Shri Sushil Chand",Lok Dal,Haryana,Former,,1 (1980–1986)
1672,"Moideen, Shri M. J. Jamal",Indian National Congress,Madras,Former,,1 (1962–1968)
1673,"Momin, Shri Gulam Haider Valimohmed",Indian National Congress,Gujarat,Former,,1 (1964–1970)
1674,"Mondal, Shri Ahmad Hossain",Indian National Congress,West Bengal,Former,,1 (1975–1981)
1675,"Mookerjee, Shri Debabrata",Other,West Bengal,Former,,1 (1965–1968)
1676,"Mookerjee, Dr. Radha Kumud",Other,Nominated,Former,,1 (1952–1958)
1677,"Morarka, Shri Kamal",Janata Dal (Secular),Rajasthan,Former,,1 (1988–1994)
1678,"Morarka, Shri Radheshyam  R.",Janata,Rajasthan,Former,,1 (1978–1984)
1679,"Moses, Shri M.",Indian National Congress,Tamil Nadu,Former,,1 (1978–1984)
1680,"Mubarak Shah, Shri Khawaja",J&K National Conference,Jammu & Kashmir,Former,,1 (1978–1984)
1681,"Mudaliar, Dr. A. Ramaswami",Independent & Others,Madras,Former,,"2 (1952–1956, 1956–1962)"
1682,"Mujumdar, Shri M. R.",Indian National Congress,Madhya Pradesh,Former,,1 (1952–1956)
1683,"Mukerjee, Shri B. K.",Indian National Congress,Uttar Pradesh,Former,,1 (1952–1958)
1684,"Mukherjee, Shri Kali",Indian National Congress,West Bengal,Former,,1 (1972–1978)
1685,"Mukherjee, Smt. Kanak",Communist Party of India (Marxist),West Bengal,Former,,"2 (1978–1984, 1984–1990)"
1686,"Mukherjee, Shri Samar",Communist Party of India (Marxist),West Bengal,Former,,"2 (1986–1987, 1987–1993)"
1687,"Mukhopadhyay, Smt. Purabi",Indian National Congress,West Bengal,Former,,"2 (1970–1976, 1976–1982)"
1688,"Mulla, Shri Anand Narain",Indian National Congress,Uttar Pradesh,Former,,1 (1972–1978)
1689,"Mulla, Shri Suresh Narain",Indian National Congress,Uttar Pradesh,Former,,1 (1976–1982)
1690,"Mullick Chowdhury, Shri Suhrid",Forward Block,West Bengal,Former,,1 (1969–1975)
1691,"Munda, Shri Bhaiya Ram",Indian National Congress,Bihar,Former,,1 (1972–1978)
1692,"Munshi, Shri Arman Ali",Other,Manipur and Tripura,Former,,1 (1952–1954)
1693,"Munshi, Smt. Lilavati",Indian National Congress,Bombay,Former,,1 (1952–1958)
1695,"Murahari, Shri Godey",Independent & Others,Uttar Pradesh,Former,,"3 (1962–1968, 1968–1974, 1974–1980)"
1696,"Banerjee, Shri Jaharlal",Congress,West Bengal,Former,,1 (1975–1981)
1697,"Murari Lal, Dr.",Indian National Congress,Uttar Pradesh,Former,,1 (1952–1956)
1698,"Barbora, Shri Golap",Sikkim Sangram Parishad,Assam,Former,,1 (1968–1974)
1699,"Musafir, Shri Gurmukh Singh",Indian National Congress,Punjab,Former,,"2 (1968–1974, 1974–1980)"
1700,"Balmik, Shri Achchhey Lal",CONG(I),Uttar Pradesh,Former,,1 (1985–1986)
1701,"Baleshwar Dayal, Shri",Janata,Madhya Pradesh,Former,,"2 (1977–1978, 1978–1984)"
1702,"Muthu, Dr.(Smt.) Sathiavani",All India Anna Dravida Munnetra Kazhagam,Tamil Nadu,Former,,1 (1978–1984)
1703,"Baldev Prakash, Dr.",Bharatiya Janata Party,Uttar Pradesh,Former,,1 (1992–1998)
1704,"Balbir Singh, Shri",CONG(I),Punjab,Former,,1 (1992–1998)
1705,"Balaram, Shri N.E.",Communist Party of India,Kerala,Former,,"2 (1985–1991, 1991–1997)"
1706,"Balan, Shri M.C.",All India Anna Dravida Munnetra Kazhagam,Tamil Nadu,Former,,1 (1972–1978)
1707,"Baharul Islam, Shri",Congress,Assam,Former,,"3 (1962–1968, 1968–1974, 1983–1989)"
1708,"Baghel, Dr. K.C.",Independent & Others,Madhya Pradesh,Former,,1 (1964–1970)
1709,"Bagchi, Shri Chandan K.",CONG(I),Bihar,Former,,1 (1983–1984)
1710,"Bagaitkar, Shri Sadasiv",Janata Party,Maharashtra,Former,,1 (1978–1984)
1711,"Bachchan, Dr. Harivansh Rai",Nominated,Nominated,Former,,1 (1966–1972)
1712,"Baby, Shri M.A.",Communist Party of India (Marxist),Kerala,Former,,"2 (1986–1992, 1992–1998)"
1713,"Babbar, Shri Raj",Indian National Congress,Uttarakhand,Former,73.0,"2 (1994–2000, 2015–2020)"
1714,"Babar, Dr. Sarojini",Congress,Maharashtra,Former,,1 (1968–1974)
1715,"Basavaraju, Shri M.",CONG(I),Karnataka,Former,,1 (1980–1986)
1716,"Shukla, Shri Keshavprasad",CONG(I),Madhya Pradesh,Former,,1 (1982–1988)
1717,"Shukla, Shri Mahavir Prasad",Congress,Uttar Pradesh,Former,,"3 (1962–1964, 1964–1970, 1970–1976)"
1718,"Shyamkumari Devi, Smt.",Congress,Madhya Pradesh,Former,,"2 (1968–1974, 1974–1980)"
1719,"Siddalingaya, Shri T.",Congress,Mysore,Former,,1 (1967–1970)
1720,"Siddhu, Dr. M.M.S.",Janata,Uttar Pradesh,Former,,"3 (1962–1968, 1977–1978, 1978–1984)"
1721,"Siddiqui, Shri Shamim Ahmed",CONG(I),National Capital Territory of Delhi,Former,,1 (1983–1989)
1722,"Siddiqui, Shri Abdul Samad",Janata Dal,Karnataka,Former,,1 (1988–1994)
1723,"Silvera, Dr. C.",CONG(I),Mizoram,Former,,1 (1984–1990)
1724,"Singh, Shri Ajit Pratap",Jansangh,Uttar Pradesh,Former,,1 (1958–1962)
1725,"Singh, Captain Awadesh Pratap",Congress,Madhya Pradesh,Former,,"2 (1952–1954, 1954–1960)"
1726,"Singh, Shri Bhanu Pratap",Bharatiya Lok Dal,Uttar Pradesh,Former,,1 (1976–1982)
1727,"Singh, Thakur Bhannu Pratap",Congress,Madhya Pradesh,Former,,"3 (1952–1954, 1954–1960, 1960–1966)"
1728,"Singh, Shri Bhishma Narain",CONG(I),Bihar,Former,,"2 (1976–1982, 1982–1988)"
1729,"Singh, Shri Bindeshwari Prasad",Congress,Bihar,Former,,1 (1971–1974)
1730,"Singh, Shri Bir Bahadur",CONG(I),Uttar Pradesh,Former,,1 (1988–1990)
1731,"Singh, Shri Bir Bhadra Pratap",CONG(I),Uttar Pradesh,Former,,1 (1984–1990)
1732,"Singh, Shri D.P.",Congress,Bihar,Former,,"2 (1971–1972, 1972–1978)"
1733,"Singh, Shri Devendra Prasad",Praja Socialist Party,Bihar,Former,,1 (1958–1964)
1734,"Singh, Shri Digvijay",Janata Dal (United),Jharkhand,Former,70.0,"2 (1990–1996, 2005–2010)"
1735,"Dinesh, Shri Singh",CONG(I),Uttar Pradesh,Former,,"3 (1977–1980, 1980–1982, 1993–1998)"
1736,"Singh, Babu Gopinath",Congress,Uttar Pradesh,Former,,"2 (1952–1954, 1954–1960)"
1737,"Singh, Prof. Naunihal",Bharatiya Janata Party,Uttar Pradesh,Former,,1 (1992–1998)
1738,"Singh, Shri Ghan Shyam",CONG(I),Uttar Pradesh,Former,,1 (1982–1988)
1739,"Singh, Shri Irengbam Tompok",Congress,Manipur,Former,,1 (1974–1978)
1740,"Singh, Shri J.K.P.N.",CONG(I),Bihar,Former,,"2 (1962–1968, 1978–1984)"
1741,"Singh, Shri Jagannath",Bharatiya Janata Party,Madhya Pradesh,Former,,1 (1992–1998)
1742,"Singh, Smt. Jahanara Jaipal",Congress,Bihar,Former,,"3 (1958–1964, 1964–1970, 1972–1978)"
1743,"Singh, Thakur Kamakhya Prasad",CONG(I),Bihar,Former,,1 (1984–1990)
1744,"Singh, Shri K.N.",CONG(I),Uttar Pradesh,Former,,1 (1990–1996)
1745,"Singh, Shri Mahendra Bahadur",Congress,Madhya Pradesh,Former,,1 (1972–1978)
1746,"Singh, Shri Ng. Tompok",Janata,Manipur and Tripura,Former,,"2 (1954–1956, 1978–1984)"
1747,"Singh, Smt. Pratibha",CONG(I),Bihar,Former,,"4 (1970–1976, 1976–1982, 1982–1988, 1988–1992)"
1748,"Singh, Shri R.K. Dorendra",CONG(I),Manipur,Former,,1 (1988–1990)
1749,"Singh, Shri R.K. Jaichandra",CONG(I),Manipur,Former,,1 (1984–1990)
1750,"Singh, Shri Ram Awadhesh",Lok Dal,Bihar,Former,,1 (1986–1992)
1751,"Singh, Shri Ram Kripal",Congress,Uttar Pradesh,Former,,"2 (1952–1956, 1956–1962)"
1752,"Singh, Dr. Ranbir",Bharatiya Janata Party,Uttar Pradesh,Former,,1 (1994–2000)
1753,"Singh, Dr. Rudra Pratap",CONG(I),Uttar Pradesh,Former,,"2 (1980–1986, 1986–1992)"
1754,"Santokh Singh, Sardar",Congress,Delhi,Former,,1 (1962–1968)
1755,"Singh, Shri Sawai Man",Independent & Others,Rajasthan,Former,,1 (1962–1968)
1756,"Singh, Shri Shankar Pratap",Congress,Madhya Pradesh,Former,,1 (1966–1972)
1757,"Singh, Shri Shankar Dayal",Janata Dal,Bihar,Former,,1 (1990–1996)
1758,"Singh, Shri Shivcharan",Bharatiya Janata Party,Rajasthan,Former,,1 (1992–1998)
1759,"Singh, Shri Shiv Swaroop",Congress,Uttar Pradesh,Former,,1 (1970–1972)
1760,"Singh, Shri Shiva Nandan",Janata,Uttar Pradesh,Former,,1 (1978–1980)
1761,"Singh, Shri Sinam Krishnamohan",Congress,Manipur,Former,,"2 (1965–1966, 1966–1972)"
1762,"Singh, Shri Tribhuvan Narayan",Congress (O),Uttar Pradesh,Former,,"2 (1965–1970, 1970–1976)"
1763,"Singh, Dr. V.B.",Congress,Uttar Pradesh,Former,,1 (1972–1978)
1764,"Singh, Shri Vishvjit P.",CONG(I),Maharashtra,Former,,"2 (1982–1988, 1988–1994)"
1765,"Singh, Shri Vishwanath Pratap",CONG(I),Uttar Pradesh,Former,,1 (1983–1988)
1766,"Singh, Shri W. Kulabidhu",Janata Dal,Manipur,Former,,1 (1990–1996)
1767,"Singla, Shri Surinder Kumar",CONG(I),Punjab,Former,,1 (1992–1998)
1768,"Sinha, Shri Awadeshwar Prasad",Congress,Bihar,Former,,"4 (1956–1958, 1958–1964, 1964–1970, 1970–1976)"
1769,"Sinha, Shri Braja Kishore Prasad",Congress,Bihar,Former,,"3 (1952–1958, 1958–1964, 1964–1970)"
1770,"Sinha, Shri Chandra Mohan",Janata Dal,Odisha,Former,,1 (1991–1992)
1771,"Sinha, Shri Ganga Sharan",Other,Bihar,Former,,"3 (1956–1962, 1962–1968, 1968–1974)"
1772,"Sinha, Shri Indradeep",Communist Party of India,Bihar,Former,,"2 (1974–1980, 1980–1986)"
1773,"Sinha, Smt. Kamla",Janata Dal,Bihar,Former,,"2 (1990–1994, 1994–2000)"
1774,"Sinha, Shri Krishna Mohan Pyare",Congress,Bihar,Former,,1 (1956–1958)
1775,"Sinha, Shri Maheswar Prasad Narain",Socialist Party,Bihar,Former,,1 (1952–1956)
1776,"Sinha, Shri Rajendra Pratap",Congress,Bihar,Former,,"4 (1952–1954, 1954–1960, 1960–1966, 1966–1972)"
1777,"Sinha, Shri Rajeshwar Prasad Narain",Congress,Bihar,Former,,"3 (1952–1958, 1959–1960, 1960–1966)"
1778,"Sinha, Shri Rama Bahadur",Congress,Bihar,Former,,"3 (1952–1958, 1958–1964, 1964–1970)"
1779,"Sinha, Dr. Ramkripal",Jansangh,Bihar,Former,,1 (1974–1980)
1780,"Sinha, Shri Rewati Kant",Sikkim Sangram Parishad,Bihar,Former,,1 (1967–1970)
1781,"Sinha, Shri Yashwant",Bharatiya Janata Party,Jharkhand,Former,88.0,"2 (1988–1994, 2004–2010)"
1782,"Sisodia, Shri Sawai Singh",Congress,Madhya Pradesh,Former,,"3 (1969–1970, 1970–1976, 1976–1982)"
1784,"Sitaram Singh, Shri",Bharatiya Lok Dal,Bihar,Former,,1 (1970–1976)
1785,"Sitaramayya, Dr. Pattabhi",Congress,Madras,Former,,1 (1952–1952)
1786,"Sivaji, Dr. Yelamanchili",Telugu Desam Party,Andhra Pradesh,Former,,1 (1988–1994)
1787,"Sivaprakasam, Shri S.",Dravida Munnetra Kazhagam,Puducherry,Former,,1 (1969–1975)
1788,"Sobhani, Shri Osman",Congress,Hyderabad,Former,,1 (1952–1954)
1789,"Sokhey, Dr. Sahib Singh",Nominated,Nominated,Former,,1 (1952–1956)
1790,"Solomon, Shri P.A.",Communist Party of India,Kerala,Former,,1 (1958–1964)
1791,"Somasundaram, Shri G.P.",Dravida Munnetra Kazhagam,Madras,Former,,1 (1966–1972)
1792,"Solanki, Shri Madhavsinh",CONG(I),Gujarat,Former,,"2 (1988–1994, 1994–2000)"
1793,"Som Pal, Shri",Janata Dal,Uttar Pradesh,Former,,"2 (1990–1992, 1992–1998)"
1794,"Soz, Prof. Saif-ud-Din",Indian National Congress,Jammu & Kashmir,Former,88.0,"3 (1996–2002, 2002–2008, 2009–2015)"
1795,"Sreedharan, Shri Arangil",Janata Dal,Kerala,Former,,1 (1988–1994)
1796,"Srinivasan, Shri T.K.",Dravida Munnetra Kazhagam,Tamil Nadu,Former,,1 (1970–1976)
1797,"Srinivasan, Shri Thomas",Congress,Madras,Former,,1 (1960–1966)
1798,"Srivastava, Dr. J.P.",Indian National Congress,Uttar Pradesh,Former,,1 (1952–1954)
1799,"Subbarayan, Dr. P.",Congress,Madras,Former,,1 (1954–1960)
1800,"Subbiah, Shri J.H.",Scheduled Castes Federation,Hyderabad,Former,,1 (1952–1954)
1801,"Sujan Singh, Shri",Janata,Haryana,Former,,"2 (1977–1978, 1978–1984)"
1802,"Sukhdev Prasad, Shri",Indian National Congress,Uttar Pradesh,Former,,"3 (1966–1972, 1972–1978, 1982–1988)"
1803,"Sukul, Shri P.N.",CONG(I),Uttar Pradesh,Former,,"2 (1980–1984, 1984–1990)"
1804,"Sultan Maimoona, Smt.",CONG(I),Madhya Pradesh,Former,,"2 (1974–1980, 1980–1986)"
1805,"Sultan Singh, Shri",CONG(I),Haryana,Former,,"3 (1970–1974, 1974–1980, 1980–1986)"
1806,"Sumat Prasad, Shri",Congress,Uttar Pradesh,Former,,"2 (1952–1954, 1954–1960)"
1807,"Sundaram, Shri K.",Swatantra Party,Madras,Former,,1 (1966–1972)
1808,"Sundarayya, Shri P.",Communist Party of India,Madras,Former,,1 (1952–1955)
1809,"Supakar, Shri Shraddhakar",Congress,Odisha,Former,,1 (1965–1971)
1810,"Sur, Shri Mriganka Mohan",Congress,West Bengal,Former,,"3 (1954–1960, 1960–1966, 1966–1972)"
1811,"Suraj Prasad, Shri",Communist Party of India,Bihar,Former,,"2 (1968–1974, 1982–1988)"
1812,"Surender Singh, Shri",CONG(I),Haryana,Former,,1 (1986–1992)
1813,"Surendra Mohan, Shri",Janata,Uttar Pradesh,Former,,1 (1978–1984)
1814,"Surendra Ram, Shri V.M.",Congress,Madras,Former,,1 (1952–1958)
1815,"Surjeet, Shri Harkishan Singh",Communist Party of India (Marxist),Punjab,Former,,1 (1978–1984)
1816,"Surjewala, Shri S.S.",CONG(I),Haryana,Former,,1 (1992–1998)
1817,"Suryanarayana, Shri Kommareddi",Kisan Mazdoor Praja Party,Madras,Former,,1 (1952–1958)
1818,"Swaminathan, Shri G.",All India Anna Dravida Munnetra Kazhagam,Tamil Nadu,Former,,"2 (1986–1992, 1992–1998)"
1819,"Swaminathan, Shri V.V.",All India Anna Dravida Munnetra Kazhagam,Tamil Nadu,Former,,"2 (1972–1978, 1978–1984)"
1820,"Swamy, Shri N.R.M.",Congress,Madras,Former,,1 (1966–1972)
1821,"Swamy, Dr. Subramanian",Bharatiya Janata Party,Nominated,Former,86.0,"3 (1974–1980, 1988–1994, 2016–2022)"
1822,"Swaran Singh, Sardar",Congress,Punjab,Former,,1 (1952–1957)
1823,"Swu, Shri Scato",Nominated,Nominated,Former,,"2 (1974–1980, 1980–1986)"
1824,"Syed Ahmad, Shri",Congress,Madhya Pradesh,Former,,"2 (1962–1968, 1968–1974)"
1825,"Syed Hussain, Shri",Congress,Jammu & Kashmir,Former,,1 (1968–1974)
1826,"Syed Mahmud, Dr.",Congress,Bihar,Former,,1 (1962–1968)
1827,"Swell, Shri G.G.",Hill State Peoples Democratic Party,Meghalaya,Former,,1 (1990–1996)
1828,"Barlingay, Dr. Waman Sheodas",Congress,Madhya Pradesh,Former,,"2 (1952–1956, 1956–1962)"
1829,"Barman, Shri Debendra Nath",Communist Party of India (Marxist),West Bengal,Former,,1 (1981–1987)
1830,"Chaudhari, Shri N.P.",CONG(I),Madhya Pradesh,Former,,"2 (1968–1974, 1974–1980)"
1831,"Jha, Shri Rudra Narain",Sikkim Sangram Parishad,Bihar,Former,,1 (1968–1974)
1832,"Jogendra Singh, Shri",Congress,Uttar Pradesh,Former,,"2 (1963–1966, 1966–1972)"
1833,"John, Shri Michael",Congress,Bihar,Former,,1 (1956–1962)
1834,"Kailashpati, Smt.",CONG(I),Uttar Pradesh,Former,,"2 (1985–1988, 1988–1994)"
1835,"Kulkarni, Shri A.G.",Indian National Congress,Maharashtra,Former,,"4 (1967–1970, 1970–1976, 1978–1984, 1986–1992)"
1836,"Nagmani, Shri",Janata Dal,Bihar,Former,,1 (1994–2000)
1837,"Rao, Shri B.S. Venkat",Congress,Hyderabad,Former,,1 (1952–1953)
1838,"Rao, Shri Moturu Hanumantha",Communist Party of India (Marxist),Andhra Pradesh,Former,,1 (1988–1994)
1839,"Razak, Shri A. Abdul",Congress,Travancore Cochin,Former,,1 (1952–1956)
1840,"Tariq, Shri A.M.",Congress,Jammu & Kashmir,Former,,"2 (1962–1965, 1967–1968)"
1841,"Vizol, Shri",Nationalist People s Coalition,Nagaland,Former,,1 (1992–1998)
1843,"Sita Devi, Smt.",Congress,Punjab,Former,,1 (1972–1978)
1844,"Chandran, Shri S. S.",All India Anna Dravida Munnetra Kazhagam,Tamil Nadu,Former,84.0,1 (2001–2007)
1845,"Gnanadesikan, Shri B. S.",Indian National Congress,Tamil Nadu,Former,77.0,"2 (2001–2007, 2007–2013)"
1846,"Indira, Smt. S. G.",All India Anna Dravida Munnetra Kazhagam,Tamil Nadu,Former,59.0,1 (2001–2007)
1848,"Kamaraj, Shri R.",All India Anna Dravida Munnetra Kazhagam,Tamil Nadu,Former,65.0,1 (2001–2007)
1849,"Sarath Kumar, Shri R.",Dravida Munnetra Kazhagam,Tamil Nadu,Former,71.0,1 (2001–2006)
1850,"Narayanan, Shri P. G.",All India Anna Dravida Munnetra Kazhagam,Tamil Nadu,Former,84.0,1 (2001–2007)
1851,"Bhardwaj, Shri Jagannath",Congress,Himachal Pradesh,Former,,1 (1972–1978)
1852,"Das, Shri Jagannath",Indian National Congress,Odisha,Former,,1 (1952–1956)
1853,"Maitreyan, Dr. V.",All India Anna Dravida Munnetra Kazhagam,Tamil Nadu,Former,70.0,"3 (2002–2004, 2007–2013, 2013–2019)"
1854,"Chavan, Shri Prithviraj",Indian National Congress,Maharashtra,Former,79.0,"2 (2002–2008, 2008–2014)"
1855,"Thakur, Shri Ekanath K.",Shiv Sena,Maharashtra,Former,84.0,1 (2002–2008)
1856,"Deora, Shri Murli",Indian National Congress,Maharashtra,Former,89.0,"3 (2002–2008, 2008–2014, 2014–2020)"
1857,"Dhoot, Shri Rajkumar",Shiv Sena,Maharashtra,Former,70.0,"3 (2002–2008, 2008–2014, 2014–2020)"
1858,"Meghe, Shri Datta",Nationalist Congress Party,Maharashtra,Former,89.0,1 (2002–2008)
1859,"Lath, Shri Surendra",Bharatiya Janata Party,Odisha,Former,76.0,1 (2002–2008)
1860,"Bohidar, Ms. Pramila",Biju Janata Dal,Odisha,Former,76.0,1 (2002–2008)
1861,"Sushree Devi, Smt.",Biju Janata Dal,Odisha,Former,75.0,1 (2002–2008)
1862,"Shunmugasundaram, Shri R.",Dravida Munnetra Kazhagam,Tamil Nadu,Former,72.0,1 (2002–2008)
1863,"Khan, Shri S.P.M. Syed",All India Anna Dravida Munnetra Kazhagam,Tamil Nadu,Former,78.0,1 (2002–2008)
1864,"Selvan, Shri Thanga Tamil",All India Anna Dravida Munnetra Kazhagam,Tamil Nadu,Former,64.0,1 (2002–2008)
1865,"Perumal, Shri C.",All India Anna Dravida Munnetra Kazhagam,Tamil Nadu,Former,68.0,1 (2002–2008)
1866,"Vasan, Shri G.K.",Tamil Maanila Congress (Moopanar),Tamil Nadu,Sitting,61.0,"3 (2002–2008, 2008–2014, 2020–2026)"
1867,"Jothi, Shri N.",All India Anna Dravida Munnetra Kazhagam,Tamil Nadu,Former,80.0,1 (2002–2008)
1868,"Roy, Shri Tarini Kanta",Communist Party of India (Marxist),West Bengal,Former,76.0,"2 (2002–2008, 2008–2014)"
1869,"Chatterjee, Shri Prasanta",Communist Party of India (Marxist),West Bengal,Former,86.0,"2 (2002–2008, 2008–2014)"
1870,"Ahmed, Shri Sk. Khabir Uddin",Communist Party of India (Marxist),West Bengal,Former,74.0,1 (2002–2008)
1871,"Akarapu, Shri Sudarshan",Telugu Desam Party,Andhra Pradesh,Former,70.0,1 (2002–2008)
1872,"Reddy, Dr. T. Subbarami",Indian National Congress,Andhra Pradesh,Former,82.0,"3 (2002–2008, 2008–2014, 2014–2020)"
1873,"Durga, Smt. N.P.",Telugu Desam Party,Andhra Pradesh,Former,74.0,1 (2002–2008)
1874,"Nandi Yellaiah, Shri",Indian National Congress,Andhra Pradesh,Former,83.0,"2 (2002–2008, 2008–2014)"
1875,"Reddy, Shri Ravula Chandra  Sekar",Telugu Desam Party,Andhra Pradesh,Former,71.0,1 (2002–2008)
1876,"Basha, Shri S.M. Laljan",Telugu Desam Party,Andhra Pradesh,Former,69.0,1 (2002–2008)
1877,"Brahma, Shri Urkhao Gwra",Independent & Others,Assam,Former,62.0,1 (2002–2008)
1878,"Sharmah, Shri Dwijendra Nath",Indian National Congress,Assam,Former,75.0,1 (2002–2008)
1879,"Lalu Prasad, Shri",Rashtriya Janata Dal,Bihar,Former,77.0,1 (2002–2008)
1880,"Singh, Shri Bashistha Narain",Janata Dal (United),Bihar,Former,78.0,"3 (2002–2008, 2012–2018, 2018–2024)"
1881,"Kashyap, Shri Ramadhar",Indian National Congress,Chhattisgarh,Former,89.0,1 (2002–2008)
1882,"Krishnamurthy  K., Shri Jana",Bharatiya Janata Party,Gujarat,Former,97.0,1 (2002–2008)
1883,"Patel, Shri Keshubhai S.",Bharatiya Janata Party,Gujarat,Former,95.0,1 (2002–2008)
1884,"Barot, Shri Jayantilal",Bharatiya Janata Party,Gujarat,Former,83.0,1 (2002–2008)
1885,"Kshatriya, Prof. Alka  Balram",Indian National Congress,Gujarat,Former,66.0,"2 (2002–2008, 2008–2014)"
1886,"Mahajan, Smt. Sumitra",Indian National Lok Dal,Haryana,Former,85.0,1 (2002–2008)
1887,"Malik, Shri Harendra  Singh",Indian National Lok Dal,Haryana,Former,71.0,1 (2002–2008)
1888,"Bhardwaj, Shri Suresh",Bharatiya Janata Party,Himachal Pradesh,Former,73.0,1 (2002–2008)
1889,"Maroo, Shri Ajay",Bharatiya Janata Party,Jharkhand,Former,67.0,1 (2002–2008)
1890,"Cariappa, Smt. Prema",Indian National Congress,Karnataka,Former,74.0,1 (2002–2008)
1891,"Rajasekharan, Shri M.V.",Indian National Congress,Karnataka,Former,97.0,1 (2002–2008)
1892,"Mallya, Dr. Vijay",Independent & Others,Karnataka,Former,70.0,"2 (2002–2008, 2010–2016)"
1893,"Singh, Smt. Maya",Bharatiya Janata Party,Madhya Pradesh,Former,75.0,"2 (2002–2008, 2008–2014)"
1894,"Keishing, Shri Rishang",Indian National Congress,Manipur,Former,106.0,"2 (2002–2008, 2008–2014)"
1895,"Natwar Singh, Shri K.",Indian National Congress,Rajasthan,Former,94.0,1 (2002–2008)
1896,"Thakur, Dr. Prabha",Indian National Congress,Rajasthan,Former,76.0,"2 (2002–2008, 2008–2014)"
1897,"Kharshiing, Shri Robert",Nationalist Congress Party,Meghalaya,Former,67.0,1 (2002–2008)
1899,"Shastri, Shri Sunil",Bharatiya Janata Party,Uttar Pradesh,Former,75.0,1 (2002–2002)
1900,"Sarkar, Shri Matilal",Communist Party of India (Marxist),Tripura,Former,84.0,"2 (2002–2004, 2004–2010)"
1901,"Poojary, Shri Janardhana",Indian National Congress,Karnataka,Former,88.0,"2 (1994–2000, 2002–2008)"
1902,"Ashwani Kumar, Shri",Indian National Congress,Punjab,Former,73.0,"3 (2002–2004, 2004–2010, 2010–2016)"
1903,"Naik, Shri G. Swamy",Indian National Congress,Andhra Pradesh,Former,,1 (1980–1986)
1904,"Naik, Shri L. Narsing",Telugu Desam Party,Andhra Pradesh,Former,,1 (1988–1994)
1905,"Prasad, Shri Abhay Kant",Bharatiya Janata Party,Jharkhand,Former,76.0,1 (2002–2004)
1906,"Apte, Shri Devdas",Bharatiya Janata Party,Jharkhand,Former,91.0,1 (2002–2008)
1907,"Lalhming Liana, Shri",Mizo National Front,Mizoram,Former,70.0,"2 (2002–2008, 2008–2014)"
1908,"Alexander, Dr. P. C.",Independent & Others,Maharashtra,Former,104.0,1 (2002–2008)
1909,"Suri, Shri Lalit",Independent & Others,Uttar Pradesh,Former,78.0,"2 (2002–2004, 2004–2010)"
1910,"Bajwa, Shri T.S.",Peoples Democratic Party,Jammu & Kashmir,Former,69.0,1 (2002–2008)
1911,"Rawat, Shri Harish",Indian National Congress,Uttarakhand,Former,78.0,1 (2002–2008)
1912,"Azmi, Shri Abu Asim",Samajwadi Party,Uttar Pradesh,Former,70.0,1 (2002–2008)
1913,"Singh, Shri Isam",Independent & Others,Uttar Pradesh,Former,74.0,1 (2002–2008)
1914,"Singh, Shri Uday Pratap",Samajwadi Party,Uttar Pradesh,Former,93.0,1 (2002–2008)
1915,"Naqvi, Shri Mukhtar Abbas",Bharatiya Janata Party,Jharkhand,Former,68.0,"3 (2002–2008, 2010–2016, 2016–2022)"
1916,"Singh, Shri Veer",Bahujan Samaj Party,Uttar Pradesh,Former,69.0,"3 (2002–2008, 2008–2014, 2014–2020)"
1917,"Siddiqui, Shri Shahid",Samajwadi Party,Uttar Pradesh,Former,74.0,1 (2002–2008)
1918,"Abdullah, Dr. Farooq",J&K National Conference,Jammu & Kashmir,Former,88.0,"2 (2002–2008, 2009–2015)"
1919,"Pillai, Shri K. Chandran",Communist Party of India (Marxist),Kerala,Former,69.0,1 (2003–2009)
1920,"Jalan, Dr. Bimal",Nominated,Nominated,Former,84.0,1 (2003–2009)
1921,"Singh, Shri Dara",Bharatiya Janata Party,Nominated,Former,97.0,1 (2003–2009)
1922,"Hema Malini, Smt.",Bharatiya Janata Party,Karnataka,Former,77.0,"2 (2003–2009, 2011–2012)"
1923,"Mitra, Dr. Chandan",Bharatiya Janata Party,Madhya Pradesh,Former,71.0,"2 (2003–2009, 2010–2016)"
1924,"Kasturirangan, Dr. K.",Nominated,Nominated,Former,85.0,1 (2003–2009)
1925,"Misra, Shri Vidya Nivas",Nominated,Nominated,Former,99.0,1 (2003–2009)
1926,"Manaklao, Dr. Narayan Singh",Bharatiya Janata Party,Nominated,Former,83.0,1 (2003–2009)
1927,"Manhar, Smt. Kamla",Indian National Congress,Chhattisgarh,Former,78.0,1 (2003–2006)
1928,"Condpan, Shri Silvius",Indian National Congress,Assam,Former,87.0,"2 (2004–2010, 2010–2016)"
1929,"Abdul Wahab, Shri",Indian Union Muslim League,Kerala,Sitting,75.0,"3 (2004–2010, 2015–2021, 2021–2027)"
1930,"Zeliang, Shri T.R.",Nagaland Peoples Front,Nagaland,Former,73.0,1 (2004–2010)
1931,"Gill, Dr. M.S.",Indian National Congress,Punjab,Former,89.0,"2 (2004–2010, 2010–2016)"
1932,"Bajwa, Shri Varinder Singh",Shiromani Akali Dal,Punjab,Former,80.0,1 (2004–2010)
1933,"Sabharwal, Shri Dharam Pal",Indian National Congress,Punjab,Former,85.0,1 (2004–2010)
1934,"Madhu, Shri Penumalli",Communist Party of India (Marxist),Andhra Pradesh,Former,77.0,1 (2004–2010)
1935,"Ramesh, Shri Jairam",Indian National Congress,Karnataka,Sitting,71.0,"4 (2004–2010, 2010–2016, 2016–2022, 2022–2028)"
1936,"Seelam, Shri Jesudasu",Indian National Congress,Andhra Pradesh,Former,72.0,"2 (2004–2010, 2010–2016)"
1937,"Sanghi, Shri Gireesh Kumar",Indian National Congress,Andhra Pradesh,Former,70.0,1 (2004–2010)
1938,"Alvi, Shri Raashid",Indian National Congress,Andhra Pradesh,Former,69.0,"2 (2004–2006, 2006–2012)"
1939,"Mandal, Shri Mangani Lal",Rashtriya Janata Dal,Bihar,Former,77.0,1 (2004–2008)
1940,"Nishad, Shri Vidya Sagar",Rashtriya Janata Dal,Bihar,Former,95.0,1 (2004–2006)
1941,"Kesari, Shri Narayan Singh",Bharatiya Janata Party,Madhya Pradesh,Former,100.0,"2 (2004–2006, 2006–2012)"
1942,"Pany, Shri Rudra Narayan",Bharatiya Janata Party,Odisha,Former,66.0,"2 (2004–2006, 2006–2012)"
1943,"Sukhbuns Kaur, Smt.",Indian National Congress,Punjab,Former,82.0,1 (2004–2010)
1944,"Pilania, Dr. Gyan Prakash",Bharatiya Janata Party,Rajasthan,Former,93.0,"2 (2004–2008, 2008–2014)"
1945,"Raut, Shri Sanjay",Shiv Sena-Uddhav Balasaheb Thackeray,Maharashtra,Sitting,64.0,"4 (2004–2010, 2010–2016, 2016–2022, 2022–2028)"
1946,"Lodha, Dr. Chhattrapal Singh",Bharatiya Janata Party,Odisha,Former,80.0,1 (2004–2005)
1947,"Mohapatra, Shri Pyarimohan",Independent & Others,Odisha,Former,86.0,"2 (2004–2010, 2010–2016)"
1948,"Nayak, Dr. Radhakant",Indian National Congress,Odisha,Former,86.0,1 (2004–2010)
1949,"Ramadoss, Dr. Anbumani",Pattali Makkal Katchi,Tamil Nadu,Former,57.0,"2 (2004–2010, 2019–2025)"
1950,"Govindarajar, Shri N.R.",All India Anna Dravida Munnetra Kazhagam,Tamil Nadu,Former,71.0,1 (2004–2010)
1951,"Natchiappan, Dr. E.M. Sudarsana",Indian National Congress,Tamil Nadu,Former,78.0,"2 (2004–2010, 2010–2016)"
1952,"Dhinakaran, Shri T.T.V.",All India Anna Dravida Munnetra Kazhagam,Tamil Nadu,Former,62.0,1 (2004–2010)
1953,"Malaisamy, Dr. K.",All India Anna Dravida Munnetra Kazhagam,Tamil Nadu,Former,88.0,1 (2004–2010)
1954,"Sharma, Shri Laxminarayan",Bharatiya Janata Party,Madhya Pradesh,Former,92.0,1 (2004–2010)
1955,"Kidwai, Smt. Mohsina",Indian National Congress,Chhattisgarh,Former,94.0,"2 (2004–2010, 2010–2016)"
1956,"Thirunavukkarasar, Shri Su.",Bharatiya Janata Party,Madhya Pradesh,Former,76.0,1 (2004–2010)
1957,"Anbalagan, Shri S.",All India Anna Dravida Munnetra Kazhagam,Tamil Nadu,Former,76.0,1 (2004–2010)
1958,"Patil, Shri Shivraj Vishwanath",Indian National Congress,Maharashtra,Former,90.0,1 (2004–2010)
1959,"Tariq Anwar, Shri",Nationalist Congress Party,Maharashtra,Former,75.0,"2 (2004–2010, 2010–2016)"
1960,"Joshi, Shri Sharad Anantrao",Swtantra Bharat Paksh,Maharashtra,Former,90.0,1 (2004–2010)
1961,"Chaturvedi, Shri Lalit Kishore",Bharatiya Janata Party,Rajasthan,Former,94.0,1 (2004–2010)
1962,"Akhtar, Shri Kamal",Samajwadi Party,Uttar Pradesh,Former,54.0,1 (2004–2010)
1963,"Yadav, Shri Nand Kishore",Samajwadi Party,Uttar Pradesh,Former,66.0,1 (2004–2010)
1964,"Bachchan, Smt. Jaya Amitabh",Samajwadi Party,Uttar Pradesh,Sitting,77.0,"5 (2004–2010, 2006–2010, 2012–2018, 2018–2024, 2024–2030)"
1965,"Singh, Shri Bhagwati",Samajwadi Party,Uttar Pradesh,Former,92.0,1 (2004–2010)
1966,"Sahu, Shri Ram Narayan",Samajwadi Party,Uttar Pradesh,Former,87.0,1 (2004–2010)
1967,"Misra, Shri Satish Chandra",Bahujan Samaj Party,Uttar Pradesh,Former,73.0,"3 (2004–2010, 2010–2016, 2016–2022)"
1968,"Ambani, Shri Anil Dhirubhai",Independent & Others,Uttar Pradesh,Former,66.0,1 (2010–2006)
1969,"Nishad, Shri Jai Narain Prasad",Bharatiya Janata Party,Bihar,Former,95.0,1 (2004–2010)
1970,"Rahman, Shri Motiur",Rashtriya Janata Dal,Bihar,Former,79.0,1 (2004–2010)
1971,"Yadav, Shri Subhash  Prasad",Rashtriya Janata Dal,Bihar,Former,58.0,1 (2004–2010)
1972,"Marandi, Shri Stiphen",Jharkhand Mukti Morcha,Jharkhand,Former,72.0,1 (2004–2010)
1973,"Ramaswamy, Dr. M.A.M.",Janata Dal (Secular),Karnataka,Former,94.0,1 (2004–2010)
1974,"Majumdar, Shri Chittabrata",Communist Party of India (Marxist),West Bengal,Former,90.0,"2 (2004–2005, 2005–2011)"
1975,"Chautala, Shri Ajay Singh",Indian National Lok Dal,Haryana,Former,64.0,1 (2004–2010)
1976,"Singh, Sardar Tarlochan",Independent & Others,Haryana,Former,92.0,1 (2004–2010)
1977,"Dwivedi, Shri Janardan",Indian National Congress,National Capital Territory of Delhi,Former,80.0,"3 (2004–2006, 2006–2012, 2012–2018)"
1978,"Sayeed, Shri P.M.",Indian National Congress,National Capital Territory of Delhi,Former,84.0,1 (2004–2005)
1979,"Kurien, Prof. P.J.",Indian National Congress,Kerala,Former,84.0,"3 (2005–2006, 2006–2012, 2012–2018)"
1980,"Chavan, Shri Vasant",Nationalist Congress Party,Maharashtra,Former,83.0,"2 (2005–2006, 2006–2012)"
1981,"Naik, Shri Shantaram",Indian National Congress,Goa,Former,79.0,"2 (2005–2011, 2011–2017)"
1983,"Acharya, Shri Suryakantbhai",Bharatiya Janata Party,Gujarat,Former,96.0,1 (2005–2011)
1984,"Patel, Shri Surendra Motilal",Bharatiya Janata Party,Gujarat,Former,88.0,1 (2005–2011)
1986,"Sengupta, Shri Arjun Kumar",Independent & Others,West Bengal,Former,88.0,1 (2005–2011)
1988,"Karat, Smt. Brinda",Communist Party of India (Marxist),West Bengal,Former,78.0,1 (2005–2011)
1989,"Yechury, Shri Sitaram",Communist Party of India (Marxist),West Bengal,Former,73.0,"2 (2005–2011, 2011–2017)"
1990,"Bose, Shri Swapan Sadhan",All India Trinamool Congress,West Bengal,Former,78.0,1 (2005–2011)
1991,"Aggarwal, Shri Jai Parkash",Indian National Congress,National Capital Territory of Delhi,Former,81.0,1 (2006–2012)
1992,"Vatsyayan, Dr.(Smt.) Kapila",Nominated,Nominated,Former,97.0,"2 (2006–2006, 2007–2012)"
1993,"Bhartia, Smt. Shobhana",Nominated,Nominated,Former,69.0,1 (2006–2012)
1994,"Benegal, Shri Shyam",Nominated,Nominated,Former,91.0,1 (2006–2012)
1995,"Lepcha, Shri O.T.",Sikkim Democratic Front,Sikkim,Former,56.0,1 (2006–2012)
1996,"Majhi, Shri Bhagirathi",Bharatiya Janata Party,Odisha,Former,71.0,1 (2006–2010)
1997,"Pasha, Shri Syed Azeez",Communist Party of India,Andhra Pradesh,Former,80.0,1 (2006–2012)
1998,"Rao, Dr. K. Keshava",Bharat Rashtra Samithi,Telangana,Former,86.0,"3 (2006–2012, 2014–2020, 2020–2026)"
1999,"Reddy, Shri M.V. Mysura",Telugu Desam Party,Andhra Pradesh,Former,76.0,1 (2006–2012)
2000,"Reddy, Shri G. Sanjeeva",Indian National Congress,Andhra Pradesh,Former,95.0,1 (2006–2012)
2001,"Prasad, Shri Rajniti",Rashtriya Janata Dal,Bihar,Former,79.0,1 (2006–2012)
2002,"Ansari, Shri Ali  Anwar",Janata Dal (United),Bihar,Former,72.0,"2 (2006–2012, 2012–2018)"
2003,"Sahni, Shri Mahendra",Janata Dal (United),Bihar,Former,85.0,1 (2006–2012)
2004,"Husain, Shri Jabir",Rashtriya Janata Dal,Bihar,Former,80.0,1 (2006–2012)
2005,"Vyas, Shri Shreegopal",Bharatiya Janata Party,Chhattisgarh,Former,93.0,1 (2006–2012)
2006,"Patel, Shri Kanjibhai",Bharatiya Janata Party,Gujarat,Former,89.0,1 (2006–2012)
2007,"Rashtrapal, Shri Praveen",Indian National Congress,Gujarat,Former,86.0,"2 (2006–2012, 2012–2018)"
2008,"Rupani, Shri Vijaykumar",Bharatiya Janata Party,Gujarat,Former,69.0,1 (2006–2012)
2009,"Thakur, Smt. Viplove",Indian National Congress,Himachal Pradesh,Former,82.0,"2 (2006–2012, 2014–2020)"
2010,"Chandrasekhar, Shri Rajeev",Bharatiya Janata Party,Karnataka,Former,61.0,"3 (2006–2012, 2012–2018, 2018–2024)"
2011,"Shanappa, Shri K.B.",Bharatiya Janata Party,Karnataka,Former,87.0,1 (2006–2012)
2012,"Uikey, Miss Anusuiya",Bharatiya Janata Party,Madhya Pradesh,Former,68.0,1 (2006–2012)
2013,"Joshi, Dr. Manohar",Shiv Sena,Maharashtra,Former,88.0,1 (2006–2012)
2014,"Kanchhal, Shri Banwari Lal",Samajwadi Party,Uttar Pradesh,Former,80.0,1 (2006–2012)
2015,"Balihari Babu, Shri",Bahujan Samaj Party,Uttar Pradesh,Former,75.0,1 (2006–2012)
2016,"Mahendra Mohan, Shri",Samajwadi Party,Uttar Pradesh,Former,85.0,1 (2006–2012)
2017,"Ali, Shri Munquad",Bahujan Samaj Party,Uttar Pradesh,Former,63.0,"2 (2006–2012, 2012–2018)"
2018,"Katiyar, Shri Vinay",Bharatiya Janata Party,Uttar Pradesh,Former,71.0,"2 (2006–2012, 2012–2018)"
2019,"Yadav, Shri Veer Pal Singh",Samajwadi Party,Uttar Pradesh,Former,70.0,1 (2006–2012)
2020,"Bhatia, Shri Virendra",Samajwadi Party,Uttar Pradesh,Former,78.0,1 (2006–2012)
2021,"Chaturvedi, Shri Satyavrat",Indian National Congress,Madhya Pradesh,Former,76.0,"2 (2006–2012, 2012–2018)"
2022,"Sen, Shri Tapan Kumar",Communist Party of India (Marxist),West Bengal,Former,74.0,"2 (2006–2012, 2012–2018)"
2023,"Mukherji, Dr. Barun",All India Forward Block,West Bengal,Former,92.0,"2 (2006–2008, 2008–2014)"
2024,"Moinul Hassan, Shri",Communist Party of India (Marxist),West Bengal,Former,68.0,1 (2006–2012)
2025,"Roy, Shri Mukul",All India Trinamool Congress,West Bengal,Former,71.0,"2 (2006–2012, 2012–2018)"
2026,"Pathak, Shri Saman",Communist Party of India (Marxist),West Bengal,Former,52.0,1 (2006–2012)
2027,"Madani, Shri Mahmood A.",Rashtriya Lok Dal,Uttar Pradesh,Former,61.0,1 (2006–2012)
2029,"Singhvi, Dr. Abhishek Manu",Indian National Congress,Telangana,Sitting,66.0,"4 (2006–2012, 2012–2018, 2018–2024, 2024–2026)"
2030,"Balmiki, Shri Krishan Lal",Bharatiya Janata Party,Rajasthan,Former,83.0,1 (2006–2012)
2032,"Khan, Shri Amir Alam",Samajwadi Party,Uttar Pradesh,Former,67.0,1 (2006–2010)
2033,"Aslam, Chowdhary Mohammad",Indian National Congress,Jammu & Kashmir,Former,86.0,1 (2006–2008)
2034,"Bajaj, Shri Rahul",Independent & Others,Maharashtra,Former,87.0,1 (2006–2010)
2035,"Ismail, Shri K.E.",Communist Party of India,Kerala,Former,86.0,1 (2006–2012)
2036,"Rajan, Shri P.R.",Communist Party of India (Marxist),Kerala,Former,89.0,1 (2006–2012)
2037,"Kumaran, Shri K.P.K.",Dravida Munnetra Kazhagam,Tamil Nadu,Former,60.0,1 (2006–2007)
2038,"Sule, Smt. Supriya",Nationalist Congress Party,Maharashtra,Former,56.0,1 (2006–2012)
2039,"Tiwari, Shri B.B.",Samajwadi Party,Uttar Pradesh,Former,84.0,"2 (2006–2010, 2012–2018)"
2040,"Gujral, Shri Naresh",Shiromani Akali Dal,Punjab,Former,77.0,"3 (2007–2010, 2010–2016, 2016–2022)"
2041,"Ram Prakash, Dr.",Indian National Congress,Haryana,Former,86.0,"2 (2007–2008, 2008–2014)"
2042,"Swaminathan, Prof. M.S.",Nominated,Nominated,Former,100.0,1 (2007–2013)
2043,"Das, Shri Kumar Deepak",Asom Gana Parishad,Assam,Former,67.0,1 (2007–2013)
2044,"Elavarasan, Shri A.",All India Anna Dravida Munnetra Kazhagam,Tamil Nadu,Former,73.0,1 (2007–2013)
2045,"Kanimozhi, Smt.",Dravida Munnetra Kazhagam,Tamil Nadu,Former,58.0,"2 (2007–2013, 2013–2019)"
2047,"Raja, Shri D.",Communist Party of India,Tamil Nadu,Former,76.0,"2 (2007–2013, 2013–2019)"
2048,"Rajan, Shri Ambeth",Bahujan Samaj Party,Uttar Pradesh,Former,69.0,"2 (2007–2010, 2010–2016)"
2049,"Ali, Dr. Ejaz",Janata Dal (United),Bihar,Former,67.0,1 (2008–2010)
2050,"Javadekar, Shri Prakash",Bharatiya Janata Party,Maharashtra,Former,74.0,"3 (2008–2014, 2014–2018, 2018–2024)"
2051,"Trivedi, Dr. Yogendra P.",Nationalist Congress Party,Maharashtra,Former,97.0,1 (2008–2014)
2052,"Raut, Dr. Bharatkumar",Shiv Sena,Maharashtra,Former,72.0,1 (2008–2014)
2053,"Waghmare, Dr. Janardhan",Nationalist Congress Party,Maharashtra,Former,91.0,1 (2008–2014)
2054,"Pradhan, Smt. Renubala",Biju Janata Dal,Odisha,Former,61.0,1 (2008–2014)
2055,"Mangala Kisan, Shri",Biju Janata Dal,Odisha,Former,78.0,1 (2008–2014)
2056,"Jinnah, Shri A.A.",Dravida Munnetra Kazhagam,Tamil Nadu,Former,84.0,1 (2008–2014)
2057,"Balaganga, Shri N.",All India Anna Dravida Munnetra Kazhagam,Tamil Nadu,Former,75.0,1 (2008–2014)
2058,"Rangarajan, Shri T.K.",Communist Party of India (Marxist),Tamil Nadu,Former,84.0,"2 (2008–2014, 2014–2020)"
2059,"Stanley, Smt. Vasanthi",Dravida Munnetra Kazhagam,Tamil Nadu,Former,63.0,1 (2008–2014)
2060,"Malihabadi, Shri Ahmad Saeed",Independent & Others,West Bengal,Former,95.0,1 (2008–2014)
2061,"Chakraborty, Shri Shyamal",Communist Party of India (Marxist),West Bengal,Former,81.0,1 (2008–2014)
2064,"Baishya, Shri Birendra Prasad",Asom Gana Parishad,Assam,Sitting,69.0,"3 (2008–2014, 2019–2025, 2025–2031)"
2065,"Daimary, Shri Biswajit",Bharatiya Janata Party,Assam,Former,54.0,
2066,"Khan, Shri Mohd. Ali",Indian National Congress,Andhra Pradesh,Former,78.0,"2 (2008–2014, 2014–2020)"
2067,"Ratna Bai, Smt. T.",Indian National Congress,Andhra Pradesh,Former,79.0,1 (2008–2014)
2068,"Rao, Dr. K.V.P. Ramachandra",Indian National Congress,Telangana,Former,77.0,"3 (2008–2014, 2014–2014, 2014–2020)"
2070,"Singh, Shri Shivpratap",Bharatiya Janata Party,Chhattisgarh,Former,83.0,1 (2008–2014)
2071,"Thakor, Shri Natuji Halaji",Bharatiya Janata Party,Gujarat,Former,65.0,1 (2008–2014)
2072,"Rupala, Shri Parshottam",Bharatiya Janata Party,Gujarat,Former,71.0,"3 (2008–2014, 2016–2018, 2018–2024)"
2073,"Parmar, Shri Bharatsinh Prabhatsinh",Bharatiya Janata Party,Gujarat,Former,67.0,1 (2008–2014)
2074,"Singh, Shri Ishwar",Indian National Congress,Haryana,Former,75.0,1 (2008–2014)
2075,"Mathur, Shri Om Prakash",Bharatiya Janata Party,Rajasthan,Former,74.0,"2 (2008–2014, 2016–2022)"
2076,"Thakur, Dr. C.P.",Bharatiya Janata Party,Bihar,Former,94.0,"2 (2008–2014, 2014–2020)"
2077,"Tiwari, Shri Shivanand",Janata Dal (United),Bihar,Former,82.0,1 (2008–2014)
2078,"Singh, Shri N. K.",Janata Dal (United),Bihar,Former,84.0,1 (2008–2014)
2079,"Ali, Shri Sabir",Janata Dal (United),Bihar,Former,55.0,"2 (2008–2014, 2011–2014)"
2080,"Singh, Shri Jai Prakash Narayan",Bharatiya Janata Party,Jharkhand,Former,77.0,1 (2008–2014)
2081,"Nathwani, Shri Parimal",Yuvajana Sramika Rythu Congress Party,Andhra Pradesh,Sitting,69.0,"3 (2008–2014, 2014–2020, 2020–2026)"
2082,"Jha, Shri Prabhat",Bharatiya Janata Party,Madhya Pradesh,Former,68.0,"2 (2008–2014, 2014–2020)"
2083,"Sharma, Shri Raghunandan",Bharatiya Janata Party,Madhya Pradesh,Former,79.0,1 (2008–2014)
2084,"Sangma, Shri Thomas",Nationalist Congress Party,Meghalaya,Former,64.0,1 (2008–2014)
2085,"Nandamuri Harikrishna, Shri",Telugu Desam Party,Andhra Pradesh,Former,69.0,1 (2008–2014)
2086,"Shanta Kumar, Shri",Bharatiya Janata Party,Himachal Pradesh,Former,91.0,1 (2008–2014)
2087,"Mukut Mithi, Shri",Indian National Congress,Arunachal Pradesh,Former,74.0,"2 (2008–2014, 2014–2020)"
2088,"Singh, Shri R.C.",Communist Party of India,West Bengal,Former,81.0,1 (2008–2012)
2089,"Lad, Shri Anil H.",Indian National Congress,Karnataka,Former,52.0,1 (2008–2014)
2092,"Jois, Shri M. Rama",Bharatiya Janata Party,Karnataka,Former,94.0,1 (2008–2014)
2093,"Rudy, Shri Rajiv Pratap",Bharatiya Janata Party,Bihar,Former,63.0,"2 (2008–2010, 2010–2016)"
2094,"Zhimomi, Shri Khekiho",Nagaland Peoples Front,Nagaland,Former,79.0,"2 (2008–2010, 2010–2016)"
2095,"Rangarajan, Dr. C.",Nominated,Nominated,Former,94.0,1 (2008–2010)
2096,"Karimpuri, Shri Avtar Singh",Bahujan Samaj Party,Uttar Pradesh,Former,61.0,1 (2008–2014)
2097,"Rai, Smt. Kusum",Bharatiya Janata Party,Uttar Pradesh,Former,57.0,1 (2008–2014)
2098,"Khabri, Shri Brijlal",Bahujan Samaj Party,Uttar Pradesh,Former,64.0,1 (2008–2014)
2099,"Pathak, Shri Brajesh",Bahujan Samaj Party,Uttar Pradesh,Former,61.0,1 (2008–2014)
2100,"Rajaram, Shri",Bahujan Samaj Party,Uttar Pradesh,Former,57.0,"2 (2008–2014, 2014–2020)"
2101,"Adeeb, Shri Mohammed",Independent & Others,Uttar Pradesh,Former,80.0,1 (2008–2014)
2102,"Koshyari, Shri Bhagat Singh",Bharatiya Janata Party,Uttarakhand,Former,83.0,1 (2008–2014)
2103,"Tomer, Shri Narendra Singh",Bharatiya Janata Party,Madhya Pradesh,Former,,1 (2009–2010)
2104,"Shafi, Shri Mohammad",J&K National Conference,Jammu & Kashmir,Former,82.0,1 (2009–2015)
2105,"Achuthan, Shri M.P.",Communist Party of India,Kerala,Former,77.0,1 (2009–2015)
2106,"Rajeeve, Shri P.",Communist Party of India (Marxist),Kerala,Former,58.0,1 (2009–2015)
2107,"Sahu, Shri Dhiraj Prasad",Indian National Congress,Jharkhand,Former,70.0,"3 (2009–2010, 2010–2016, 2018–2024)"
2108,"Soren, Shri Hemant",Jharkhand Mukti Morcha,Jharkhand,Former,,1 (2009–2010)
2109,"Ganga Charan, Shri",Bahujan Samaj Party,Uttar Pradesh,Former,65.0,1 (2009–2012)
2110,"Pal, Shri Shriram",Bahujan Samaj Party,Uttar Pradesh,Former,,1 (2009–2010)
2111,"Fernandes, Shri George",Janata Dal (United),Bihar,Former,95.0,1 (2009–2010)
2112,"Sai, Shri Nand Kumar",Bharatiya Janata Party,Chhattisgarh,Former,80.0,"2 (2009–2010, 2010–2016)"
2113,"Batra, Shri Shadi Lal",Indian National Congress,Haryana,Former,86.0,"2 (2009–2012, 2012–2018)"
2114,"Ratanpuri, Shri G. N.",J&K National Conference,Jammu & Kashmir,Former,71.0,1 (2009–2015)
2115,"Dave, Shri Anil Madhav",Bharatiya Janata Party,Madhya Pradesh,Former,69.0,"3 (2009–2010, 2010–2016, 2016–2022)"
2116,"Solanki, Shri Kaptan Singh",Bharatiya Janata Party,Madhya Pradesh,Former,86.0,"2 (2009–2012, 2012–2018)"
2117,"Mohite-Patil, Shri Ranjitsinh Vijaysinh",Nationalist Congress Party,Maharashtra,Former,53.0,1 (2009–2012)
2118,"Deshmukh, Shri Vilasrao Dagadojirao",Indian National Congress,Maharashtra,Former,80.0,"2 (2009–2012, 2012–2018)"
2120,"Budania, Shri Narendra",Indian National Congress,Rajasthan,Former,69.0,"3 (2009–2010, 2010–2012, 2012–2018)"
2121,"Prakash, Shri Jai",Bahujan Samaj Party,Uttar Pradesh,Former,67.0,1 (2009–2012)
2122,"Hashmi, Shri Parvez",Indian National Congress,National Capital Territory of Delhi,Former,71.0,"2 (2009–2012, 2012–2018)"
2123,"Mohanty, Shri Kishore Kumar",Biju Janata Dal,Odisha,Former,67.0,1 (2009–2012)
2125,"Kannan, Shri P.",Indian National Congress,Puducherry,Former,76.0,1 (2009–2015)
2126,"Dua, Shri H.K.",Nominated,Nominated,Former,88.0,1 (2009–2015)
2127,"Ganguly, Dr. Ashok S.",Nominated,Nominated,Former,90.0,1 (2009–2015)
2128,"Sahani, Dr. Anil Kumar",Janata Dal (United),Bihar,Former,62.0,"2 (2010–2012, 2012–2018)"
2129,"Naik, Shri Pravin",Bharatiya Janata Party,Gujarat,Former,89.0,1 (2010–2011)
2130,"Agrawal, Shri Naresh",Samajwadi Party,Uttar Pradesh,Former,74.0,"2 (2010–2012, 2012–2018)"
2131,"Jayashree, Smt. B.",Nominated,Nominated,Former,75.0,1 (2010–2016)
2132,"Akhtar, Shri Javed",Nominated,Nominated,Former,81.0,1 (2010–2016)
2133,"Aiyar, Shri Mani Shankar",Indian National Congress,Nominated,Former,84.0,1 (2010–2016)
2134,"Munda, Dr. Ram Dayal",Indian National Congress,Nominated,Former,86.0,1 (2010–2016)
2135,"Mungekar, Dr. Bhalchandra",Indian National Congress,Nominated,Former,79.0,1 (2010–2016)
2136,"Faruque, Smt. Naznin",Indian National Congress,Assam,Former,71.0,1 (2010–2016)
2137,"Balagopal, Shri K.N.",Communist Party of India (Marxist),Kerala,Former,62.0,1 (2010–2016)
2138,"Sood, Smt. Bimla Kashyap",Bharatiya Janata Party,Himachal Pradesh,Former,83.0,1 (2010–2016)
2139,"Seema, Dr. T.N.",Communist Party of India (Marxist),Kerala,Former,62.0,1 (2010–2016)
2141,"Baidya, Smt. Jharna Das",Communist Party of India (Marxist),Tripura,Former,63.0,"2 (2010–2016, 2016–2022)"
2142,"Khanna, Shri Avinash Rai",Bharatiya Janata Party,Punjab,Former,65.0,1 (2010–2016)
2143,"Sudharani, Smt. Gundu",Telugu Desam Party,Telangana,Former,61.0,"2 (2010–2014, 2014–2016)"
2144,"Chowdary, Shri Y. S.",Bharatiya Janata Party,Andhra Pradesh,Former,64.0,"2 (2010–2016, 2016–2022)"
2145,"Ramalingam, Shri K.V.",All India Anna Dravida Munnetra Kazhagam,Tamil Nadu,Former,69.0,1 (2010–2016)
2146,"Pandian, Shri Paul Manoj",All India Anna Dravida Munnetra Kazhagam,Tamil Nadu,Former,54.0,1 (2010–2016)
2147,"Thangavelu, Shri S.",Dravida Munnetra Kazhagam,Tamil Nadu,Former,71.0,1 (2010–2016)
2148,"Selvaganapathi, Shri T.M.",Dravida Munnetra Kazhagam,Tamil Nadu,Former,66.0,1 (2010–2016)
2149,"Ramalingam, Dr. K.P.",Dravida Munnetra Kazhagam,Tamil Nadu,Former,71.0,1 (2010–2016)
2150,"Sadho, Dr. Vijaylaxmi",Indian National Congress,Madhya Pradesh,Former,70.0,1 (2010–2016)
2151,"Manjunatha, Shri Aayanur",Bharatiya Janata Party,Karnataka,Former,70.0,1 (2010–2016)
2152,"Behera, Shri Shashi Bhusan",Biju Janata Dal,Odisha,Former,72.0,1 (2010–2016)
2153,"Parida, Shri Baishnab",Biju Janata Dal,Odisha,Former,84.0,1 (2010–2016)
2154,"Jain, Shri Ishwarlal Shankarlal",Nationalist Congress Party,Maharashtra,Former,79.0,1 (2010–2016)
2155,"Pande, Shri Avinash",Indian National Congress,Maharashtra,Former,67.0,1 (2010–2016)
2157,"Ashk Ali Tak, Shri",Indian National Congress,Rajasthan,Former,67.0,1 (2010–2016)
2158,"Badnore, Shri V.P. Singh",Bharatiya Janata Party,Rajasthan,Former,77.0,1 (2010–2016)
2159,"Kishore, Shri Jugul",Bahujan Samaj Party,Uttar Pradesh,Former,66.0,1 (2010–2016)
2160,"Kashyap, Shri Narendra Kumar",Bahujan Samaj Party,Uttar Pradesh,Former,63.0,1 (2010–2016)
2161,"Baghel, Prof. S.P.Singh",Bahujan Samaj Party,Uttar Pradesh,Former,65.0,1 (2010–2016)
2162,"Ansari, Shri Salim",Bahujan Samaj Party,Uttar Pradesh,Former,63.0,1 (2010–2016)
2163,"Singh, Shri Mohan",Samajwadi Party,Uttar Pradesh,Former,80.0,1 (2010–2016)
2165,"Saini, Shri Rajpal Singh",Bahujan Samaj Party,Uttar Pradesh,Former,73.0,1 (2010–2016)
2166,"Vijay, Shri Tarun",Bharatiya Janata Party,Uttarakhand,Former,69.0,1 (2010–2016)
2167,"Singh, Shri Ram Chandra Prasad",Janata Dal (United),Bihar,Former,67.0,"2 (2010–2016, 2016–2022)"
2168,"Kushwaha, Shri Upendra",Rashtriya Lok Morcha,Bihar,Sitting,65.0,"2 (2010–2016, 2024–2026)"
2169,"Paswan, Shri Ram Vilas",Lok Janasakti Party,Bihar,Former,79.0,"2 (2010–2016, 2019–2024)"
2170,"Yadav, Shri Ram Kripal",Bharatiya Janata Party,Bihar,Former,68.0,1 (2010–2016)
2171,"Singh, Dr. Kanwar Deep",All India Trinamool Congress,West Bengal,Former,64.0,"2 (2010–2016, 2014–2020)"
2172,"Kureel, Shri Pramod",Bahujan Samaj Party,Uttar Pradesh,Former,59.0,1 (2010–2012)
2173,"Goyal, Shri Piyush",Bharatiya Janata Party,Maharashtra,Former,61.0,"3 (2010–2016, 2016–2022, 2022–2028)"
2174,"Parjapati, Shri Ranbir Singh",Indian National Lok Dal,Haryana,Former,61.0,1 (2010–2016)
2175,"Singh, Chaudhary Birender",Bharatiya Janata Party,Haryana,Former,79.0,"3 (2010–2016, 2014–2016, 2016–2022)"
2176,"Jain, Shri Meghraj",Bharatiya Janata Party,Madhya Pradesh,Former,82.0,"2 (2011–2012, 2014–2018)"
2177,"Bernard, Shri A. W. Rabi",All India Anna Dravida Munnetra Kazhagam,Tamil Nadu,Former,66.0,1 (2011–2016)
2178,"Dalwai, Shri Husain",Indian National Congress,Maharashtra,Former,82.0,"2 (2011–2014, 2014–2020)"
2179,"Pandya, Shri Dilipbhai",Bharatiya Janata Party,Gujarat,Former,81.0,1 (2011–2017)
2180,"Irani, Smt. Smriti Zubin",Bharatiya Janata Party,Gujarat,Former,49.0,"2 (2011–2017, 2017–2023)"
2181,"O' Brien, Shri Derek",All India Trinamool Congress,West Bengal,Sitting,64.0,"3 (2011–2017, 2017–2023, 2023–2029)"
2182,"Bandyopadhyay, Shri D.",All India Trinamool Congress,West Bengal,Former,94.0,1 (2011–2017)
2183,"Bhattacharya, Shri P.",Indian National Congress,West Bengal,Former,81.0,"2 (2011–2017, 2017–2023)"
2184,"Ray, Shri Sukhendu Sekhar",All India Trinamool Congress,West Bengal,Sitting,76.0,"3 (2011–2017, 2017–2023, 2023–2029)"
2185,"Bose, Shri Srinjoy",All India Trinamool Congress,West Bengal,Former,49.0,1 (2011–2017)
2186,"Bora, Shri Pankaj",Indian National Congress,Assam,Former,79.0,1 (2011–2016)
2187,"Lachungpa, Shri Hishey",Sikkim Democratic Front,Sikkim,Former,58.0,"2 (2012–2018, 2018–2024)"
2189,"Rapolu, Shri Ananda Bhaskar",Indian National Congress,Telangana,Former,62.0,"2 (2012–2014, 2014–2018)"
2194,"Chiranjeevi, Dr. K.",Indian National Congress,Andhra Pradesh,Former,70.0,1 (2012–2018)
2196,"Reddy, Shri Palvai Govardhan",Indian National Congress,Telangana,Former,89.0,"2 (2012–2014, 2014–2018)"
2197,"Gupta, Shri Vivek",All India Trinamool Congress,West Bengal,Former,50.0,1 (2012–2018)
2198,"Haque, Shri Mohammed Nadimul",All India Trinamool Congress,West Bengal,Sitting,56.0,"3 (2012–2018, 2018–2024, 2024–2030)"
2199,"Ghosh, Shri Kunal Kumar",All India Trinamool Congress,West Bengal,Former,57.0,1 (2012–2018)
2200,"Goud T., Shri Devender",Telugu Desam Party,Andhra Pradesh,Former,72.0,1 (2012–2018)
2201,"Mahra, Shri Mahendra Singh",Indian National Congress,Uttarakhand,Former,86.0,1 (2012–2018)
2202,"Ramesh, Dr. C.M.",Bharatiya Janata Party,Andhra Pradesh,Former,60.0,"3 (2012–2014, 2014–2018, 2018–2024)"
2203,"Pradhan, Shri Dharmendra",Bharatiya Janata Party,Madhya Pradesh,Former,56.0,"2 (2012–2018, 2018–2024)"
2204,"Nadda, Shri Jagat Prakash",Bharatiya Janata Party,Gujarat,Sitting,65.0,"3 (2012–2018, 2018–2024, 2024–2030)"
2205,"Vegad, Shri Shankarbhai N.",Bharatiya Janata Party,Gujarat,Former,70.0,1 (2012–2018)
2206,"Jangde, Dr. Bhushan Lal",Bharatiya Janata Party,Chhattisgarh,Former,82.0,1 (2012–2018)
2207,"Mandaviya, Dr. Mansukh",Bharatiya Janata Party,Gujarat,Former,53.0,"2 (2012–2018, 2018–2024)"
2208,"Patil, Shri Basawaraj",Bharatiya Janata Party,Karnataka,Former,81.0,1 (2012–2018)
2209,"Rangasayee Ramakrishna, Shri",Bharatiya Janata Party,Karnataka,Former,91.0,1 (2012–2018)
2210,"Chavan, Smt. Vandana",Nationalist Congress Party,Maharashtra,Former,64.0,"2 (2012–2018, 2018–2024)"
2211,"Tripathi, Shri D.P.",Nationalist Congress Party,Maharashtra,Former,73.0,1 (2012–2018)
2212,"Desai, Shri Anil",Shiv Sena,Maharashtra,Former,68.0,"2 (2012–2018, 2018–2024)"
2213,"Sancheti, Shri Ajay",Bharatiya Janata Party,Maharashtra,Former,60.0,1 (2012–2018)
2214,"Gehlot, Shri Thaawarchand",Bharatiya Janata Party,Madhya Pradesh,Former,77.0,"2 (2012–2018, 2018–2024)"
2215,"Kulaste, Shri Faggan Singh",Bharatiya Janata Party,Madhya Pradesh,Former,66.0,1 (2012–2018)
2217,"Nanda, Shri Kiranmay",Samajwadi Party,Uttar Pradesh,Former,81.0,1 (2012–2018)
2218,"Yadav, Shri Darshan Singh",Samajwadi Party,Uttar Pradesh,Former,81.0,1 (2012–2018)
2219,"Saleem, Chaudhary Munvvar",Samajwadi Party,Uttar Pradesh,Former,66.0,1 (2012–2018)
2221,"Tirkey, Shri Dilip Kumar",Biju Janata Dal,Odisha,Former,48.0,1 (2012–2018)
2222,"Mohapatra, Shri Rabinarayan",Biju Janata Dal,Odisha,Former,68.0,1 (2012–2018)
2223,"Swamy, Shri A.V.",Independent & Others,Odisha,Former,96.0,1 (2012–2018)
2224,"Yadav, Shri Bhupender",Bharatiya Janata Party,Rajasthan,Former,56.0,"2 (2012–2018, 2018–2024)"
2225,"Singh, Shri Arvind Kumar",Samajwadi Party,Uttar Pradesh,Former,57.0,1 (2012–2016)
2226,"Tendulkar, Shri Sachin Ramesh",Nominated,Nominated,Former,52.0,1 (2012–2018)
2227,"Aga, Ms. Anu",Nominated,Nominated,Former,83.0,1 (2012–2018)
2228,"Rekha, Ms.",Nominated,Nominated,Former,71.0,1 (2012–2018)
2229,"Balmuchu, Dr. Pradeep Kumar",Indian National Congress,Jharkhand,Former,68.0,1 (2012–2018)
2230,"Sanjiv Kumar, Shri",Jharkhand Mukti Morcha,Jharkhand,Former,68.0,1 (2012–2018)
2231,"Tiwari, Shri Alok",Samajwadi Party,Uttar Pradesh,Former,53.0,1 (2012–2018)
2232,"Miri, Prof. Mrinal",Nominated,Nominated,Former,85.0,1 (2012–2016)
2233,"Parasaran, Shri K.",Nominated,Nominated,Former,98.0,1 (2012–2018)
2234,"Narayanan, Shri C.P.",Communist Party of India (Marxist),Kerala,Former,87.0,1 (2012–2018)
2235,"Abraham, Shri Joy",Kerala Congress (M),Kerala,Former,74.0,1 (2012–2018)
2236,"Patil, Smt. Rajani Ashokrao",Indian National Congress,Maharashtra,Sitting,67.0,"2 (2013–2018, 2021–2026)"
2237,"Tyagi, Shri K.C.",Janata Dal (United),Bihar,Former,75.0,1 (2013–2016)
2238,"Syiem, Smt. Wansuk",Indian National Congress,Meghalaya,Former,69.0,"2 (2013–2014, 2014–2020)"
2240,"Kujur, Shri Santiuse",Indian National Congress,Assam,Former,52.0,1 (2013–2019)
2242,"Arjunan, Shri K. R.",All India Anna Dravida Munnetra Kazhagam,Tamil Nadu,Former,64.0,1 (2013–2019)
2243,"Lakshmanan, Dr. R.",All India Anna Dravida Munnetra Kazhagam,Tamil Nadu,Former,54.0,1 (2013–2019)
2244,"Rathinavel, Shri T.",All India Anna Dravida Munnetra Kazhagam,Tamil Nadu,Former,75.0,1 (2013–2019)
2245,"Tiwari, Shri Pramod",Indian National Congress,Rajasthan,Sitting,74.0,"2 (2013–2018, 2022–2028)"
2246,"Singh, Smt. Kanak Lata",Samajwadi Party,Uttar Pradesh,Former,64.0,1 (2013–2016)
2247,"Tulsi, Shri K.T.S.",Indian National Congress,Chhattisgarh,Sitting,78.0,"2 (2014–2020, 2020–2026)"
2248,"Athawale, Shri Ramdas",Republican Party of India (ATHAWALE),Maharashtra,Sitting,66.0,"2 (2014–2020, 2020–2026)"
2249,"Kakade, Shri Sanjay Dattatraya",Independent & Others,Maharashtra,Former,58.0,1 (2014–2020)
2250,"Memon, Shri Majeed",Nationalist Congress Party,Maharashtra,Former,80.0,1 (2014–2020)
2251,"Pawar, Shri Sharad",Nationalist Congress Party-SHARADCHANDRA PAWAR,Maharashtra,Sitting,85.0,"2 (2014–2020, 2020–2026)"
2252,"Deo, Shri A.U. Singh",Biju Janata Dal,Odisha,Former,80.0,1 (2014–2018)
2253,"Das, Shri Kalpataru",Biju Janata Dal,Odisha,Former,75.0,1 (2014–2020)
2254,"Hembram, Smt. Sarojini",Biju Janata Dal,Odisha,Former,66.0,1 (2014–2020)
2255,"Biswal, Shri Ranjib",Indian National Congress,Odisha,Former,55.0,1 (2014–2020)
2256,"Selvaraj, Shri A. K.",All India Anna Dravida Munnetra Kazhagam,Tamil Nadu,Former,67.0,1 (2014–2020)
2257,"Ramaswamy, Dr. Sasikala Pushpa",All India Anna Dravida Munnetra Kazhagam,Tamil Nadu,Former,49.0,1 (2014–2020)
2258,"Vijila Sathyananth, Smt.",All India Anna Dravida Munnetra Kazhagam,Tamil Nadu,Former,54.0,1 (2014–2020)
2259,"Muthukaruppan, Shri S.",All India Anna Dravida Munnetra Kazhagam,Tamil Nadu,Former,67.0,1 (2014–2020)
2260,"Chowdhury, Prof. Jogen",All India Trinamool Congress,West Bengal,Former,86.0,1 (2014–2020)
2261,"Chakraborty, Shri Mithun",All India Trinamool Congress,West Bengal,Former,75.0,1 (2014–2020)
2262,"Hassan, Shri Ahamed",All India Trinamool Congress,West Bengal,Former,72.0,1 (2014–2020)
2263,"Banerjee, Shri Ritabrata",All India Trinamool Congress,West Bengal,Sitting,46.0,"2 (2014–2020, 2024–2026)"
2264,"Rao, Shri Garikapati Mohan",Bharatiya Janata Party,Telangana,Former,78.0,"2 (2014–2014, 2014–2020)"
2265,"Seetharama Lakshmi, Smt. Thota",Telugu Desam Party,Andhra Pradesh,Former,74.0,1 (2014–2020)
2267,"Sinha, Shri R. K.",Bharatiya Janata Party,Bihar,Former,74.0,1 (2014–2020)
2268,"Thakur, Shri Ram Nath",Janata Dal (United),Bihar,Sitting,75.0,"2 (2014–2020, 2020–2026)"
2269,"Harivansh, Shri",Janata Dal (United),Bihar,Sitting,69.0,"2 (2014–2020, 2020–2026)"
2270,"Perween, Smt. Kahkashan",Janata Dal (United),Bihar,Former,47.0,1 (2014–2020)
2271,"Judev, Shri Ranvijay Singh",Bharatiya Janata Party,Chhattisgarh,Former,56.0,1 (2014–2020)
2272,"Gohel, Shri Chunibhai Kanjibhai",Bharatiya Janata Party,Gujarat,Former,70.0,1 (2014–2020)
2273,"Tundiya, Mahant Shambhuprasadji",Bharatiya Janata Party,Gujarat,Former,55.0,1 (2014–2020)
2274,"Vadodia, Shri Lal Sinh",Bharatiya Janata Party,Gujarat,Former,69.0,1 (2014–2020)
2275,"Mistry, Shri Madhusudan",Indian National Congress,Gujarat,Former,81.0,1 (2014–2020)
2276,"Selja, Kumari",Indian National Congress,Haryana,Former,63.0,1 (2014–2020)
2277,"Kashyap, Shri Ram Kumar",Bharatiya Janata Party,Haryana,Former,74.0,1 (2014–2020)
2278,"Jatiya, Dr. Satyanarayan",Bharatiya Janata Party,Madhya Pradesh,Former,79.0,1 (2014–2020)
2279,"Singh, Shri Digvijaya",Indian National Congress,Madhya Pradesh,Sitting,78.0,"2 (2014–2020, 2020–2026)"
2280,"Abdul Salam, Haji",Indian National Congress,Manipur,Former,77.0,1 (2014–2020)
2281,"Goel, Shri Vijay",Bharatiya Janata Party,Rajasthan,Former,72.0,1 (2014–2020)
2282,"Dudi, Shri Ram Narain",Bharatiya Janata Party,Rajasthan,Former,77.0,1 (2014–2020)
2283,"Panchariya, Shri Narayan Lal",Bharatiya Janata Party,Rajasthan,Former,71.0,1 (2014–2020)
2284,"Mohanty, Shri Anubhav",Biju Janata Dal,Odisha,Former,44.0,1 (2014–2020)
2285,"Nishad, Shri Vishambhar Prasad",Samajwadi Party,Uttar Pradesh,Former,63.0,"2 (2014–2016, 2016–2022)"
2286,"Balyawi, Shri Gulam Rasool",Janata Dal (United),Bihar,Former,56.0,1 (2014–2016)
2287,"Varma, Shri Pavan Kumar",Janata Dal (United),Bihar,Former,72.0,1 (2014–2016)
2288,"Nirmala Sitharaman, Smt.",Bharatiya Janata Party,Karnataka,Sitting,66.0,"3 (2014–2016, 2016–2022, 2022–2028)"
2289,"Singh, Shri Bhupinder",Biju Janata Dal,Odisha,Former,74.0,1 (2014–2016)
2290,"Navaneethakrishnan, Shri A.",All India Anna Dravida Munnetra Kazhagam,Tamil Nadu,Former,69.0,"2 (2014–2016, 2016–2022)"
2291,"Reddy, Shri D. Kupendra",Janata Dal (Secular),Karnataka,Former,65.0,1 (2014–2020)
2292,"Gowda, Prof. M.V. Rajeev",Indian National Congress,Karnataka,Former,62.0,1 (2014–2020)
2293,"Tlau, Shri Ronald Sapa",Indian National Congress,Mizoram,Former,71.0,1 (2014–2020)
2294,"Yadav, Dr. Chandrapal Singh",Samajwadi Party,Uttar Pradesh,Former,66.0,1 (2014–2020)
2295,"Khan, Shri Javed Ali",Samajwadi Party,Uttar Pradesh,Sitting,63.0,"2 (2014–2020, 2022–2028)"
2296,"Tazeen Fatma, Dr.",Samajwadi Party,Uttar Pradesh,Former,76.0,1 (2014–2020)
2297,"Shekhar, Shri Neeraj",Bharatiya Janata Party,Uttar Pradesh,Sitting,57.0,"3 (2014–2020, 2019–2020, 2020–2026)"
2298,"Punia, Shri P.L.",Indian National Congress,Uttar Pradesh,Former,81.0,1 (2014–2020)
2299,"Parrikar, Shri Manohar",Bharatiya Janata Party,Uttar Pradesh,Former,70.0,1 (2014–2020)
2300,"Verma, Shri Ravi Prakash",Samajwadi Party,Uttar Pradesh,Former,65.0,1 (2014–2020)
2301,"Sharama, Smt. Manorama D.",Indian National Congress,Uttarakhand,Former,70.0,1 (2014–2020)
2302,"Prabhu, Shri Suresh",Bharatiya Janata Party,Andhra Pradesh,Former,72.0,"2 (2014–2016, 2016–2022)"
2303,"Manhas, Shri Shamsher Singh",Bharatiya Janata Party,Jammu & Kashmir,Former,66.0,1 (2015–2021)
2304,"Fayaz, Mir Mohammad",J&K Peoples Democratic Party,Jammu & Kashmir,Former,48.0,1 (2015–2021)
2305,"Laway, Shri Nazir Ahmed",J&K Peoples Democratic Party,Jammu & Kashmir,Former,62.0,1 (2015–2021)
2306,"Sable, Shri Amar Shankar",Bharatiya Janata Party,Maharashtra,Former,62.0,1 (2015–2020)
2307,"Sen, Ms. Dola",All India Trinamool Congress,West Bengal,Sitting,58.0,"3 (2015–2017, 2017–2023, 2023–2029)"
2308,"Ragesh, Shri K.K.",Communist Party of India (Marxist),Kerala,Former,55.0,1 (2015–2021)
2309,"Akbar, Shri M. J.",Bharatiya Janata Party,Madhya Pradesh,Former,75.0,"2 (2015–2016, 2016–2022)"
2310,"Gokulakrishnan, Shri N.",All India Anna Dravida Munnetra Kazhagam,Puducherry,Former,71.0,1 (2015–2021)
2311,"Swain, Shri Narendra Kumar",Biju Janata Dal,Odisha,Former,86.0,1 (2015–2020)
2312,"Narah, Smt. Ranee",Indian National Congress,Assam,Former,60.0,1 (2016–2022)
2313,"Bora, Shri Ripun",Indian National Congress,Assam,Former,70.0,1 (2016–2022)
2314,"Veerendra Kumar, Shri M.P.",Independent & Others,Kerala,Former,88.0,"2 (2016–2022, 2018–2022)"
2315,"Kenye, Shri K.G.",Naga Peoples Front,Nagaland,Former,65.0,1 (2016–2022)
2316,"Somaprasad, Shri K.",Communist Party of India (Marxist),Kerala,Former,68.0,1 (2016–2022)
2317,"Bajwa, Shri Partap Singh",Indian National Congress,Punjab,Former,68.0,1 (2016–2022)
2318,"Malik, Shri Shwait",Bharatiya Janata Party,Punjab,Former,62.0,1 (2016–2022)
2319,"Dullo, Shri Shamsher Singh",Indian National Congress,Punjab,Former,78.0,1 (2016–2022)
2320,"Jadhav, Dr. Narendra",Nominated,Nominated,Former,72.0,1 (2016–2022)
2321,"Sidhu, Shri Navjot Singh",Bharatiya Janata Party,Nominated,Former,62.0,1 (2016–2022)
2322,"Dasgupta, Shri Swapan",Bharatiya Janata Party,Nominated,Former,70.0,"2 (2016–2022, 2021–2022)"
2323,"Suresh Gopi, Shri",Bharatiya Janata Party,Nominated,Former,67.0,1 (2016–2022)
2324,"Kom, Smt. M.C. Mary",Nominated,Nominated,Former,42.0,1 (2016–2022)
2325,"Pandya, Dr. Pranav",Nominated,Nominated,Former,,1 (2016–2022)
2326,"Chhatrapati, Shri Sambhaji",Bharatiya Janata Party,Nominated,Former,54.0,1 (2016–2022)
2327,"Venkatesh, Shri T.G.",Bharatiya Janata Party,Andhra Pradesh,Former,75.0,1 (2016–2022)
2328,"Reddy, Shri V. Vijayasai",Yuvajana Sramika Rythu Congress Party,Andhra Pradesh,Former,68.0,"2 (2016–2022, 2022–2028)"
2329,"Rao, Shri V. Lakshmikantha",Telangana Rashtra Samithi,Telangana,Former,86.0,1 (2016–2022)
2330,"Srinivas, Shri Dharmapuri",Telangana Rashtra Samithi,Telangana,Former,77.0,1 (2016–2022)
2331,"Verma, Smt. Chhaya",Indian National Congress,Chhattisgarh,Former,63.0,1 (2016–2022)
2332,"Netam, Shri Ram Vichar",Bharatiya Janata Party,Chhattisgarh,Former,64.0,1 (2016–2022)
2333,"Tankha, Shri Vivek K.",Indian National Congress,Madhya Pradesh,Sitting,69.0,"2 (2016–2022, 2022–2028)"
2334,"Vaithilingam, Shri R.",All India Anna Dravida Munnetra Kazhagam,Tamil Nadu,Former,71.0,1 (2016–2022)
2335,"Vijayakumar, Shri A.",All India Anna Dravida Munnetra Kazhagam,Tamil Nadu,Former,68.0,1 (2016–2022)
2336,"Balasubramoniyan, Shri S.R.",All India Anna Dravida Munnetra Kazhagam,Tamil Nadu,Former,87.0,1 (2016–2022)
2337,"Elangovan, Shri T.K.S.",Dravida Munnetra Kazhagam,Tamil Nadu,Former,71.0,1 (2016–2022)
2338,"Bharathi, Shri R.S.",Dravida Munnetra Kazhagam,Tamil Nadu,Former,78.0,1 (2016–2022)
2339,"Ramamurthy, Shri K.C.",Bharatiya Janata Party,Karnataka,Former,73.0,"2 (2016–2022, 2019–2022)"
2340,"Nekkanti, Shri Bhaskar Rao",Biju Janata Dal,Odisha,Former,72.0,1 (2016–2022)
2341,"Acharya, Shri Prasanna",Biju Janata Dal,Odisha,Former,76.0,1 (2016–2022)
2342,"Das, Shri Bishnu Charan",Biju Janata Dal,Odisha,Former,71.0,1 (2016–2022)
2343,"Chidambaram, Shri P.",Indian National Congress,Tamil Nadu,Sitting,80.0,"2 (2016–2022, 2022–2028)"
2344,"Mahatme, Dr. Vikas",Bharatiya Janata Party,Maharashtra,Former,68.0,1 (2016–2022)
2345,"Sahasrabuddhe, Dr. Vinay P.",Bharatiya Janata Party,Maharashtra,Former,68.0,1 (2016–2022)
2346,"Dungarpur, Shri Harshvardhan Singh",Bharatiya Janata Party,Rajasthan,Former,69.0,1 (2016–2022)
2347,"Ashok Siddharth, Shri",Bahujan Samaj Party,Uttar Pradesh,Former,61.0,1 (2016–2022)
2348,"Verma, Shri Beni Prasad",Samajwadi Party,Uttar Pradesh,Former,84.0,1 (2016–2022)
2349,"Singh, Shri Rewati Raman",Samajwadi Party,Uttar Pradesh,Former,82.0,1 (2016–2022)
2350,"Shukla, Shri Shiv Pratap",Bharatiya Janata Party,Uttar Pradesh,Former,73.0,1 (2016–2022)
2351,"Seth, Shri Sanjay",Bharatiya Janata Party,Uttar Pradesh,Sitting,64.0,"3 (2016–2022, 2019–2022, 2024–2030)"
2352,"Yadav, Ch. Sukhram Singh",Samajwadi Party,Uttar Pradesh,Former,74.0,1 (2016–2022)
2353,"Nagar, Shri Surendra Singh",Bharatiya Janata Party,Uttar Pradesh,Sitting,60.0,"3 (2016–2022, 2019–2022, 2022–2028)"
2354,"Tamta, Shri Pradeep",Indian National Congress,Uttarakhand,Former,67.0,1 (2016–2022)
2355,"Verma, Shri Ramkumar",Bharatiya Janata Party,Rajasthan,Former,70.0,1 (2016–2022)
2356,"Singh, Shri Gopal Narayan",Bharatiya Janata Party,Bihar,Former,83.0,1 (2016–2022)
2357,"Bharti, Smt. Misha",Rashtriya Janata Dal,Bihar,Former,49.0,"2 (2016–2022, 2022–2028)"
2358,"Poddar, Shri Mahesh",Bharatiya Janata Party,Jharkhand,Former,76.0,1 (2016–2022)
2359,"Subhash Chandra, Dr.",Independent & Others,Haryana,Former,75.0,1 (2016–2022)
2360,"Ganguly, Smt. Roopa",Bharatiya Janata Party,Nominated,Former,59.0,1 (2016–2022)
2361,"Ganesan, Shri La.",Bharatiya Janata Party,Madhya Pradesh,Former,80.0,1 (2016–2018)
2362,"Gupta, Shri Manish",All India Trinamool Congress,West Bengal,Former,84.0,1 (2017–2020)
2363,"Deb, Shri Pratap Keshari",Biju Janata Dal,Odisha,Former,54.0,1 (2017–2022)
2364,"Singh, Shri K. Bhabananda",Bharatiya Janata Party,Manipur,Former,65.0,1 (2017–2020)
2365,"Tendulkar, Shri Vinay Dinu",Bharatiya Janata Party,Goa,Former,64.0,1 (2017–2023)
2366,"Uikey, Smt. Sampatiya",Bharatiya Janata Party,Madhya Pradesh,Former,58.0,1 (2017–2022)
2367,"Shah, Shri Amit Anil Chandra",Bharatiya Janata Party,Gujarat,Former,61.0,1 (2017–2023)
2368,"Chhetri, Smt. Shanta",All India Trinamool Congress,West Bengal,Former,69.0,1 (2017–2023)
2369,"Bhunia, Shri Manas Ranjan",All India Trinamool Congress,West Bengal,Former,73.0,1 (2017–2023)
2370,"Alphons, Shri K.J.",Bharatiya Janata Party,Rajasthan,Former,72.0,1 (2017–2022)
2371,"Puri, Shri Hardeep Singh",Bharatiya Janata Party,Uttar Pradesh,Sitting,73.0,"2 (2018–2020, 2020–2026)"
2372,"Singh, Shri Sanjay",Aam Aadmi Party,National Capital Territory of Delhi,Sitting,53.0,"2 (2018–2024, 2024–2030)"
2373,"Gupta, Shri Sushil Kumar",Aam Aadmi Party,National Capital Territory of Delhi,Former,64.0,1 (2018–2024)
2374,"Gupta, Shri Narain Dass",Aam Aadmi Party,National Capital Territory of Delhi,Sitting,80.0,"2 (2018–2024, 2024–2030)"
2375,"Vemireddy, Shri Prabhakar Reddy",Yuvajana Sramika Rythu Congress Party,Andhra Pradesh,Former,69.0,1 (2018–2024)
2376,"Kanakamedala Ravindra Kumar, Shri",Telugu Desam Party,Andhra Pradesh,Former,69.0,1 (2018–2024)
2377,"Singh, Shri Akhilesh Prasad",Indian National Congress,Bihar,Sitting,64.0,"2 (2018–2024, 2024–2030)"
2378,"Karim, Shri Ahmad Ashfaque",Rashtriya Janata Dal,Bihar,Former,69.0,1 (2018–2024)
2379,"Jha, Prof. Manoj Kumar",Rashtriya Janata Dal,Bihar,Sitting,58.0,"2 (2018–2024, 2024–2030)"
2380,"Pandey, Ms. Saroj",Bharatiya Janata Party,Chhattisgarh,Former,57.0,1 (2018–2024)
2381,"Yajnik, Dr. Amee",Indian National Congress,Gujarat,Former,66.0,1 (2018–2024)
2382,"Rathwa, Shri Naranbhai J.",Indian National Congress,Gujarat,Former,72.0,1 (2018–2024)
2383,"Vats (Retd.), Lt.Gen. (Dr.) D. P.",Bharatiya Janata Party,Haryana,Former,75.0,1 (2018–2024)
2384,"Chandrashekhar, Shri G.C.",Indian National Congress,Karnataka,Sitting,62.0,"2 (2018–2024, 2024–2030)"
2385,"Hanumanthaiah, Dr. L.",Indian National Congress,Karnataka,Former,67.0,1 (2018–2024)
2386,"Hussain, Dr. Syed Naseer",Indian National Congress,Karnataka,Sitting,55.0,"2 (2018–2024, 2024–2030)"
2387,"Singh, Shri Ajay Pratap",Bharatiya Janata Party,Madhya Pradesh,Former,58.0,1 (2018–2024)
2388,"Soni, Shri Kailash",Bharatiya Janata Party,Madhya Pradesh,Former,75.0,1 (2018–2024)
2389,"Patel, Shri Rajmani",Indian National Congress,Madhya Pradesh,Former,80.0,1 (2018–2024)
2390,"Ketkar, Shri Kumar",Indian National Congress,Maharashtra,Former,80.0,1 (2018–2024)
2391,"Rane, Shri Narayan",Bharatiya Janata Party,Maharashtra,Former,73.0,1 (2018–2024)
2392,"Muraleedharan, Shri V.",Bharatiya Janata Party,Maharashtra,Former,67.0,1 (2018–2024)
2393,"Banda Prakash, Dr.",Telangana Rashtra Samithi,Telangana,Former,71.0,1 (2018–2024)
2394,"Yadav, Shri B. Lingaiah",Bharat Rashtra Samithi,Telangana,Former,68.0,1 (2018–2024)
2395,"Joginipally Santosh Kumar, Shri",Bharat Rashtra Samithi,Telangana,Former,50.0,1 (2018–2024)
2396,"Agrawal, Dr. Anil",Bharatiya Janata Party,Uttar Pradesh,Former,63.0,1 (2018–2024)
2397,"Jain, Dr. Anil",Bharatiya Janata Party,Uttar Pradesh,Former,65.0,1 (2018–2024)
2398,"Bajpai, Dr. Ashok",Bharatiya Janata Party,Uttar Pradesh,Former,76.0,1 (2018–2024)
2399,"Kardam, Smt. Kanta",Bharatiya Janata Party,Uttar Pradesh,Former,60.0,1 (2018–2024)
2400,"Rao, Shri G.V.L. Narasimha",Bharatiya Janata Party,Uttar Pradesh,Former,61.0,1 (2018–2024)
2401,"Tomar, Shri Vijay Pal Singh",Bharatiya Janata Party,Uttar Pradesh,Former,74.0,1 (2018–2024)
2402,"Rajbhar, Shri Sakaldeep",Bharatiya Janata Party,Uttar Pradesh,Former,70.0,1 (2018–2024)
2403,"Yadav, Shri Harnath Singh",Bharatiya Janata Party,Uttar Pradesh,Former,84.0,1 (2018–2024)
2404,"Baluni, Shri Anil",Bharatiya Janata Party,Uttarakhand,Former,55.0,1 (2018–2024)
2405,"Chakraborty, Shri Subhasish",All India Trinamool Congress,West Bengal,Former,68.0,1 (2018–2024)
2406,"Biswas, Shri Abir Ranjan",All India Trinamool Congress,West Bengal,Former,51.0,1 (2018–2024)
2407,"Sen, Dr. Santanu",All India Trinamool Congress,West Bengal,Former,53.0,1 (2018–2024)
2408,"Samanta, Shri Achyutananda",Biju Janata Dal,Odisha,Former,62.0,1 (2018–2024)
2409,"Nanda, Dr. Prashanta",Biju Janata Dal,Odisha,Former,78.0,1 (2018–2024)
2410,"Patnaik, Shri Soumya R.",Biju Janata Dal,Odisha,Former,73.0,1 (2018–2024)
2411,"Meena, Dr. Kirodi Lal",Bharatiya Janata Party,Rajasthan,Former,74.0,1 (2018–2024)
2412,"Saini, Shri Madanlal",Bharatiya Janata Party,Rajasthan,Former,82.0,1 (2018–2024)
2413,"Oraon, Shri Samir",Bharatiya Janata Party,Jharkhand,Former,55.0,1 (2018–2024)
2414,"Viswam, Shri Binoy",Communist Party of India,Kerala,Former,70.0,1 (2018–2024)
2415,"Kareem, Shri Elamaram",Communist Party of India (Marxist),Kerala,Former,72.0,1 (2018–2024)
2416,"Mani, Shri Jose K.",Kerala Congress (M),Kerala,Sitting,61.0,"3 (2018–2024, 2021–2024, 2024–2030)"
2418,"Ram Shakal, Shri",Bharatiya Janata Party,Nominated,Former,62.0,1 (2018–2024)
2419,"Sinha, Shri Rakesh",Bharatiya Janata Party,Nominated,Former,61.0,1 (2018–2024)
2420,"Mansingh, Dr. Sonal",Bharatiya Janata Party,Nominated,Former,81.0,1 (2018–2024)
2421,"Mohapatra, Dr. Raghunath",Bharatiya Janata Party,Nominated,Former,82.0,1 (2018–2024)
2422,"Tasa, Shri Kamakhya Prasad",Bharatiya Janata Party,Assam,Former,50.0,1 (2019–2025)
2423,"Patra, Dr. Sasmit",Biju Janata Dal,Odisha,Sitting,46.0,"2 (2019–2022, 2022–2028)"
2424,"Patnaik, Dr. Amar",Biju Janata Dal,Odisha,Former,58.0,1 (2019–2024)
2425,"Vaishnaw, Shri Ashwini",Bharatiya Janata Party,Odisha,Sitting,55.0,"2 (2019–2024, 2024–2030)"
2426,"Jaishankar, Shri S.",Bharatiya Janata Party,Gujarat,Sitting,71.0,"2 (2019–2023, 2023–2029)"
2427,"Lokhandwala, Shri Jugalsinh",Bharatiya Janata Party,Gujarat,Former,56.0,1 (2019–2023)
2428,"Shanmugam, Shri M.",Dravida Munnetra Kazhagam,Tamil Nadu,Former,85.0,1 (2019–2025)
2429,"Chandrasegharan, Shri N.",All India Anna Dravida Munnetra Kazhagam,Tamil Nadu,Former,71.0,1 (2019–2025)
2430,"Mohammedjan, Shri A.",All India Anna Dravida Munnetra Kazhagam,Tamil Nadu,Former,77.0,1 (2019–2025)
2431,"Wilson, Shri P.",Dravida Munnetra Kazhagam,Tamil Nadu,Sitting,59.0,"2 (2019–2025, 2025–2031)"
2435,"Dubey, Shri Satish Chandra",Bharatiya Janata Party,Bihar,Sitting,50.0,"2 (2019–2022, 2022–2028)"
2436,"Trivedi, Dr. Sudhanshu",Bharatiya Janata Party,Uttar Pradesh,Sitting,55.0,"2 (2019–2024, 2024–2030)"
2437,"Singh, Shri Arun",Bharatiya Janata Party,Uttar Pradesh,Sitting,60.0,"2 (2019–2020, 2020–2026)"
2438,"Gogoi, Shri Ranjan",Nominated,Nominated,Sitting,71.0,1 (2020–2026)
2439,"Gautam, Shri Dushyant",Bharatiya Janata Party,Haryana,Former,68.0,1 (2020–2022)
2440,"Karad, Dr. Bhagwat",Bharatiya Janata Party,Maharashtra,Sitting,69.0,1 (2020–2026)
2441,"Khan, Dr. Fauzia",Nationalist Congress Party-SHARADCHANDRA PAWAR,Maharashtra,Sitting,68.0,1 (2020–2026)
2442,"Chaturvedi, Smt. Priyanka",Shiv Sena-Uddhav Balasaheb Thackeray,Maharashtra,Sitting,47.0,1 (2020–2026)
2443,"Bhonsle, Shri Chh. Udayanraje",Bharatiya Janata Party,Maharashtra,Former,59.0,1 (2020–2026)
2444,"Satav, Shri Rajeev",Indian National Congress,Maharashtra,Former,51.0,1 (2020–2026)
2445,"Mohanta, Smt. Mamata",Bharatiya Janata Party,Odisha,Sitting,49.0,"2 (2020–2026, 2024–2026)"
2446,"Khan, Shri Muzibulla",Biju Janata Dal,Odisha,Sitting,63.0,1 (2020–2026)
2447,"Kumar, Shri Sujeet",Bharatiya Janata Party,Odisha,Sitting,50.0,"2 (2020–2026, 2024–2026)"
2448,"Singh, Shri Subhash Chandra",Biju Janata Dal,Odisha,Former,66.0,1 (2020–2026)
2449,"Elango, Shri N.R.",Dravida Munnetra Kazhagam,Tamil Nadu,Sitting,59.0,1 (2020–2026)
2450,"Selvarasu, Shri Anthiyur P.",Dravida Munnetra Kazhagam,Tamil Nadu,Sitting,70.0,1 (2020–2026)
2451,"Thambidurai, Dr. M.",All India Anna Dravida Munnetra Kazhagam,Tamil Nadu,Sitting,78.0,1 (2020–2026)
2452,"Munusamy, Shri K.P.",All India Anna Dravida Munnetra Kazhagam,Tamil Nadu,Former,73.0,1 (2020–2026)
2453,"Ghosh, Ms. Arpita",All India Trinamool Congress,West Bengal,Former,59.0,1 (2020–2026)
2454,"Bhattacharyya, Shri Bikash Ranjan",Communist Party of India (Marxist),West Bengal,Sitting,74.0,1 (2020–2026)
2455,"Noor, Smt. Mausam B",All India Trinamool Congress,West Bengal,Former,46.0,1 (2020–2026)
2456,"Bakshi, Shri Subrata",All India Trinamool Congress,West Bengal,Sitting,75.0,1 (2020–2026)
2457,"Bhuyan, Shri Ajit Kumar",Independent & Others,Assam,Sitting,72.0,1 (2020–2026)
2458,"Singh, Shri A. D.",Rashtriya Janata Dal,Bihar,Sitting,66.0,1 (2020–2026)
2459,"Thakur, Shri Vivek",Bharatiya Janata Party,Bihar,Former,56.0,1 (2020–2026)
2460,"Netam, Smt. Phulo Devi",Indian National Congress,Chhattisgarh,Sitting,54.0,1 (2020–2026)
2461,"Hooda, Shri Deepender Singh",Indian National Congress,Haryana,Former,48.0,1 (2020–2026)
2462,"Jangra, Shri Ram Chander",Bharatiya Janata Party,Haryana,Sitting,75.0,1 (2020–2026)
2463,"Goswami, Ms. Indu Bala",Bharatiya Janata Party,Himachal Pradesh,Sitting,58.0,1 (2020–2026)
2464,"Reddy, Shri K.R. Suresh",Bharat Rashtra Samithi,Telangana,Sitting,66.0,1 (2020–2026)
2465,"Alla, Shri Ayodhya Rami Reddy",Yuvajana Sramika Rythu Congress Party,Andhra Pradesh,Sitting,62.0,1 (2020–2026)
2466,"Pilli, Shri Subhas Chandra Bose",Yuvajana Sramika Rythu Congress Party,Andhra Pradesh,Sitting,75.0,1 (2020–2026)
2467,"Mopidevi, Shri Venkataramana Rao",Yuvajana Sramika Rythu Congress Party,Andhra Pradesh,Former,61.0,1 (2020–2026)
2468,"Bharadwaj, Shri Abhay",Bharatiya Janata Party,Gujarat,Former,,1 (2020–2026)
2469,"Amin, Shri Narhari",Bharatiya Janata Party,Gujarat,Sitting,70.0,1 (2020–2026)
2470,"Gohil, Shri Shaktisinh",Indian National Congress,Gujarat,Sitting,65.0,1 (2020–2026)
2471,"Bara, Smt. Ramilaben Becharbhai",Bharatiya Janata Party,Gujarat,Sitting,72.0,1 (2020–2026)
2472,"Prakash, Shri Deepak",Bharatiya Janata Party,Jharkhand,Sitting,65.0,1 (2020–2026)
2473,"Scindia, Shri Jyotiraditya M.",Bharatiya Janata Party,Madhya Pradesh,Former,55.0,1 (2020–2026)
2474,"Solanki, Dr. Sumer Singh",Bharatiya Janata Party,Madhya Pradesh,Sitting,53.0,1 (2020–2026)
2475,"Leishemba, Shri Maharaja Sanajaoba",Bharatiya Janata Party,Manipur,Sitting,53.0,1 (2020–2026)
2476,"Kharlukhi, Dr. Wanweiroy",National Peoples Party,Meghalaya,Sitting,69.0,1 (2020–2026)
2477,"Dangi, Shri Neeraj",Indian National Congress,Rajasthan,Sitting,55.0,1 (2020–2026)
2478,"Gehlot, Shri Rajendra",Bharatiya Janata Party,Rajasthan,Sitting,75.0,1 (2020–2026)
2479,"Venugopal, Shri K.C.",Indian National Congress,Rajasthan,Former,62.0,1 (2020–2026)
2480,"Gasti, Shri Ashok",Bharatiya Janata Party,Karnataka,Former,61.0,1 (2020–2026)
2481,"Kadadi, Shri Iranna",Bharatiya Janata Party,Karnataka,Sitting,59.0,1 (2020–2026)
2482,"Kharge, Shri Mallikarjun",Indian National Congress,Karnataka,Sitting,83.0,1 (2020–2026)
2483,"Vanlalvena, Shri K.",Mizo National Front,Mizoram,Sitting,56.0,1 (2020–2026)
2484,"Nishad, Shri Jaiprakash",Bharatiya Janata Party,Uttar Pradesh,Former,53.0,1 (2020–2022)
2485,"Shreyams Kumar, Shri M.V.",Loktantrik Janata Dal,Kerala,Former,58.0,1 (2020–2022)
2486,"Islam, Shri Syed Zafar",Bharatiya Janata Party,Uttar Pradesh,Former,58.0,1 (2020–2022)
2487,"Geeta alias Chandraprabha, Smt.",Bharatiya Janata Party,Uttar Pradesh,Sitting,56.0,1 (2020–2026)
2488,"Brij Lal, Shri",Bharatiya Janata Party,Uttar Pradesh,Sitting,71.0,1 (2020–2026)
2489,"Ramji, Shri",Bahujan Samaj Party,Uttar Pradesh,Sitting,49.0,1 (2020–2026)
2490,"Dwivedi, Smt. Seema",Bharatiya Janata Party,Uttar Pradesh,Sitting,53.0,1 (2020–2026)
2491,"Verma, Shri B.L.",Bharatiya Janata Party,Uttar Pradesh,Sitting,64.0,1 (2020–2026)
2492,"Dubey, Shri Hardwar",Bharatiya Janata Party,Uttar Pradesh,Former,76.0,1 (2020–2026)
2493,"Bansal, Shri Naresh",Bharatiya Janata Party,Uttarakhand,Sitting,70.0,1 (2020–2026)
2494,"Koragappa, Shri Narayana",Bharatiya Janata Party,Karnataka,Sitting,73.0,1 (2020–2026)
2495,"Modi, Shri Sushil Kumar",Bharatiya Janata Party,Bihar,Former,74.0,1 (2020–2024)
2496,"Anavadiya, Shri Dineshchandra Jemalbhai",Bharatiya Janata Party,Gujarat,Former,63.0,1 (2021–2023)
2497,"Rambhai, Shri Mokariya",Bharatiya Janata Party,Gujarat,Sitting,68.0,1 (2021–2026)
2498,"Brittas, Dr. John",Communist Party of India (Marxist),Kerala,Sitting,59.0,1 (2021–2027)
2499,"Sivadasan, Dr. V.",Communist Party of India (Marxist),Kerala,Sitting,46.0,1 (2021–2027)
2500,"Jethmalani, Shri Mahesh",Bharatiya Janata Party,Nominated,Former,69.0,1 (2021–2024)
2501,"Sircar, Shri Jawhar",All India Trinamool Congress,West Bengal,Former,73.0,1 (2021–2026)
2502,"Abdulla, Shri M. Mohamed",Dravida Munnetra Kazhagam,Tamil Nadu,Former,50.0,1 (2021–2025)
2503,"Sonowal, Shri Sarbananda",Bharatiya Janata Party,Assam,Former,63.0,1 (2021–2026)
2504,"Murugan, Dr. L.",Bharatiya Janata Party,Madhya Pradesh,Sitting,48.0,"2 (2021–2024, 2024–2030)"
2505,"Somu, Dr. Kanimozhi NVN",Dravida Munnetra Kazhagam,Tamil Nadu,Sitting,52.0,1 (2021–2026)
2506,"Rajeshkumar, Shri K.R.N.",Dravida Munnetra Kazhagam,Tamil Nadu,Sitting,48.0,"2 (2021–2022, 2022–2028)"
2507,"Dev, Ms. Sushmita",All India Trinamool Congress,West Bengal,Sitting,53.0,"2 (2021–2023, 2024–2030)"
2508,"Selvaganabathy, Shri S.",Bharatiya Janata Party,Puducherry,Sitting,68.0,1 (2021–2027)
2509,"Faleiro, Shri Luizinho Joaquim",All India Trinamool Congress,West Bengal,Former,74.0,1 (2021–2026)
2510,"Margherita, Shri Pabitra",Bharatiya Janata Party,Assam,Sitting,51.0,1 (2022–2028)
2511,"Narzary, Shri Rwngwra",UNITED PEOPLES PARTY (LIBERAL),Assam,Sitting,55.0,1 (2022–2028)
2512,"Kumar, Dr. Sikander",Bharatiya Janata Party,Himachal Pradesh,Sitting,57.0,1 (2022–2028)
2513,"Mather Hisham, Smt. Jebi",Indian National Congress,Kerala,Sitting,47.0,1 (2022–2028)
2514,"Rahim, Shri A. A.",Communist Party of India (Marxist),Kerala,Sitting,45.0,1 (2022–2028)
2515,"P, Shri Sandosh Kumar",Communist Party of India,Kerala,Sitting,54.0,1 (2022–2028)
2516,"Konyak, Smt. S. Phangnon",Bharatiya Janata Party,Nagaland,Sitting,47.0,1 (2022–2028)
2517,"Saha, Dr. Manik",Bharatiya Janata Party,Tripura,Former,73.0,1 (2022–2028)
2518,"Mittal, Dr. Ashok Kumar",Aam Aadmi Party,Punjab,Sitting,61.0,1 (2022–2028)
2519,"Arora, Shri Sanjeev",Aam Aadmi Party,Punjab,Former,62.0,1 (2022–2028)
2520,"Singh, Shri Harbhajan",Aam Aadmi Party,Punjab,Sitting,45.0,1 (2022–2028)
2521,"Pathak, Dr. Sandeep Kumar",Aam Aadmi Party,Punjab,Sitting,46.0,1 (2022–2028)
2522,"Chadha, Shri Raghav",Aam Aadmi Party,Punjab,Sitting,37.0,1 (2022–2028)
2523,"Hegde, Shri Aneel Prasad",Janata Dal (United),Bihar,Former,65.0,1 (2022–2024)
2524,"Vaddiraju, Shri Ravi Chandra",Bharat Rashtra Samithi,Telangana,Sitting,61.0,"2 (2022–2024, 2024–2030)"
2525,"Bishi, Shri Niranjan",Biju Janata Dal,Odisha,Sitting,57.0,1 (2022–2026)
2526,"Reddy, Shri S Niranjan",Yuvajana Sramika Rythu Congress Party,Andhra Pradesh,Sitting,55.0,1 (2022–2028)
2527,"Beedha, Shri Masthan Rao Yadav",Telugu Desam Party,Andhra Pradesh,Sitting,67.0,"2 (2022–2028, 2024–2028)"
2528,"Krishnaiah, Shri Ryaga",Bharatiya Janata Party,Andhra Pradesh,Sitting,71.0,"2 (2022–2028, 2024–2028)"
2529,"Divakonda, Shri Damodar Rao",Bharat Rashtra Samithi,Telangana,Sitting,67.0,1 (2022–2028)
2530,"Reddy, Shri B. Parthasaradhi",Bharat Rashtra Samithi,Telangana,Sitting,71.0,1 (2022–2028)
2531,"Ranjan, Smt. Ranjeet",Indian National Congress,Chhattisgarh,Sitting,52.0,1 (2022–2028)
2532,"Patidar, Dr. Kavita",Bharatiya Janata Party,Madhya Pradesh,Sitting,51.0,1 (2022–2028)
2533,"Balmik, Smt. Sumitra",Bharatiya Janata Party,Madhya Pradesh,Sitting,70.0,1 (2022–2028)
2534,"Kalyanasundaram, Shri S.",Dravida Munnetra Kazhagam,Tamil Nadu,Sitting,85.0,1 (2022–2028)
2535,"Girirajan, Shri R.",Dravida Munnetra Kazhagam,Tamil Nadu,Sitting,64.0,1 (2022–2028)
2536,"Shanmugam, Shri C. Ve.",All India Anna Dravida Munnetra Kazhagam,Tamil Nadu,Sitting,60.0,1 (2022–2028)
2537,"Dharmar, Shri R.",All India Anna Dravida Munnetra Kazhagam,Tamil Nadu,Sitting,55.0,1 (2022–2028)
2538,"Jaggesh, Shri",Bharatiya Janata Party,Karnataka,Sitting,62.0,1 (2022–2028)
2539,"Siroya, Shri Lahar Singh",Bharatiya Janata Party,Karnataka,Sitting,77.0,1 (2022–2028)
2540,"Mangaraj, Shri Manas Ranjan",Biju Janata Dal,Odisha,Sitting,54.0,1 (2022–2028)
2541,"Deo, Smt. Sulata",Biju Janata Dal,Odisha,Sitting,53.0,1 (2022–2028)
2542,"Pratapgarhi, Shri Imran",Indian National Congress,Maharashtra,Sitting,38.0,1 (2022–2028)
2543,"Bonde, Dr. Anil Sukhdeorao",Bharatiya Janata Party,Maharashtra,Sitting,65.0,1 (2022–2028)
2544,"Mahadik, Shri Dhananjay Bhimrao",Bharatiya Janata Party,Maharashtra,Sitting,54.0,1 (2022–2028)
2545,"Singh, Shri Sant Balbir",Aam Aadmi Party,Punjab,Sitting,63.0,1 (2022–2028)
2546,"Sahney, Dr. Vikramjit Singh",Aam Aadmi Party,Punjab,Sitting,63.0,1 (2022–2028)
2547,"Tiwari, Shri Ghanshyam",Bharatiya Janata Party,Rajasthan,Sitting,78.0,1 (2022–2028)
2548,"Surjewala, Shri Randeep Singh",Indian National Congress,Rajasthan,Sitting,58.0,1 (2022–2028)
2549,"Wasnik, Shri Mukul Balkrishna",Indian National Congress,Rajasthan,Sitting,66.0,1 (2022–2028)
2551,"Chaudhary, Shri Jayant",Rashtriya Lok Dal,Uttar Pradesh,Sitting,47.0,1 (2022–2028)
2553,"Singh, Smt. Darshana",Bharatiya Janata Party,Uttar Pradesh,Sitting,51.0,1 (2022–2028)
2554,"Nishad, Shri Baburam",Bharatiya Janata Party,Uttar Pradesh,Sitting,56.0,1 (2022–2028)
2555,"Kumar, Shri Mithlesh",Bharatiya Janata Party,Uttar Pradesh,Sitting,61.0,1 (2022–2028)
2556,"Agrawal, Dr. Radha Mohan Das",Bharatiya Janata Party,Uttar Pradesh,Sitting,70.0,1 (2022–2028)
2557,"Laxman, Dr. K.",Bharatiya Janata Party,Uttar Pradesh,Sitting,69.0,1 (2022–2028)
2558,"Bajpayee, Dr. Laxmikant",Bharatiya Janata Party,Uttar Pradesh,Sitting,74.0,1 (2022–2028)
2559,"Yadav, Smt. Sangeeta",Bharatiya Janata Party,Uttar Pradesh,Sitting,44.0,1 (2022–2028)
2560,"Saini, Dr. Kalpana",Bharatiya Janata Party,Uttarakhand,Sitting,66.0,1 (2022–2028)
2561,"Mahto, Shri Khiru",Janata Dal (United),Bihar,Sitting,73.0,1 (2022–2028)
2562,"Ahmad, Dr. Faiyaz",Rashtriya Janata Dal,Bihar,Sitting,62.0,1 (2022–2028)
2563,"Patel, Shri Shambhu Sharan",Bharatiya Janata Party,Bihar,Sitting,43.0,1 (2022–2028)
2564,"Prasad, Shri Aditya",Bharatiya Janata Party,Jharkhand,Sitting,62.0,1 (2022–2028)
2565,"Maji, Smt. Mahua",Jharkhand Mukti Morcha,Jharkhand,Sitting,61.0,1 (2022–2028)
2566,"Ilaiyaraaja, Shri",Nominated,Nominated,Sitting,82.0,1 (2022–2028)
2567,"Heggade, Dr. Dharmasthala Veerendra",Nominated,Nominated,Sitting,77.0,1 (2022–2028)
2568,"Usha, Smt. P. T.",Nominated,Nominated,Sitting,61.0,1 (2022–2028)
2569,"Prasad, Shri V. Vijayendra",Nominated,Nominated,Sitting,82.0,1 (2022–2028)
2570,"Panwar, Shri Krishan Lal",Bharatiya Janata Party,Haryana,Former,68.0,1 (2022–2028)
2571,"Sharma, Shri Kartikeya",Independent & Others,Haryana,Sitting,44.0,1 (2022–2028)
2572,"Ali, Shri Gulam",Bharatiya Janata Party,Nominated,Sitting,54.0,1 (2022–2028)
2573,"Deb, Shri Biplab Kumar",Bharatiya Janata Party,Tripura,Former,54.0,1 (2022–2028)
2574,"Gokhale, Shri Saket",All India Trinamool Congress,West Bengal,Sitting,38.0,1 (2023–2026)
2575,"Tanavade, Shri Sadanand Mhalu Shet",Bharatiya Janata Party,Goa,Sitting,58.0,1 (2023–2029)
2576,"Desai, Shri Babubhai Jesangbhai",Bharatiya Janata Party,Gujarat,Sitting,68.0,1 (2023–2029)
2577,"Baraik, Shri Prakash Chik",All India Trinamool Congress,West Bengal,Sitting,45.0,1 (2023–2029)
2578,"Islam, Shri Samirul",All India Trinamool Congress,West Bengal,Sitting,38.0,1 (2023–2029)
2579,"Jhala, Shri Kesridevsinh",Bharatiya Janata Party,Gujarat,Sitting,43.0,1 (2023–2029)
2580,"Ray, Shri Nagendra",Bharatiya Janata Party,West Bengal,Sitting,67.0,1 (2023–2029)
2581,"Sharma, Dr. Dinesh",Bharatiya Janata Party,Uttar Pradesh,Sitting,62.0,1 (2023–2026)
2582,"Maliwal, Ms. Swati",Aam Aadmi Party,National Capital Territory of Delhi,Sitting,41.0,1 (2024–2030)
2583,"Sandhu, Shri Satnam Singh",Bharatiya Janata Party,Nominated,Sitting,56.0,1 (2024–2030)
2584,"Lepcha, Shri Dorjee Tshering",Bharatiya Janata Party,Sikkim,Sitting,68.0,1 (2024–2030)
2585,"Murty, Smt. Sudha",Nominated,Nominated,Sitting,75.0,1 (2024–2030)
2586,"Baburao, Shri Golla",Yuvajana Sramika Rythu Congress Party,Andhra Pradesh,Sitting,71.0,1 (2024–2030)
2587,"Reddy, Shri Meda Raghunadha",Yuvajana Sramika Rythu Congress Party,Andhra Pradesh,Sitting,60.0,1 (2024–2030)
2588,"Reddy, Shri Yerram Venkata Subba",Yuvajana Sramika Rythu Congress Party,Andhra Pradesh,Sitting,65.0,1 (2024–2030)
2589,"Gupta, Smt. Dharmshila",Bharatiya Janata Party,Bihar,Sitting,56.0,1 (2024–2030)
2590,"Singh, Dr. Bhim",Bharatiya Janata Party,Bihar,Sitting,63.0,1 (2024–2030)
2591,"Jha, Shri Sanjay Kumar",Janata Dal (United),Bihar,Sitting,58.0,1 (2024–2030)
2592,"Yadav, Shri Sanjay",Rashtriya Janata Dal,Bihar,Sitting,41.0,1 (2024–2030)
2593,"Singh, Shri Devendra Pratap",Bharatiya Janata Party,Chhattisgarh,Sitting,61.0,1 (2024–2030)
2594,"Dholakia, Shri Govindbhai Laljibhai",Bharatiya Janata Party,Gujarat,Sitting,78.0,1 (2024–2030)
2595,"Salamsinh, Dr. Parmar Jashvantsinh",Bharatiya Janata Party,Gujarat,Sitting,50.0,1 (2024–2030)
2596,"Nayak, Shri Mayankkumar",Bharatiya Janata Party,Gujarat,Sitting,54.0,1 (2024–2030)
2597,"Barala, Shri Subhash",Bharatiya Janata Party,Haryana,Sitting,58.0,1 (2024–2030)
2598,"Mahajan, Shri Harsh",Bharatiya Janata Party,Himachal Pradesh,Sitting,70.0,1 (2024–2030)
2599,"Makan, Shri Ajay",Indian National Congress,Karnataka,Sitting,62.0,1 (2024–2030)
2600,"Bhandage, Shri Narayanasa K.",Bharatiya Janata Party,Karnataka,Sitting,74.0,1 (2024–2030)
2601,"Singh, Shri Ashok",Indian National Congress,Madhya Pradesh,Sitting,62.0,1 (2024–2030)
2602,"Umeshnath, Shri Balyogi",Bharatiya Janata Party,Madhya Pradesh,Sitting,61.0,1 (2024–2030)
2603,"Gurjar, Shri Banshilal",Bharatiya Janata Party,Madhya Pradesh,Sitting,65.0,1 (2024–2030)
2604,"Naroliya, Smt. Maya",Bharatiya Janata Party,Madhya Pradesh,Sitting,64.0,1 (2024–2030)
2605,"Kulkarni, Dr. Medha Vishram",Bharatiya Janata Party,Maharashtra,Sitting,56.0,1 (2024–2030)
2606,"Gopchade, Dr. Ajeet Madhavrao",Bharatiya Janata Party,Maharashtra,Sitting,55.0,1 (2024–2030)
2607,"Chavan, Shri Ashokrao Shankarrao",Bharatiya Janata Party,Maharashtra,Sitting,67.0,1 (2024–2030)
2608,"Deora, Shri Milind Murli",Shiv Sena,Maharashtra,Sitting,49.0,1 (2024–2030)
2609,"Handore, Shri Chandrakant Damodar",Indian National Congress,Maharashtra,Sitting,68.0,1 (2024–2030)
2610,"Mandadi, Shri Anil Kumar Yadav",Indian National Congress,Telangana,Sitting,43.0,1 (2024–2030)
2611,"Maurya, Shri Amar Pal",Bharatiya Janata Party,Uttar Pradesh,Sitting,45.0,1 (2024–2030)
2612,"Singh, Shri Tejveer",Bharatiya Janata Party,Uttar Pradesh,Sitting,66.0,1 (2024–2030)
2613,"Jain, Shri Naveen",Bharatiya Janata Party,Uttar Pradesh,Sitting,63.0,1 (2024–2030)
2614,"Singh, Shri Ratanjit Pratap Narain",Bharatiya Janata Party,Uttar Pradesh,Sitting,61.0,1 (2024–2030)
2615,"Suman, Shri Ramji Lal",Samajwadi Party,Uttar Pradesh,Sitting,75.0,1 (2024–2030)
2616,"Singh, Smt. Sadhna",Bharatiya Janata Party,Uttar Pradesh,Sitting,51.0,1 (2024–2030)
2617,"Balwant, Dr. Sangeeta",Bharatiya Janata Party,Uttar Pradesh,Sitting,47.0,1 (2024–2030)
2618,"Bhatt, Shri Mahendra",Bharatiya Janata Party,Uttarakhand,Sitting,54.0,1 (2024–2030)
2619,"Thakur, Smt. Mamata",All India Trinamool Congress,West Bengal,Sitting,58.0,1 (2024–2030)
2620,"Bhattacharya, Shri Samik",Bharatiya Janata Party,West Bengal,Sitting,62.0,1 (2024–2030)
2621,"Ghose, Smt. Sagarika",All India Trinamool Congress,West Bengal,Sitting,61.0,1 (2024–2030)
2622,"Samantaray, Shri Debashish",Biju Janata Dal,Odisha,Sitting,65.0,1 (2024–2030)
2623,"Khuntia, Shri Subhasish",Biju Janata Dal,Odisha,Sitting,42.0,1 (2024–2030)
2624,"Garasiya, Shri Chunnilal",Bharatiya Janata Party,Rajasthan,Sitting,72.0,1 (2024–2030)
2625,"Rathore, Shri Madan",Bharatiya Janata Party,Rajasthan,Sitting,71.0,1 (2024–2030)
2626,"Gandhi, Smt. Sonia",Indian National Congress,Rajasthan,Sitting,79.0,1 (2024–2030)
2627,"Varma, Shri Pradip Kumar",Bharatiya Janata Party,Jharkhand,Sitting,53.0,1 (2024–2030)
2628,"Ahmad, Dr. Sarfraz",Jharkhand Mukti Morcha,Jharkhand,Sitting,72.0,1 (2024–2030)
2629,"Pawar, Smt. Sunetra Ajit",Nationalist Congress Party,Maharashtra,Sitting,62.0,1 (2024–2028)
2630,"Suneer, Shri P. P.",Communist Party of India,Kerala,Sitting,57.0,1 (2024–2030)
2631,"Beeran, Shri Haris",Indian Union Muslim League,Kerala,Sitting,49.0,1 (2024–2030)
2632,"Das, Shri Mission Ranjan",Bharatiya Janata Party,Assam,Former,64.0,1 (2024–2025)
2633,"Teli, Shri Rameswar",Bharatiya Janata Party,Assam,Sitting,55.0,1 (2024–2026)
2634,"Mishra, Shri Manan Kumar",Bharatiya Janata Party,Bihar,Sitting,69.0,1 (2024–2028)
2635,"Choudhry, Smt. Kiran",Bharatiya Janata Party,Haryana,Sitting,70.0,1 (2024–2026)
2636,"Kurian, Shri George",Bharatiya Janata Party,Madhya Pradesh,Sitting,65.0,1 (2024–2026)
2637,"Patil, Shri Dhairyashil Mohan",Bharatiya Janata Party,Maharashtra,Sitting,54.0,1 (2024–2026)
2638,"Patil, Shri Nitin Laxmanrao Jadhav",Nationalist Congress Party,Maharashtra,Sitting,57.0,1 (2024–2028)
2639,"Singh, Shri Ravneet",Bharatiya Janata Party,Rajasthan,Sitting,50.0,1 (2024–2026)
2640,"Bhattacharjee, Shri Rajib",Bharatiya Janata Party,Tripura,Sitting,53.0,1 (2024–2028)
2641,"Babu, Shri Sana Sathish",Telugu Desam Party,Andhra Pradesh,Sitting,53.0,1 (2024–2026)
2642,"Sharma, Smt. Rekha",Bharatiya Janata Party,Haryana,Sitting,62.0,1 (2024–2028)
2643,"Satyanarayana, Shri Paka Venkata",Bharatiya Janata Party,Andhra Pradesh,Sitting,,1 (2025–2028)
2644,"Purkayastha, Shri Kanad",Bharatiya Janata Party,Assam,Sitting,57.0,1 (2025–2031)
2645,"Nikam, Shri Ujjwal Deorao",Bharatiya Janata Party,Nominated,Sitting,72.0,1 (2025–2031)
2646,"Master, Shri C. Sadanandan",Bharatiya Janata Party,Nominated,Sitting,61.0,1 (2025–2031)
2647,"Shringla, Shri Harsh Vardhan",Bharatiya Janata Party,Nominated,Sitting,63.0,1 (2025–2031)
2648,"Jain, Dr. Meenakshi",Nominated,Nominated,Sitting,72.0,1 (2025–2031)
2649,"Haasan, Shri Kamal",Makkal Needhi Maiam,Tamil Nadu,Sitting,71.0,1 (2025–2031)
2650,Smt. Rajathi,Dravida Munnetra Kazhagam,Tamil Nadu,Sitting,59.0,1 (2025–2031)
2651,"Sivalingam, Shri S.R.",Dravida Munnetra Kazhagam,Tamil Nadu,Sitting,,1 (2025–2031)
2652,"Inbadurai, Shri I.S.",All India Anna Dravida Munnetra Kazhagam,Tamil Nadu,Sitting,,1 (2025–2031)
2653,"Dhanapal, Dr. M.",All India Anna Dravida Munnetra Kazhagam,Tamil Nadu,Sitting,67.0,1 (2025–2031)
2654,"Gupta, Shri Rajinder",Aam Aadmi Party,Punjab,Sitting,67.0,1 (2025–2028)
2655,"Ramzan, Shri Chowdry Mohammad",J&K National Conference,Jammu & Kashmir,Sitting,126.0,1 (2025–2031)
2656,"Kichloo, Shri Sajjad Ahmad",J&K National Conference,Jammu & Kashmir,Sitting,,1 (2025–2031)
2657,"Sharma, Shri Sat Paul",Bharatiya Janata Party,Jammu & Kashmir,Sitting,126.0,1 (2025–2031)
2658,"Oberoi, Shri Gurwinder Singh",J&K National Conference,Jammu & Kashmir,Sitting,,1 (2025–2031)
