id,srno,billno,billName,introducedInHouse,introducedDate,ministry,member,billCategory,datePassed_in_LS,datePassed_in_RS,reportPresented,actNoAndYear,status,pdfUrl
1,2317,XL,"The Safeguarding and Adjudicating Farmers’ Economic Rights Commission Bill, 2018",Rajya Sabha,2019-07-12,AGRICULTURE,Partap Singh Bajwa Shri,Ordinary Bill,,,,,Lapsed,https://sansad.in/getFile/BillsTexts/RSBillTexts/Asintroduced/safeguarding-E-12719.pdf?source=legislation
2,1922,XVI,"The National Films Development Authority Bill, 2006",Rajya Sabha,2007-03-16,INFORMATION AND BROADCASTING,Hema Malini Smt.,Ordinary Bill,,,,,Lapsed,https://sansad.in/getFile/BillsTexts/RSBillTexts/Asintroduced/1203rs.pdf?source=legislation
3,1922,XVIII,"The Jhuggi-Jhopri, Slums and Pavement Dwellers (Basic Amenities, Welfare and Miscellaneous Provisions) Bill, 2006",Rajya Sabha,2007-03-16,HOUSING AND URBAN POVERTY ALLEVIATION,Hema Malini Smt.,Ordinary Bill,,,,,Lapsed,https://sansad.in/getFile/BillsTexts/RSBillTexts/Asintroduced/1205rs.pdf?source=legislation
4,1922,XCI,"The Film Industry (Protection and Promotion) Bill, 2005",Rajya Sabha,2005-09-12,INFORMATION AND BROADCASTING,Hema Malini Smt.,Ordinary Bill,,,,,Lapsed,
5,1548,LIV,"Teh pensions (Regnlation) Bill,1974.",Rajya Sabha,1975-03-14,,Viswanatha Menon Shri,Ordinary Bill,,,,,Withdrawn,
6,1161,I,"The Punishment for Molestation of Women Bill, 1958",Rajya Sabha,1958-02-21,HOME AFFAIRS,Savitry Devi Nigam Smt.,Ordinary Bill,,,,,Lapsed,
7,2320,XXXIX,"The Scheduled Castes and the Scheduled Tribes (Prevention of Atrocities) Amendment Bill, 2021.",Rajya Sabha,2021-12-03,SOCIAL JUSTICE AND EMPOWERMENT,Narendra Jadhav Dr.,Ordinary Bill,,,,,Lapsed,https://sansad.in/getFile/BillsTexts/RSBillTexts/Asintroduced/SC ST atrocity-E.pdf?source=legislation
8,2320,LVI,"The Foreign Investment in Financial Services, Critical Infrastructure and Technology Affecting National Security (Regulation) Bill, 2018",Rajya Sabha,2019-06-21,FINANCE,Narendra Jadhav Dr.,Ordinary Bill,,,,,Withdrawn,https://sansad.in/getFile/BillsTexts/RSBillTexts/Asintroduced/foreign inv-E-21619.pdf?source=legislation
9,776,VI,"The High Court of Kerala (Establishment of a Permanent  bench at Trivandrem ) Bill , 1985",Rajya Sabha,1985-03-29,,K. Vasudeva Panicker Shri,Ordinary Bill,,,,,Lapsed,
10,776,VII,The Constitution (Amendment) Bill 1985( to amend article 130),Rajya Sabha,1985-03-29,,K. Vasudeva Panicker Shri,Ordinary Bill,,,,,Withdrawn,
11,776,VIII,"The Constitution (Amendment) Bill, 1985 (to amend 7th schedules)",Rajya Sabha,1985-03-29,,K. Vasudeva Panicker Shri,Ordinary Bill,,,,,Withdrawn,
12,2321,162,"The Constn. (Amdt.) Bill, 1992 (Insertion of new article 75A and 164A)",Lok Sabha,1993-03-12,LAW AND JUSTICE,Chitta Basu Shri,Constitutional Amendment Bill,,,,,Lapsed,
13,2326,XI,"The Ancient Monuments and Archaeological Sites and Remains (Amendment) Bill, 2018",Rajya Sabha,2018-07-20,CULTURE,Sambhaji Chhatrapati Shri,Ordinary Bill,,,,,Lapsed,https://sansad.in/getFile/BillsTexts/RSBillTexts/Asintroduced/Ancient-E-20718.pdf?source=legislation
14,2328,XIII,"The Constitution (Amendment) Bill, 2023 (amendment of articles 124 and 217)",Rajya Sabha,2023-12-08,LAW AND JUSTICE,V. Vijayasai Reddy Shri,Ordinary Bill,,,,,Removed,https://sansad.in/getFile/BillsTexts/RSBillTexts/Asintroduced/const124 VReddy-E1219202363552PM.pdf?source=legislation
15,2328,XL,"The Central Universities (Amendment) Bill, 2023",Rajya Sabha,2023-12-08,EDUCATION,V. Vijayasai Reddy Shri,Ordinary Bill,,,,,Removed,https://sansad.in/getFile/BillsTexts/RSBillTexts/Asintroduced/Central University-E1219202342515PM.pdf?source=legislation
16,2328,XV,"The Consumer Protection (Amendment) Bill, 2023",Rajya Sabha,2023-12-08,"CONSUMER AFFAIRS, FOOD AND PUBLIC DISTRIBUTION",V. Vijayasai Reddy Shri,Ordinary Bill,,,,,Removed,https://sansad.in/getFile/BillsTexts/RSBillTexts/Asintroduced/consumer protection_VReddy-E1219202364959PM.pdf?source=legislation
17,2328,LXXXV,"The Constitution (Amendment) Bill, 2022 (amendment of article 270, 271, 280 and insertion of article 342B).",Rajya Sabha,2022-12-09,FINANCE,V. Vijayasai Reddy Shri,Ordinary Bill,,,,,Removed,https://sansad.in/getFile/BillsTexts/RSBillTexts/Asintroduced/23 E 258 Session1213202280523PM.pdf?source=legislation
18,2328,XLV,"The Representation of the People (Amendment) Bill, 2022",Rajya Sabha,2022-08-05,LAW AND JUSTICE,V. Vijayasai Reddy Shri,Ordinary Bill,,,,,Removed,https://sansad.in/getFile/BillsTexts/RSBillTexts/Asintroduced/6-E_257.pdf?source=legislation
19,2328,XLVII,"The Press Council (Amendment) Bill, 2022",Rajya Sabha,2022-08-05,INFORMATION AND BROADCASTING,V. Vijayasai Reddy Shri,Ordinary Bill,,,,,Removed,https://sansad.in/getFile/BillsTexts/RSBillTexts/Asintroduced/7-E_257.pdf?source=legislation
20,2328,XXXVII,"The Constitution (Amendment) Bill, 2022 (insertion of new article 3A)",Rajya Sabha,2022-08-05,HOME AFFAIRS,V. Vijayasai Reddy Shri,Ordinary Bill,,,,,Removed,https://sansad.in/getFile/BillsTexts/RSBillTexts/Asintroduced/5-E_257.pdf?source=legislation
21,2328,XVI,"The Constitution (Amendment) Bill, 2022 (amendment of articles 124, 217 and 222 etc.)",Rajya Sabha,2022-04-01,LAW AND JUSTICE,V. Vijayasai Reddy Shri,Ordinary Bill,,,,,Lapsed,https://sansad.in/getFile/BillsTexts/RSBillTexts/Asintroduced/10-E_256.pdf?source=legislation
22,2328,IX,"The Constitution  (Amendment) Bill,  2020 (insertion of  new article 21B).",Rajya Sabha,2021-12-03,LABOUR  AND  EMPLOYMENT,V. Vijayasai Reddy Shri,Ordinary Bill,,,,,Lapsed,https://sansad.in/getFile/BillsTexts/RSBillTexts/Asintroduced/insrt 21B-E.pdf?source=legislation
23,2328,VIII,"The Indian Penal  Code (Amendment)  Bill, 2021.",Rajya Sabha,2021-12-03,HOME AFFAIRS,V. Vijayasai Reddy Shri,Ordinary Bill,,,,,Lapsed,https://sansad.in/getFile/BillsTexts/RSBillTexts/Asintroduced/IPC 295-E.pdf?source=legislation
24,2328,XVI,"The Right of Children to Free and Compulsory Education (Amendment) Bill, 2020.",Rajya Sabha,2021-12-03,EDUCATION,V. Vijayasai Reddy Shri,Ordinary Bill,,,,,Lapsed,https://sansad.in/getFile/BillsTexts/RSBillTexts/Asintroduced/Right to child-E.pdf?source=legislation
25,2328,LX,"The Advocates (Amendment) Bill, 2019",Rajya Sabha,2019-12-06,LAW AND JUSTICE,V. Vijayasai Reddy Shri,Ordinary Bill,,,,,Lapsed,https://sansad.in/getFile/BillsTexts/RSBillTexts/Asintroduced/advocte-E-6 12 19.pdf?source=legislation
26,2328,XLV,"The Indian Penal Code (Amendment) Bill, 2019 (insertion of new sections 379A and 379B)",Rajya Sabha,2019-12-06,HOME AFFAIRS,V. Vijayasai Reddy Shri,Ordinary Bill,,,,,Lapsed,https://sansad.in/getFile/BillsTexts/RSBillTexts/Asintroduced/IPC-E-6 12 19.pdf?source=legislation
27,2328,XLVIII,"The Constitution (Amendment) Bill, 2019. (insertion of new article 338C)",Rajya Sabha,2019-12-06,AGRICULTURE,V. Vijayasai Reddy Shri,Ordinary Bill,,,,,Lapsed,https://sansad.in/getFile/BillsTexts/RSBillTexts/Asintroduced/338C-E-6 12 19.pdf?source=legislation
28,2328,LVIII,"The Unfair (Procedural and Substantive) Terms in Contract Bill, 2018.",Rajya Sabha,2019-06-21,LAW AND JUSTICE,V. Vijayasai Reddy Shri,Ordinary Bill,,,,,Lapsed,https://sansad.in/getFile/BillsTexts/RSBillTexts/Asintroduced/unfair-E-21619.pdf?source=legislation
29,2328,XXXV,"The Code of Criminal Procedure (Amendment) Bill, 2018",Rajya Sabha,2019-06-21,HOME AFFAIRS,V. Vijayasai Reddy Shri,Ordinary Bill,,,,,Lapsed,https://sansad.in/getFile/BillsTexts/RSBillTexts/Asintroduced/code vijay-E-21619.pdf?source=legislation
30,2328,XXXVII,"The Registration of Births and Deaths (Amendment) Bill, 2018.",Rajya Sabha,2019-06-21,LAW AND JUSTICE,V. Vijayasai Reddy Shri,Ordinary Bill,,,,,Lapsed,https://sansad.in/getFile/BillsTexts/RSBillTexts/Asintroduced/registration-E-21619.pdf?source=legislation
31,2328,XXIV,"The Constitution (Amendment) Bill, 2018 (amendment of article 19)",Rajya Sabha,2018-08-03,HOME AFFAIRS,V. Vijayasai Reddy Shri,Ordinary Bill,,,,,Lapsed,https://sansad.in/getFile/BillsTexts/RSBillTexts/Asintroduced/19 -E-3818.pdf?source=legislation
32,2328,XXVI,"The Criminal Law (Amendment) Bill, 2018",Rajya Sabha,2018-08-03,HOME AFFAIRS,V. Vijayasai Reddy Shri,Ordinary Bill,,,,,Lapsed,https://sansad.in/getFile/BillsTexts/RSBillTexts/Asintroduced/criminal-E-3818.pdf?source=legislation
33,2328,XXI,"The National Tribal Education Board Bill, 2018",Rajya Sabha,2018-07-20,HUMAN RESOURCE  DEVELOPMENT,V. Vijayasai Reddy Shri,Ordinary Bill,,,,,Lapsed,https://sansad.in/getFile/BillsTexts/RSBillTexts/Asintroduced/tribal edu-E-20718.pdf?source=legislation
34,2328,II,"The Constitution (Amendment) Bill, 2018 (insertion of new articles 330A, 332A, etc.)",Rajya Sabha,2018-02-02,LAW AND JUSTICE,V. Vijayasai Reddy Shri,Ordinary Bill,,,,,Negatived,https://sansad.in/getFile/BillsTexts/RSBillTexts/Asintroduced/330-E-2 2 18.pdf?source=legislation
35,2328,IV,"The Constitution (Amendment) Bill, 2018 (amendment of articles 15 and 16)",Rajya Sabha,2018-02-02,SOCIAL JUSTICE AND EMPOWERMENT,V. Vijayasai Reddy Shri,Ordinary Bill,,,,,Lapsed,https://sansad.in/getFile/BillsTexts/RSBillTexts/Asintroduced/15-E-2 2 18.pdf?source=legislation
36,2328,XXIX,"The Prevention of Torture Bill, 2017",Rajya Sabha,2017-12-15,HOME AFFAIRS,V. Vijayasai Reddy Shri,Ordinary Bill,,,,,Lapsed,https://sansad.in/getFile/BillsTexts/RSBillTexts/Asintroduced/torture-E-151217.pdf?source=legislation
37,2328,XXX,"The Constitution (Amendment) Bill, 2017 (insertion of new article 21B)",Rajya Sabha,2017-12-15,HOUSING AND URBAN POVERTY ALLEVIATION,V. Vijayasai Reddy Shri,Ordinary Bill,,,,,Lapsed,https://sansad.in/getFile/BillsTexts/RSBillTexts/Asintroduced/21B-E-151217.pdf?source=legislation
38,2328,XXXI,"The Prevention of Enforced Disappearance Bill, 2017",Rajya Sabha,2017-12-15,HOME AFFAIRS,V. Vijayasai Reddy Shri,Ordinary Bill,,,,,Lapsed,https://sansad.in/getFile/BillsTexts/RSBillTexts/Asintroduced/enforced-E-151217.pdf?source=legislation
39,2328,XVIII,"The Prevention of Crimes in the Name of Honour and Tradition and Prohibition of Interference with the Freedom of Matrimonial Alliances Bill, 2017",Rajya Sabha,2017-07-21,LAW AND JUSTICE,V. Vijayasai Reddy Shri,Ordinary Bill,,,,,Lapsed,https://sansad.in/getFile/BillsTexts/RSBillTexts/Asintroduced/crime-21717-E.pdf?source=legislation
40,2328,XX,"The Privately Financed Infrastructure Projects (Regulation of Swiss Challenge Method of Procurement) Bill, 2017.",Rajya Sabha,2017-07-21,FINANCE,V. Vijayasai Reddy Shri,Ordinary Bill,,,,,Lapsed,https://sansad.in/getFile/BillsTexts/RSBillTexts/Asintroduced/pvt financed-21717=E.pdf?source=legislation
41,2328,X,"The Constitution (Amendment) Bill, 2017 (insertion of new articles 330A, 330B, 332A and 332B)",Rajya Sabha,2017-04-07,LAW AND JUSTICE,V. Vijayasai Reddy Shri,Ordinary Bill,,,,,Lapsed,https://sansad.in/getFile/BillsTexts/RSBillTexts/Asintroduced/239AA-7417-E.pdf?source=legislation
42,2328,LVII,"The Constitution (Amendment) Bill, 2016 (amendment of articles 102 and 191)",Rajya Sabha,2016-12-02,FINANCE,V. Vijayasai Reddy Shri,Ordinary Bill,,,,,Lapsed,https://sansad.in/getFile/BillsTexts/RSBillTexts/Asintroduced/102-21216-E.pdf?source=legislation
43,2328,XLII,"The Constitution (Amendment) Bill, 2016 (substitution of new article for article 361B and amendment of Tenth Schedule)",Rajya Sabha,2016-08-05,LAW AND JUSTICE,V. Vijayasai Reddy Shri,Ordinary Bill,,,,,Lapsed,https://sansad.in/getFile/BillsTexts/RSBillTexts/Asintroduced/361B-5816-E.pdf?source=legislation
44,786,85,"The Muslim Wakfs Bill, 1952",Lok Sabha,1952-07-16,LAW AND JUSTICE,Syed Mohammad Ahmad Kazmi Shri,Ordinary Bill,1954-03-12,1954-04-23,,,,https://sansad.in/getFile/BillsTexts/LSBillTexts/Asintroduced/BILL-85-1952-As intro23202574326PM.pdf?source=legislation
45,1173,X,"The Standard Weight and Measures Bill, 1953",Rajya Sabha,1953-09-04,COMMERCE AND INDUSTRY,Kishen Chand Shri,Ordinary Bill,,,,,Lapsed,
46,1173,XI,"The Indian Coinage (Amendment) Bill, 1953",Rajya Sabha,1953-09-04,,Kishen Chand Shri,Ordinary Bill,,,,,Negatived,
47,1173,XV,"The Standards of Higher Education Co-ordinating Bill, 1953",Rajya Sabha,1953-09-04,,Kishen Chand Shri,Ordinary Bill,,,,,Lapsed,
48,1937,XXXIII,"The Handloom Weavers (Protection and Welfare) Bill, 2009",Rajya Sabha,2010-05-03,TEXTILES,Gireesh Kumar Sanghi Shri,Ordinary Bill,,,,,Lapsed,https://sansad.in/getFile/BillsTexts/RSBillTexts/Asintroduced/Hand XXXIII of 09.pdf?source=legislation
49,1937,XXXIV,"The Constitution (Amendment) Bill, 2009 (insertion of new article 16A and amendment of article 39)",Rajya Sabha,2010-05-03,LABOUR  AND  EMPLOYMENT,Gireesh Kumar Sanghi Shri,Constitutional Amendment Bill,,,,,Lapsed,https://sansad.in/getFile/BillsTexts/RSBillTexts/Asintroduced/Cons XXXIV of 09.pdf?source=legislation
50,1937,XXXV,"The Booming Population Control Bill, 2009",Rajya Sabha,2010-05-03,HEALTH AND FAMILY WELFARE,Gireesh Kumar Sanghi Shri,Ordinary Bill,,,,,Lapsed,https://sansad.in/getFile/BillsTexts/RSBillTexts/Asintroduced/Boom XXXV of 09.pdf?source=legislation
51,1937,LVI,"The Victims of Terrorism (Compensation and Miscellaneous Provisions) Bill, 2008",Rajya Sabha,2008-12-19,HOME AFFAIRS,Gireesh Kumar Sanghi Shri,Ordinary Bill,,,,,Lapsed,https://sansad.in/getFile/BillsTexts/RSBillTexts/Asintroduced/vic of terro LVI of 08.pdf?source=legislation
52,1937,LXIII,"The Girl Child (Prevention of Trafficking and Miscellaneous Provisions) Bill, 2008",Rajya Sabha,2008-12-19,WOMEN AND CHILD DEVELOPMENT,Gireesh Kumar Sanghi Shri,Ordinary Bill,,,,,Lapsed,https://sansad.in/getFile/BillsTexts/RSBillTexts/Asintroduced/grl child LXIII of 08.pdf?source=legislation
53,1937,LXVII,"The Renewable Energy (Promotion and Miscellaneous Provisions) Bill, 2008",Rajya Sabha,2008-12-19,NON-CONVENTIONAL ENERGY SOURCES,Gireesh Kumar Sanghi Shri,Ordinary Bill,,,,,Lapsed,https://sansad.in/getFile/BillsTexts/RSBillTexts/Asintroduced/renble energy LXVII of 08.pdf?source=legislation
54,1937,VIII,"The Traders, Businessmen, Professionals and Self-Employed Persons (Welfare and Social Security) Bill, 2007",Rajya Sabha,2007-03-16,SOCIAL JUSTICE AND EMPOWERMENT,Gireesh Kumar Sanghi Shri,Ordinary Bill,,,,,Lapsed,https://sansad.in/getFile/BillsTexts/RSBillTexts/Asintroduced/1213rs.pdf?source=legislation
55,2333,XXXVI,"The Entrepreneurship Leave Bill, 2024",Rajya Sabha,2025-02-07,"PERSONNEL,  PUBLIC  GRIEVANCES  AND  PENSIONS",Vivek K. Tankha Shri,Ordinary Bill,,,,,Pending,https://sansad.in/getFile/BillsTexts/RSBillTexts/Asintroduced/6e214202543941PM.pdf?source=legislation
56,2333,CIV,"The Kashmiri Pandits (Recourse, Restitution, Rehabilitation and Resettlement) Bill, 2022",Rajya Sabha,2024-02-02,HOME AFFAIRS,Vivek K. Tankha Shri,Financial Bill,,,,,Pending,https://sansad.in/getFile/BillsTexts/RSBillTexts/Asintroduced/04_Kashmiri Pandits_v tankha-E29202470447PM.pdf?source=legislation
57,2333,XVIII,"The Kashmiri Pandits (Recourse, Restitution, Rehabilitation and Resettlement) Bill, 2022",Rajya Sabha,2022-04-01,HOME AFFAIRS,Vivek K. Tankha Shri,Ordinary Bill,,,,,Lapsed,https://sansad.in/getFile/BillsTexts/RSBillTexts/Asintroduced/11-E_256.pdf?source=legislation
58,367,II,"The Constitution (Amendment) Bill, 1966 (to amend articles 102 and 191)",Rajya Sabha,1966-01-04,,Jairamdas Daulatram Shri,Ordinary Bill,,,,,Lapsed,
59,371,1,"The Government of Union Territory of Andaman and Nicobar Islands Bill, 2012.",Lok Sabha,2012-08-09,HOME AFFAIRS,Bishnu Pada Ray Shri,Financial Bill,,,,,Lapsed,https://sansad.in/getFile/BillsTexts/LSBillTexts/Asintroduced/3944LS.pdf?source=legislation
60,371,III,"The constitution (amendment)Bill, 1973 (to amend article1)",Rajya Sabha,1973-03-02,HOME AFFAIRS,Sitaram Jaipuria Shri,Ordinary Bill,,,,,Lapsed,
61,371,IV,"The Constitution (Amendment) Bill, 1969 [to amend article 174]",Rajya Sabha,1969-03-14,PARLIAMENTARY  AFFAIRS,Sitaram Jaipuria Shri,Ordinary Bill,,,,,Withdrawn,
62,371,XVI,The Hindu Marriage (Amendment) Bills 1962,Rajya Sabha,1962-11-16,,Sitaram Jaipuria Shri,Ordinary Bill,,,,,Negatived,
63,1569,XLV,"The Constitution ( Amendment) Bill,1995 ( Insertion of new Article 178 A)",Rajya Sabha,1995-08-17,HOME AFFAIRS,Balkrishna Sharma Shri,Ordinary Bill,,,,,Lapsed,
64,1569,XXVII,"The Constitution ( Amendment) Bill,1995 ( to amend article 51-A)",Rajya Sabha,1995-08-17,HOME AFFAIRS,Balkrishna Sharma Shri,Ordinary Bill,,,,,Lapsed,
65,2339,V,"The Representation of the People (Amendment) Bill, 2019",Rajya Sabha,2019-06-21,LAW AND JUSTICE,K.C. Ramamurthy Shri,Ordinary Bill,,,,,Lapsed,https://sansad.in/getFile/BillsTexts/RSBillTexts/Asintroduced/RP-E-21619.pdf?source=legislation
66,380,214,"The Declaring of Habitual Offenders Laws as void Bill, 2018",Lok Sabha,2018-12-28,HOME AFFAIRS,A.P. Jithender Reddy Shri,Ordinary Bill,,,,,Lapsed,https://sansad.in/getFile/BillsTexts/LSBillTexts/Asintroduced/2227as.pdf?source=legislation
67,380,220,"The Ban on the use of Microbeads in Cosmetic Products Bill, 2018",Lok Sabha,2018-12-28,ENVIRONMENT AND FORESTS,A.P. Jithender Reddy Shri,Ordinary Bill,,,,,Lapsed,https://sansad.in/getFile/BillsTexts/LSBillTexts/Asintroduced/2316as.pdf?source=legislation
68,380,222,"The Protection of Human Rights Defenders Bill, 2018",Lok Sabha,2018-12-28,HOME AFFAIRS,A.P. Jithender Reddy Shri,Financial Bill,,,,,Lapsed,https://sansad.in/getFile/BillsTexts/LSBillTexts/Asintroduced/2467as.pdf?source=legislation
69,380,25,"The Indian Forest (Amendment) Bill, 2017 (Amendment of section 26, etc.)",Lok Sabha,2017-03-24,ENVIRONMENT AND FORESTS,A.P. Jithender Reddy Shri,Financial Bill,,,,,Lapsed,https://sansad.in/getFile/BillsTexts/LSBillTexts/Asintroduced/4486.pdf?source=legislation
70,380,28,"The All India Services (Amendment) Bill, 2017 (Insertion of new Section 3A)",Lok Sabha,2017-03-24,"PERSONNEL,  PUBLIC  GRIEVANCES  AND  PENSIONS",A.P. Jithender Reddy Shri,Ordinary Bill,,,,,Lapsed,https://sansad.in/getFile/BillsTexts/LSBillTexts/Asintroduced/4487.pdf?source=legislation
71,380,338,"The Clinical Establishments (Registration and Regulation) Amendment Bill, 2015 (Amendment of section 2,etc.)",Lok Sabha,2015-12-18,HEALTH AND FAMILY WELFARE,A.P. Jithender Reddy Shri,Ordinary Bill,,,,,Lapsed,https://sansad.in/getFile/BillsTexts/LSBillTexts/Asintroduced/3022LS.pdf?source=legislation
72,380,348,"The Constitution (Amendment) Bill, 2015  (Insertion of new articles 77A, etc.)",Lok Sabha,2015-12-18,LAW AND JUSTICE,A.P. Jithender Reddy Shri,Ordinary Bill,,,,,Pending,https://sansad.in/getFile/BillsTexts/LSBillTexts/Asintroduced/2820LS.pdf?source=legislation
73,380,49,"The Code of Criminal Procedure (Amendment) Bill, 2000 (Amendment of section 320, etc.)",Lok Sabha,2000-04-20,HOME AFFAIRS,A.P. Jithender Reddy Shri,Ordinary Bill,,,,,Lapsed,https://sansad.in/getFile/BillsTexts/LSBillTexts/Asintroduced/4302LS.pdf?source=legislation
74,2341,XXI,"he High Court of Orissa (Establishment of a Permanent Bench in Western Odisha) Bill, 2020.",Rajya Sabha,2021-12-03,LAW AND JUSTICE,Prasanna Acharya Shri,Ordinary Bill,,,,,Lapsed,https://sansad.in/getFile/BillsTexts/RSBillTexts/Asintroduced/HC of orrissa-E.pdf?source=legislation
75,799,VIII,"The Antiquities (Export Control) Amendment Bill, 1957",Rajya Sabha,1957-11-29,,Raghubir Sinh Dr.,Ordinary Bill,,,,,Lapsed,
76,799,III,"The Ancient and Historical Monuments and Archaelogical Sites and Remains (Declaration of National Importance) Amendment Bill, 1957",Rajya Sabha,1957-08-30,,Raghubir Sinh Dr.,Ordinary Bill,,,,,Lapsed,
77,799,XX,"The Historical Records (National Importance) Bill, 1956",Rajya Sabha,1956-05-31,,Raghubir Sinh Dr.,Ordinary Bill,,,,,Lapsed,
78,2344,XXV,"The Constitution (Amendment) Bill, 2020 (amendment of  Seventh Schedule).",Rajya Sabha,2021-12-03,HEALTH AND FAMILY WELFARE,Vikas Mahatme Dr.,Ordinary Bill,,,,,Lapsed,https://sansad.in/getFile/BillsTexts/RSBillTexts/Asintroduced/consti amend 7th sch-E.pdf?source=legislation
79,2344,XXX,"The Constitution (Amendment) Bill, 2019 (amendment of Tenth Schedule)",Rajya Sabha,2019-11-22,LAW AND JUSTICE,Vikas Mahatme Dr.,Ordinary Bill,,,,,Lapsed,https://sansad.in/getFile/BillsTexts/RSBillTexts/Asintroduced/Tenth-E-22 11 19.pdf?source=legislation
80,2344,XIX,"The Promotion of Social and Emotional Learning in Schools Bill, 2019",Rajya Sabha,2019-07-12,HUMAN RESOURCE  DEVELOPMENT,Vikas Mahatme Dr.,Ordinary Bill,,,,,Lapsed,https://sansad.in/getFile/BillsTexts/RSBillTexts/Asintroduced/promotion-E-12719.pdf?source=legislation
81,2344,LV,"The Compulsory Food Waste Reduction Bill, 2018",Rajya Sabha,2019-06-21,"CONSUMER AFFAIRS, FOOD AND PUBLIC DISTRIBUTION",Vikas Mahatme Dr.,Ordinary Bill,,,,,Lapsed,https://sansad.in/getFile/BillsTexts/RSBillTexts/Asintroduced/comlsry food-E-21619.pdf?source=legislation
82,2344,XLI,"The Other Backward Classes (Sub-Categorization) Bill, 2018",Rajya Sabha,2019-06-21,SOCIAL JUSTICE AND EMPOWERMENT,Vikas Mahatme Dr.,Ordinary Bill,,,,,Lapsed,https://sansad.in/getFile/BillsTexts/RSBillTexts/Asintroduced/OBC-E-21619.pdf?source=legislation
83,2344,XX,"The Special Courts for Scheduled Castes and Scheduled Tribes Bill, 2016",Rajya Sabha,2016-04-29,SOCIAL JUSTICE AND EMPOWERMENT,Vikas Mahatme Dr.,Ordinary Bill,,,,,Lapsed,https://sansad.in/getFile/BillsTexts/RSBillTexts/Asintroduced/splcor-29 4 16-E.pdf?source=legislation
84,385,44,"The Mental Healthcare (Amendment) Bill, 2024 (Amendment of section, etc.).",Lok Sabha,2025-12-05,HEALTH AND FAMILY WELFARE,Rajiv Pratap Rudy Shri,Financial Bill,,,,,Pending,https://sansad.in/getFile/BillsTexts/LSBillTexts/Asintroduced/44 of 2024 as intro125202583504PM.pdf?source=legislation
85,385,25,"The District Development and Monitoring Committee for Implementation of Central Sector and Centrally Sponsored Schemes Bill, 2024",Lok Sabha,2024-07-26,RURAL DEVELOPMENT,Rajiv Pratap Rudy Shri,Financial Bill,,,,,Pending,https://sansad.in/getFile/BillsTexts/LSBillTexts/Asintroduced/25 of 2024 As Introduced726202445003PM.pdf?source=legislation
86,385,40,"The Greenfield Infrastructure Development Boards Bill, 2024",Lok Sabha,2024-07-26,ROAD TRANSPORT AND HIGHWAYS,Rajiv Pratap Rudy Shri,Financial Bill,,,,,Pending,https://sansad.in/getFile/BillsTexts/LSBillTexts/Asintroduced/40 of 2024 AS726202444843PM.pdf?source=legislation
87,385,60,"The Constitution (Amendment) Bill, 2024 (Substitution of new article for article 48A, etc.)",Lok Sabha,2024-07-26,ENVIRONMENT AND FORESTS,Rajiv Pratap Rudy Shri,Ordinary Bill,,,,,Pending,https://sansad.in/getFile/BillsTexts/LSBillTexts/Asintroduced/60 of 2024 AS726202445621PM.pdf?source=legislation
88,385,104,"The Greenfield Infrastructure Development Boards Bill, 2022",Lok Sabha,2022-08-05,ROAD TRANSPORT AND HIGHWAYS,Rajiv Pratap Rudy Shri,Financial Bill,,,,,Lapsed,https://sansad.in/getFile/BillsTexts/LSBillTexts/Asintroduced/104 of 2022 EV (As Copy).pdf?source=legislation
89,385,105,"The District Development and Monitoring Committee for Implementation of Central Sector and Centrally Sponsored Schemes Bill, 2022",Lok Sabha,2022-08-05,RURAL DEVELOPMENT,Rajiv Pratap Rudy Shri,Financial Bill,,,,,Lapsed,https://sansad.in/getFile/BillsTexts/LSBillTexts/Asintroduced/105 of 2022 As Introduced.pdf?source=legislation
90,385,324,"The Wild Life (Protection) Amendment Bill, 2019 (Insertion of new sections 28A, 28B, 28C, 28D and 28E)",Lok Sabha,2021-12-03,ENVIRONMENT AND FORESTS,Rajiv Pratap Rudy Shri,Ordinary Bill,,,,,Lapsed,https://sansad.in/getFile/BillsTexts/LSBillTexts/Asintroduced/324 of 2019As Int....pdf?source=legislation
91,385,339,"The Constitution (Amendment)  Bill, 2019 (Amendment of the  Seventh and Twelfth Schedule)",Lok Sabha,2021-12-03,ENVIRONMENT AND FORESTS,Rajiv Pratap Rudy Shri,Ordinary Bill,,,,,Lapsed,https://sansad.in/getFile/BillsTexts/LSBillTexts/Asintroduced/339 of 2019 As Int....pdf?source=legislation
92,385,340,"The Mental Healthcare (Amendment) Bill, 2019 (Amendment of section 2, etc. )",Lok Sabha,2021-12-03,HEALTH AND FAMILY WELFARE,Rajiv Pratap Rudy Shri,Financial Bill,,,,,Lapsed,https://sansad.in/getFile/BillsTexts/LSBillTexts/Asintroduced/340 of 2019As Int....pdf?source=legislation
93,385,120,"The Constitution (Amendment) Bill, 2019 (Amendment of article 83, etc.)",Lok Sabha,2019-07-12,LAW AND JUSTICE,Rajiv Pratap Rudy Shri,Ordinary Bill,,,,,Lapsed,https://sansad.in/getFile/BillsTexts/LSBillTexts/Asintroduced/685LS As Int....pdf?source=legislation
94,385,99,"The Constitution (Amendment) Bill, 2019 (Substitution of new article for article 48A, etc.)",Lok Sabha,2019-07-12,ENVIRONMENT AND FORESTS,Rajiv Pratap Rudy Shri,Ordinary Bill,,,,,Lapsed,https://sansad.in/getFile/BillsTexts/LSBillTexts/Asintroduced/571LS As Int....pdf?source=legislation
95,385,238,"The Constitution (Amendment) Bill, 2017 (Insertion of  new article 47A.)",Lok Sabha,2017-12-29,WATER RESOURCES,Rajiv Pratap Rudy Shri,Ordinary Bill,,,,,Lapsed,https://sansad.in/getFile/BillsTexts/LSBillTexts/Asintroduced/2661LS As In.pdf?source=legislation
96,385,245,"The Constitution (Amendment) Bill, 2017 (Amendment of article 172)",Lok Sabha,2017-12-29,LAW AND JUSTICE,Rajiv Pratap Rudy Shri,Ordinary Bill,,,,,Lapsed,https://sansad.in/getFile/BillsTexts/LSBillTexts/Asintroduced/2647LS As In.pdf?source=legislation
97,385,246,"The Constitution (Amendment) Bill, 2017 (Amendment of articles 48A and 51A)",Lok Sabha,2017-12-29,ENVIRONMENT AND FORESTS,Rajiv Pratap Rudy Shri,Ordinary Bill,,,,,Lapsed,https://sansad.in/getFile/BillsTexts/LSBillTexts/Asintroduced/2643LS As In.pdf?source=legislation
98,385,86,"The Electricity (Amendment) Bill, 2014  (Substitution of new section for section 4, etc.).",Lok Sabha,2014-08-08,POWER,Rajiv Pratap Rudy Shri,Financial Bill,,,,,Lapsed,https://sansad.in/getFile/BillsTexts/LSBillTexts/Asintroduced/1755LS.pdf?source=legislation
99,385,87,"The Labour Force (Demand and Supply Survey) Bill, 2014.",Lok Sabha,2014-08-08,LABOUR  AND  EMPLOYMENT,Rajiv Pratap Rudy Shri,Financial Bill,,,,,Lapsed,https://sansad.in/getFile/BillsTexts/LSBillTexts/Asintroduced/1754LS.pdf?source=legislation
100,385,90,"The Constitution (Amendment) Bill, 2014  (Amendment of the Eighth Schedule).",Lok Sabha,2014-08-08,HOME AFFAIRS,Rajiv Pratap Rudy Shri,Ordinary Bill,,,,,Lapsed,https://sansad.in/getFile/BillsTexts/LSBillTexts/Asintroduced/1886LS.pdf?source=legislation
101,802,XVII,"The Sterilisation of the Unfit Bill, 1964",Rajya Sabha,1964-11-27,,Shakuntala Paranjpye Smt.,Ordinary Bill,,,,,Lapsed,
102,1951,XXIV,"The Electro Homoeopathy System of Medicine (Recognition) Bill, 2015",Rajya Sabha,2015-04-24,HEALTH AND FAMILY WELFARE,E.M. Sudarsana Natchiappan Dr.,Ordinary Bill,,,,,Lapsed,https://sansad.in/getFile/BillsTexts/RSBillTexts/Asintroduced/elec hom-E.pdf?source=legislation
103,1951,VIII,"The Prevention and Management of Conflict of Interest Bill, 2015",Rajya Sabha,2015-02-27,"PERSONNEL,  PUBLIC  GRIEVANCES  AND  PENSIONS",E.M. Sudarsana Natchiappan Dr.,Ordinary Bill,,,,,Lapsed,https://sansad.in/getFile/BillsTexts/RSBillTexts/Asintroduced/Conflict-E.pdf?source=legislation
104,1951,XLIV,"The Working Children (Rescue, Rehabilitation and Welfare) Bill, 2012",Rajya Sabha,2012-12-07,WOMEN AND CHILD DEVELOPMENT,E.M. Sudarsana Natchiappan Dr.,Ordinary Bill,,,,,Lapsed,https://sansad.in/getFile/BillsTexts/RSBillTexts/Asintroduced/wrking chil-E.pdf?source=legislation
105,1951,XLV,"The Commercialised Girl Child Trafficking (Prevention, Rehabilitation and Welfare) Bill, 2012",Rajya Sabha,2012-12-07,WOMEN AND CHILD DEVELOPMENT,E.M. Sudarsana Natchiappan Dr.,Ordinary Bill,,,,,Lapsed,https://sansad.in/getFile/BillsTexts/RSBillTexts/Asintroduced/com girl-E.pdf?source=legislation
106,1951,XLVI,"The Rural Labour (Welfare) Bill, 2012",Rajya Sabha,2012-12-07,LABOUR  AND  EMPLOYMENT,E.M. Sudarsana Natchiappan Dr.,Ordinary Bill,,,,,Lapsed,https://sansad.in/getFile/BillsTexts/RSBillTexts/Asintroduced/rural-E.pdf?source=legislation
107,1951,LVII,"The Prevention and Management of Conflict of Interest Bill, 2011.",Rajya Sabha,2012-04-27,"PERSONNEL,  PUBLIC  GRIEVANCES  AND  PENSIONS",E.M. Sudarsana Natchiappan Dr.,Ordinary Bill,,,,,Lapsed,https://sansad.in/getFile/BillsTexts/RSBillTexts/Asintroduced/conflict-E 27412.pdf?source=legislation
108,1951,VI,"The Protection of Human Rights (Amendment) Bill, 2012.",Rajya Sabha,2012-04-27,HOME AFFAIRS,E.M. Sudarsana Natchiappan Dr.,Ordinary Bill,,,,,Lapsed,https://sansad.in/getFile/BillsTexts/RSBillTexts/Asintroduced/human-E.pdf?source=legislation
109,1951,VII,"The Constitution (Amendment) Bill, 2012 (insertion of new article 21B and amendment of article 51A)",Rajya Sabha,2012-04-27,ENVIRONMENT AND FORESTS,E.M. Sudarsana Natchiappan Dr.,Constitutional Amendment Bill,,,,,Lapsed,https://sansad.in/getFile/BillsTexts/RSBillTexts/Asintroduced/const-21B-E.pdf?source=legislation
110,1951,XX,"The Constitution (Amendment) Bill, 2008 (insertion of new aticle 335A)",Rajya Sabha,2008-12-19,LAW AND JUSTICE,E.M. Sudarsana Natchiappan Dr.,Constitutional Amendment Bill,,,,,Lapsed,https://sansad.in/getFile/BillsTexts/RSBillTexts/Asintroduced/cont. XX of 08.pdf?source=legislation
111,1951,XXI,"The Women and Girl Child (Prevention of Teasing, Stripping, Molestation, Rape and Other Atrocities) Bill, 2008",Rajya Sabha,2008-12-19,WOMEN AND CHILD DEVELOPMENT,E.M. Sudarsana Natchiappan Dr.,Ordinary Bill,,,,,Lapsed,https://sansad.in/getFile/BillsTexts/RSBillTexts/Asintroduced/women & girl XXI of 08.pdf?source=legislation
112,1951,LXXXVII,"The Farmers (Protection and Welfare) Bill, 2006",Rajya Sabha,2006-12-08,AGRICULTURE,E.M. Sudarsana Natchiappan Dr.,Ordinary Bill,,,,,Lapsed,https://sansad.in/getFile/BillsTexts/RSBillTexts/Asintroduced/LXXXVII_2006.pdf?source=legislation
113,1951,XCII,"The Multipurpose Inter-State River Projects and Setting up of Large Enterprises (Rehabilitation of Oustees) Bill, 2006",Rajya Sabha,2006-12-08,WATER RESOURCES,E.M. Sudarsana Natchiappan Dr.,Ordinary Bill,,,,,Lapsed,https://sansad.in/getFile/BillsTexts/RSBillTexts/Asintroduced/XCII_ 2006.pdf?source=legislation
114,1951,LIV,"The Prohibition of Littering and Defiling of Public Places Bill, 2006.",Rajya Sabha,2006-07-28,,E.M. Sudarsana Natchiappan Dr.,Ordinary Bill,,,,,Lapsed,https://sansad.in/getFile/BillsTexts/RSBillTexts/Asintroduced/liv_2006.pdf?source=legislation
115,1951,XLVIII,"The Rural Labour (Welfare) Bill, 2006.",Rajya Sabha,2006-07-28,,E.M. Sudarsana Natchiappan Dr.,Ordinary Bill,,,,,Lapsed,https://sansad.in/getFile/BillsTexts/RSBillTexts/Asintroduced/XLVIII_2006.pdf?source=legislation
116,1951,XXV,"The working Children (Rescue, Rehabilitation and Welfare) Bill, 2006",Rajya Sabha,2006-05-12,,E.M. Sudarsana Natchiappan Dr.,Ordinary Bill,,,,,Lapsed,https://sansad.in/getFile/BillsTexts/RSBillTexts/Asintroduced/XXV_2006.pdf?source=legislation
117,1951,XXVII,"The Constitution (Amenment) Bill, 2006 (insertion of new article 21B and to amend article 51A)",Rajya Sabha,2006-05-12,ENVIRONMENT AND FORESTS,E.M. Sudarsana Natchiappan Dr.,Constitutional Amendment Bill,,,,,Lapsed,https://sansad.in/getFile/BillsTexts/RSBillTexts/Asintroduced/XXVII_2006.pdf?source=legislation
118,1951,XXXV,"The Commercialised Girl Child Trafficking (Prevention, Rehabilitation and Welfare) Bill, 2006",Rajya Sabha,2006-05-12,HUMAN RESOURCE  DEVELOPMENT,E.M. Sudarsana Natchiappan Dr.,Ordinary Bill,,,,,Lapsed,https://sansad.in/getFile/BillsTexts/RSBillTexts/Asintroduced/XXXV_2006.pdf?source=legislation
119,1951,CXX,"The Prevention of Human Rights (Amendment) Bill, 2005",Rajya Sabha,2005-12-23,HOME AFFAIRS,E.M. Sudarsana Natchiappan Dr.,Ordinary Bill,,,,,Lapsed,
120,2345,XVII,"The Companies (Amendment) Bill, 2019",Rajya Sabha,2019-07-12,CORPORATE AFFAIRS,Vinay P. Sahasrabuddhe Dr.,Ordinary Bill,,,,,Withdrawn,https://sansad.in/getFile/BillsTexts/RSBillTexts/Asintroduced/companies-E-12719.pdf?source=legislation
121,2345,XXXVII,"The Educational Innovations Commission Bill, 2017",Rajya Sabha,2017-12-15,HUMAN RESOURCE  DEVELOPMENT,Vinay P. Sahasrabuddhe Dr.,Ordinary Bill,,,,,Lapsed,https://sansad.in/getFile/BillsTexts/RSBillTexts/Asintroduced/edu ino-E-151217.pdf?source=legislation
122,801,VIII,"The Electricity ( Supply) Amendment Bill,1982",Rajya Sabha,1982-04-30,,R.R. Diwakar Shri,Ordinary Bill,,,,,,
123,403,53,"The Constitution (Amendment) Bill, 2003 (Amendment of article 51A)",Lok Sabha,2003-08-22,HUMAN RESOURCE  DEVELOPMENT,V. Saroja Dr.(Smt.),Ordinary Bill,,,,,Pending,https://sansad.in/getFile/BillsTexts/LSBillTexts/Asintroduced/2052LS.pdf?source=legislation
124,403,56,"The Railways (Amendment) Bill, 2003 (Amendment of section 124)",Lok Sabha,2003-08-22,RAILWAYS,V. Saroja Dr.(Smt.),Ordinary Bill,,,,,Pending,https://sansad.in/getFile/BillsTexts/LSBillTexts/Asintroduced/2186LS.pdf?source=legislation
125,403,61,"The Prevention of Food Adulteration (Amendment) Bill, 2003 (Amendment of sections 2 and 16)",Lok Sabha,2003-08-22,HEALTH AND FAMILY WELFARE,V. Saroja Dr.(Smt.),Ordinary Bill,,,,,Pending,https://sansad.in/getFile/BillsTexts/LSBillTexts/Asintroduced/2289LS.pdf?source=legislation
126,403,68,"The Forest (Conservation) Amendment Bill, 2000",Lok Sabha,2003-07-28,ENVIRONMENT AND FORESTS,V. Saroja Dr.(Smt.),Ordinary Bill,,,,,Lapsed,https://sansad.in/getFile/BillsTexts/LSBillTexts/Asintroduced/4623LS.pdf?source=legislation
127,403,75,"The Constitution (Amendment) Bill, 2000 (Insertion of new article 16A)",Lok Sabha,2003-07-28,"PERSONNEL,  PUBLIC  GRIEVANCES  AND  PENSIONS",V. Saroja Dr.(Smt.),Ordinary Bill,,,,,Lapsed,https://sansad.in/getFile/BillsTexts/LSBillTexts/Asintroduced/78LS.pdf?source=legislation
128,403,62,"The Constitution (Amendment) Bill, 2001 (Insertion of new articles 22A and 22B)",Lok Sabha,2001-11-23,HUMAN RESOURCE  DEVELOPMENT,V. Saroja Dr.(Smt.),Financial Bill,,,,,Pending,https://sansad.in/getFile/BillsTexts/LSBillTexts/Asintroduced/1367LS.pdf?source=legislation
129,403,69,"The Indian Penal Code (Amendment) Bill, 2001 (Amendment of section 375)",Lok Sabha,2001-11-23,HOME AFFAIRS,V. Saroja Dr.(Smt.),Ordinary Bill,,,,,Pending,https://sansad.in/getFile/BillsTexts/LSBillTexts/Asintroduced/1462LS.pdf?source=legislation
130,403,72,"The Cinematograph (Amendment) Bill, 2001 (Amendment of section 5B)",Lok Sabha,2001-11-23,INFORMATION AND BROADCASTING,V. Saroja Dr.(Smt.),Ordinary Bill,,,,,Pending,https://sansad.in/getFile/BillsTexts/LSBillTexts/Asintroduced/1567LS.pdf?source=legislation
131,403,75,"The Voluntary Organisations (Regulation) Bill, 2001",Lok Sabha,2001-11-23,PLANNING,V. Saroja Dr.(Smt.),Financial Bill,,,,,Pending,https://sansad.in/getFile/BillsTexts/LSBillTexts/Asintroduced/1466LS.pdf?source=legislation
132,403,200,"The Domestic Workers  (Conditions of Service) Bill, 2000",Lok Sabha,2001-02-23,LABOUR,V. Saroja Dr.(Smt.),Financial Bill,,,,,Lapsed,https://sansad.in/getFile/BillsTexts/LSBillTexts/Asintroduced/5255LS.pdf?source=legislation
133,403,206,"The consumer Protection (PriceDetermination of the Products Manufactured in the Private Sector) Bill, 2000",Lok Sabha,2001-02-23,"CONSUMER AFFAIRS, FOOD AND PUBLIC DISTRIBUTION",V. Saroja Dr.(Smt.),Financial Bill,,,,,Lapsed,https://sansad.in/getFile/BillsTexts/LSBillTexts/Asintroduced/5348LS.pdf?source=legislation
134,403,218,"The National Commission for Children Bill, 2000",Lok Sabha,2001-02-23,,V. Saroja Dr.(Smt.),Financial Bill,,,,,Lapsed,https://sansad.in/getFile/BillsTexts/LSBillTexts/Asintroduced/5552LS.pdf?source=legislation
135,403,56,"The Acquired Immuno Deficiency Syndrome (AIDS) Prevention Bill, 2000",Lok Sabha,2000-07-28,HEALTH AND FAMILY WELFARE,V. Saroja Dr.(Smt.),Financial Bill,,,,,Lapsed,https://sansad.in/getFile/BillsTexts/LSBillTexts/Asintroduced/4508LS.pdf?source=legislation
136,403,124,"The Population Stabilisation Bill, 1999",Lok Sabha,1999-12-17,HEALTH AND FAMILY WELFARE,V. Saroja Dr.(Smt.),Financial Bill,,,,,Pending,https://sansad.in/getFile/BillsTexts/LSBillTexts/Asintroduced/2353LS.pdf?source=legislation
137,403,126,"The Constitution (Amendment) Bill, 1999 (Insertion of new article 31)",Lok Sabha,1999-12-17,PLANNING,V. Saroja Dr.(Smt.),Financial Bill,,,,,Pending,https://sansad.in/getFile/BillsTexts/LSBillTexts/Asintroduced/2352LS.pdf?source=legislation
138,403,80,"The Empowerment of Women Bill, 1999",Lok Sabha,1999-03-12,HUMAN RESOURCE  DEVELOPMENT,V. Saroja Dr.(Smt.),Financial Bill,,,,,Pending,https://sansad.in/getFile/BillsTexts/LSBillTexts/Asintroduced/1723LS.pdf?source=legislation
139,403,84,"The Medical Profession (Regulation) Bill, 1999",Lok Sabha,1999-03-12,HEALTH AND FAMILY WELFARE,V. Saroja Dr.(Smt.),Financial Bill,,,,,Pending,https://sansad.in/getFile/BillsTexts/LSBillTexts/Asintroduced/1726LS.pdf?source=legislation
140,403,80,"The Constitution (Amendment) Bill, 1998  (Insertion of new article 16A)",Lok Sabha,1998-07-24,"PERSONNEL,  PUBLIC  GRIEVANCES  AND  PENSIONS",V. Saroja Dr.(Smt.),Constitutional Amendment Bill,,,,,Pending,https://sansad.in/getFile/BillsTexts/LSBillTexts/Asintroduced/1338LS.pdf?source=legislation
141,403,81,"The Patents (Amendment) Bill, 1998 (Amendment of section 53)",Lok Sabha,1998-07-24,,V. Saroja Dr.(Smt.),Ordinary Bill,,,,,Pending,https://sansad.in/getFile/BillsTexts/LSBillTexts/Asintroduced/1343LS.pdf?source=legislation
142,403,85,"The Medical Professin (Regulation) Bill, 1998",Lok Sabha,1998-07-24,HEALTH AND FAMILY WELFARE,V. Saroja Dr.(Smt.),Financial Bill,,,,,Pending,https://sansad.in/getFile/BillsTexts/LSBillTexts/Asintroduced/1485LS.pdf?source=legislation
143,1580,X,"The Constitution (Fifth Amendment) Bill, 1955",Rajya Sabha,1955-08-26,,Satyapriya Banerjee Shri,Ordinary Bill,,,,,Negatived,
144,1580,XX,"The Constitution (Fourth Amendment) Bill, 1954",Rajya Sabha,1954-12-03,,Satyapriya Banerjee Shri,Ordinary Bill,,,,,Negatived,
145,1580,III,"The Constitution of India (third Amendment) Bill, 1953",Rajya Sabha,1953-04-10,,Satyapriya Banerjee Shri,Ordinary Bill,,,,,Negatived,
146,2351,XC,"The Rainwater Harvesting in Government Establishments and Schools Bill, 2024",Rajya Sabha,2025-02-07,JAL SHAKTI,Sanjay Seth Shri,Financial Bill,,,,,Pending,https://sansad.in/getFile/BillsTexts/RSBillTexts/Asintroduced/41e214202551054PM.pdf?source=legislation
147,2351,XCIII,"The Code on Social Security (Amendment) Bill, 2024",Rajya Sabha,2025-02-07,LABOUR  AND  EMPLOYMENT,Sanjay Seth Shri,Ordinary Bill,,,,,Pending,https://sansad.in/getFile/BillsTexts/RSBillTexts/Asintroduced/43e214202551125PM.pdf?source=legislation
148,2351,XCIX,"The Compulsory Self-Defence Training in Educational Institutions Bill, 2024",Rajya Sabha,2025-02-07,EDUCATION,Sanjay Seth Shri,Financial Bill,,,,,Pending,https://sansad.in/getFile/BillsTexts/RSBillTexts/Asintroduced/42e214202551109PM.pdf?source=legislation
149,2351,LXXII,"The Right to Adequate Housing Bill, 2016",Rajya Sabha,2017-02-03,HOUSING AND URBAN POVERTY ALLEVIATION,Sanjay Seth Shri,Ordinary Bill,,,,,Lapsed,https://sansad.in/getFile/BillsTexts/RSBillTexts/Asintroduced/housing-E-3217.pdf?source=legislation
150,407,44,"The Advocates (Amendment) Bill, 2003 (Omission of section 16, etc.)",Lok Sabha,2003-07-25,,T.M. Selvaganapathi Shri,Ordinary Bill,,,,,Pending,
151,2353,LIX,"The Mental Healthcare (Amendment) Bill, 2023.",Rajya Sabha,2023-12-08,HEALTH AND FAMILY WELFARE,Surendra Singh Nagar Shri,Financial Bill,,,,,Pending,https://sansad.in/getFile/BillsTexts/RSBillTexts/Asintroduced/mental health-E1219202343356PM.pdf?source=legislation
152,2354,LXIII,"The Central Himalayan States Development Council Bill, 2016",Rajya Sabha,2017-03-10,ENVIRONMENT AND FORESTS,Pradeep Tamta Shri,Ordinary Bill,,,,,Withdrawn,https://sansad.in/getFile/BillsTexts/RSBillTexts/Asintroduced/himalyn 10317-E.pdf?source=legislation
153,2354,LXIV,"The Abolition of Capital Punishment Bill, 2016",Rajya Sabha,2017-03-10,HOME AFFAIRS,Pradeep Tamta Shri,Ordinary Bill,,,,,Withdrawn,https://sansad.in/getFile/BillsTexts/RSBillTexts/Asintroduced/capital pu 10317-E.pdf?source=legislation
154,2354,LXV,"The Voluntary Organisation (Regulation) Bill, 2016",Rajya Sabha,2017-03-10,SOCIAL JUSTICE AND EMPOWERMENT,Pradeep Tamta Shri,Ordinary Bill,,,,,Lapsed,https://sansad.in/getFile/BillsTexts/RSBillTexts/Asintroduced/volunt 10317-E.pdf?source=legislation
155,1960,LXXIV,"The Scheduled Castes and Scheduled Tribes (Prevention of Atrocities) Amendment Bill, 2005.",Rajya Sabha,2005-07-29,SOCIAL JUSTICE AND EMPOWERMENT,Sharad Anantrao Joshi Shri,Ordinary Bill,,,,,Lapsed,
156,2355,L,"The Constitution (Amendment) Bill, 2019. (insertion of new article 44A and amendment of article 51A)",Rajya Sabha,2019-12-06,HEALTH AND FAMILY WELFARE,Ramkumar Verma Shri,Ordinary Bill,,,,,Lapsed,https://sansad.in/getFile/BillsTexts/RSBillTexts/Asintroduced/44A-E-6 12 19.pdf?source=legislation
157,416,57,"The Constitution (Amendment) Bill, 2000 (Amendment of the Sixth Schedule)",Lok Sabha,2000-04-20,TRIBAL AFFAIRS,Dhani Ram Shandil Dr. (Col.),Ordinary Bill,,,,,Lapsed,https://sansad.in/getFile/BillsTexts/LSBillTexts/Asintroduced/4545LS.pdf?source=legislation
158,416,61,"The Constituiton (Amendment) Bill, 2000 (Insertion  of new article 371J)",Lok Sabha,2000-04-20,PLANNING,Dhani Ram Shandil Dr. (Col.),Financial Bill,,,,,Lapsed,https://sansad.in/getFile/BillsTexts/LSBillTexts/Asintroduced/4550LS.pdf?source=legislation
159,416,66,"The Constitution (Scheudled Tribes) Order (Amendment) Bill, 2000 (Amendment of the Schedule)",Lok Sabha,2000-04-20,TRIBAL AFFAIRS,Dhani Ram Shandil Dr. (Col.),Ordinary Bill,,,,,Lapsed,https://sansad.in/getFile/BillsTexts/LSBillTexts/Asintroduced/4567LS.pdf?source=legislation
160,416,72,"The Code of Criminal Procedure(Amendment) Bill, 2000 (Amendment of section 167, etc.)",Lok Sabha,,HOME AFFAIRS,Dhani Ram Shandil Dr. (Col.),Ordinary Bill,,,,,Lapsed,https://sansad.in/getFile/BillsTexts/LSBillTexts/Asintroduced/4639LS.pdf?source=legislation
161,2358,XI,"Indian Penal Code (Amendment) Bill, 2022 (amendment of section 498A)",Rajya Sabha,2022-04-01,HOME AFFAIRS,Mahesh Poddar Shri,Ordinary Bill,,,,,Lapsed,https://sansad.in/getFile/BillsTexts/RSBillTexts/Asintroduced/12-E_256.pdf?source=legislation
162,2358,LXIV,"The National Council For Waste Management Bill, 2019",Rajya Sabha,2020-02-07,ENVIRONMENT AND FORESTS,Mahesh Poddar Shri,Ordinary Bill,,,,,Lapsed,https://sansad.in/getFile/BillsTexts/RSBillTexts/Asintroduced/waste mgmt-E-7 2 20.pdf?source=legislation
163,2358,LI,"The Micro, Small and Medium Enterprises Development (Amendment) Bill, 2018 (amendment of sections 2,16,19 etc.).",Rajya Sabha,2019-06-21,"MICRO, SMALL AND MEDIUM ENTERPRISES",Mahesh Poddar Shri,Ordinary Bill,,,,,Lapsed,https://sansad.in/getFile/BillsTexts/RSBillTexts/Asintroduced/MSME-Mahesh-E-21619.pdf?source=legislation
164,2358,XLIII,"The Food Waste (Reduction) Bill, 2018.",Rajya Sabha,2019-06-21,"CONSUMER AFFAIRS, FOOD AND PUBLIC DISTRIBUTION",Mahesh Poddar Shri,Ordinary Bill,,,,,Lapsed,https://sansad.in/getFile/BillsTexts/RSBillTexts/Asintroduced/food-E-21619.pdf?source=legislation
165,815,IX,"The Constitution ( Amendment) Bill,1980 ( to amend art, 101,102, 103, 190, 191, 192,)",Rajya Sabha,1980-08-08,,Ramlal Parikh Prof.,Ordinary Bill,,,,,,
166,815,VI,"The Political parties ( Recognition and Finance Assistance ) Bill, 1980",Rajya Sabha,1980-06-20,,Ramlal Parikh Prof.,Ordinary Bill,,,,,,
167,1964,IX,"The Girl Child of Families Living Below poverty Line (Special Educational Facilities and Other Welfare Measures) Bill, 2005.",Rajya Sabha,2005-07-29,HUMAN RESOURCE  DEVELOPMENT,Jaya Bachchan Smt.,Ordinary Bill,,,,,Lapsed,
168,1964,VIII,"The Audio and Video Piracy of Films (Prohibition and Miscellaneous Provisions) Bill, 2005.",Rajya Sabha,2005-07-29,INFORMATION AND BROADCASTING,Jaya Bachchan Smt.,Ordinary Bill,,,,,Lapsed,
169,818,XI,"The Dowery prohibition (Amendment)Bill,1973 (to amend section2.)",Rajya Sabha,1973-05-11,,Seeta Parmanand Dr.(Smt.),Ordinary Bill,,,,,Lapsed,
170,818,IX,"The Industrial Disputes (Amendment) Bill, 1963",Rajya Sabha,1963-03-05,,Seeta Parmanand Dr.(Smt.),Ordinary Bill,,,,,Lapsed,
171,818,VIII,"The Mines (Amendment) Bill, 1963",Rajya Sabha,1963-03-05,,Seeta Parmanand Dr.(Smt.),Ordinary Bill,,,,,Lapsed,
172,818,X,"The Mines (Amendment) Bill, 1958",Rajya Sabha,1958-12-19,,Seeta Parmanand Dr.(Smt.),Ordinary Bill,,,,,Withdrawn,
173,818,XI,The Hoading and Profitering,Rajya Sabha,1958-12-19,,Seeta Parmanand Dr.(Smt.),Ordinary Bill,,,,,Withdrawn,
174,818,XIII,"The Code of Criminal Procedure (Amendment) Bill, 1958",Rajya Sabha,1958-12-19,HOME AFFAIRS,Seeta Parmanand Dr.(Smt.),Ordinary Bill,,,,,Withdrawn,
175,818,XIV,"The Special Marriage (Amendment) Bill, 1956",Rajya Sabha,1956-08-24,,Seeta Parmanand Dr.(Smt.),Ordinary Bill,,,,,Withdrawn,
176,818,XV,"The Hindu Marriage (Amendment) Bill, 1956",Rajya Sabha,1956-08-24,,Seeta Parmanand Dr.(Smt.),Ordinary Bill,1956-12-07,1956-11-30,,73 /1956,Assented,
177,818,IX,"The Women`s and Childrens Institutions Licensing Bill, 1954",Rajya Sabha,1954-04-23,HOME AFFAIRS,Seeta Parmanand Dr.(Smt.),Ordinary Bill,,,,,Withdrawn,
178,818,XVI,"The Indian Supersion of Immoral Traffic and Brothals Bill, 1953",Rajya Sabha,1953-09-04,HOME AFFAIRS,Seeta Parmanand Dr.(Smt.),Ordinary Bill,,,,,Lapsed,
179,818,XVII,"The Womens and Childrens Institutions Licencing Bill, 1953",Rajya Sabha,1953-09-04,HOME AFFAIRS,Seeta Parmanand Dr.(Smt.),Ordinary Bill,,,,,Lapsed,
180,422,XII,"The Constitution (Amendment) Bill, 1991 [Insertion of new article 48 A A]",Rajya Sabha,1991-07-12,AGRICULTURE,Vithalrao Madhavrao Jadhav Shri,Ordinary Bill,,,,,Lapsed,
181,422,VII,"The Constitution (Amendment) Bill ,1984 ( to amend article 317)",Rajya Sabha,1984-04-27,,Vithalrao Madhavrao Jadhav Shri,Ordinary Bill,,,,,Withdrawn,
182,3,153,"The National  Commission for Ex-Defence Personnel Bill, 2005.",Lok Sabha,2006-02-17,DEFENCE,A.P. Abdullakutty Shri,Financial Bill,,,,,Lapsed,
183,3,157,"The Television Programmes (Regulation) Bill, 2005.",Lok Sabha,2006-02-17,INFORMATION AND BROADCASTING,A.P. Abdullakutty Shri,Financial Bill,,,,,Lapsed,
184,3,56,"The Constitution (Amendment) Bill, 2005 (Amendment of articles 124 and 217)",Lok Sabha,2005-05-13,,A.P. Abdullakutty Shri,Constitutional Amendment Bill,,,,,Lapsed,https://sansad.in/getFile/BillsTexts/LSBillTexts/Asintroduced/69LS.pdf?source=legislation
185,3,58,"The Indian Penal Code (Amendment) Bill, 2005 (Amendment of section 375)",Lok Sabha,2005-05-13,HOME AFFAIRS,A.P. Abdullakutty Shri,Ordinary Bill,,,,,Lapsed,https://sansad.in/getFile/BillsTexts/LSBillTexts/Asintroduced/59LS.pdf?source=legislation
186,3,67,"The Commercial Crops Workers (Welfare) Bill, 2005",Lok Sabha,2005-05-13,AGRICULTURE,A.P. Abdullakutty Shri,Financial Bill,,,,,Lapsed,https://sansad.in/getFile/BillsTexts/LSBillTexts/Asintroduced/563LS.pdf?source=legislation
187,3,55,"The Fishermen (Insurance) Bill, 2004",Lok Sabha,2004-12-03,,A.P. Abdullakutty Shri,Financial Bill,,,,,Lapsed,https://sansad.in/getFile/BillsTexts/LSBillTexts/Asintroduced/1645LS.pdf?source=legislation
188,4,82,"The Old Age Pension Bill, 2012.",Lok Sabha,2013-02-22,RURAL DEVELOPMENT,Basudeb Acharia Shri,Financial Bill,,,,,Lapsed,https://sansad.in/getFile/BillsTexts/LSBillTexts/Asintroduced/2187LS.pdf?source=legislation
189,4,74,"The Constitution (Amendment) Bill, 2009 (Insertion of new article 16A)",Lok Sabha,2009-12-04,SOCIAL JUSTICE AND EMPOWERMENT,Basudeb Acharia Shri,Ordinary Bill,,,,,Lapsed,https://sansad.in/getFile/BillsTexts/LSBillTexts/Asintroduced/4202ls.pdf?source=legislation
190,4,84,"The  Insurance Agents Welfare Bill, 2009",Lok Sabha,2009-12-04,FINANCE,Basudeb Acharia Shri,Financial Bill,,,,,Lapsed,https://sansad.in/getFile/BillsTexts/LSBillTexts/Asintroduced/3943LS.pdf?source=legislation
191,4,44,The Constitution (Andaman and Nicobar Islands) Scheduled Tribes Order (Amendment) Bill 2009 (Amendment of the Schedule),Lok Sabha,2009-07-31,TRIBAL AFFAIRS,Basudeb Acharia Shri,Financial Bill,,,,,Lapsed,https://sansad.in/getFile/BillsTexts/LSBillTexts/Asintroduced/2583LS-3.pdf?source=legislation
192,4,47,"The Constitution (Amendment) Bill, 2009 (Insertion of new article 21B)",Lok Sabha,2009-07-31,SOCIAL JUSTICE AND EMPOWERMENT,Basudeb Acharia Shri,Financial Bill,,,,,Lapsed,https://sansad.in/getFile/BillsTexts/LSBillTexts/Asintroduced/2635ls-2.pdf?source=legislation
193,4,48,"The Constitution (Scheduled Castes) Order (Amendment) Bill, 2009 (Amendment of the Schedule)",Lok Sabha,2009-07-31,SOCIAL JUSTICE AND EMPOWERMENT,Basudeb Acharia Shri,Financial Bill,,,,,Lapsed,https://sansad.in/getFile/BillsTexts/LSBillTexts/Asintroduced/2634ls-4.pdf?source=legislation
194,4,51,"The Constitution (Scheduled Tribes) Order (Amendment) Bill, 2009 (Amendment of the Schedule)",Lok Sabha,2009-07-31,TRIBAL AFFAIRS,Basudeb Acharia Shri,Financial Bill,,,,,Lapsed,https://sansad.in/getFile/BillsTexts/LSBillTexts/Asintroduced/2633ls-5.pdf?source=legislation
195,4,85,"The  Insurance Agents Welfare Bill, 2007",Lok Sabha,2008-04-25,FINANCE,Basudeb Acharia Shri,Financial Bill,,,,,Lapsed,https://sansad.in/getFile/BillsTexts/LSBillTexts/Asintroduced/4493ls-5.pdf?source=legislation
196,4,4,"The Constitution (Andaman and Nicobar Islands) Scheduled Tribes Order (Amendment) Bill, 2007 (Amendment of the Schedule)",Lok Sabha,2007-08-24,TRIBAL AFFAIRS,Basudeb Acharia Shri,Ordinary Bill,,,,,Lapsed,https://sansad.in/getFile/BillsTexts/LSBillTexts/Asintroduced/4.pdf?source=legislation
197,5,XXV,"The Guaranteed Employment Bill, 2004.",Rajya Sabha,2004-12-17,LABOUR,R.S. Gavai Shri,Ordinary Bill,,,,,Lapsed,
198,5,XXXII,"The Constitution (Amendment) Bill, 2001 (to amend articles 74, 75, 163 and 164)",Rajya Sabha,2001-08-10,PARLIAMENTARY  AFFAIRS,R.S. Gavai Shri,Ordinary Bill,,,,,Lapsed,https://sansad.in/getFile/BillsTexts/RSBillTexts/Asintroduced/XXXII_2001.pdf?source=legislation
199,5,LXI,"The Forest Conservation (Amendment) Bill, 2000",Rajya Sabha,2000-12-22,ENVIRONMENT AND FORESTS,R.S. Gavai Shri,Ordinary Bill,,,,,Lapsed,https://sansad.in/getFile/BillsTexts/RSBillTexts/Asintroduced/LXI_2000.pdf?source=legislation
200,5,XXXIX,"The Constitution (Scheduled Tribes) Order (Amendment) Bill, 2000",Rajya Sabha,2000-11-24,SOCIAL JUSTICE AND EMPOWERMENT,R.S. Gavai Shri,Ordinary Bill,,,,,Lapsed,https://sansad.in/getFile/BillsTexts/RSBillTexts/Asintroduced/XXXIX_2000.pdf?source=legislation
201,5,XXXVIII,"The Indian Penal (Amendment) Bill, 2000.",Rajya Sabha,2000-11-24,HOME AFFAIRS,R.S. Gavai Shri,Ordinary Bill,,,,,Lapsed,https://sansad.in/getFile/BillsTexts/RSBillTexts/Asintroduced/XXXVIII_2000.pdf?source=legislation
202,5,XLII,"The Schedule Casts and Scheduled Tribes ( Reseravation in Service ) Bill,2000",Rajya Sabha,2000-08-18,"PERSONNEL,  PUBLIC  GRIEVANCES  AND  PENSIONS",R.S. Gavai Shri,Ordinary Bill,,,,,Lapsed,https://sansad.in/getFile/BillsTexts/RSBillTexts/Asintroduced/XLII_2000.pdf?source=legislation
203,5,XLIII,"The Sehedule Casts and Scheduled Tribes ( Reservation for Addmission in all  Courses of Study & Facultiess in the Educational in Abitions ) Bill,2000",Rajya Sabha,2000-08-18,HUMAN RESOURCE  DEVELOPMENT,R.S. Gavai Shri,Ordinary Bill,,,,,Lapsed,https://sansad.in/getFile/BillsTexts/RSBillTexts/Asintroduced/XLIII_2000.pdf?source=legislation
204,5,XLIV,"The Constitution ( Amendment) Bill,2000 (to amend article -15)",Rajya Sabha,2000-08-18,SOCIAL JUSTICE AND EMPOWERMENT,R.S. Gavai Shri,Ordinary Bill,,,,,Lapsed,https://sansad.in/getFile/BillsTexts/RSBillTexts/Asintroduced/XLIV_2000.pdf?source=legislation
205,426,35,"The Special Financial Assistance to the Korapur, Balangir and Kalahandi Region of the State of Odisha Bill, 2020",Lok Sabha,2022-02-04,FINANCE,Sangeeta Kumari Singh Deo Smt.,Financial Bill,,,,,Lapsed,https://sansad.in/getFile/BillsTexts/LSBillTexts/Asintroduced/35 of 2020 AS INTRO.pdf?source=legislation
206,426,X,"The Hindu Marriage ( Amendment ) Bill,1976.",Rajya Sabha,1976-01-30,,Shiv Dayal Singh Chaurasia Shri,Ordinary Bill,,,,,Withdrawn,
207,1595,XL,"The Constitution (Amendment ) Bill,1974 (to amend articles 84&173.",Rajya Sabha,1974-11-22,,Prakash Veer Shastri Shri,Ordinary Bill,,,,,,
208,1595,XLII,"The Constitution (Amendemnt) Bill, 1974. (to amend articles 75&164.)",Rajya Sabha,1974-11-22,HOME AFFAIRS,Prakash Veer Shastri Shri,Ordinary Bill,,,,,,
209,1595,XLV,"The Disclosure of Assets of Ministers Bill, 1974",Rajya Sabha,1974-11-22,HOME AFFAIRS,Prakash Veer Shastri Shri,Ordinary Bill,,,,,,
210,1209,III,"The Constitution ( Amendment) Bill,1988 (tp amend the 8th seh)",Rajya Sabha,1988-02-26,,Dharam Chander Prashant Shri,Ordinary Bill,,,,,Lapsed,
211,1596,XIII,"The indian medicine central council (Amendment)Bill,1973 (to amend section2 and 17 and substiation of the second schedule.)",Rajya Sabha,1973-05-11,,Vishnu Kant Shastri Shri,Ordinary Bill,,,,,,
212,7,121,"The Constitution (Amendment) Bill, 2014 (Amendment of article 1, etc.)",Lok Sabha,2015-03-13,HOME AFFAIRS,Yogi Adityanath  Shri,Ordinary Bill,,,,,Lapsed,https://sansad.in/getFile/BillsTexts/LSBillTexts/Asintroduced/2382LS.pdf?source=legislation
213,7,38,"The Ban on Cow Slaughter Bill, 2014.",Lok Sabha,2014-07-11,AGRICULTURE,Yogi Adityanath  Shri,Ordinary Bill,,,,,Lapsed,https://sansad.in/getFile/BillsTexts/LSBillTexts/Asintroduced/760LS.pdf?source=legislation
214,7,39,"The Constitution (Amendment) Bill, 2014  (Omission of article 44, etc.).",Lok Sabha,2014-07-11,LAW AND JUSTICE,Yogi Adityanath  Shri,Ordinary Bill,,,,,Lapsed,https://sansad.in/getFile/BillsTexts/LSBillTexts/Asintroduced/761LS.pdf?source=legislation
215,7,46,"The High Court at Allahabad (Establishment of a Permanent Bench at Gorakhpur) Bill, 2010",Lok Sabha,2011-02-25,LAW AND JUSTICE,Yogi Adityanath  Shri,Ordinary Bill,,,,,Lapsed,https://sansad.in/getFile/BillsTexts/LSBillTexts/Asintroduced/1389LS.pdf?source=legislation
216,7,89,"The Constitution (Amendment) Bill, 2009 (Amendment of article 1)",Lok Sabha,2010-03-05,HOME AFFAIRS,Yogi Adityanath  Shri,Ordinary Bill,,,,,Lapsed,https://sansad.in/getFile/BillsTexts/LSBillTexts/Asintroduced/3910ls.pdf?source=legislation
217,7,98,"The Constitution (Amendment) Bill, 2009 (Insertion of new article 25A)",Lok Sabha,2010-03-05,HOME AFFAIRS,Yogi Adityanath  Shri,Ordinary Bill,,,,,Lapsed,https://sansad.in/getFile/BillsTexts/LSBillTexts/Asintroduced/4441ls.pdf?source=legislation
218,7,22,"The  Ban on Cow Slaughter Bill, 2009",Lok Sabha,2009-07-17,AGRICULTURE,Yogi Adityanath  Shri,Ordinary Bill,,,,,Lapsed,https://sansad.in/getFile/BillsTexts/LSBillTexts/Asintroduced/2238ls-1.pdf?source=legislation
219,7,23,"The Constitution (Amendment) Bill, 2009 (Omission of article 44, etc.)",Lok Sabha,2009-07-17,LAW AND JUSTICE,Yogi Adityanath  Shri,Ordinary Bill,,,,,Lapsed,https://sansad.in/getFile/BillsTexts/LSBillTexts/Asintroduced/2239ls-2.pdf?source=legislation
220,1598,XXI,"The Mahatma Gandha University Bill,1988",Rajya Sabha,1988-05-13,HUMAN RESOURCE  DEVELOPMENT,Kailash Pati Mishra Shri,Ordinary Bill,,,,,Lapsed,
221,8,125,"The Constitution (Amendment) Bill, 2015 (Amendment of article 16)",Lok Sabha,2015-05-08,SOCIAL JUSTICE AND EMPOWERMENT,Anandrao  Adsul Shri,Ordinary Bill,,,,,Lapsed,https://sansad.in/getFile/BillsTexts/LSBillTexts/Asintroduced/294LS.pdf?source=legislation
222,8,126,"The Constittuion (Amendment) Bill, 2015 (Amendment of article 330)",Lok Sabha,2015-05-08,LAW AND JUSTICE,Anandrao  Adsul Shri,Ordinary Bill,,,,,Lapsed,https://sansad.in/getFile/BillsTexts/LSBillTexts/Asintroduced/293LS.pdf?source=legislation
223,8,66,"The Constitution (Amendment) Bill, 2010 (Amendment of article 117, etc.)",Lok Sabha,2010-08-13,LAW AND JUSTICE,Anandrao Vithoba Adsul Shri,Ordinary Bill,,,,,Lapsed,https://sansad.in/getFile/BillsTexts/LSBillTexts/Asintroduced/2636LS.pdf?source=legislation
224,8,70,"The Consumer Protection (Amendment) Bill, 2010 (Amendment of section 2, etc.)",Lok Sabha,2010-08-13,"CONSUMER AFFAIRS, FOOD AND PUBLIC DISTRIBUTION",Anandrao Vithoba Adsul Shri,Financial Bill,,,,,Lapsed,https://sansad.in/getFile/BillsTexts/LSBillTexts/Asintroduced/2751LS.pdf?source=legislation
225,8,71,"The Cinematograph (Amendment) Bill, 2010 (Amendment of section 2, etc.)",Lok Sabha,2010-08-13,INFORMATION AND BROADCASTING,Anandrao Vithoba Adsul Shri,Financial Bill,,,,,Lapsed,https://sansad.in/getFile/BillsTexts/LSBillTexts/Asintroduced/2651ls.pdf?source=legislation
226,8,4,"The Constitution (Amendment) Bill, 2006 (Amendment of article 117, etc.)",Lok Sabha,2006-08-14,LAW AND JUSTICE,Anandrao Vithoba Adsul Shri,Constitutional Amendment Bill,,,,,Lapsed,https://sansad.in/getFile/BillsTexts/LSBillTexts/Asintroduced/5064LS.pdf?source=legislation
227,8,2,"The Code of Criminal Procedure (Amendment) Bill, 2006 (Amendment of the First Schedule)",Lok Sabha,2006-02-17,HOME AFFAIRS,Anandrao Vithoba Adsul Shri,Ordinary Bill,,,,,Lapsed,https://sansad.in/getFile/BillsTexts/LSBillTexts/Asintroduced/5063LS.pdf?source=legislation
228,8,3,"The Cinematograph  (Amendment) Bill, 2006 (Amendment of section 2, etc.)",Lok Sabha,2006-02-17,INFORMATION AND BROADCASTING,Anandrao Vithoba Adsul Shri,Financial Bill,,,,,Lapsed,https://sansad.in/getFile/BillsTexts/LSBillTexts/Asintroduced/5065LS.pdf?source=legislation
229,8,35,"The Consumer Protection (Amendment)  Bill, 2001 (Amendment of section 2, etc.)",Lok Sabha,2001-08-24,"CONSUMER AFFAIRS, FOOD AND PUBLIC DISTRIBUTION",Anandrao Vithoba Adsul Shri,Financial Bill,,,,,Pending,https://sansad.in/getFile/BillsTexts/LSBillTexts/Asintroduced/234LS.pdf?source=legislation
230,8,39,"The Cinematograph (Amendment) Bill, 2001 (Amendment of section 2,etc.)",Lok Sabha,2001-08-24,,Anandrao Vithoba Adsul Shri,Financial Bill,,,,,Pending,https://sansad.in/getFile/BillsTexts/LSBillTexts/Asintroduced/300LSI.pdf?source=legislation
231,8,65,"The Constitution (Amendment) Bill, 2001 (Amendment of article 117, etc.)",Lok Sabha,2001-08-24,,Anandrao Vithoba Adsul Shri,Constitutional Amendment Bill,,,,,Pending,https://sansad.in/getFile/BillsTexts/LSBillTexts/Asintroduced/1368LS.pdf?source=legislation
232,8,70,"The Code of Criminal Procedure (Amendment) Bill, 2001 (Amendment of First Schedule)",Lok Sabha,2001-08-24,HOME AFFAIRS,Anandrao Vithoba Adsul Shri,Ordinary Bill,,,,,Pending,https://sansad.in/getFile/BillsTexts/LSBillTexts/Asintroduced/1463LS.pdf?source=legislation
233,8,150,"The Inceome-Tax (Amendment) Bill, 2000 (Amendment of section 10)",Lok Sabha,2000-11-24,,Anandrao Vithoba Adsul Shri,Financial Bill,,,,,Lapsed,https://sansad.in/getFile/BillsTexts/LSBillTexts/Asintroduced/2752LS.pdf?source=legislation
234,8,131,"The Unorganised Workers Insurance Bill, 2000",Lok Sabha,2000-08-25,"PERSONNEL,  PUBLIC  GRIEVANCES  AND  PENSIONS",Anandrao Vithoba Adsul Shri,Financial Bill,,,,,Lapsed,https://sansad.in/getFile/BillsTexts/LSBillTexts/Asintroduced/2068LS.pdf?source=legislation
235,8,137,"The Participation of Workers in Management Bill, 2000",Lok Sabha,2000-08-25,LABOUR,Anandrao Vithoba Adsul Shri,Ordinary Bill,,,,,Lapsed,https://sansad.in/getFile/BillsTexts/LSBillTexts/Asintroduced/2223LS.pdf?source=legislation
236,2368,LXIV,"The Gorkha Sculptors, Artists and Artisans of Darjeeling Hills Welfare Bill, 2022.",Rajya Sabha,2022-12-09,CULTURE,Shanta Chhetri Smt.,Ordinary Bill,,,,,Lapsed,https://sansad.in/getFile/BillsTexts/RSBillTexts/Asintroduced/30 E 258 Session1213202281001PM.pdf?source=legislation
237,2368,LXXX,"The Maa Mamata (Orphan's Welfare) Scheme Bill, 2022.",Rajya Sabha,2022-12-09,WOMEN AND CHILD DEVELOPMENT,Shanta Chhetri Smt.,Ordinary Bill,,,,,Lapsed,https://sansad.in/getFile/BillsTexts/RSBillTexts/Asintroduced/29 E 258 Session1213202280925PM.pdf?source=legislation
238,2368,LXXXVIII,"The Sarva Dharma Temple Bill, 2022.",Rajya Sabha,2022-12-09,CULTURE,Shanta Chhetri Smt.,Ordinary Bill,,,,,Lapsed,https://sansad.in/getFile/BillsTexts/RSBillTexts/Asintroduced/28 E 258 Session1213202280847PM.pdf?source=legislation
239,2368,XXXII,"The Bengal Freedom Fighters Memorial Bill, 2022.",Rajya Sabha,2022-07-22,CULTURE,Shanta Chhetri Smt.,Ordinary Bill,,,,,Lapsed,https://sansad.in/getFile/BillsTexts/RSBillTexts/Asintroduced/Bengal tiger-E.pdf?source=legislation
240,2368,XXXV,"The Indian National Army Regiment Bill, 2022.",Rajya Sabha,2022-07-22,DEFENCE,Shanta Chhetri Smt.,Ordinary Bill,,,,,Lapsed,https://sansad.in/getFile/BillsTexts/RSBillTexts/Asintroduced/Indian National Army-E.pdf?source=legislation
241,2368,XX,"The Kuresong Gorkha Institute of Fashion and Design Bill, 202",Rajya Sabha,2022-04-01,TEXTILES,Shanta Chhetri Smt.,Ordinary Bill,,,,,Lapsed,https://sansad.in/getFile/BillsTexts/RSBillTexts/Asintroduced/13-E_256.pdf?source=legislation
242,2368,XXIV,"The Kalimpong Films and Music Institution Bill, 2022",Rajya Sabha,2022-04-01,INFORMATION AND BROADCASTING,Shanta Chhetri Smt.,Ordinary Bill,,,,,Lapsed,https://sansad.in/getFile/BillsTexts/RSBillTexts/Asintroduced/14-E_256.pdf?source=legislation
243,2368,III,"The Darjeeling Sports University Bill, 2022",Rajya Sabha,2022-02-04,YOUTH AFFAIRS AND SPORTS,Shanta Chhetri Smt.,Ordinary Bill,,,,,Lapsed,https://sansad.in/getFile/BillsTexts/RSBillTexts/Asintroduced/darjeeling sport-E.pdf?source=legislation
244,2368,XIV,"The Third Language Bill, 2020",Rajya Sabha,2020-03-13,HUMAN RESOURCE  DEVELOPMENT,Shanta Chhetri Smt.,Ordinary Bill,,,,,Lapsed,https://sansad.in/getFile/BillsTexts/RSBillTexts/Asintroduced/Third lang-E-13320.pdf?source=legislation
245,2368,LIX,"The E-Commerce (Regulation) Bill, 2019",Rajya Sabha,2019-12-06,COMMERCE AND INDUSTRY,Shanta Chhetri Smt.,Ordinary Bill,,,,,Lapsed,https://sansad.in/getFile/BillsTexts/RSBillTexts/Asintroduced/E com-E-6 12 19.pdf?source=legislation
246,2368,LXXII,"The Decarbonisation Bill, 2019",Rajya Sabha,2019-12-06,ENVIRONMENT AND FORESTS,Shanta Chhetri Smt.,Ordinary Bill,,,,,Lapsed,https://sansad.in/getFile/BillsTexts/RSBillTexts/Asintroduced/Decarbon-E-6 12 19.pdf?source=legislation
247,430,33,"The Constitution (Scheduled Tribes) Order (Amendment) Bill, 2012 (Amendment of the Schedule).",Lok Sabha,2012-04-27,TRIBAL AFFAIRS,Raghuvansh Prasad Singh Dr.,Financial Bill,,,,,Lapsed,https://sansad.in/getFile/BillsTexts/LSBillTexts/Asintroduced/4702LS.pdf?source=legislation
248,430,39,"The Constitution (Amendment) Bill, 2012 (Amendment of article 171).",Lok Sabha,2012-04-27,LAW AND JUSTICE,Raghuvansh Prasad Singh Dr.,Ordinary Bill,,,,,Lapsed,https://sansad.in/getFile/BillsTexts/LSBillTexts/Asintroduced/42LS.pdf?source=legislation
249,430,122,"The Commission for Fixation of Prices of Essential Commodities  Bill, 2010.",Lok Sabha,2011-02-25,"CONSUMER AFFAIRS, FOOD AND PUBLIC DISTRIBUTION",Raghuvansh Prasad Singh Dr.,Financial Bill,,,,,Lapsed,https://sansad.in/getFile/BillsTexts/LSBillTexts/Asintroduced/4775ls.pdf?source=legislation
250,430,65,"The Constitution (Scheduled Castes) Order (Amendment) Bill, 2010 (Amendment of the Schedule)",Lok Sabha,2010-08-13,SOCIAL JUSTICE AND EMPOWERMENT,Raghuvansh Prasad Singh Dr.,Financial Bill,,,,,Lapsed,https://sansad.in/getFile/BillsTexts/LSBillTexts/Asintroduced/2657ls.pdf?source=legislation
251,430,117,"The Constitution (Amendment) Bill, 2009 (Amendment of article 243A)",Lok Sabha,2010-03-05,PANCHAYATI   RAJ,Raghuvansh Prasad Singh Dr.,Ordinary Bill,,,,,Lapsed,https://sansad.in/getFile/BillsTexts/LSBillTexts/Asintroduced/4977LS.pdf?source=legislation
252,430,112,"The Constitution (Scheduled Castes) Order (Amendment) Bill, 2000 (Omission of paragraph 3, etc.)",Lok Sabha,2003-07-28,SOCIAL JUSTICE AND EMPOWERMENT,Raghuvansh Prasad Singh Dr.,Ordinary Bill,,,,,Lapsed,https://sansad.in/getFile/BillsTexts/LSBillTexts/Asintroduced/1595LS.pdf?source=legislation
253,430,157,"The Constitution (Amendment) Bill,  2000 (Insertion of new article 31)",Lok Sabha,2000-11-24,URBAN DEVELOPMENT AND POVERTY ALLEVIATION,Raghuvansh Prasad Singh Dr.,Financial Bill,,,,,Lapsed,https://sansad.in/getFile/BillsTexts/LSBillTexts/Asintroduced/4204LS.pdf?source=legislation
254,430,70,"The Prohibition of Publication of Pre-election Survey Bill, 2000",Lok Sabha,2000-04-20,,Raghuvansh Prasad Singh Dr.,Ordinary Bill,,,,,Lapsed,https://sansad.in/getFile/BillsTexts/LSBillTexts/Asintroduced/4638LS.pdf?source=legislation
255,430,76,"The Prevention of COrruption (Establishment of a Commission) Bill, 2000",Lok Sabha,2000-04-20,"PERSONNEL,  PUBLIC  GRIEVANCES  AND  PENSIONS",Raghuvansh Prasad Singh Dr.,Financial Bill,,,,,Lapsed,https://sansad.in/getFile/BillsTexts/LSBillTexts/Asintroduced/107LS.pdf?source=legislation
256,430,110,"The Constitution (Amendment) Bill, 1999 (Amendment of article 85)",Lok Sabha,1999-12-17,,Raghuvansh Prasad Singh Dr.,Ordinary Bill,,,,,Pending,https://sansad.in/getFile/BillsTexts/LSBillTexts/Asintroduced/1974LS.pdf?source=legislation
257,430,117,"The Constitution (Amendment) Bill, 1999 (Amendment of article 51A)",Lok Sabha,1999-12-17,,Raghuvansh Prasad Singh Dr.,Ordinary Bill,,,,,Pending,https://sansad.in/getFile/BillsTexts/LSBillTexts/Asintroduced/2076LS.pdf?source=legislation
258,430,118,"The Constitution (Scheduled Castes) Order (Amendment) Bill, 1999 (Amendment of the Schedule)",Lok Sabha,1999-12-17,SOCIAL JUSTICE AND EMPOWERMENT,Raghuvansh Prasad Singh Dr.,Ordinary Bill,,,,,,https://sansad.in/getFile/BillsTexts/LSBillTexts/Asintroduced/2045LS.pdf?source=legislation
259,430,133,"The Representation of the People (Amendment) Bill, 1999 (Insertion of new sections 26A and 26B)",Lok Sabha,1999-12-17,,Raghuvansh Prasad Singh Dr.,Ordinary Bill,,,,,Withdrawn,https://sansad.in/getFile/BillsTexts/LSBillTexts/Asintroduced/2473LS.pdf?source=legislation
260,10,112,"The Indian Citizens Abroad (Voting Right at Elections) Bill, 1999",Lok Sabha,2000-04-20,,E. Ahmed Shri,Financial Bill,,,,,Pending,
261,10,115,"The Unorganised Labour Welfare Fund Bill, 1999",Lok Sabha,2000-04-20,LABOUR,E. Ahmed Shri,Financial Bill,,,,,Pending,
262,1976,LXXII,"The constitution (Amendment) Bill, 2005 (to amend article 25).",Rajya Sabha,2005-12-08,SOCIAL JUSTICE AND EMPOWERMENT,Tarlochan Singh Shri,Ordinary Bill,,,,,Lapsed,
263,1602,XXXV,"The Constitution (Amendment) Bill, 2010 (substitution of new article 130)",Rajya Sabha,2010-08-13,LAW AND JUSTICE,Kalraj Mishra Shri,Constitutional Amendment Bill,,,,,Lapsed,https://sansad.in/getFile/BillsTexts/RSBillTexts/Asintroduced/cons XXXV.pdf?source=legislation
264,1602,XXXVI,"The Constitution (Amendment) Bill, 2010 (to amend articles 75, 80 and 164 etc.)",Rajya Sabha,2010-08-13,HOME AFFAIRS,Kalraj Mishra Shri,Constitutional Amendment Bill,,,,,Lapsed,https://sansad.in/getFile/BillsTexts/RSBillTexts/Asintroduced/cons XXXVI 10.pdf?source=legislation
265,1602,XLVI,"The Acid (Control) Bill, 2009.",Rajya Sabha,2009-12-04,CHEMICALS AND FERTILIZERS,Kalraj Mishra Shri,Ordinary Bill,,,,,Lapsed,https://sansad.in/getFile/BillsTexts/RSBillTexts/Asintroduced/acid XLVI 09.pdf?source=legislation
266,1602,XXIII,"The Compulsory Medical Treatment in Emergency Condition and to Women in Labour by Private Hospitals and Medical Practitioners Bill, 2008",Rajya Sabha,2009-02-13,HEALTH AND FAMILY WELFARE,Kalraj Mishra Shri,Ordinary Bill,,,,,Lapsed,https://sansad.in/getFile/BillsTexts/RSBillTexts/Asintroduced/medical tratmnt.pdf?source=legislation
267,1602,LXXV,"The Right to Information (Amendment) Bill, 2007",Rajya Sabha,2007-11-30,"PERSONNEL,  PUBLIC  GRIEVANCES  AND  PENSIONS",Kalraj Mishra Shri,Ordinary Bill,,,,,Lapsed,
268,1602,LXIV,"The Presidential and Vice-Presidential Elections (Amendment) Bill, 2007",Rajya Sabha,2007-09-07,LAW AND JUSTICE,Kalraj Mishra Shri,Ordinary Bill,,,,,Lapsed,
269,1602,LXV,"The Motor Vehicles (Amendment) Bill, 2007",Rajya Sabha,2007-09-07,"SHIPPING, ROAD TRANSPORT AND HIGHWAYS",Kalraj Mishra Shri,Ordinary Bill,,,,,Lapsed,
270,1602,CIV,"The Registration of Foreigners (Amendment) Bill, 2006",Rajya Sabha,2007-03-16,HOME AFFAIRS,Kalraj Mishra Shri,Ordinary Bill,,,,,Lapsed,https://sansad.in/getFile/BillsTexts/RSBillTexts/Asintroduced/1207rs.pdf?source=legislation
271,1602,LIX,"The Voluntary Organizations Regulatory Authority Bill, 2006",Rajya Sabha,2006-08-25,PLANNING,Kalraj Mishra Shri,Ordinary Bill,,,,,Withdrawn,https://sansad.in/getFile/BillsTexts/RSBillTexts/Asintroduced/lix_2006.pdf?source=legislation
272,1602,LVIII,"The Constitution (Amendment) Bill, 2006 (amendment of articles 145 and 227)",Rajya Sabha,2006-08-25,,Kalraj Mishra Shri,Constitutional Amendment Bill,,,,,Lapsed,https://sansad.in/getFile/BillsTexts/RSBillTexts/Asintroduced/LVIII_2006.pdf?source=legislation
273,1602,XXXVII,"The Citizens Smart Card Bill, 2006",Rajya Sabha,2006-05-12,HOME AFFAIRS,Kalraj Mishra Shri,Ordinary Bill,,,,,Lapsed,https://sansad.in/getFile/BillsTexts/RSBillTexts/Asintroduced/XXXVII_2006.pdf?source=legislation
274,1602,XXXVIII,"The Traditional Herbal Medicines (Regulation of Sale and Compulsory Evidence Based Trial) Bill, 2006",Rajya Sabha,2006-05-12,HEALTH AND FAMILY WELFARE,Kalraj Mishra Shri,Ordinary Bill,,,,,Lapsed,https://sansad.in/getFile/BillsTexts/RSBillTexts/Asintroduced/XXXVIII_2006.pdf?source=legislation
275,1602,CV,"The Traditional Herbal Medicines (Regulation of Sale and Compulsory Evidence Based Trial) Bill, 2005",Rajya Sabha,2005-12-23,,Kalraj Mishra Shri,Ordinary Bill,,,,,Lapsed,
276,1602,L,"The Indian Evidence (Amendment) Bill, 2005.",Rajya Sabha,2005-07-29,HOME AFFAIRS,Kalraj Mishra Shri,Ordinary Bill,,,,,Lapsed,
277,1602,XLVI,"The Commercial Advertisements on Electronic Media (Regulation) Bill, 2005.",Rajya Sabha,2005-07-29,INFORMATION AND BROADCASTING,Kalraj Mishra Shri,Ordinary Bill,,,,,Lapsed,
278,1602,XXXVI,"The Indian Evidence (Amendment) Bill, 2006",Rajya Sabha,,,Kalraj Mishra Shri,Ordinary Bill,,,,,Lapsed,https://sansad.in/getFile/BillsTexts/RSBillTexts/Asintroduced/XXXVI_2006.pdf?source=legislation
279,433,XIX,"The Criminal Laws Amendment Bill, 1956",Rajya Sabha,1956-12-14,,M. Muhammad Ismail Saheb Janab,Ordinary Bill,,,,,Negatived,
280,1216,XIII,"The Constitution (Amendment) Bill, 1980 (to amend article 130)",Rajya Sabha,1980-08-08,,S. Kumaran Shri,Ordinary Bill,,,,,,
281,1216,VII,"The Karala High Court ( Establishment of a permanent Bench at Trinandrun) Bill, 1980",Rajya Sabha,1980-07-25,,S. Kumaran Shri,Ordinary Bill,,,,,,
282,828,IX,"The Chartered Accountants (Amendment) Bill, 1956",Rajya Sabha,1956-08-10,,Venkat Krishna Dhage Shri,Ordinary Bill,,,,,Lapsed,
283,828,XVII,"The Chartered Accountants (Second Amendment) Bill, 1955",Rajya Sabha,1955-12-09,,Venkat Krishna Dhage Shri,Ordinary Bill,,,,,,
284,1603,LVII,"The Indian Trusteeship Bill,1974.",Rajya Sabha,1974-12-13,,Bhairon Singh Shekhawat Shri,Ordinary Bill,,,,,,
285,2372,XVII,"The Right to Free Electricity Bill, 2022",Rajya Sabha,2022-04-01,POWER,Sanjay Singh Shri,Ordinary Bill,,,,,Removed,https://sansad.in/getFile/BillsTexts/RSBillTexts/Asintroduced/8-E_256.pdf?source=legislation
286,2372,XXI,"The Juvenile Justice (Care and Protection of Children) Amendment Bill, 2022 (amendment of section 86)",Rajya Sabha,2022-04-01,WOMEN AND CHILD DEVELOPMENT,Sanjay Singh Shri,Ordinary Bill,,,,,Removed,https://sansad.in/getFile/BillsTexts/RSBillTexts/Asintroduced/9-E_256.pdf?source=legislation
287,2372,XVIII,"The Public Health (Prevention, Control and Management of Epidemics) Bill, 2020",Rajya Sabha,2020-03-13,HEALTH AND FAMILY WELFARE,Sanjay Singh Shri,Ordinary Bill,,,,,Removed,https://sansad.in/getFile/BillsTexts/RSBillTexts/Asintroduced/pub health-E-13320.pdf?source=legislation
288,2372,VI,"The Holy City of Kashi (Preservation of Cultural Heritage) Bill, 2019.",Rajya Sabha,2019-06-21,CULTURE,Sanjay Singh Shri,Ordinary Bill,,,,,Removed,https://sansad.in/getFile/BillsTexts/RSBillTexts/Asintroduced/holy-E-21619.pdf?source=legislation
289,2372,XXIX,"The National Capital Territory of Delhi Laws (Special Provisions) Bill, 2018",Rajya Sabha,2018-08-03,Housing and Urban Affairs,Sanjay Singh Shri,Ordinary Bill,,,,,Removed,https://sansad.in/getFile/BillsTexts/RSBillTexts/Asintroduced/Nct-E-3818.pdf?source=legislation
290,13,LIV,"The High Court of Madres (Establishment of a permanent bench at Channai Bill,1997",Rajya Sabha,1998-10-07,,R. Margabandu Shri,Ordinary Bill,,,,,Lapsed,
291,13,XVII,"The Land Aquisition ( Tamil Nadu Amendment) Amending Bill,1998",Rajya Sabha,1998-04-12,AGRICULTURE,R. Margabandu Shri,Ordinary Bill,,,,,Withdrawn,
292,13,XXIII,"The Constitution ( Amendment Bill,1998 ( to amend art 356)",Rajya Sabha,1998-04-12,HOME AFFAIRS,R. Margabandu Shri,Ordinary Bill,,,,,Lapsed,
293,13,XI,"The Hindu Marriage (Amendment) Bill, 1997",Rajya Sabha,1997-03-21,,R. Margabandu Shri,Ordinary Bill,,,,,Lapsed,
294,13,LVI,"The Supreme Court of India (Establishment of Permanent Bench at Chennai) Bill, 1997",Rajya Sabha,1997-02-23,,R. Margabandu Shri,Ordinary Bill,,,,,Lapsed,
295,13,VI,"The Land Aquisition (Amendment) Bill, 1997",Rajya Sabha,1997-02-21,RURAL DEVELOPMENT,R. Margabandu Shri,Ordinary Bill,,,,,Withdrawn,
296,13,II,"The Constitution (Amendment) Bill, 1996 (to amend article 155)",Rajya Sabha,1996-12-20,HOME AFFAIRS,R. Margabandu Shri,Ordinary Bill,,,,,Lapsed,
297,13,III,The Constitution ( Amendment) Bill1996 ( omission of article 356),Rajya Sabha,1996-12-07,HOME AFFAIRS,R. Margabandu Shri,Ordinary Bill,,,,,Lapsed,
298,13,VI,"The Foreigners ( Amendment) Bill,1996",Rajya Sabha,1996-12-07,HOME AFFAIRS,R. Margabandu Shri,Ordinary Bill,,,,,Lapsed,
299,13,XXV,"The Scheduled Castes and Scheduled Tribes ( Prevention of Atrocities) Amendment Bill,1996",Rajya Sabha,1996-08-30,STATISTICS AND PROGRAMME IMPLEMENTATION,R. Margabandu Shri,Ordinary Bill,,,,,Lapsed,
300,14,43,"The Communal Violence(Prevention,Control and Rehabilitation of Victims) Bill,2005",Lok Sabha,2005-03-24,HOME AFFAIRS,Ajit Singh Shri,Financial Bill,,,,,Lapsed,https://sansad.in/getFile/BillsTexts/LSBillTexts/Asintroduced/4939LS.pdf?source=legislation
301,1979,III,"The Solar Power (Development, Promotion and Mandatory Use) Bill, 2012.",Rajya Sabha,2012-04-27,NON-CONVENTIONAL ENERGY SOURCES,P.J. Kurien Prof.,Ordinary Bill,,,,,Lapsed,https://sansad.in/getFile/BillsTexts/RSBillTexts/Asintroduced/soar-E.pdf?source=legislation
302,1979,XVIII,"The Prevention of Extravagance and Unlimited Expenditure on Marriage Bill, 2011",Rajya Sabha,2011-08-05,LAW AND JUSTICE,P.J. Kurien Prof.,Ordinary Bill,,,,,Lapsed,https://sansad.in/getFile/BillsTexts/RSBillTexts/Asintroduced/extravag.pdf?source=legislation
303,1979,XCVI,"The Represnetation of the People (Amendment) Bill, 2005",Rajya Sabha,2005-09-12,,P.J. Kurien Prof.,Ordinary Bill,,,,,Lapsed,
304,831,XIX,"The Young Persons (Hormful Publications) Amendment Bill, 1961",Rajya Sabha,1961-08-18,HOME AFFAIRS,P. N. Rajabhoj Shri,Ordinary Bill,,,,,Lapsed,
305,831,XXII,"The Abolition of State Patronage to Religious Institutions Bill, 1960",Rajya Sabha,1960-09-12,,P. N. Rajabhoj Shri,Ordinary Bill,,,,,Withdrawn,
306,831,XIII,"The Domestic Workers (Conditions of Employment) Bill, 1959.",Rajya Sabha,1959-08-21,,P. N. Rajabhoj Shri,Ordinary Bill,,,,,Withdrawn,
307,16,XXVIII,"The Constitution (Scheduled Tribes) (Union Territories) Order (Delhi Amendment) Bill, 2005.",Rajya Sabha,2005-03-24,TRIBAL AFFAIRS,Moolchand Meena Shri,Ordinary Bill,,,,,Lapsed,
308,16,93,"The Ban on Cow Slaughter Bill, 1999",Lok Sabha,1999-12-17,AGRICULTURE,Rashid Alvi Shri,Ordinary Bill,,,,,Pending,https://sansad.in/getFile/BillsTexts/LSBillTexts/Asintroduced/1831LS.pdf?source=legislation
309,17,LV,"The Hich Court of Gujarat (Establishment of Permanent Bench at Rajkot) Bill, 2000.",Rajya Sabha,2000-11-24,,Lalitbhai Mehta Shri,Ordinary Bill,,,,,Withdrawn,
310,439,96,"The Jute Packaging Materials (Compulsory Use in Packing Commodities) Bill, 2001",Lok Sabha,2002-03-22,TEXTILES,Chandra Nath Singh Shri,Ordinary Bill,,,,,Lapsed,
311,20,LV,"The Constitution (Amendment) Bill, 2002 (Insertion of new article 16A).",Rajya Sabha,2002-12-20,"PERSONNEL,  PUBLIC  GRIEVANCES  AND  PENSIONS",Rumandla Raamachandrayya Shri,Ordinary Bill,,,,,,
312,20,LXX,"The Electronic and Print Media Journalists` Welfare Fund Bill, 2002.",Rajya Sabha,2002-12-20,INFORMATION AND BROADCASTING,Rumandla Raamachandrayya Shri,Ordinary Bill,,,,,,
313,20,II,"The Regulation of Computer Training Centres Bill, 2002",Rajya Sabha,2002-10-05,HUMAN RESOURCE  DEVELOPMENT,Rumandla Raamachandrayya Shri,Ordinary Bill,,,,,Lapsed,https://sansad.in/getFile/BillsTexts/RSBillTexts/Asintroduced/II_2002.pdf?source=legislation
314,20,IV,"The Constitution (Amendment) Bill, 2002 (Insertion of new article 21A and 21B)",Rajya Sabha,2002-10-05,URBAN DEVELOPMENT AND POVERTY ALLEVIATION,Rumandla Raamachandrayya Shri,Ordinary Bill,,,,,Lapsed,https://sansad.in/getFile/BillsTexts/RSBillTexts/Asintroduced/IV_2002.pdf?source=legislation
315,20,V,"The Prevention of Sale of Children in the Garb of Adoption Bill, 2002",Rajya Sabha,2002-10-05,SOCIAL JUSTICE AND EMPOWERMENT,Rumandla Raamachandrayya Shri,Ordinary Bill,,,,,Lapsed,https://sansad.in/getFile/BillsTexts/RSBillTexts/Asintroduced/V_2002.pdf?source=legislation
316,20,XLIV,"The Free and Compulsory Education to Girls Belonging to Families Living Below Poverty Line Bill, 2001",Rajya Sabha,2001-07-27,HUMAN RESOURCE  DEVELOPMENT,Rumandla Raamachandrayya Shri,Ordinary Bill,,,,,Lapsed,https://sansad.in/getFile/BillsTexts/RSBillTexts/Asintroduced/XLIV_2001.pdf?source=legislation
317,20,XVI,"The Welfare of Craftsman and Artisans Bill, 2001",Rajya Sabha,2001-07-27,TEXTILES,Rumandla Raamachandrayya Shri,Ordinary Bill,,,,,Lapsed,https://sansad.in/getFile/BillsTexts/RSBillTexts/Asintroduced/XVI_2001.pdf?source=legislation
318,20,XVII,"The Population Control Bill, 2001",Rajya Sabha,2001-07-27,HEALTH AND FAMILY WELFARE,Rumandla Raamachandrayya Shri,Ordinary Bill,,,,,Lapsed,https://sansad.in/getFile/BillsTexts/RSBillTexts/Asintroduced/XVII_2001.pdf?source=legislation
319,20,LXIV,"The National Commission for Natural Disaster Management Bill, 2001",Rajya Sabha,2001-07-12,AGRICULTURE,Rumandla Raamachandrayya Shri,Ordinary Bill,,,,,Lapsed,https://sansad.in/getFile/BillsTexts/RSBillTexts/Asintroduced/LXIV_2001.pdf?source=legislation
320,20,LXV,"The Banning of Fake Educational Institutions Bill, 2001",Rajya Sabha,2001-07-12,HUMAN RESOURCE  DEVELOPMENT,Rumandla Raamachandrayya Shri,Ordinary Bill,,,,,Lapsed,https://sansad.in/getFile/BillsTexts/RSBillTexts/Asintroduced/LXV_2001.pdf?source=legislation
321,20,VIII,"The Constitution (Amendment) Bill, 2001 (to amend article 130)",Rajya Sabha,2001-02-23,,Rumandla Raamachandrayya Shri,Ordinary Bill,,,,,Lapsed,https://sansad.in/getFile/BillsTexts/RSBillTexts/Asintroduced/VIII_2001.pdf?source=legislation
322,20,LXIX,"The Abolition of Child Labour Bill, 2000",Rajya Sabha,2000-12-22,LABOUR,Rumandla Raamachandrayya Shri,Ordinary Bill,,,,,Lapsed,https://sansad.in/getFile/BillsTexts/RSBillTexts/Asintroduced/LXIX_2000.pdf?source=legislation
323,20,LXVII,"The Old Persons (Old Age Allowance and Rehabilitation) Bill, 2000",Rajya Sabha,2000-12-22,SOCIAL JUSTICE AND EMPOWERMENT,Rumandla Raamachandrayya Shri,Ordinary Bill,,,,,Lapsed,https://sansad.in/getFile/BillsTexts/RSBillTexts/Asintroduced/LXVII_2000.pdf?source=legislation
324,20,LXVIII,"The Constitution (Amendment) Bill, 2000 (Insertion of new article 16A)",Rajya Sabha,2000-12-22,LABOUR,Rumandla Raamachandrayya Shri,Ordinary Bill,,,,,Lapsed,https://sansad.in/getFile/BillsTexts/RSBillTexts/Asintroduced/LXVIII_2000.pdf?source=legislation
325,2379,LVI,"The Constitution (Amendment) Bill, 2024 (amendment of articles 124 and 216)",Rajya Sabha,2025-02-07,LAW AND JUSTICE,Manoj Kumar Jha Prof.,Constitutional Amendment Bill,,,,,Pending,https://sansad.in/getFile/BillsTexts/RSBillTexts/Asintroduced/26e214202550343PM.pdf?source=legislation
326,2379,LVII,"The Parliament (Productivity Enhancement) Bill, 2024",Rajya Sabha,2025-02-07,PARLIAMENTARY  AFFAIRS,Manoj Kumar Jha Prof.,Financial Bill,,,,,Pending,https://sansad.in/getFile/BillsTexts/RSBillTexts/Asintroduced/24e214202550249PM.pdf?source=legislation
327,2379,LVIII,"The Prevention of Custodial Torture Bill, 2024",Rajya Sabha,2025-02-07,HOME AFFAIRS,Manoj Kumar Jha Shri,Ordinary Bill,,,,,Pending,https://sansad.in/getFile/BillsTexts/RSBillTexts/Asintroduced/25e214202550316PM.pdf?source=legislation
328,2379,XXVII,"The Constitution (Amendment) Bill, 2023 (amendment of article 51A)",Rajya Sabha,2023-12-08,HOME AFFAIRS,Manoj Kumar Jha Prof.,Ordinary Bill,,,,,Removed,https://sansad.in/getFile/BillsTexts/RSBillTexts/Asintroduced/const amend 51A manoj jha-E1219202342618PM.pdf?source=legislation
329,2379,XXXI,"The Prevention of Custodial Torture Bill, 2023",Rajya Sabha,2023-12-08,HOME AFFAIRS,Manoj Kumar Jha Prof.,Ordinary Bill,,,,,Removed,https://sansad.in/getFile/BillsTexts/RSBillTexts/Asintroduced/custodial_torture-E1219202344710PM.pdf?source=legislation
330,2379,LXVII,"THE PARLIAMENT (PRODUCTIVITY ENHANCEMENT) BILL, 2022",Rajya Sabha,2022-12-09,PARLIAMENTARY  AFFAIRS,Manoj Kumar Jha Prof.,Ordinary Bill,,,,,Removed,https://sansad.in/getFile/BillsTexts/RSBillTexts/Asintroduced/4 E -258th Session1213202274959PM.pdf?source=legislation
331,2379,LXXIV,"THE HATE CRIMES AND HATE SPEECH (COMBAT, PREVENTION AND PUNISHMENT) BILL, 2022",Rajya Sabha,2022-12-09,HOME AFFAIRS,Manoj Kumar Jha Prof.,Ordinary Bill,,,,,Removed,https://sansad.in/getFile/BillsTexts/RSBillTexts/Asintroduced/hate-91222-E12142022113024AM.pdf?source=legislation
332,2379,LXXV,"The Constitution (Amendment) Bill, 2022 (amendment of articles 16, 124 and 216).",Rajya Sabha,2022-12-09,SOCIAL JUSTICE AND EMPOWERMENT,Manoj Kumar Jha Prof.,Ordinary Bill,,,,,Removed,https://sansad.in/getFile/BillsTexts/RSBillTexts/Asintroduced/5 E- 258 Session1213202275037PM.pdf?source=legislation
333,2379,XLII,"The Right to Health Bill, 2021",Rajya Sabha,2022-02-04,HEALTH AND FAMILY WELFARE,Manoj Kumar Jha Prof.,Ordinary Bill,,,,,Withdrawn,https://sansad.in/getFile/BillsTexts/RSBillTexts/Asintroduced/right to health-E.pdf?source=legislation
334,1611,XIII,"The National Honour and Integrity ( Protection) Bill,1987",Rajya Sabha,1987-04-16,HOME AFFAIRS,Sheo Kumar Mishra Shri,Ordinary Bill,,,,,Withdrawn,
335,1988,XLVI,"The Constitution (Amendment) Bill, 2010 (to amend articles 15 and 16)",Rajya Sabha,2010-08-27,SOCIAL JUSTICE AND EMPOWERMENT,Brinda Karat Smt.,Constitutional Amendment Bill,,,,,Lapsed,https://sansad.in/getFile/BillsTexts/RSBillTexts/Asintroduced/cons XLVI 10.pdf?source=legislation
336,1988,XLVII,"The Scheduled Tribes and Other Traditional Forest Dwellers (Recognition of Forest Rights) Amendment Bill, 2010",Rajya Sabha,2010-08-27,TRIBAL AFFAIRS,Brinda Karat Smt.,Ordinary Bill,,,,,Lapsed,https://sansad.in/getFile/BillsTexts/RSBillTexts/Asintroduced/ST XLVII 10.pdf?source=legislation
337,1988,XXXIV,"The Hindu Minority and Guardianship (Amendment) Bill, 2008.",Rajya Sabha,2009-07-03,LAW AND JUSTICE,Brinda Karat Smt.,Ordinary Bill,,,,,Lapsed,https://sansad.in/getFile/BillsTexts/RSBillTexts/Asintroduced/hindu XXXIV of 08.pdf?source=legislation
338,1988,I,"The Constitution (Amendment) Bill, 2008 (amendment of article 73)",Rajya Sabha,2008-12-19,LAW AND JUSTICE,Brinda Karat Smt.,Constitutional Amendment Bill,,,,,Lapsed,https://sansad.in/getFile/BillsTexts/RSBillTexts/Asintroduced/const I of 08.pdf?source=legislation
339,1988,XVI,"The Constitution (Amendment) Bill, 2008 (insertion of new aticles 330A and 332A)",Rajya Sabha,2008-12-19,LAW AND JUSTICE,Brinda Karat Smt.,Constitutional Amendment Bill,,,,,Lapsed,https://sansad.in/getFile/BillsTexts/RSBillTexts/Asintroduced/const- XVI of 08.pdf?source=legislation
340,1988,XXVII,"The Criminal Law (Amendment) Bill, 2008",Rajya Sabha,2008-12-19,HOME AFFAIRS,Brinda Karat Smt.,Ordinary Bill,,,,,Lapsed,https://sansad.in/getFile/BillsTexts/RSBillTexts/Asintroduced/crimnal law XXVII.pdf?source=legislation
341,1988,LXI,"The General Clauses (Amendment) Bill, 2007",Rajya Sabha,2007-09-07,LAW AND JUSTICE,Brinda Karat Smt.,Ordinary Bill,,,,,Lapsed,
342,1988,LXXIV,"The Payment of Gratuity (Amendment) Bill, 2006",Rajya Sabha,2006-12-08,LABOUR,Brinda Karat Smt.,Ordinary Bill,,,,,Lapsed,https://sansad.in/getFile/BillsTexts/RSBillTexts/Asintroduced/LXXIV_ 2006.pdf?source=legislation
343,2380,XVII,"The Indian Penal Code (Amendment) Bill, 2020",Rajya Sabha,2020-03-13,HOME AFFAIRS,Saroj Pandey Ms.,Ordinary Bill,,,,,Lapsed,https://sansad.in/getFile/BillsTexts/RSBillTexts/Asintroduced/IPC-E-13320.pdf?source=legislation
344,2380,IV,"The Protection of Children from Sexual Offences (Amendment) Bill, 2020",Rajya Sabha,2020-02-07,WOMEN AND CHILD DEVELOPMENT,Saroj Pandey Ms.,Ordinary Bill,,,,,Removed,https://sansad.in/getFile/BillsTexts/RSBillTexts/Asintroduced/pocso-E-7 2 20.pdf?source=legislation
345,1981,LXI,"The Constitution (Amendment) Bill, 2016 (amendment of article 51A)",Rajya Sabha,2017-03-10,HUMAN RESOURCE  DEVELOPMENT,Shantaram Naik Shri,Ordinary Bill,,,,,Lapsed,https://sansad.in/getFile/BillsTexts/RSBillTexts/Asintroduced/51A-10317-E.pdf?source=legislation
346,1981,LXII,"The National Waterways (Amendment) Bill, 2016",Rajya Sabha,2017-03-10,SHIPPING,Shantaram Naik Shri,Ordinary Bill,,,,,Lapsed,https://sansad.in/getFile/BillsTexts/RSBillTexts/Asintroduced/nat water 10317-E.pdf?source=legislation
347,1981,LXIX,"The Constitution (Amendment) Bill, 2016 (amendment of article 324)",Rajya Sabha,2017-03-10,LAW AND JUSTICE,Shantaram Naik Shri,Ordinary Bill,,,,,Lapsed,https://sansad.in/getFile/BillsTexts/RSBillTexts/Asintroduced/324-10317-E.pdf?source=legislation
348,1981,XXXIII,"The Representation of the People (Amendment) Bill, 2016 (amendment of section 16)",Rajya Sabha,2016-08-05,LAW AND JUSTICE,Shantaram Naik Shri,Ordinary Bill,,,,,Lapsed,https://sansad.in/getFile/BillsTexts/RSBillTexts/Asintroduced/RP-5816-E.pdf?source=legislation
349,1981,XXXVI,"The Indian Forest (Amendment) Bill, 2016",Rajya Sabha,2016-08-05,ENVIRONMENT AND FORESTS,Shantaram Naik Shri,Ordinary Bill,,,,,Lapsed,https://sansad.in/getFile/BillsTexts/RSBillTexts/Asintroduced/ind forst-5816-E.pdf?source=legislation
350,1981,XXXVIII,"The Constitution (Amendment) Bill, 2016 (amendment of article 324)",Rajya Sabha,2016-08-05,LAW AND JUSTICE,Shantaram Naik Shri,Ordinary Bill,,,,,Lapsed,https://sansad.in/getFile/BillsTexts/RSBillTexts/Asintroduced/324-5816-E.pdf?source=legislation
351,1981,XVIII,"The Indian Penal Code (Amendment) Bill, 2015",Rajya Sabha,2015-04-24,LAW AND JUSTICE,Shantaram Naik Shri,Ordinary Bill,,,,,Lapsed,https://sansad.in/getFile/BillsTexts/RSBillTexts/Asintroduced/IPC 500 XVIII-E.pdf?source=legislation
352,1981,XXXII,"The Citizenship (Amendment) Bill, 2014 (amendment of section 9)",Rajya Sabha,2014-12-12,HOME AFFAIRS,Shantaram Naik Shri,Ordinary Bill,,,,,Withdrawn,https://sansad.in/getFile/BillsTexts/RSBillTexts/Asintroduced/citizn-E.pdf?source=legislation
353,1981,XXXIII,"The Constitution (Amendment) Bill, 2014 (amendment of Tenth Schedule)",Rajya Sabha,2014-12-12,LAW AND JUSTICE,Shantaram Naik Shri,Constitutional Amendment Bill,,,,,Lapsed,https://sansad.in/getFile/BillsTexts/RSBillTexts/Asintroduced/tenth-E.pdf?source=legislation
354,1981,XXXIV,"The Quoting of Source of Law Bill, 2014",Rajya Sabha,2014-12-12,LAW AND JUSTICE,Shantaram Naik Shri,Ordinary Bill,,,,,Lapsed,https://sansad.in/getFile/BillsTexts/RSBillTexts/Asintroduced/quoting-E.pdf?source=legislation
355,1981,XIV,"The Constitution (Amendment) Bill, 2014 (amendment of article 324)",Rajya Sabha,2014-07-25,LAW AND JUSTICE,Shantaram Naik Shri,Constitutional Amendment Bill,,,,,Lapsed,https://sansad.in/getFile/BillsTexts/RSBillTexts/Asintroduced/cons 324-E.pdf?source=legislation
356,1981,XV,"The Representation of People (Amendment) Bill, 2014 (amendment of sections 29A and 30)",Rajya Sabha,2014-07-25,LAW AND JUSTICE,Shantaram Naik Shri,Ordinary Bill,,,,,Lapsed,https://sansad.in/getFile/BillsTexts/RSBillTexts/Asintroduced/29A- E.pdf?source=legislation
357,1981,LX,"The Representation of the People (Amendment) Bill, 2012",Rajya Sabha,2012-12-07,LAW AND JUSTICE,Shantaram Laxman Naik Shri,Ordinary Bill,,,,,Lapsed,https://sansad.in/getFile/BillsTexts/RSBillTexts/Asintroduced/RP-E.pdf?source=legislation
358,1981,LXI,"The Protection of Women from Domestic Violence (Amendment) Bill, 2012",Rajya Sabha,2012-12-07,WOMEN AND CHILD DEVELOPMENT,Shantaram Laxman Naik Shri,Ordinary Bill,,,,,Lapsed,https://sansad.in/getFile/BillsTexts/RSBillTexts/Asintroduced/domestc-E.pdf?source=legislation
359,1981,LXII,"The Constitution (Amendment) Bill, 2012 (insertion of new article 50A)",Rajya Sabha,2012-12-07,PLANNING,Shantaram Laxman Naik Shri,Constitutional Amendment Bill,,,,,Lapsed,https://sansad.in/getFile/BillsTexts/RSBillTexts/Asintroduced/cons-50A-E.pdf?source=legislation
360,1981,XXIX,"The Drugs and Magic Remedies (Objectionable Advertisements) Amendment Bill, 2012.",Rajya Sabha,2012-08-09,HEALTH AND FAMILY WELFARE,Shantaram Laxman Naik Shri,Ordinary Bill,,,,,Lapsed,https://sansad.in/getFile/BillsTexts/RSBillTexts/Asintroduced/drug-E.pdf?source=legislation
361,1981,XXVII,"The Constitution (Amendment) Bill, 2012 (Amendment of articles 243G and 243W)",Rajya Sabha,2012-08-09,PANCHAYATI   RAJ,Shantaram Laxman Naik Shri,Constitutional Amendment Bill,,,,,Lapsed,https://sansad.in/getFile/BillsTexts/RSBillTexts/Asintroduced/cons-243 E.pdf?source=legislation
362,1981,XXVIII,"The Constitution (Amendment) Bill, 2012 (Amendment of the Preamble and article 1)",Rajya Sabha,2012-08-09,HOME AFFAIRS,Shantaram Laxman Naik Shri,Constitutional Amendment Bill,,,,,Lapsed,https://sansad.in/getFile/BillsTexts/RSBillTexts/Asintroduced/cons-peamble-E.pdf?source=legislation
363,1981,LXI,"The Constitution (Amendment) Bill, 2011 (amendment of Tenth Schedule)",Rajya Sabha,2012-04-27,LAW AND JUSTICE,Shantaram Laxman Naik Shri,Constitutional Amendment Bill,,,,,Lapsed,https://sansad.in/getFile/BillsTexts/RSBillTexts/Asintroduced/tenth-E.pdf?source=legislation
364,1981,LXII,"The Constitution (Amendment) Bill, 2011 (amendment of article 371 I)",Rajya Sabha,2012-04-27,FINANCE,Shantaram Laxman Naik Shri,Constitutional Amendment Bill,,,,,Lapsed,https://sansad.in/getFile/BillsTexts/RSBillTexts/Asintroduced/const 371-E.pdf?source=legislation
365,1981,LXIII,"The Passports (Amendment) Bill, 2011.",Rajya Sabha,2012-04-27,EXTERNAL AFFAIRS,Shantaram Laxman Naik Shri,Ordinary Bill,,,,,Lapsed,https://sansad.in/getFile/BillsTexts/RSBillTexts/Asintroduced/pasport_E.pdf?source=legislation
366,1981,LXXII,"The Constitution (Amendment) Bill, 2010 (to amend article 53)",Rajya Sabha,2011-02-25,STATISTICS AND PROGRAMME IMPLEMENTATION,Shantaram Laxman Naik Shri,Constitutional Amendment Bill,,,,,Lapsed,https://sansad.in/getFile/BillsTexts/RSBillTexts/Asintroduced/cons 53.pdf?source=legislation
367,1981,XL,"The Constitution (Amendment) Bill, 2010 (to amend the Preamble)",Rajya Sabha,2010-08-27,HOME AFFAIRS,Shantaram Laxman Naik Shri,Constitutional Amendment Bill,,,,,Lapsed,https://sansad.in/getFile/BillsTexts/RSBillTexts/Asintroduced/cons XL 10.pdf?source=legislation
368,1981,XLIV,"The Drugs and Magic Remedies (Objectionable Advertisements) Amendment Bill, 2010",Rajya Sabha,2010-08-27,HEALTH AND FAMILY WELFARE,Shantaram Laxman Naik Shri,Ordinary Bill,,,,,Lapsed,https://sansad.in/getFile/BillsTexts/RSBillTexts/Asintroduced/drugs XLIV 10.pdf?source=legislation
369,1981,XLV,"The Consumer Protection (Amendment) Bill, 2010",Rajya Sabha,2010-08-27,"CONSUMER AFFAIRS, FOOD AND PUBLIC DISTRIBUTION",Shantaram Laxman Naik Shri,Ordinary Bill,,,,,Lapsed,https://sansad.in/getFile/BillsTexts/RSBillTexts/Asintroduced/consmr XLV 10.pdf?source=legislation
370,1981,VIII,"The Indian Penal Code (Amendment) Bill, 2010 (amendment of Section 376)",Rajya Sabha,2010-05-03,HOME AFFAIRS,Shantaram Laxman Naik Shri,Ordinary Bill,,,,,Lapsed,https://sansad.in/getFile/BillsTexts/RSBillTexts/Asintroduced/IPC VIII of 10.pdf?source=legislation
371,1981,XIV,"The Census (Amendment) Bill, 2010",Rajya Sabha,2010-05-03,HOME AFFAIRS,Shantaram Laxman Naik Shri,Ordinary Bill,,,,,Lapsed,https://sansad.in/getFile/BillsTexts/RSBillTexts/Asintroduced/Census XIV of 10.pdf?source=legislation
372,1981,XVI,"The Standardisation of Style of Names of Citizens Bill, 2010",Rajya Sabha,2010-05-03,COMMUNICATIONS AND INFORMATION TECHNOLOGY,Shantaram Laxman Naik Shri,Ordinary Bill,,,,,Lapsed,https://sansad.in/getFile/BillsTexts/RSBillTexts/Asintroduced/Stand XVI of 10.pdf?source=legislation
373,1981,XIV,"The Special Economic Zones (Amendment) Bill, 2009",Rajya Sabha,2009-07-31,COMMERCE AND INDUSTRY,Shantaram Laxman Naik Shri,Ordinary Bill,,,,,Lapsed,https://sansad.in/getFile/BillsTexts/RSBillTexts/Asintroduced/SeZ XIV of 09.pdf?source=legislation
374,1981,XVI,"The Protection of Women from Domestic Violence (Amendment) Bill, 2009",Rajya Sabha,2009-07-31,WOMEN AND CHILD DEVELOPMENT,Shantaram Laxman Naik Shri,Ordinary Bill,,,,,Lapsed,https://sansad.in/getFile/BillsTexts/RSBillTexts/Asintroduced/protection XVI of 09.pdf?source=legislation
375,1981,IX,"The Constitution (Amendment) Bill, 2009 (to amend article 371-I)",Rajya Sabha,2009-07-03,HOME AFFAIRS,Shantaram Laxman Naik Shri,Constitutional Amendment Bill,,,,,Lapsed,https://sansad.in/getFile/BillsTexts/RSBillTexts/Asintroduced/const IX of 09.pdf?source=legislation
376,1981,XII,"The Constitution (Amendment) Bill, 2008 (to amend the Seventh Schedule)",Rajya Sabha,2009-02-13,LAW AND JUSTICE,Shantaram Laxman Naik Shri,Constitutional Amendment Bill,,,,,Lapsed,https://sansad.in/getFile/BillsTexts/RSBillTexts/Asintroduced/const XII.pdf?source=legislation
377,1981,XIV,"The Constitution (Amendment) Bill, 2008 (to amend article 145)",Rajya Sabha,2009-02-13,LAW AND JUSTICE,Shantaram Laxman Naik Shri,Constitutional Amendment Bill,,,,,Lapsed,https://sansad.in/getFile/BillsTexts/RSBillTexts/Asintroduced/const  XIV.pdf?source=legislation
378,1981,XXVIII,"The Passports (Amendment) Bill, 2008 (to amend section 5)",Rajya Sabha,2009-02-13,EXTERNAL AFFAIRS,Shantaram Laxman Naik Shri,Ordinary Bill,,,,,Lapsed,https://sansad.in/getFile/BillsTexts/RSBillTexts/Asintroduced/passport amendment XXVIII.pdf?source=legislation
379,1981,LXXIII,"The Representation of the People (Amendment) Bill, 2007 (amendment of section-28A)",Rajya Sabha,2007-11-30,LAW AND JUSTICE,Shantaram Laxman Naik Shri,Ordinary Bill,,,,,Lapsed,
380,1981,LXXIV,"The Representation of the People (Amendment) Bill, 2007 (amendment of section-8)",Rajya Sabha,2007-11-30,LAW AND JUSTICE,Shantaram Laxman Naik Shri,Ordinary Bill,,,,,Lapsed,
381,1981,LXXVII,"The Constitution (Amendment) Bill, 2007 (amendment of the Tenth Schedule)",Rajya Sabha,2007-11-30,LAW AND JUSTICE,Shantaram Laxman Naik Shri,Constitutional Amendment Bill,,,,,Lapsed,https://sansad.in/getFile/BillsTexts/RSBillTexts/Asintroduced/Const 10 Sc..pdf?source=legislation
382,1981,XXXI,"The Constitution (Amendment) Bill, 2007 (amendment of Seventh Schedule)",Rajya Sabha,2007-08-24,LAW AND JUSTICE,Shantaram Laxman Naik Shri,Constitutional Amendment Bill,,,,,Lapsed,
383,1981,XXXII,"The Constitution (Amendment) Bill, 2007 (insertion of new article 50A)",Rajya Sabha,2007-08-24,PLANNING,Shantaram Laxman Naik Shri,Constitutional Amendment Bill,,,,,Lapsed,
384,1981,XXXV,"The Constitution (Amendment) Bill, 2007 (Amendment of Tenth Schedule)",Rajya Sabha,2007-08-24,LAW AND JUSTICE,Shantaram Laxman Naik Shri,Constitutional Amendment Bill,,,,,Lapsed,
385,1981,CIII,"The Constitutional (Amendment) Bill, 2006 (insertion of new article 19A)",Rajya Sabha,2006-12-08,"PERSONNEL,  PUBLIC  GRIEVANCES  AND  PENSIONS",Shantaram Laxman Naik Shri,Constitutional Amendment Bill,,,,,Lapsed,https://sansad.in/getFile/BillsTexts/RSBillTexts/Asintroduced/CIII_ 2006.pdf?source=legislation
386,1981,CIX,"The Constitutional (Amendment) Bill, 2006 (amendment of articles 243G and 243W)",Rajya Sabha,2006-12-08,PANCHAYATI   RAJ,Shantaram Laxman Naik Shri,Constitutional Amendment Bill,,,,,Lapsed,https://sansad.in/getFile/BillsTexts/RSBillTexts/Asintroduced/CIX_2006.pdf?source=legislation
387,1981,XCVI,"The Constitutional (Amendment) Bill, 2006 (amendment of articles 102 and 191)",Rajya Sabha,2006-12-08,LAW AND JUSTICE,Shantaram Laxman Naik Shri,Constitutional Amendment Bill,,,,,Lapsed,https://sansad.in/getFile/BillsTexts/RSBillTexts/Asintroduced/XCVI_2006.pdf?source=legislation
388,1981,LXI,"The Representation of the People (Amendment) Bill, 2006",Rajya Sabha,2006-08-11,,Shantaram Laxman Naik Shri,Constitutional Amendment Bill,,,,,Lapsed,https://sansad.in/getFile/BillsTexts/RSBillTexts/Asintroduced/LXI_2006.pdf?source=legislation
389,1981,LXXII,"The Compulsory Quoting of Source Law Bill, 2006",Rajya Sabha,2006-08-11,LAW AND JUSTICE,Shantaram Laxman Naik Shri,Ordinary Bill,,,,,Lapsed,https://sansad.in/getFile/BillsTexts/RSBillTexts/Asintroduced/LXXII_2006.pdf?source=legislation
390,1981,LXXIII,"The Registration (Amendment) Bill, 2006",Rajya Sabha,2006-08-11,,Shantaram Laxman Naik Shri,Constitutional Amendment Bill,,,,,Lapsed,https://sansad.in/getFile/BillsTexts/RSBillTexts/Asintroduced/LXXIII_2006.pdf?source=legislation
391,1981,LV,"The Compulsory Education Bill, 2006.",Rajya Sabha,2006-07-28,HUMAN RESOURCE  DEVELOPMENT,Jai Parkash Aggarwal Shri,Ordinary Bill,,,,,Lapsed,https://sansad.in/getFile/BillsTexts/RSBillTexts/Asintroduced/lv_2006.pdf?source=legislation
392,1981,LVII,"The Compulsory Voting Bill, 2006.",Rajya Sabha,2006-07-28,PARLIAMENTARY  AFFAIRS,Jai Parkash Aggarwal Shri,Ordinary Bill,,,,,Lapsed,https://sansad.in/getFile/BillsTexts/RSBillTexts/Asintroduced/LVII_2006.pdf?source=legislation
393,1981,XIX,"The representation of the People (Amendment) Bill, 2006",Rajya Sabha,2006-03-14,,Shantaram Laxman Naik Shri,Ordinary Bill,,,,,Lapsed,https://sansad.in/getFile/BillsTexts/RSBillTexts/Asintroduced/XIX_2006.PDF?source=legislation
394,1981,XVII,"The Representation of the People (Second Amendment) Bill, 2006",Rajya Sabha,2006-03-14,,Shantaram Laxman Naik Shri,Ordinary Bill,,,,,Lapsed,https://sansad.in/getFile/BillsTexts/RSBillTexts/Asintroduced/XVII_2006.PDF?source=legislation
395,1981,XX,"The Delimitation (Amendment) Bill, 2006",Rajya Sabha,2006-03-14,,Shantaram Laxman Naik Shri,Ordinary Bill,,,,,Lapsed,https://sansad.in/getFile/BillsTexts/RSBillTexts/Asintroduced/XX_2006.PDF?source=legislation
396,1981,CIX,"The Constituion (Amendment) Bill, 2005 (to amend article 324)",Rajya Sabha,2005-12-23,LAW AND JUSTICE,Shantaram Laxman Naik Shri,Ordinary Bill,,,,,Lapsed,
397,1981,CVII,"The Constitution (Amendment) Bill, 2005 (insertion of new article 40A)",Rajya Sabha,2005-12-23,HUMAN RESOURCE  DEVELOPMENT,Shantaram Laxman Naik Shri,Ordinary Bill,,,,,Lapsed,
398,1981,CX,"The Constitution (Amendment) Bill, 2005 ( to amend the Tenth Schedule).",Rajya Sabha,2005-12-23,,Shantaram Laxman Naik Shri,Ordinary Bill,,,,,Lapsed,
399,2381,VII,"The Victim and Witness Protection and Assistance Bill, 2020",Rajya Sabha,2020-03-13,HOME AFFAIRS,Amee Yajnik Dr.,Ordinary Bill,,,,,Removed,https://sansad.in/getFile/BillsTexts/RSBillTexts/Asintroduced/victim witness-E-13320.pdf?source=legislation
400,1991,IX,"The Eradication of Unemployment Bill, 2008",Rajya Sabha,2008-12-19,LABOUR  AND  EMPLOYMENT,Jai Parkash Aggarwal Shri,Ordinary Bill,,,,,Lapsed,https://sansad.in/getFile/BillsTexts/RSBillTexts/Asintroduced/erdcation of unem IX of 08.pdf?source=legislation
401,1991,X,"The Working Jouranlists and Other Newspaper Employees (Condition of Service) and Miscellaneous Provisions (Amendment) Bill, 2008",Rajya Sabha,2008-12-19,INFORMATION AND BROADCASTING,Jai Parkash Aggarwal Shri,Ordinary Bill,,,,,Lapsed,https://sansad.in/getFile/BillsTexts/RSBillTexts/Asintroduced/journalists X of 08.pdf?source=legislation
402,1991,XI,"The Protection of Cultural Heritage Bill, 2008",Rajya Sabha,2008-12-19,CULTURE,Jai Parkash Aggarwal Shri,Ordinary Bill,,,,,Lapsed,https://sansad.in/getFile/BillsTexts/RSBillTexts/Asintroduced/heritage XI of 08.pdf?source=legislation
403,1991,LXIX,"The Electricity (Compulsory Supply to Katras and Densely Populated Settlements) Bill, 2007",Rajya Sabha,2007-11-30,POWER,Jai Parkash Aggarwal Shri,Ordinary Bill,,,,,Lapsed,https://sansad.in/getFile/BillsTexts/RSBillTexts/Asintroduced/Electricity Supply.pdf?source=legislation
404,1991,LXX,"The Private Schools (Regulation) Bill, 2007",Rajya Sabha,2007-11-30,HUMAN RESOURCE  DEVELOPMENT,Jai Parkash Aggarwal Shri,Ordinary Bill,,,,,Lapsed,
405,1991,XLII,"The Constitution (Amendment) Bill, 2007 (insertion of new article 16A)",Rajya Sabha,2007-09-07,LABOUR  AND  EMPLOYMENT,Jai Parkash Aggarwal Shri,Constitutional Amendment Bill,,,,,Lapsed,
406,1991,XLIII,"The Youth Welfare Bill, 2007",Rajya Sabha,2007-09-07,YOUTH AFFAIRS AND SPORTS,Jai Parkash Aggarwal Shri,Ordinary Bill,,,,,Lapsed,
407,1991,XLIV,"The Constitution (Amendment) Bill, 2007 (insertion of new article 21B)",Rajya Sabha,2007-09-07,HOME AFFAIRS,Jai Parkash Aggarwal Shri,Constitutional Amendment Bill,,,,,Lapsed,
408,1991,XXIX,"The Constitution (Amendment) Bill, 2007 (insertion of new article 30A)",Rajya Sabha,2007-04-27,RURAL DEVELOPMENT,Jai Parkash Aggarwal Shri,Constitutional Amendment Bill,,,,,Lapsed,https://sansad.in/getFile/BillsTexts/RSBillTexts/Asintroduced/1778rs.pdf?source=legislation
409,1991,II,"The Freedom Fighters and Their Families (Welfare) Bill, 2007",Rajya Sabha,2007-03-16,HOME AFFAIRS,Jai Parkash Aggarwal Shri,Ordinary Bill,,,,,Lapsed,https://sansad.in/getFile/BillsTexts/RSBillTexts/Asintroduced/1211rs.pdf?source=legislation
410,1991,III,"The Prevention of Insults to National Honour (Amendment) Bill, 2007",Rajya Sabha,2007-03-16,HOME AFFAIRS,Jai Parkash Aggarwal Shri,Ordinary Bill,,,,,Lapsed,https://sansad.in/getFile/BillsTexts/RSBillTexts/Asintroduced/1227rs.pdf?source=legislation
411,1991,LXXXV,"The Hawker, Vendor, Rickshaw Puller and Roadside Mechanic (Freedom to Earn Livelihood) Bill, 2006",Rajya Sabha,2006-11-24,SOCIAL JUSTICE AND EMPOWERMENT,Jai Parkash Aggarwal Shri,Ordinary Bill,,,,,Lapsed,https://sansad.in/getFile/BillsTexts/RSBillTexts/Asintroduced/LXXXV_ 2006.pdf?source=legislation
412,1991,XC,"The Destitute Women and Widows Welfare Bill, 2006",Rajya Sabha,2006-11-24,WOMEN AND CHILD DEVELOPMENT,Jai Parkash Aggarwal Shri,Ordinary Bill,,,,,Lapsed,https://sansad.in/getFile/BillsTexts/RSBillTexts/Asintroduced/XC_2006.pdf?source=legislation
413,23,LIII,"The Protection of Rights and Welfare Measures for HIV Infected Persons and AIDS Patients Bill, 2004.",Rajya Sabha,2005-03-24,HEALTH AND FAMILY WELFARE,Najma A. Heptulla Dr.(Smt.),Ordinary Bill,,,,,Lapsed,
414,23,XVI,"The International Treaties and Agreements (Compulsory Approval by Parliament) Bill, 2005.",Rajya Sabha,2005-03-24,EXTERNAL AFFAIRS,Najma A. Heptulla Dr.(Smt.),Ordinary Bill,,,,,Lapsed,
415,23,XXIII,"The Environment Protection (Control of Non-Biodegradable Garbage) Bill, 2005.",Rajya Sabha,2005-03-24,ENVIRONMENT AND FORESTS,Najma A. Heptulla Dr.(Smt.),Ordinary Bill,,,,,,
416,23,VII,"The Delhi Rent Contral (Amendment) Bill,1983",Rajya Sabha,1983-04-29,,Najma A. Heptulla Dr.(Smt.),Ordinary Bill,,,,,Lapsed,
417,842,VIII,"The Constitution (amendment) Bill, 1973(Amendment of articles 256,257,339,344,365 and substi tution of article 263.)",Rajya Sabha,1973-03-16,HOME AFFAIRS,Thillai Villalan Shri,Ordinary Bill,,,,,Lapsed,
418,842,XI,"The Constitution (Amendment) Bill, 1969 [Omission of article 220]",Rajya Sabha,1969-05-16,HOME AFFAIRS,Thillai Villalan Shri,Ordinary Bill,,,,,Withdrawn,
419,842,XIII,"The Constitution (Amendment) Bill, 1969 [to amend articles 155 and 156]",Rajya Sabha,1969-05-16,HOME AFFAIRS,Thillai Villalan Shri,Ordinary Bill,,,,,Withdrawn,
420,24,11,"The Provision of Communication Facilities in Every Village Bill, 2007",Lok Sabha,2007-08-24,COMMUNICATIONS AND INFORMATION TECHNOLOGY,Ramdas Athawale Shri,Financial Bill,,,,,Lapsed,https://sansad.in/getFile/BillsTexts/LSBillTexts/Asintroduced/10.pdf?source=legislation
421,24,17,"The Private Schools (Regulation) Bill, 2007",Lok Sabha,2007-08-24,HUMAN RESOURCE  DEVELOPMENT,Ramdas Athawale Shri,Financial Bill,,,,,Lapsed,https://sansad.in/getFile/BillsTexts/LSBillTexts/Asintroduced/9.pdf?source=legislation
422,24,18,"The Rural Electrification Bill, 2007",Lok Sabha,2007-08-24,POWER,Ramdas Athawale Shri,Financial Bill,,,,,Lapsed,https://sansad.in/getFile/BillsTexts/LSBillTexts/Asintroduced/11.pdf?source=legislation
423,24,19,"The Child Welfare Bill, 2007",Lok Sabha,2007-08-24,WOMEN AND CHILD DEVELOPMENT,Ramdas Athawale Shri,Financial Bill,,,,,Lapsed,https://sansad.in/getFile/BillsTexts/LSBillTexts/Asintroduced/12.pdf?source=legislation
424,24,126,"The Public Premises (Eviction of Unauthorised Occupants) Amendment Bill, 2005 (Amendment of section 2)",Lok Sabha,2005-11-25,URBAN DEVELOPMENT AND POVERTY ALLEVIATION,Ramdas Athawale Shri,Ordinary Bill,,,,,Lapsed,https://sansad.in/getFile/BillsTexts/LSBillTexts/Asintroduced/2989LS.pdf?source=legislation
425,24,127,"The Eradication of Unemployment Bill, 2005",Lok Sabha,2005-11-25,,Ramdas Athawale Shri,Financial Bill,,,,,Lapsed,https://sansad.in/getFile/BillsTexts/LSBillTexts/Asintroduced/3072LS.pdf?source=legislation
426,24,25,"The Poor and Destitute Widows (Rehabilitation and Welfare) Bill, 2005",Lok Sabha,2005-03-11,HUMAN RESOURCE  DEVELOPMENT,Ramdas Athawale Shri,Financial Bill,,,,,Lapsed,
427,24,7,"The Abolition of Begging Bill, 2005",Lok Sabha,2005-03-11,SOCIAL JUSTICE AND EMPOWERMENT,Ramdas Athawale Shri,Ordinary Bill,,,,,Lapsed,https://sansad.in/getFile/BillsTexts/LSBillTexts/Asintroduced/4017LS.pdf?source=legislation
428,24,81,"The Scheduled Castes and Scheduled Tribes (Reservation of Vacancies in Posts and Services) Bill, 2004",Lok Sabha,2004-12-03,"PERSONNEL,  PUBLIC  GRIEVANCES  AND  PENSIONS",Ramdas Athawale Shri,Financial Bill,,,,,Lapsed,https://sansad.in/getFile/BillsTexts/LSBillTexts/Asintroduced/2450LS.pdf?source=legislation
429,24,89,"The Provision of Free Medical and Engineering Education to Meritorious Students Bill, 2004",Lok Sabha,2004-12-03,HUMAN RESOURCE  DEVELOPMENT,Ramdas Athawale Shri,Financial Bill,,,,,Lapsed,https://sansad.in/getFile/BillsTexts/LSBillTexts/Asintroduced/2832LS.pdf?source=legislation
430,24,90,"The Provision of Communication Facilities in every Village Bill, 2001",Lok Sabha,2001-11-23,,Ramdas Athawale Shri,Financial Bill,,,,,Pending,https://sansad.in/getFile/BillsTexts/LSBillTexts/Asintroduced/2801LS.pdf?source=legislation
431,24,93,"The Slums and Jhuggi-Jhopri Areas (Basic Amenities and Clearance) Bill, 2001",Lok Sabha,2001-11-23,URBAN DEVELOPMENT AND POVERTY ALLEVIATION,Ramdas Athawale Shri,Financial Bill,,,,,Negatived,https://sansad.in/getFile/BillsTexts/LSBillTexts/Asintroduced/2970LS.pdf?source=legislation
432,24,154,"The Constitution (Amendment) Bill, 2000",Lok Sabha,2001-07-27,LABOUR,Ramdas Athawale Shri,Constitutional Amendment Bill,,,,,Pending,https://sansad.in/getFile/BillsTexts/LSBillTexts/Asintroduced/154_2000.pdf?source=legislation
433,24,155,"The Public Premises (Eviction of Unauthorised Occupants) Amendment Bill, 2002",Lok Sabha,2001-07-27,,Ramdas Athawale Shri,Ordinary Bill,,,,,,https://sansad.in/getFile/BillsTexts/LSBillTexts/Asintroduced/155_2000.pdf?source=legislation
434,24,155,"The Public Premises (Eviction of Unauthorised Occupants) Amendment Bill, 2000",Lok Sabha,2001-07-27,URBAN DEVELOPMENT AND POVERTY ALLEVIATION,Ramdas Athawale Shri,Ordinary Bill,,,,,Pending,
435,24,166,"The cotton growers (Benefit) Bill, 2000",Lok Sabha,2001-07-27,TEXTILES,Ramdas Athawale Shri,Financial Bill,,,,,Lapsed,https://sansad.in/getFile/BillsTexts/LSBillTexts/Asintroduced/4624LS.pdf?source=legislation
436,24,101,"The Destitute Women Welfare Bill, 2000",Lok Sabha,2000-07-28,HUMAN RESOURCE  DEVELOPMENT,Ramdas Athawale Shri,Financial Bill,,,,,Lapsed,https://sansad.in/getFile/BillsTexts/LSBillTexts/Asintroduced/1414LS.pdf?source=legislation
437,24,104,"The Constitution (Amendment) Bill, 2000 (Amendment of article 39)",Lok Sabha,2000-07-28,,Ramdas Athawale Shri,Constitutional Amendment Bill,,,,,Lapsed,https://sansad.in/getFile/BillsTexts/LSBillTexts/Asintroduced/1466LS.pdf?source=legislation
438,24,107,"The Old Age Pension and Rehabilitation Bill, 2000",Lok Sabha,2000-07-28,SOCIAL JUSTICE AND EMPOWERMENT,Ramdas Athawale Shri,Financial Bill,,,,,Lapsed,https://sansad.in/getFile/BillsTexts/LSBillTexts/Asintroduced/1470LS.pdf?source=legislation
439,24,111,"The Rural Areas (Electricity Supply) Bill, 2000",Lok Sabha,2000-07-28,POWER,Ramdas Athawale Shri,Financial Bill,,,,,Lapsed,https://sansad.in/getFile/BillsTexts/LSBillTexts/Asintroduced/1540LS.pdf?source=legislation
440,24,176,,Lok Sabha,2000-07-27,HUMAN RESOURCE  DEVELOPMENT,Ramdas Athawale Shri,Financial Bill,,,,,Lapsed,https://sansad.in/getFile/BillsTexts/LSBillTexts/Asintroduced/4758LS.pdf?source=legislation
441,24,1,"The Abolition of Begging Bill, 2000",Lok Sabha,2000-02-25,SOCIAL JUSTICE AND EMPOWERMENT,Ramdas Athawale Shri,Ordinary Bill,,,,,Lapsed,https://sansad.in/getFile/BillsTexts/LSBillTexts/Asintroduced/3191LS.pdf?source=legislation
442,24,3,"The Scheduled Castes and Scheduled Tribes (Reservation of Vacancies in Posts and Services) Bill, 2000",Lok Sabha,2000-02-25,SOCIAL JUSTICE AND EMPOWERMENT,Ramdas Athawale Shri,Financial Bill,,,,,Lapsed,https://sansad.in/getFile/BillsTexts/LSBillTexts/Asintroduced/3227LS.pdf?source=legislation
443,24,4,"The Eradication of Unemployment Bill, 2000",Lok Sabha,2000-02-25,LABOUR,Ramdas Athawale Shri,Financial Bill,,,,,Lapsed,https://sansad.in/getFile/BillsTexts/LSBillTexts/Asintroduced/3225LS.pdf?source=legislation
444,24,7,"The Uniform Education Bill, 2000",Lok Sabha,2000-02-25,HUMAN RESOURCE  DEVELOPMENT,Ramdas Athawale Shri,Financial Bill,,,,,Lapsed,https://sansad.in/getFile/BillsTexts/LSBillTexts/Asintroduced/3192LS.pdf?source=legislation
445,1993,X,"The Incest Offences Bill, 2009",Rajya Sabha,2009-07-31,WOMEN AND CHILD DEVELOPMENT,Shobhana Bhartia Smt.,Ordinary Bill,,,,,Lapsed,https://sansad.in/getFile/BillsTexts/RSBillTexts/Asintroduced/incest X of 09.pdf?source=legislation
446,1993,C,"The Adoption of Children (Regulation) Bill, 2006",Rajya Sabha,2006-12-08,WOMEN AND CHILD DEVELOPMENT,Shobhana Bhartia Smt.,Ordinary Bill,,,,,Lapsed,https://sansad.in/getFile/BillsTexts/RSBillTexts/Asintroduced/C_2006.pdf?source=legislation
447,1993,CI,"The Child Marriage (Abolition) and Miscellaneous Provisions Bill, 2006",Rajya Sabha,2006-12-08,LAW AND JUSTICE,Shobhana Bhartia Smt.,Ordinary Bill,,,,,Lapsed,https://sansad.in/getFile/BillsTexts/RSBillTexts/Asintroduced/CI_2006.pdf?source=legislation
448,25,11,"The Prevention and Punishment of the Crime of Genocide Bill, 2016",Lok Sabha,2016-02-26,HOME AFFAIRS,Kirti (JHA) Azad Shri,Financial Bill,,,,,Lapsed,https://sansad.in/getFile/BillsTexts/LSBillTexts/Asintroduced/4179LS.pdf?source=legislation
449,25,12,"The Euryale Ferox Nut Growers (Remunerative Price and Welfare) Bill, 2016",Lok Sabha,2016-02-26,AGRICULTURE,Kirti (JHA) Azad Shri,Financial Bill,,,,,Lapsed,https://sansad.in/getFile/BillsTexts/LSBillTexts/Asintroduced/4105LS.pdf?source=legislation
450,25,13,"The Nationalisation of Inter-State River Bill, 2016",Lok Sabha,2016-02-26,WATER RESOURCES,Kirti (JHA) Azad Shri,Financial Bill,,,,,Lapsed,https://sansad.in/getFile/BillsTexts/LSBillTexts/Asintroduced/4122LS.pdf?source=legislation
451,25,118,"The Constitution (Amendment) Bill, 2014  (Insertion of new article 371K).",Lok Sabha,2014-11-28,HOME AFFAIRS,Kirti (JHA) Azad Shri,Ordinary Bill,,,,,Lapsed,https://sansad.in/getFile/BillsTexts/LSBillTexts/Asintroduced/2463LS.pdf?source=legislation
452,450,6,"The Constitution (Amendment) Bill, 2000 (Amendment of the Eighth Schedule)",Lok Sabha,2000-05-05,HOME AFFAIRS,Prabhunath Singh Shri,Ordinary Bill,,,,,Lapsed,https://sansad.in/getFile/BillsTexts/LSBillTexts/Asintroduced/3190LS.pdf?source=legislation
453,2386,CII,"The Voyeurism (Prevention, Prohibition and Redressal) Bill, 2024",Rajya Sabha,2025-02-07,HOME AFFAIRS,Syed Naseer Hussain Dr.,Financial Bill,,,,,Pending,https://sansad.in/getFile/BillsTexts/RSBillTexts/Asintroduced/44e214202551138PM.pdf?source=legislation
454,1995,XLVIII,"The Special Financial Assistance to the State of Sikkim Bill, 2010",Rajya Sabha,2010-08-27,FINANCE,O.T. Lepcha Shri,Ordinary Bill,,,,,Lapsed,https://sansad.in/getFile/BillsTexts/RSBillTexts/Asintroduced/spl sk XLVIII 10.pdf?source=legislation
455,1995,XV,"The Indian Penal Code (Amendment) Bill, 2009",Rajya Sabha,2009-12-04,HOME AFFAIRS,O.T. Lepcha Shri,Ordinary Bill,,,,,Lapsed,https://sansad.in/getFile/BillsTexts/RSBillTexts/Asintroduced/IPC XV 09 E.pdf?source=legislation
456,1995,LIX,"The Homeless Orphan and Street Children (Rehabilitation and Welfare) Bill, 2008",Rajya Sabha,2008-12-19,WOMEN AND CHILD DEVELOPMENT,O.T. Lepcha Shri,Ordinary Bill,,,,,Lapsed,https://sansad.in/getFile/BillsTexts/RSBillTexts/Asintroduced/homless LIX of 08.pdf?source=legislation
457,1995,LVIII,"The Constitution (Amendment) Bill, 2008 (to amend article 371F)",Rajya Sabha,2008-12-19,FINANCE,O.T. Lepcha Shri,Constitutional Amendment Bill,,,,,Lapsed,https://sansad.in/getFile/BillsTexts/RSBillTexts/Asintroduced/const LVIII of 08.pdf?source=legislation
458,1995,LX,"The Salaries, Allowances and Pensions of Members of Parliament (Amendment) Bill, 2008",Rajya Sabha,2008-12-19,PARLIAMENTARY  AFFAIRS,O.T. Lepcha Shri,Ordinary Bill,,,,,Lapsed,https://sansad.in/getFile/BillsTexts/RSBillTexts/Asintroduced/salry MP  LX of 08.pdf?source=legislation
459,2387,LXI,"The Hindu Shrines and Religious Places (Management and Regulation) Bill, 2019",Rajya Sabha,2019-12-06,HOME AFFAIRS,Ajay Pratap Singh Shri,Ordinary Bill,,,,,Removed,https://sansad.in/getFile/BillsTexts/RSBillTexts/Asintroduced/hindu shrine-E-6 12 19.pdf?source=legislation
460,1621,IV,"The Prevention of Insults to National Honour (Amendment) Bill, 1997",Rajya Sabha,1997-03-21,HOME AFFAIRS,Sushilkumar Sambhajirao Shinde Shri,Ordinary Bill,,,,,Lapsed,
461,1621,LXXVI,"The National Commission for the Handicapped Bill, 1994",Rajya Sabha,1994-12-09,,Sushilkumar Sambhajirao Shinde Shri,Ordinary Bill,,,,,Lapsed,https://sansad.in/getFile/BillsTexts/RSBillTexts/Asintroduced/7 The National  19941122202333342PM.pdf?source=legislation
462,1621,LXXVII,"The Constitution ( Amendment) Bill,1994 (to amend article 16)",Rajya Sabha,1994-12-09,,Sushilkumar Sambhajirao Shinde Shri,Ordinary Bill,,,,,Lapsed,
463,1621,LXXVIII,"The Scheduled Castes, Scheduled Tribes and backward Classes Reservation of Posts in Private Enterprises Bill,1994",Rajya Sabha,1994-12-09,,Sushilkumar Sambhajirao Shinde Shri,Ordinary Bill,,,,,Lapsed,
464,1621,XLVI,The Foregin Aids Funds of India,Rajya Sabha,1994-08-12,AGRICULTURE,Sushilkumar Sambhajirao Shinde Shri,Ordinary Bill,,,,,Lapsed,
465,1621,III,"The Abolition of Begging Bill,1994",Rajya Sabha,1994-04-29,SOCIAL JUSTICE AND EMPOWERMENT,Sushilkumar Sambhajirao Shinde Shri,Ordinary Bill,,,,,Lapsed,
466,1621,V,"The National Commission for Disaster Managment Bill,1994",Rajya Sabha,1994-04-29,AGRICULTURE,Sushilkumar Sambhajirao Shinde Shri,Ordinary Bill,,,,,Lapsed,
467,1621,L,"The Farmers Credit Card Scheme Bill, 1993",Rajya Sabha,1993-08-13,HUMAN RESOURCE  DEVELOPMENT,Sushilkumar Sambhajirao Shinde Shri,Ordinary Bill,,,,,Lapsed,
468,1621,LXI,"The Child Marriage ( Prohibition ) Bill,1993",Rajya Sabha,1993-08-13,HUMAN RESOURCE  DEVELOPMENT,Sushilkumar Sambhajirao Shinde Shri,Ordinary Bill,,,,,Lapsed,
469,1621,LXVI,"The Seeds ( Amendment) Bill,1993",Rajya Sabha,1993-08-13,AGRICULTURE,Sushilkumar Sambhajirao Shinde Shri,Ordinary Bill,,,,,Lapsed,
470,1621,LI,"The Child Labour Prohibition and Regulation ) Bill, 1993",Rajya Sabha,1993-07-30,LABOUR,Sushilkumar Sambhajirao Shinde Shri,Ordinary Bill,,,,,Lapsed,
471,1621,LIII,"The Bonded labour System ( Abolition ) Amendment Bill,1993",Rajya Sabha,1993-07-30,LABOUR,Sushilkumar Sambhajirao Shinde Shri,Ordinary Bill,,,,,Lapsed,
472,1621,XXVIII,"The Representation of the People ( Amendment) Bill,1993",Rajya Sabha,1993-07-30,,Sushilkumar Sambhajirao Shinde Shri,Ordinary Bill,,,,,Lapsed,
473,29,77,"The Constitution (Amendment) Bill, 2006 (Amendment of article 370)",Lok Sabha,2008-12-12,HOME AFFAIRS,Bachi Singh Rawat Shri,Ordinary Bill,,,,,Lapsed,https://sansad.in/getFile/BillsTexts/LSBillTexts/Asintroduced/2782LS.pdf?source=legislation
474,29,79,"The Constitution (Amendment) Bill, 2006 (Amendment of articles 102 and 191)",Lok Sabha,2006-12-08,LAW AND JUSTICE,Bachi Singh Rawat Shri,Ordinary Bill,,,,,Lapsed,https://sansad.in/getFile/BillsTexts/LSBillTexts/Asintroduced/2769 LS.pdf?source=legislation
475,29,80,"The Constitution (Amendment) Bill, 2006 (Amendment of article 51A)",Lok Sabha,2006-12-08,LAW AND JUSTICE,Bachi Singh Rawat Shri,Ordinary Bill,,,,,Lapsed,https://sansad.in/getFile/BillsTexts/LSBillTexts/Asintroduced/2760 LS.pdf?source=legislation
476,29,78,"The Code of Criminal Procedure (Amendment) Bill, 2006 (Amendment of section 125)",Lok Sabha,2006-11-24,HOME AFFAIRS,Bachi Singh Rawat Shri,Financial Bill,,,,,Lapsed,https://sansad.in/getFile/BillsTexts/LSBillTexts/Asintroduced/2768 LS.pdf?source=legislation
477,29,51,"The Constitution (Amendment) Bill, 2006 (Amendment of articles 75 and 164)",Lok Sabha,2006-07-28,HOME AFFAIRS,Bachi Singh Rawat Shri,Constitutional Amendment Bill,,,,,Lapsed,https://sansad.in/getFile/BillsTexts/LSBillTexts/Asintroduced/1056LS.pdf?source=legislation
478,29,52,"The Wild Life (Protection) Amendment Bill, 2006 (Amendment of section 9)",Lok Sabha,2006-07-28,ENVIRONMENT AND FORESTS,Bachi Singh Rawat Shri,Ordinary Bill,,,,,Lapsed,https://sansad.in/getFile/BillsTexts/LSBillTexts/Asintroduced/1058LS.pdf?source=legislation
479,29,53,"The Indian Panal Code (Amendment)  Bill,2006 (Insertion of new section 382 A)",Lok Sabha,2006-07-28,HOME AFFAIRS,Bachi Singh Rawat Shri,Ordinary Bill,,,,,Lapsed,https://sansad.in/getFile/BillsTexts/LSBillTexts/Asintroduced/1057LS.pdf?source=legislation
480,29,149,"The Council   for Environment Protection Bill, 2005.",Lok Sabha,2006-02-17,ENVIRONMENT AND FORESTS,Bachi Singh Rawat Shri,Financial Bill,,,,,Lapsed,
481,29,150,"The Constituent Assembly Bill, 2005.",Lok Sabha,2006-02-17,,Bachi Singh Rawat Shri,Ordinary Bill,,,,,Lapsed,
482,29,151,"The Education Bank of India Bill, 2006.",Lok Sabha,2006-02-17,HUMAN RESOURCE  DEVELOPMENT,Bachi Singh Rawat Shri,Financial Bill,,,,,Lapsed,
483,29,7,"The Prevention of Cruelty to Cows Bill, 2006",Lok Sabha,2006-02-17,AGRICULTURE,Bachi Singh Rawat Shri,Ordinary Bill,,,,,Lapsed,https://sansad.in/getFile/BillsTexts/LSBillTexts/Asintroduced/5124LS.pdf?source=legislation
484,29,111,"The Forest (Conservation) Amendment BIll, 2005    (Amendment of  section 2)",Lok Sabha,2005-08-25,ENVIRONMENT AND FORESTS,Bachi Singh Rawat Shri,Ordinance Replacing Bill,,,,,Lapsed,https://sansad.in/getFile/BillsTexts/LSBillTexts/Asintroduced/2219LS.pdf?source=legislation
485,29,52,"The Forest (Conservation) Amendment Bill, 2005 (Insertion of new section 3C)",Lok Sabha,2005-07-29,ENVIRONMENT AND FORESTS,Bachi Singh Rawat Shri,Ordinary Bill,,,,,Lapsed,
486,29,XXXIV,"The Constitution (Amendment) Bill, 2005 (to amend article 217).",Rajya Sabha,2005-05-06,,Ram Jethmalani Shri,Ordinary Bill,,,,,Lapsed,
487,29,12,"The Central Himalayan States Development Council Bill, 2005",Lok Sabha,2005-03-11,PLANNING,Bachi Singh Rawat Shri,Financial Bill,,,,,Lapsed,
488,29,14,"The Delimitation (Amendment) Bill, 2005 (Amendment of section 2)",Lok Sabha,2005-03-11,,Bachi Singh Rawat Shri,Ordinary Bill,,,,,Lapsed,https://sansad.in/getFile/BillsTexts/LSBillTexts/Asintroduced/4045LS.pdf?source=legislation
489,29,5,"The Population Control Bill, 2005",Lok Sabha,2005-03-11,HEALTH AND FAMILY WELFARE,Bachi Singh Rawat Shri,Financial Bill,,,,,Lapsed,https://sansad.in/getFile/BillsTexts/LSBillTexts/Asintroduced/3626LS.pdf?source=legislation
490,29,40,"The Uniform Marriage and Divorce Bill, 2004",Lok Sabha,2004-12-03,,Bachi Singh Rawat Shri,Ordinary Bill,,,,,Lapsed,https://sansad.in/getFile/BillsTexts/LSBillTexts/Asintroduced/1214LS.pdf?source=legislation
491,29,13,"The Compulsory Voting Bill, 2004",Lok Sabha,2004-09-07,,Bachi Singh Rawat Shri,Financial Bill,,,,,Negatived,https://sansad.in/getFile/BillsTexts/LSBillTexts/Asintroduced/813LS.pdf?source=legislation
492,29,29,"The Abolition of Child Labour in Hazardous Employment Bill, 2004",Lok Sabha,2004-09-07,,Bachi Singh Rawat Shri,Ordinary Bill,,,,,Lapsed,https://sansad.in/getFile/BillsTexts/LSBillTexts/Asintroduced/829LS.pdf?source=legislation
493,29,12,"The Government Servants (Declaration of Assets and Investigation) Bill, 2004",Lok Sabha,2004-07-09,"PERSONNEL,  PUBLIC  GRIEVANCES  AND  PENSIONS",Bachi Singh Rawat Shri,Financial Bill,,,,,Lapsed,https://sansad.in/getFile/BillsTexts/LSBillTexts/Asintroduced/811LS.pdf?source=legislation
494,29,13,"The Declaration of Assets by MInisters,  Members of Parliament  and Civil Servants Bill, 1998",Lok Sabha,1998-02-06,HOME AFFAIRS,Bachi Singh Rawat Shri,Ordinary Bill,,,,,Lapsed,https://sansad.in/getFile/BillsTexts/LSBillTexts/Asintroduced/79LS.pdf?source=legislation
495,29,17,"The Populatin Control Bill, 1998",Lok Sabha,1998-02-06,HEALTH AND FAMILY WELFARE,Bachi Singh Rawat Shri,Financial Bill,,,,,Lapsed,https://sansad.in/getFile/BillsTexts/LSBillTexts/Asintroduced/17.pdf?source=legislation
496,29,26,"The Forest (Conservation) Amendment Bill, 1998  (Insertion of new section 3C)",Lok Sabha,1998-02-06,ENVIRONMENT AND FORESTS,Bachi Singh Rawat Shri,Ordinary Bill,,,,,Lapsed,https://sansad.in/getFile/BillsTexts/LSBillTexts/Asintroduced/78LS.pdf?source=legislation
497,29,LIV,"The Constitution (Amendment) Bill, 1990 [to amend articles 124, 126, 127 etc.]",Rajya Sabha,1990-12-28,,Ram Jethmalani Shri,Ordinary Bill,,,,,Lapsed,
498,32,XIII,"The Forign Companies (Regulation) Bill,1985",Rajya Sabha,1985-02-08,,Suresh Kalmadi Shri,Ordinary Bill,,,,,Lapsed,
499,32,VI,"The Vaikunth Metha National  Institute of Cooperation Management, 1984",Rajya Sabha,1984-04-23,,Suresh Kalmadi Shri,Ordinary Bill,,,,,Lapsed,
500,1236,VIII,"The Constitution (Amendment) Bill, 1966 (Substitution of article 358)",Rajya Sabha,1966-05-08,HOME AFFAIRS,K. V. Raghunatha Reddy Shri,Ordinary Bill,,,,,Negatived,
501,1236,XI,"The Code of Criminal Procedure (Amendment) Bill, 1963",Rajya Sabha,1963-08-23,HOME AFFAIRS,K. V. Raghunatha Reddy Shri,Ordinary Bill,,,,,Withdrawn,
502,1236,XIX,"The Representation of the People (Amendment) Bill, 1963",Rajya Sabha,1963-08-23,,K. V. Raghunatha Reddy Shri,Ordinary Bill,,,,,Withdrawn,
503,1236,XXII,"The Capital Issues (Control) Amendment Bill, 1963",Rajya Sabha,1963-08-23,,K. V. Raghunatha Reddy Shri,Ordinary Bill,,,,,Withdrawn,
504,1236,XXIII,"The Companies (Amendment) Bill, 1963",Rajya Sabha,1963-08-23,COMMERCE AND INDUSTRY,K. V. Raghunatha Reddy Shri,Ordinary Bill,,,,,Withdrawn,
505,1236,XVIII,"The Constitution (Amendment) Bill, 1963 [to amend articles 16, 32, 134, 226 and insertion of new article 37A]",Rajya Sabha,1963-03-05,HOME AFFAIRS,K. V. Raghunatha Reddy Shri,Ordinary Bill,,,,,Withdrawn,
506,1999,XXIII,"The Anti-Corruption, Grievance Redressal and Whistleblower Protection Bill, 2011",Rajya Sabha,2011-08-05,"PERSONNEL,  PUBLIC  GRIEVANCES  AND  PENSIONS",M.V. Mysura Reddy Shri,Ordinary Bill,,,,,Lapsed,https://sansad.in/getFile/BillsTexts/RSBillTexts/Asintroduced/Anti.pdf?source=legislation
507,1624,XI,"Teh Workmens compensation (amendment) Bill,1975",Rajya Sabha,1975-05-09,LABOUR,Shishir Kumar Shri,Ordinary Bill,,,,,Lapsed,
508,1240,IV,"The Constitution (Amendment) Bill, 1966 (to amend the preamable and article 393)",Rajya Sabha,1966-05-08,HOME AFFAIRS,Kasu Vengala Reddy Shri,Ordinary Bill,,,,,Withdrawn,
509,852,XXIV,"The Constitution (Amendment) Bill, 19869 to ensert new article 333A)",Rajya Sabha,1986-07-18,,N. Rajangam Shri,Ordinary Bill,,,,,Lapsed,
510,37,73,"The Constitution (Amendment) Bill, 2003 (Amendment  of article 103, etc.)",Lok Sabha,2003-12-19,,Gulam Mehmood Banatwalla Shri,Constitutional Amendment Bill,,,,,Pending,https://sansad.in/getFile/BillsTexts/LSBillTexts/Asintroduced/3447LS.pdf?source=legislation
511,37,105,"The Freedom of Religion (Removal of Restriction) Bill, 2000",Lok Sabha,2003-07-28,HOME AFFAIRS,Gulam Mehmood Banatwalla Shri,Ordinary Bill,,,,,Lapsed,https://sansad.in/getFile/BillsTexts/LSBillTexts/Asintroduced/1467LS.pdf?source=legislation
512,37,117,"The Religion Places (Removal of Restriction on Freedom of Religion) Bill, 2000",Lok Sabha,2003-07-28,HOME AFFAIRS,Gulam Mehmood Banatwalla Shri,Ordinary Bill,,,,,Lapsed,https://sansad.in/getFile/BillsTexts/LSBillTexts/Asintroduced/1656LS.pdf?source=legislation
513,37,26,"The Working Journalists and other Non-Journalist Media Employees` Fund Bill, 2002",Lok Sabha,2003-07-25,INFORMATION AND BROADCASTING,Gulam Mehmood Banatwalla Shri,Financial Bill,,,,,Pending,https://sansad.in/getFile/BillsTexts/LSBillTexts/Asintroduced/26of2003.pdf?source=legislation
514,37,35,"The Protection of Farmers Bill, 2002",Lok Sabha,2003-07-25,AGRICULTURE,Gulam Mehmood Banatwalla Shri,Financial Bill,,,,,Pending,https://sansad.in/getFile/BillsTexts/LSBillTexts/Asintroduced/929LS.pdf?source=legislation
515,37,5,"The Cultural Heritage Protection Bill, 2003",Lok Sabha,2003-02-21,TOURISM AND CULTURE,Gulam Mehmood Banatwalla Shri,Financial Bill,,,,,Pending,https://sansad.in/getFile/BillsTexts/LSBillTexts/Asintroduced/7237LS.pdf?source=legislation
516,37,81,"The Relief and Compensation to and Rehabilitation of Victims of Mass Violence and Injustice Bill, 2002",Lok Sabha,2003-02-21,HOME AFFAIRS,Gulam Mehmood Banatwalla Shri,Financial Bill,,,,,Pending,https://sansad.in/getFile/BillsTexts/LSBillTexts/Asintroduced/81of2002.pdf?source=legislation
517,37,34,"The Right to Work Bill, 2002",Lok Sabha,2002-07-19,INFORMATION AND BROADCASTING,Gulam Mehmood Banatwalla Shri,Financial Bill,,,,,Pending,https://sansad.in/getFile/BillsTexts/LSBillTexts/Asintroduced/5460LS.pdf?source=legislation
518,37,94,"The Constitution (Amendment)  BIll, 2001 (Amendment of article 19)",Lok Sabha,2002-03-22,,Gulam Mehmood Banatwalla Shri,Constitutional Amendment Bill,,,,,Pending,https://sansad.in/getFile/BillsTexts/LSBillTexts/Asintroduced/94of2001.pdf?source=legislation
519,37,51,"The Constitution (Amendment) BIll, 2002 (Amendment of Tenth Schedule)",Lok Sabha,2002-02-08,,Gulam Mehmood Banatwalla Shri,Constitutional Amendment Bill,,,,,Pending,https://sansad.in/getFile/BillsTexts/LSBillTexts/Asintroduced/1912LS.pdf?source=legislation
520,37,57,"The Prevention of Dereliction of Duty by PUblic Functionary or Punlic Servant (In Communal Riots, of Crimeof Genocide and of Contemptuous IMputations) Bill, 2002",Lok Sabha,2002-02-08,HOME AFFAIRS,Gulam Mehmood Banatwalla Shri,Ordinary Bill,,,,,Pending,https://sansad.in/getFile/BillsTexts/LSBillTexts/Asintroduced/2085LS.pdf?source=legislation
521,37,92,"The Custodial Crimes (Prevention, Protection and Compensation) Bill, 2001",Lok Sabha,2001-11-23,HOME AFFAIRS,Gulam Mehmood Banatwalla Shri,Financial Bill,,,,,Pending,https://sansad.in/getFile/BillsTexts/LSBillTexts/Asintroduced/92.pdf?source=legislation
522,37,71,"The Indian Penal Code (Amendment) Bill, 2001 (Insertion of new sections 298A to 298C)",Lok Sabha,2001-08-24,HOME AFFAIRS,Gulam Mehmood Banatwalla Shri,Ordinary Bill,,,,,Lapsed,https://sansad.in/getFile/BillsTexts/LSBillTexts/Asintroduced/71of2001.pdf?source=legislation
523,37,3,"The Constitution (Amendment) Bill, 2001 (Amendment of articles 75, etc.)",Lok Sabha,2001-07-27,HOME AFFAIRS,Gulam Mehmood Banatwalla Shri,Constitutional Amendment Bill,,,,,Pending,https://sansad.in/getFile/BillsTexts/LSBillTexts/Asintroduced/6190LS.pdf?source=legislation
524,37,186,"The Official Languages (Amendment) Bill, 2000  (Amendment  of  section 3, etc.)",Lok Sabha,2001-02-23,HOME AFFAIRS,Gulam Mehmood Banatwalla Shri,Financial Bill,,,,,Pending,
525,37,201,"The Land Acquisition (Amendment) Bill, 2000 (Amendment  of  section 4)",Lok Sabha,2001-02-23,RURAL DEVELOPMENT,Gulam Mehmood Banatwalla Shri,Ordinary Bill,,,,,Lapsed,https://sansad.in/getFile/BillsTexts/LSBillTexts/Asintroduced/5274LS.pdf?source=legislation
526,37,202,"The Commission  of Inquiry (Amendment) Bill, 2000 (Amendment  of section 3)",Lok Sabha,2001-02-23,HOME AFFAIRS,Gulam Mehmood Banatwalla Shri,Ordinary Bill,,,,,Lapsed,https://sansad.in/getFile/BillsTexts/LSBillTexts/Asintroduced/5275LS.pdf?source=legislation
527,37,12,"The Constitution (Amendment) Bill, 2000 (Amendment of article 15, etc.)",Lok Sabha,2000-04-20,SOCIAL JUSTICE AND EMPOWERMENT,Gulam Mehmood Banatwalla Shri,Ordinary Bill,,,,,Lapsed,https://sansad.in/getFile/BillsTexts/LSBillTexts/Asintroduced/3444LS.pdf?source=legislation
528,37,18,"The Constituton (Amendment) Bill, 2000 (Amendment of article 19, etc.)",Lok Sabha,2000-04-20,,Gulam Mehmood Banatwalla Shri,Ordinary Bill,,,,,Lapsed,https://sansad.in/getFile/BillsTexts/LSBillTexts/Asintroduced/3491LS.pdf?source=legislation
529,37,22,"The Jamia Mililia Islamia  (Amendment) Bill, 2000 (Amendment of the Long Title, etc.)",Lok Sabha,2000-04-20,HUMAN RESOURCE  DEVELOPMENT,Gulam Mehmood Banatwalla Shri,Ordinary Bill,,,,,Lapsed,https://sansad.in/getFile/BillsTexts/LSBillTexts/Asintroduced/3479LS.pdf?source=legislation
530,37,27,"The Constituiton (Amendment) Bill, 2000 (Amendment of articles 81 and 170)",Lok Sabha,2000-04-20,,Gulam Mehmood Banatwalla Shri,Constitutional Amendment Bill,,,,,Lapsed,https://sansad.in/getFile/BillsTexts/LSBillTexts/Asintroduced/3522LS.pdf?source=legislation
531,37,74,"The House of the People (Administration) Bill, 1999",Lok Sabha,1999-12-03,PARLIAMENTARY  AFFAIRS,Gulam Mehmood Banatwalla Shri,Financial Bill,,,,,Pending,https://sansad.in/getFile/BillsTexts/LSBillTexts/Asintroduced/1655LS.pdf?source=legislation
532,37,108,"The Reservation (Services and Higher Education) Bill, 1999",Lok Sabha,1999-03-12,SOCIAL JUSTICE AND EMPOWERMENT,Gulam Mehmood Banatwalla Shri,Ordinary Bill,,,,,Pending,https://sansad.in/getFile/BillsTexts/LSBillTexts/Asintroduced/1882LS.pdf?source=legislation
533,37,75,"The Terrorist and Disruptive Activities (Prevention) (Withdrawal of Legal Proceedings) Bill, 1999",Lok Sabha,1999-03-12,HOME AFFAIRS,Gulam Mehmood Banatwalla Shri,Ordinary Bill,,,,,Pending,https://sansad.in/getFile/BillsTexts/LSBillTexts/Asintroduced/1689LS.pdf?source=legislation
534,37,85,"The Indian Citizens Abroad (Voting Right at Elections) Bill, 1999",Lok Sabha,1999-03-12,,Gulam Mehmood Banatwalla Shri,Financial Bill,,,,,Pending,https://sansad.in/getFile/BillsTexts/LSBillTexts/Asintroduced/1762LS.pdf?source=legislation
535,37,14,"The Terrorist and Disruptive Activities (Prevention) (Withdrawal of Legal Proceedings) Bill, 1998",Lok Sabha,1998-02-06,HOME AFFAIRS,Gulam Mehmood Banatwalla Shri,Ordinary Bill,,,,,Lapsed,https://sansad.in/getFile/BillsTexts/LSBillTexts/Asintroduced/75LS.pdf?source=legislation
536,37,20,"The House of the People (Administration) Bill, 1998",Lok Sabha,1998-02-06,PARLIAMENTARY  AFFAIRS,Gulam Mehmood Banatwalla Shri,Financial Bill,,,,,Lapsed,https://sansad.in/getFile/BillsTexts/LSBillTexts/Asintroduced/20-1998.pdf?source=legislation
537,37,25,"The Reservation (Services and Higher  Education) Bill, 1998",Lok Sabha,1998-02-06,,Gulam Mehmood Banatwalla Shri,Ordinary Bill,,,,,Lapsed,https://sansad.in/getFile/BillsTexts/LSBillTexts/Asintroduced/25-1998.pdf?source=legislation
538,37,33,"The Constitution (Amendment) Bill, 1998 (Amendment of article 15, etc.)",Lok Sabha,1998-02-06,,Gulam Mehmood Banatwalla Shri,Constitutional Amendment Bill,,,,,Lapsed,https://sansad.in/getFile/BillsTexts/LSBillTexts/Asintroduced/203LS.pdf?source=legislation
539,39,XXXI,"The Solar Energy (Mandatory use in Buildings) Bill, 2003.",Rajya Sabha,2003-09-05,NON-CONVENTIONAL ENERGY SOURCES,Aimaduddin Ahmad Khan (Durru) Shri,Ordinary Bill,,,,,,
540,461,106,"The Child Labour in Hazardous Employment (Abolition, Rehabilitation and Welfare) Bill, 2000",Lok Sabha,2000-11-08,LABOUR,Kanti Singh Smt.,Financial Bill,,,,,Lapsed,https://sansad.in/getFile/BillsTexts/LSBillTexts/Asintroduced/1468LS.pdf?source=legislation
541,2398,XLIX,"The Indian Penal Code (Amendment) Bill, 2022",Rajya Sabha,2022-08-05,HOME AFFAIRS,Ashok Bajpai Dr.,Ordinary Bill,,,,,Lapsed,https://sansad.in/getFile/BillsTexts/RSBillTexts/Asintroduced/13-E_257.pdf?source=legislation
542,42,29,"The Protection of Privacy and Prevention of Video Voyeurism Bill, 2005",Lok Sabha,2005-03-11,HUMAN RESOURCE  DEVELOPMENT,Pawan Kumar Bansal Shri,Ordinary Bill,,,,,Pending,
543,42,66,"The Constitution (Amendment) Bill, 2004 (Amendment of article 80, etc.)",Lok Sabha,2005-03-11,,Pawan Kumar Bansal Shri,Constitutional Amendment Bill,,,,,Pending,
544,42,56,"The Constitution (Amendment) Bill, 2004 (Amendment of article 85, etc.)",Lok Sabha,2004-12-17,PARLIAMENTARY  AFFAIRS,Pawan Kumar Bansal Shri,Constitutional Amendment Bill,,,,,Pending,https://sansad.in/getFile/BillsTexts/LSBillTexts/Asintroduced/1695LS.pdf?source=legislation
545,42,50,"The Punjab Municipal Corporation Law (Extension to Chandigarh) Amendment Bill, 2004 (Amendment of the Schedule)",Lok Sabha,2004-12-03,HOME AFFAIRS,Pawan Kumar Bansal Shri,Ordinary Bill,,,,,Pending,https://sansad.in/getFile/BillsTexts/LSBillTexts/Asintroduced/1621LS.pdf?source=legislation
546,42,64,"The Representation of the People (Amendment) Bill, 2004 (Amendment of sections 12 and 154)",Lok Sabha,2004-12-03,,Pawan Kumar Bansal Shri,Ordinary Bill,,,,,Pending,https://sansad.in/getFile/BillsTexts/LSBillTexts/Asintroduced/2360LS.pdf?source=legislation
547,42,65,"The Salary, Allowances and Pension of Members of Parliament (Amendment) Bill, 2004 (Amendment of section 3)",Lok Sabha,2004-12-03,PARLIAMENTARY  AFFAIRS,Pawan Kumar Bansal Shri,Ordinary Bill,,,,,Pending,https://sansad.in/getFile/BillsTexts/LSBillTexts/Asintroduced/2340LS.pdf?source=legislation
548,42,57,"The Constitution (Amendment) Bill, 2001 (Amendment of article 85, etc.)",Lok Sabha,2001-08-24,PARLIAMENTARY  AFFAIRS,Pawan Kumar Bansal Shri,Constitutional Amendment Bill,,,,,Pending,https://sansad.in/getFile/BillsTexts/LSBillTexts/Asintroduced/999LS.pdf?source=legislation
549,42,28,"The Constitution (Scheduled Castes) Order (Amendment) Bill, 2001 (Amendment of the Schedule)",Lok Sabha,2001-07-27,SOCIAL JUSTICE AND EMPOWERMENT,Pawan Kumar Bansal Shri,Ordinary Bill,,,,,Pending,https://sansad.in/getFile/BillsTexts/LSBillTexts/Asintroduced/7277LS.pdf?source=legislation
550,42,31,"The Constitution (Scheduled Castes) (Union Territories) Order (Amendment) Bill, 2001 (Amendment of the Schedule)",Lok Sabha,2001-07-27,SOCIAL JUSTICE AND EMPOWERMENT,Pawan Kumar Bansal Shri,Ordinary Bill,,,,,Pending,https://sansad.in/getFile/BillsTexts/LSBillTexts/Asintroduced/7276LS.pdf?source=legislation
551,42,58,"The Punjab Municipal Corporation Law (Extension to Chandigarh) Amendment Bill, 2001",Lok Sabha,2001-07-27,HOME AFFAIRS,Pawan Kumar Bansal Shri,Ordinary Bill,,,,,Pending,https://sansad.in/getFile/BillsTexts/LSBillTexts/Asintroduced/998LS.pdf?source=legislation
552,2005,LXXXV,"The Mines and Minerals (Regulation and Development) Amendment Bill, 2010",Rajya Sabha,2011-02-25,MINES,Shreegopal Vyas Shri,Ordinary Bill,,,,,Lapsed,https://sansad.in/getFile/BillsTexts/RSBillTexts/Asintroduced/mines and minerls.pdf?source=legislation
553,2005,LXII,"The Constitution (Amendment) Bill, 2010 (to amend article 10)",Rajya Sabha,2010-08-27,HOME AFFAIRS,Shreegopal Vyas Shri,Constitutional Amendment Bill,,,,,Lapsed,https://sansad.in/getFile/BillsTexts/RSBillTexts/Asintroduced/cons LXII 10.pdf?source=legislation
554,2005,LIV,"The Ban on Cow Slaughter Bill, 2009.",Rajya Sabha,2009-12-18,AGRICULTURE,Shreegopal Vyas Shri,Ordinary Bill,,,,,Lapsed,https://sansad.in/getFile/BillsTexts/RSBillTexts/Asintroduced/cow LIV 09.pdf?source=legislation
555,2005,LXIV,"The Constitution (Amendment) Bill, 2008 (amendment of article 1)",Rajya Sabha,2008-12-19,HOME AFFAIRS,Shreegopal Vyas Shri,Constitutional Amendment Bill,,,,,Lapsed,https://sansad.in/getFile/BillsTexts/RSBillTexts/Asintroduced/const -LXIV of 08.pdf?source=legislation
556,2005,XL,"The Constitution (Amendment) Bill, 2008 (amendment of the Eighth Schedule)",Rajya Sabha,2008-12-19,LAW AND JUSTICE,Shreegopal Vyas Shri,Constitutional Amendment Bill,,,,,Lapsed,https://sansad.in/getFile/BillsTexts/RSBillTexts/Asintroduced/cons. XL of 08.pdf?source=legislation
557,2005,XXVI,"The Constitution (Amendment) Bill, 2008 (amendment of article 51A)",Rajya Sabha,2008-12-19,LAW AND JUSTICE,Shreegopal Vyas Shri,Constitutional Amendment Bill,,,,,Lapsed,https://sansad.in/getFile/BillsTexts/RSBillTexts/Asintroduced/const- XXVI of 08.pdf?source=legislation
558,2005,LXXI,"The Constitution (Amendment) Bill, 2007 (amendment of the Preamble)",Rajya Sabha,2007-11-30,LAW AND JUSTICE,Shreegopal Vyas Shri,Constitutional Amendment Bill,,,,,Lapsed,https://sansad.in/getFile/BillsTexts/RSBillTexts/Asintroduced/Constitution Amdt of Preamble.pdf?source=legislation
559,43,L,"The Employees' Provident Funds and Miscellaneous Provisions (Amendment) Bill, 2012",Rajya Sabha,2012-11-23,LABOUR  AND  EMPLOYMENT,Rama Chandra Khuntia Shri,Ordinary Bill,,,,,Lapsed,https://sansad.in/getFile/BillsTexts/RSBillTexts/Asintroduced/EPF -E.pdf?source=legislation
560,43,LI,"The Payment of Gratuity (Amendment) Bill, 2012",Rajya Sabha,2012-11-23,LABOUR  AND  EMPLOYMENT,Rama Chandra Khuntia Shri,Ordinary Bill,,,,,Lapsed,https://sansad.in/getFile/BillsTexts/RSBillTexts/Asintroduced/gratuti-E.pdf?source=legislation
561,43,XXV,"The Industrial Disputes (Amendment) Bill, 2012.",Rajya Sabha,2012-08-09,LABOUR  AND  EMPLOYMENT,Rama Chandra Khuntia Shri,Ordinary Bill,,,,,Lapsed,https://sansad.in/getFile/BillsTexts/RSBillTexts/Asintroduced/indus-E.pdf?source=legislation
562,43,XXVI,"The Building and Other Construction Workers (Regulation of Employment and Conditions of Service) Amendment Bill, 2012.",Rajya Sabha,2012-08-09,LABOUR  AND  EMPLOYMENT,Rama Chandra Khuntia Shri,Ordinary Bill,,,,,Lapsed,https://sansad.in/getFile/BillsTexts/RSBillTexts/Asintroduced/build-E.pdf?source=legislation
563,43,XXX,"The Payment of Bonus (Amendment) Bill, 2012.",Rajya Sabha,2012-08-09,LABOUR  AND  EMPLOYMENT,Rama Chandra Khuntia Shri,Ordinary Bill,,,,,Negatived,https://sansad.in/getFile/BillsTexts/RSBillTexts/Asintroduced/bonus-E.pdf?source=legislation
564,43,XLIX,"The Employees` Provident Funds & Miscellaneous Provisions (Amendment) Bill, 2003.",Rajya Sabha,2003-05-12,LABOUR,Ramachandra Khuntia Shri,Ordinary Bill,,,,,,
565,43,XLVIII,"The Building and other Construction Workers (Regulation of Employment and conditions of Service) Amendment Bill, 2003.",Rajya Sabha,2003-05-12,LABOUR,Ramachandra Khuntia Shri,Ordinary Bill,,,,,,
566,43,X,"The Contract Labour ( Regulation and Abolition) Amendment Bill, 2002.",Rajya Sabha,2002-10-05,LABOUR,Ramachandra Khuntia Shri,Ordinary Bill,,,,,Lapsed,
567,43,XI,"The Contract Labour (Regulation and Abolition) Amendment Bill, 2002",Rajya Sabha,2002-10-05,LABOUR,Ramachandra Khuntia Shri,Ordinary Bill,,,,,Lapsed,https://sansad.in/getFile/BillsTexts/RSBillTexts/Asintroduced/XI_2002.pdf?source=legislation
568,43,XII,"The Industrial Disputes (Amendment) Bill, 2002",Rajya Sabha,2002-10-05,LABOUR,Ramachandra Khuntia Shri,Ordinary Bill,,,,,Lapsed,https://sansad.in/getFile/BillsTexts/RSBillTexts/Asintroduced/XII_2002.pdf?source=legislation
569,43,XVII,"The Payment  of Bonus (Amendment) Bill, 2002",Rajya Sabha,2002-10-05,LABOUR,Ramachandra Khuntia Shri,Ordinary Bill,,,,,Lapsed,https://sansad.in/getFile/BillsTexts/RSBillTexts/Asintroduced/XVII_2002.pdf?source=legislation
570,43,LX,"The Reservation of Seats in Educational and Technical Educational Institutions (For Children of People Living Below Poverty Line) Bill, 2001.",Rajya Sabha,2001-07-12,HUMAN RESOURCE  DEVELOPMENT,Ramachandra Khuntia Shri,Ordinary Bill,,,,,Lapsed,https://sansad.in/getFile/BillsTexts/RSBillTexts/Asintroduced/LX_2001.pdf?source=legislation
571,43,XXXVII,"The Payment of wages (Amendment) Bill, 2002",Rajya Sabha,,LABOUR,Ramachandra Khuntia Shri,Ordinary Bill,,,,,,
572,2400,XLVII,"The Representation of the People (Amendment) Bill, 2019",Rajya Sabha,2019-12-06,LAW AND JUSTICE,G.V.L. Narasimha Rao Shri,Ordinary Bill,,,,,Removed,https://sansad.in/getFile/BillsTexts/RSBillTexts/Asintroduced/RP-E-6 12 19.pdf?source=legislation
573,2009,II,"The Constitution (Scheduled Castes) Order (Amendment) Bill, 2009",Rajya Sabha,2009-02-13,SOCIAL JUSTICE AND EMPOWERMENT,Viplove Thakur Smt.,Ordinary Bill,,,,,Lapsed,https://sansad.in/getFile/BillsTexts/RSBillTexts/Asintroduced/const (SC) II of 09.pdf?source=legislation
574,2009,XXIII,"The Forest (Conservation) Amendment Bill, 2007",Rajya Sabha,2007-04-27,ENVIRONMENT AND FORESTS,Viplove Thakur Smt.,Ordinary Bill,,,,,Lapsed,https://sansad.in/getFile/BillsTexts/RSBillTexts/Asintroduced/1766rs.pdf?source=legislation
575,2010,LIII,"The Declaration of Countries as Sponsor of Terrorism Bill, 2016",Rajya Sabha,2016-11-18,HOME AFFAIRS,Rajeev Chandrasekhar Shri,Ordinary Bill,,,,,Withdrawn,https://sansad.in/getFile/BillsTexts/RSBillTexts/Asintroduced/sponsr terr-181116-E.pdf?source=legislation
576,2010,XIV,"The Armed Forces Covenant Bill, 2012.",Rajya Sabha,2012-08-09,DEFENCE,Rajeev Chandrasekhar Shri,Ordinary Bill,,,,,Lapsed,https://sansad.in/getFile/BillsTexts/RSBillTexts/Asintroduced/Armd-E.pdf?source=legislation
577,2010,XV,"The Victims of Naxalite Acts of Violence (Relief and Rehabilitation) Bill, 2012.",Rajya Sabha,2012-08-09,HOME AFFAIRS,Rajeev Chandrasekhar Shri,Ordinary Bill,,,,,Lapsed,https://sansad.in/getFile/BillsTexts/RSBillTexts/Asintroduced/naxal-E.pdf?source=legislation
578,2010,XVI,"The Renewable Energy (Promotion and Compulsory Use) Bill, 2012.",Rajya Sabha,2012-08-09,NON-CONVENTIONAL ENERGY SOURCES,Rajeev Chandrasekhar Shri,Ordinary Bill,,,,,Lapsed,https://sansad.in/getFile/BillsTexts/RSBillTexts/Asintroduced/renew-E.pdf?source=legislation
579,2010,LIX,"The Victims of Naxalite Acts of Violence (Relief and Rehabilitation) Bill, 2010",Rajya Sabha,2011-02-25,HOME AFFAIRS,Rajeev Chandrasekhar Shri,Ordinary Bill,,,,,Lapsed,https://sansad.in/getFile/BillsTexts/RSBillTexts/Asintroduced/victim.pdf?source=legislation
580,2010,LX,"The Right to Privacy Bill, 2010",Rajya Sabha,2011-02-25,"PERSONNEL,  PUBLIC  GRIEVANCES  AND  PENSIONS",Rajeev Chandrasekhar Shri,Ordinary Bill,,,,,Lapsed,https://sansad.in/getFile/BillsTexts/RSBillTexts/Asintroduced/right.pdf?source=legislation
581,2010,LXI,"The Renewable Energy (Promotion and Compulsory Use) Bill, 2010",Rajya Sabha,2011-02-25,NON-CONVENTIONAL ENERGY SOURCES,Rajeev Chandrasekhar Shri,Ordinary Bill,,,,,Lapsed,https://sansad.in/getFile/BillsTexts/RSBillTexts/Asintroduced/renew.pdf?source=legislation
582,2010,XXXVI,"The Constitution (Amendment) Bill, 2009 (to amend article 324)",Rajya Sabha,2009-12-04,LAW AND JUSTICE,Rajeev Chandrasekhar Shri,Constitutional Amendment Bill,,,,,Lapsed,https://sansad.in/getFile/BillsTexts/RSBillTexts/Asintroduced/const XXXVI 09.pdf?source=legislation
583,2010,XXXVII,"The Representation of the People (Amendment) Bill, 2009 (to amend section 66)",Rajya Sabha,2009-12-04,LAW AND JUSTICE,Rajeev Chandrasekhar Shri,Ordinary Bill,,,,,Lapsed,https://sansad.in/getFile/BillsTexts/RSBillTexts/Asintroduced/RP XXXVII 09.pdf?source=legislation
584,2010,XIII,"The Constitution (Amendment) Bill, 2008 (amendment of article 148)",Rajya Sabha,2009-07-03,FINANCE,Rajeev Chandrasekhar Shri,Constitutional Amendment Bill,,,,,Lapsed,https://sansad.in/getFile/BillsTexts/RSBillTexts/Asintroduced/const XIII of 08.pdf?source=legislation
585,2010,XVII,"The Children Social Security Bill, 2008",Rajya Sabha,2009-07-03,WOMEN AND CHILD DEVELOPMENT,Rajeev Chandrasekhar Shri,Ordinary Bill,,,,,Lapsed,https://sansad.in/getFile/BillsTexts/RSBillTexts/Asintroduced/children XVII of 08.pdf?source=legislation
586,2010,XXXVII,"The Constitution (Amendment) Bill, 2008 (to amend articles 54 and 55)",Rajya Sabha,2009-07-03,LAW AND JUSTICE,Rajeev Chandrasekhar Shri,Constitutional Amendment Bill,,,,,Lapsed,https://sansad.in/getFile/BillsTexts/RSBillTexts/Asintroduced/const XXXVII of 08.pdf?source=legislation
587,2010,XLI,"The Constitution (Amendment) Bill, 2007 (omission of articles 127, 128, 224 and 224A and amendment of article 217)",Rajya Sabha,2007-08-24,LAW AND JUSTICE,Rajeev Chandrasekhar Shri,Constitutional Amendment Bill,,,,,Lapsed,
588,2010,XLV,"The Constitution (Amendment) Bill, 2007 (amendment of articles 153, 156 and 158 and substitution of new article for article 157)",Rajya Sabha,2007-08-24,HOME AFFAIRS,Rajeev Chandrasekhar Shri,Constitutional Amendment Bill,,,,,Lapsed,
589,46,123,"The Sculptors, Artists and Artisans of Rural Areas Welfare Bill, 2009",Lok Sabha,2010-08-13,RURAL DEVELOPMENT,Gangasandra Siddappa Basavaraj Shri,Financial Bill,,,,,Lapsed,https://sansad.in/getFile/BillsTexts/LSBillTexts/Asintroduced/5108LS.pdf?source=legislation
590,46,125,"The Flood Control Bill, 2009",Lok Sabha,2010-08-13,WATER RESOURCES,Gangasandra Siddappa Basavaraj Shri,Financial Bill,,,,,Lapsed,https://sansad.in/getFile/BillsTexts/LSBillTexts/Asintroduced/5022LS.pdf?source=legislation
591,46,97,"The Illegal Immigrants (Identification and Deportation) Bill, 2001",Lok Sabha,2002-03-22,HOME AFFAIRS,Gangasandra Siddappa Basavaraj Shri,Financial Bill,,,,,Pending,
592,46,47,"The Constitution (Amendment) Bill, 2001 (Insertion of new article 21A)",Lok Sabha,2001-11-23,URBAN DEVELOPMENT AND POVERTY ALLEVIATION,Gangasandra Siddappa Basavaraj Shri,Financial Bill,,,,,Pending,https://sansad.in/getFile/BillsTexts/LSBillTexts/Asintroduced/831LS.pdf?source=legislation
593,46,53,"The Girls (Free and Compulsory) Education Bill, 2001",Lok Sabha,2001-11-23,HUMAN RESOURCE  DEVELOPMENT,Gangasandra Siddappa Basavaraj Shri,Financial Bill,,,,,Pending,https://sansad.in/getFile/BillsTexts/LSBillTexts/Asintroduced/994LS.pdf?source=legislation
594,46,I,"The Constitution (Amendment) Bill, 2001 (to amend the article 276)",Rajya Sabha,2001-10-08,,K.C. Kondaiah Shri,Ordinary Bill,,,,,Lapsed,https://sansad.in/getFile/BillsTexts/RSBillTexts/Asintroduced/I_2001.pdf?source=legislation
595,46,II,"The Constitution (Amendment) Bill, 2001 (to amend the articles 200 and 201)",Rajya Sabha,2001-10-08,,K.C. Kondaiah Shri,Ordinary Bill,,,,,Lapsed,https://sansad.in/getFile/BillsTexts/RSBillTexts/Asintroduced/II_2001.pdf?source=legislation
596,46,183,"The Compulsory Registration of Marriages Bill, 2000",Lok Sabha,2001-02-23,,Gangasandra Siddappa Basavaraj Shri,Ordinary Bill,,,,,Lapsed,https://sansad.in/getFile/BillsTexts/LSBillTexts/Asintroduced/183-2000.pdf?source=legislation
597,46,185,"The Marriage (Restriction  on Expenditure) Bill, 2000",Lok Sabha,2001-02-23,,Gangasandra Siddappa Basavaraj Shri,Ordinary Bill,,,,,Lapsed,https://sansad.in/getFile/BillsTexts/LSBillTexts/Asintroduced/4867LS.pdf?source=legislation
598,46,214,"The Abolition of Child Labour Bill, 2000",Lok Sabha,2001-02-23,LABOUR,Gangasandra Siddappa Basavaraj Shri,Ordinary Bill,,,,,Pending,
599,46,XIV,"The  Constitution ( Amendment) Bill,2000 (to amend article 171)",Rajya Sabha,2000-11-24,,K.C. Kondaiah Shri,Ordinary Bill,,,,,Lapsed,https://sansad.in/getFile/BillsTexts/RSBillTexts/Asintroduced/XIV_2000.pdf?source=legislation
600,46,XXII,"The Constitution ( Amendment) Bill , 2000 ( to amend the seventh Schedule)",Rajya Sabha,2000-11-24,"PERSONNEL,  PUBLIC  GRIEVANCES  AND  PENSIONS",K.C. Kondaiah Shri,Ordinary Bill,,,,,Lapsed,https://sansad.in/getFile/BillsTexts/RSBillTexts/Asintroduced/XXII_2000.pdf?source=legislation
601,46,LIV,"The Constitution (Amendment) Bill, 2000 (to amend the Eight Schedule)",Rajya Sabha,2000-10-08,HOME AFFAIRS,K.C. Kondaiah Shri,Ordinary Bill,,,,,Lapsed,https://sansad.in/getFile/BillsTexts/RSBillTexts/Asintroduced/LIV_2000.pdf?source=legislation
602,46,33,"The Agricultural Produce (Remunerative Support Prices and MIscellaneous  Provisions) Bill, 2000",Lok Sabha,2000-04-20,AGRICULTURE,Gangasandra Siddappa Basavaraj Shri,Financial Bill,,,,,Lapsed,https://sansad.in/getFile/BillsTexts/LSBillTexts/Asintroduced/3585LS.pdf?source=legislation
603,46,35,"The Abolition  of Begging Bill, 2000",Lok Sabha,2000-04-20,SOCIAL JUSTICE AND EMPOWERMENT,Gangasandra Siddappa Basavaraj Shri,Financial Bill,,,,,Lapsed,https://sansad.in/getFile/BillsTexts/LSBillTexts/Asintroduced/3583LS.pdf?source=legislation
604,46,39,"The Constitution (Amendment) Bill, 2000 (Insertion of  new articles 151A to 151D)",Lok Sabha,2000-04-20,"PERSONNEL,  PUBLIC  GRIEVANCES  AND  PENSIONS",Gangasandra Siddappa Basavaraj Shri,Constitutional Amendment Bill,,,,,Lapsed,https://sansad.in/getFile/BillsTexts/LSBillTexts/Asintroduced/3581LS.pdf?source=legislation
605,2011,LXXV,"The Constitution (Amendment) Bill, 2006 (insertion of new article 371 J)",Rajya Sabha,2006-08-25,HOME AFFAIRS,K.B. Shanappa Shri,Constitutional Amendment Bill,,,,,Withdrawn,https://sansad.in/getFile/BillsTexts/RSBillTexts/Asintroduced/LXXV_2006.pdf?source=legislation
606,467,42,"The National Skills University Bill, 2017",Lok Sabha,2017-03-24,YOUTH AFFAIRS AND SPORTS,Kirit Somaiya Dr.,Financial Bill,,,,,Lapsed,https://sansad.in/getFile/BillsTexts/LSBillTexts/Asintroduced/4729.pdf?source=legislation
607,467,3,"The Information Technology (Amendment) Bill, 2016.(Substitution of new section for section 78)",Lok Sabha,2016-04-29,COMMUNICATIONS AND INFORMATION TECHNOLOGY,Kirit Somaiya Dr.,Ordinary Bill,,,,,Lapsed,https://sansad.in/getFile/BillsTexts/LSBillTexts/Asintroduced/4121LS.pdf?source=legislation
608,467,215,"The Unit Trust of India (Amendment) Bill, 2000 (Insertion of new chapter IIIA)",Lok Sabha,2001-10-08,,Kirit Somaiya Shri,Ordinary Bill,,,,,Lapsed,https://sansad.in/getFile/BillsTexts/LSBillTexts/Asintroduced/5495LS.pdf?source=legislation
609,467,217,"The Unit Trust of India (Amendment) Bill, 2000 (Amendment  of  section 10)",Lok Sabha,2001-10-08,,Kirit Somaiya Shri,Financial Bill,,,,,Lapsed,https://sansad.in/getFile/BillsTexts/LSBillTexts/Asintroduced/5491LS.pdf?source=legislation
610,467,212,"The Unit Trust of India (Amendment) Bill, 2000 (Insertion of new section 21A)",Lok Sabha,2001-08-10,,Kirit Somaiya Shri,Ordinary Bill,,,,,Lapsed,https://sansad.in/getFile/BillsTexts/LSBillTexts/Asintroduced/5494LS.pdf?source=legislation
611,467,132,"The Deposit and Credit Guarantee (Amendment) Bill, 2000 (Amendment of section 16)",Lok Sabha,2000-08-25,,Kirit Somaiya Shri,Financial Bill,,,,,Lapsed,https://sansad.in/getFile/BillsTexts/LSBillTexts/Asintroduced/2087LS.pdf?source=legislation
612,467,141,"The Securities and Exchanges Board of India (Amendment) Bill, 2000 (Insertion of new section 11C)",Lok Sabha,2000-08-25,,Kirit Somaiya Shri,Ordinary Bill,,,,,Lapsed,https://sansad.in/getFile/BillsTexts/LSBillTexts/Asintroduced/2470LS.pdf?source=legislation
613,467,65,"The Constitution (Amendment) Bill, 2000 (Substitution of newe Schedule for Tenth Schedule)",Lok Sabha,2000-04-20,,Kirit Somaiya Shri,Ordinary Bill,,,,,Lapsed,https://sansad.in/getFile/BillsTexts/LSBillTexts/Asintroduced/4565LS.pdf?source=legislation
614,467,79,"The Prevention of Insults to National  Honour (Amendment) Bill, 1999 (Amendment of section 3)",Lok Sabha,2000-02-25,HOME AFFAIRS,Kirit Somaiya Shri,Financial Bill,,,,,Pending,
615,467,8,"The CAble Television Networks (Regulaton Amendment) Bill, 2000",Lok Sabha,2000-02-25,INFORMATION AND BROADCASTING,Kirit Somaiya Shri,Ordinary Bill,,,,,Lapsed,https://sansad.in/getFile/BillsTexts/LSBillTexts/Asintroduced/3261LS.pdf?source=legislation
616,467,9,"The Securities and Exchange Board of India (Amendment) Bill, 2000 (Amendment of section 4)",Lok Sabha,2000-02-25,,Kirit Somaiya Shri,Financial Bill,,,,,Lapsed,https://sansad.in/getFile/BillsTexts/LSBillTexts/Asintroduced/3259LS.pdf?source=legislation
617,467,76,"The Constitution (Amendment) Bill, 1999 (Amendment of article 58, etc.)",Lok Sabha,1999-03-12,,Kirit Somaiya Shri,Ordinary Bill,,,,,Pending,https://sansad.in/getFile/BillsTexts/LSBillTexts/Asintroduced/1690LS.pdf?source=legislation
618,467,78,"The Technology Bank of India Bill, 1999",Lok Sabha,1999-03-12,SCIENCE AND TECHNOLOGY,Kirit Somaiya Shri,Financial Bill,,,,,Pending,https://sansad.in/getFile/BillsTexts/LSBillTexts/Asintroduced/1719LS.pdf?source=legislation
619,467,81,"The Constitution (Amendment) Bill, 1999 (Insertion of new article 75A, etc.)",Lok Sabha,1999-03-12,HOME AFFAIRS,Kirit Somaiya Shri,Constitutional Amendment Bill,,,,,Pending,https://sansad.in/getFile/BillsTexts/LSBillTexts/Asintroduced/1725LS.pdf?source=legislation
620,467,98,"The Investors` Protection Bill, 1999",Lok Sabha,1999-03-12,,Kirit Somaiya Shri,Financial Bill,,,,,Pending,https://sansad.in/getFile/BillsTexts/LSBillTexts/Asintroduced/1830LS.pdf?source=legislation
621,1250,IX,"The Constitution (Amendment) Bill,1981 (to amend art.51)",Rajya Sabha,1981-08-28,,Mulka Govinda Reddy Shri,Ordinary Bill,,,,,,
622,1634,XI,"The Constitution (Amendment) Bill, 1967 (Omission of article 363)",Rajya Sabha,1967-08-04,HOME AFFAIRS,Lokanath Misra Shri,Ordinary Bill,,,,,Lapsed,
623,2403,LXXVI,"The Waqf Repeal Bill, 2022",Rajya Sabha,2023-12-08,MINORITY AFFAIRS,Harnath Singh Yadav Shri,Ordinary Bill,,,,,Removed,https://sansad.in/getFile/BillsTexts/RSBillTexts/Asintroduced/waqf repeal 1 -E1219202361452PM.pdf?source=legislation
624,2403,XLIII,"The Constitution (Amendment) Bill, 2023 (amendment of article 348)",Rajya Sabha,2023-12-08,LAW AND JUSTICE,Harnath Singh Yadav Shri,Ordinary Bill,,,,,Removed,https://sansad.in/getFile/BillsTexts/RSBillTexts/Asintroduced/const348 harnath-E1219202364641PM.pdf?source=legislation
625,2403,XXXVII,"The Population Control Bill, 2021.",Rajya Sabha,2021-12-03,HEALTH AND FAMILY WELFARE,Harnath Singh Yadav Shri,Ordinary Bill,,,,,Removed,https://sansad.in/getFile/BillsTexts/RSBillTexts/Asintroduced/population control-E.pdf?source=legislation
626,2013,LVI,"The Constitution (Amendment) Bill, 2006 (Amendment of article 103 and insertion of new article 324A)",Rajya Sabha,2006-11-24,LAW AND JUSTICE,Manohar Joshi Shri,Constitutional Amendment Bill,,,,,Lapsed,https://sansad.in/getFile/BillsTexts/RSBillTexts/Asintroduced/LVI_ 2006.pdf?source=legislation
627,2013,LXIX,"The Illegal Immigrants (Identification and Deportation) Bill, 2006",Rajya Sabha,2006-11-24,HOME AFFAIRS,Manohar Joshi Dr.,Ordinary Bill,,,,,Withdrawn,https://sansad.in/getFile/BillsTexts/RSBillTexts/Asintroduced/LXIX_ 2006.pdf?source=legislation
628,49,X,"The Council of States (Amendment) Bill, 1999",Rajya Sabha,2002-12-05,PARLIAMENTARY  AFFAIRS,Y. Lakshmi Prasad Dr.,Ordinary Bill,,,,,Lapsed,https://sansad.in/getFile/BillsTexts/RSBillTexts/Asintroduced/X_1999.pdf?source=legislation
629,49,XXXVIII,"The Mango Growers of Andhra Pradesh and oher Areas (Marketing and other Facilities ) Bill,1998",Rajya Sabha,1998-12-18,AGRICULTURE,Y. Lakshmi Prasad Dr.,Ordinary Bill,,,,,Lapsed,
630,49,VIII,"The Constitution ( Amendment) Bill,1998 (to amend art 74)",Rajya Sabha,1998-12-06,HOME AFFAIRS,Y. Lakshmi Prasad Dr.,Ordinary Bill,,,,,Lapsed,
631,49,XXIX,"The Representation of the people ( Amendment) Bill,1998",Rajya Sabha,1998-04-12,,Y. Lakshmi Prasad Dr.,Ordinary Bill,,,,,Lapsed,
632,49,XXXVI,"The High Court of Andhra Pradesh (Establishment of a Permanent Bench at Visakhapatnam) Bill, 1997",Rajya Sabha,1997-07-25,,Y. Lakshmi Prasad Dr.,Ordinary Bill,,,,,Lapsed,
633,49,XXVII,"the Code of Criminal Procedure (Amendment) Bill, 1997",Rajya Sabha,1997-05-16,HOME AFFAIRS,Y. Lakshmi Prasad Dr.,Ordinary Bill,,,,,Lapsed,
634,49,VIII,"The Administrative Tribunals (Amendment) Bill, 1997",Rajya Sabha,1997-03-21,"PERSONNEL,  PUBLIC  GRIEVANCES  AND  PENSIONS",Y. Lakshmi Prasad Dr.,Ordinary Bill,,,,,Lapsed,
635,2014,XXXII,"The Small Traders (Protection and Other Welfare Measures) Bill, 2008",Rajya Sabha,2008-12-19,COMMERCE AND INDUSTRY,Banwari Lal Kanchhal Shri,Ordinary Bill,,,,,Lapsed,https://sansad.in/getFile/BillsTexts/RSBillTexts/Asintroduced/smal trader XXXII of 08.pdf?source=legislation
636,473,XLII,"The Public Trusts (Place of Registration) Bill, 1969",Rajya Sabha,1969-03-14,,Babubhai Maneklal Chinai Shri,Ordinary Bill,,,,,Lapsed,
637,1255,LXXXIII,"The Family Welfare Bill, 1991",Rajya Sabha,1991-12-20,HEALTH AND FAMILY WELFARE,Narredy Thulasi Reddy Dr.,Ordinary Bill,,,,,Lapsed,
638,475,III,"The Representation of the People (Amendment) Bill, 1968",Rajya Sabha,1968-03-14,,Vimal Kumar Mannalalji Chordia Shri,Ordinary Bill,,,,,,
639,2016,XI,"The Armed Forces (Special Powers) Amendment Bill, 2011",Rajya Sabha,2011-08-05,HOME AFFAIRS,Mahendra Mohan Shri,Ordinary Bill,,,,,Lapsed,https://sansad.in/getFile/BillsTexts/RSBillTexts/Asintroduced/armd.pdf?source=legislation
640,2016,LIV,"The Chairpersons and Members of Tribunals and Commissions (Retirement Age) Bill, 2010",Rajya Sabha,2011-02-25,LAW AND JUSTICE,Mahendra Mohan Shri,Ordinary Bill,,,,,Lapsed,https://sansad.in/getFile/BillsTexts/RSBillTexts/Asintroduced/chairprsn.pdf?source=legislation
641,2016,LV,"The Incest and Sexual Abuse in Family (Offences) Bill, 2010",Rajya Sabha,2011-02-25,WOMEN AND CHILD DEVELOPMENT,Mahendra Mohan Shri,Ordinary Bill,,,,,Lapsed,https://sansad.in/getFile/BillsTexts/RSBillTexts/Asintroduced/incest.pdf?source=legislation
642,2016,XXI,"The Tour Operators and Travel Agents (Regulation) Bill, 2010",Rajya Sabha,2010-05-03,TOURISM,Mahendra Mohan Shri,Ordinary Bill,,,,,Lapsed,https://sansad.in/getFile/BillsTexts/RSBillTexts/Asintroduced/Tour XXI of 10.pdf?source=legislation
643,2016,XXII,"The Marriage Laws (Amendment) Bill, 2009 (insertion of new section 44A)",Rajya Sabha,2009-12-04,LAW AND JUSTICE,Mahendra Mohan Shri,Ordinary Bill,,,,,Lapsed,https://sansad.in/getFile/BillsTexts/RSBillTexts/Asintroduced/marriage XXII 09.pdf?source=legislation
644,2016,XXX,"The Professional Courses (Common Entrance Examinations and Miscellaneous Provisions) Bill, 2009.",Rajya Sabha,2009-12-04,HUMAN RESOURCE  DEVELOPMENT,Mahendra Mohan Shri,Ordinary Bill,,,,,Lapsed,https://sansad.in/getFile/BillsTexts/RSBillTexts/Asintroduced/profess XXX 09.pdf?source=legislation
645,2016,XXXI,"The Consumer Products Safety Authority Bill, 2009.",Rajya Sabha,2009-12-04,"CONSUMER AFFAIRS, FOOD AND PUBLIC DISTRIBUTION",Mahendra Mohan Shri,Ordinary Bill,,,,,Lapsed,https://sansad.in/getFile/BillsTexts/RSBillTexts/Asintroduced/consm XXXI 09.pdf?source=legislation
646,2016,I,"The Prevention of Regionalism Bill, 2009.",Rajya Sabha,2009-07-03,HOME AFFAIRS,Mahendra Mohan Shri,Ordinary Bill,,,,,Lapsed,https://sansad.in/getFile/BillsTexts/RSBillTexts/Asintroduced/region I of 09.pdf?source=legislation
647,2016,III,"The Indian Penal Code (Amendment) Bill, 2009.",Rajya Sabha,2009-07-03,HOME AFFAIRS,Mahendra Mohan Shri,Ordinary Bill,,,,,Lapsed,https://sansad.in/getFile/BillsTexts/RSBillTexts/Asintroduced/IPC III of 09.pdf?source=legislation
648,2016,IV,"The Declaration of Assets and Liabilities by Supreme Court, High Court and Subordinate Courts Judges Bill, 2009.",Rajya Sabha,2009-07-03,LAW AND JUSTICE,Mahendra Mohan Shri,Ordinary Bill,,,,,Lapsed,https://sansad.in/getFile/BillsTexts/RSBillTexts/Asintroduced/declration IV of 09.pdf?source=legislation
649,2016,XXIV,"The Distance Selling (Regulation) Bill, 2008",Rajya Sabha,2008-12-19,"CONSUMER AFFAIRS, FOOD AND PUBLIC DISTRIBUTION",Mahendra Mohan Shri,Ordinary Bill,,,,,Lapsed,https://sansad.in/getFile/BillsTexts/RSBillTexts/Asintroduced/distance selling XXIV of 08.pdf?source=legislation
650,2016,XXIX,"The Constitution (Amendment) Bill, 2008 (amendment of articles 85 and 174)",Rajya Sabha,2008-12-19,LAW AND JUSTICE,Mahendra Mohan Shri,Constitutional Amendment Bill,,,,,Withdrawn,https://sansad.in/getFile/BillsTexts/RSBillTexts/Asintroduced/const XXIX of 08.pdf?source=legislation
651,2016,XXV,"The Prevention of Vexatious and Frivolous Litigations Bill, 2008",Rajya Sabha,2008-12-19,LAW AND JUSTICE,Mahendra Mohan Shri,Ordinary Bill,,,,,Lapsed,https://sansad.in/getFile/BillsTexts/RSBillTexts/Asintroduced/vexatious XXV of 08.pdf?source=legislation
652,2016,LIX,"The Coaching Centres (Regulation and Control) Bill, 2007",Rajya Sabha,2007-11-30,HUMAN RESOURCE  DEVELOPMENT,Mahendra Mohan Shri,Ordinary Bill,,,,,Lapsed,https://sansad.in/getFile/BillsTexts/RSBillTexts/Asintroduced/Coaching Centres.pdf?source=legislation
653,2016,LX,"The Prohibition on Use of Coercive Methods for Recovery of Bank Loans Bill, 2007",Rajya Sabha,2007-11-30,FINANCE,Mahendra Mohan Shri,Ordinary Bill,,,,,Lapsed,
654,2016,LXII,"The Indian Penal Code (Amendment) BIll, 2007",Rajya Sabha,2007-11-30,LAW AND JUSTICE,Mahendra Mohan Shri,Ordinary Bill,,,,,Lapsed,https://sansad.in/getFile/BillsTexts/RSBillTexts/Asintroduced/IPC.pdf?source=legislation
655,2016,VII,"The Violent and Indecent Video Games (Prohibition on Distribution, Sale and Advertisement) Bill, 2007",Rajya Sabha,2007-03-16,"CONSUMER AFFAIRS, FOOD AND PUBLIC DISTRIBUTION",Mahendra Mohan Shri,Ordinary Bill,,,,,Lapsed,https://sansad.in/getFile/BillsTexts/RSBillTexts/Asintroduced/1219rs.pdf?source=legislation
656,2016,XIV,"The Population Control and Family Welfare Bill, 2007",Rajya Sabha,2007-03-16,HEALTH AND FAMILY WELFARE,Mahendra Mohan Shri,Ordinary Bill,,,,,Lapsed,https://sansad.in/getFile/BillsTexts/RSBillTexts/Asintroduced/1223rs.pdf?source=legislation
657,2016,XV,"The Herbal Medicines (Regulation of Production, Distribution, Sale and Advertisement) Bill, 2007",Rajya Sabha,2007-03-16,HEALTH AND FAMILY WELFARE,Mahendra Mohan Shri,Ordinary Bill,,,,,Lapsed,https://sansad.in/getFile/BillsTexts/RSBillTexts/Asintroduced/1221rs.pdf?source=legislation
658,2016,XCIX,"The Direct Marketing Telephone Calls (Regulation) Bill, 2006",Rajya Sabha,2006-12-08,COMMUNICATIONS AND INFORMATION TECHNOLOGY,Mahendra Mohan Shri,Ordinary Bill,,,,,Lapsed,https://sansad.in/getFile/BillsTexts/RSBillTexts/Asintroduced/XCIX_ 2006.pdf?source=legislation
659,2016,LXXXIX,"The Accident Victims (Compulsory Emergency Medical Aid by Private Hospitals and Medical Practitioners) Bill, 2006",Rajya Sabha,2006-11-24,HEALTH AND FAMILY WELFARE,Mahendra Mohan Shri,Ordinary Bill,,,,,Lapsed,https://sansad.in/getFile/BillsTexts/RSBillTexts/Asintroduced/LXXXIX_ 2006.pdf?source=legislation
660,2016,LXXXVIII,"The Clinical Trial of Drugs on Patients (Regulation) Bill, 2006",Rajya Sabha,2006-11-24,HEALTH AND FAMILY WELFARE,Mahendra Mohan Shri,Ordinary Bill,,,,,Lapsed,https://sansad.in/getFile/BillsTexts/RSBillTexts/Asintroduced/LXXXVIII_ 2006.pdf?source=legislation
661,867,III,"The Constitution ( Amendment ) Bill,1984 ( to amend articles 123, 197,208, 313)",Rajya Sabha,1984-09-03,,S.W. Dhabe Shri,Ordinary Bill,,,,,Lapsed,
662,867,XXXV,"The payment of Bonds ( Amendment) Bill,1983",Rajya Sabha,1983-12-22,LABOUR,S.W. Dhabe Shri,Ordinary Bill,,,,,Lapsed,
663,867,XV,"The Representation of the people (Amendment) Bill,1983",Rajya Sabha,1983-08-19,,S.W. Dhabe Shri,Ordinary Bill,,,,,Lapsed,
664,867,XVI,"The working Journalists and other news paper Employees ( Condition of service and Miscellaneous provisition ) Amendment bill,1983",Rajya Sabha,1983-08-19,LABOUR,S.W. Dhabe Shri,Ordinary Bill,,,,,Lapsed,
665,867,XXII,"The Deposits and Fees ( Regulation and Abolistion) Bill,1982",Rajya Sabha,1982-08-06,,S.W. Dhabe Shri,Ordinary Bill,,,,,,
666,867,XXIX,"The Legislative Councils (Composition) Bill, 1981",Rajya Sabha,1981-09-11,LAW AND JUSTICE,S.W. Dhabe Shri,Ordinary Bill,,,,,Negatived,
667,867,V,"The Trade Union (Amendment ) Bill, 1981",Rajya Sabha,1981-03-13,LABOUR,S.W. Dhabe Shri,Ordinary Bill,,,,,Withdrawn,
668,867,XI,"The Working Journalist and other newspaper Employees (Conditions of rerice ) and Miscellaneses prermisition ( Amendment) Bill, 1980",Rajya Sabha,1980-08-08,LABOUR,S.W. Dhabe Shri,Ordinary Bill,,,,,Withdrawn,
669,867,XII,"The Rural Labour Welfare find Bill, 1980",Rajya Sabha,1980-08-08,LABOUR,S.W. Dhabe Shri,Ordinary Bill,,,,,Negatived,
670,867,III,"The working Journalists and other Newspaper Employees (Conditions of Service) and Miscellaneous Provisions (amendment) Bill, 1978",Rajya Sabha,1978-05-05,INFORMATION AND BROADCASTING,S.W. Dhabe Shri,Ordinary Bill,,,,,Lapsed,
671,867,V,"The Rural labour Welfare Fund Bill, 1978",Rajya Sabha,1978-05-05,LABOUR,S.W. Dhabe Shri,Ordinary Bill,,,,,Lapsed,
672,1256,III,"The Traditional Fishermen (Socio-Economic Protection and Welfare) Bill, 2006",Rajya Sabha,2006-03-03,AGRICULTURE,V. Narayanasamy Shri,Ordinary Bill,,,,,Lapsed,https://sansad.in/getFile/BillsTexts/RSBillTexts/Asintroduced/III_2006.PDF?source=legislation
673,1256,V,"The Agriculture Produce (Renumerative Prices) Bill, 2006",Rajya Sabha,2006-03-03,AGRICULTURE,V. Narayanasamy Shri,Ordinary Bill,,,,,Lapsed,https://sansad.in/getFile/BillsTexts/RSBillTexts/Asintroduced/V_2006.PDF?source=legislation
674,1256,LIX,"The Compulsory and Priority Electricity Supply to Rural Areas, Agriculture and Cottage Industries Sectors Bill, 2005.",Rajya Sabha,2005-07-29,,V. Narayanasamy Shri,Ordinary Bill,,,,,Lapsed,
675,1256,LX,"The Farmers and Village Artisans (Old Age Allowance) Bill, 2005.",Rajya Sabha,2005-07-29,,V. Narayanasamy Shri,Ordinary Bill,,,,,Lapsed,
676,1256,LXIX,"The Other Backward Classes (Proportional Representatin through Reservation in Educational Institutions) Bill, 2005.",Rajya Sabha,2005-07-29,SOCIAL JUSTICE AND EMPOWERMENT,V. Narayanasamy Shri,Ordinary Bill,,,,,Lapsed,
677,1256,L,"The Compulsory Voting and Prohibition of Pre-Poll Survey and Exit Poll of Elections Bill, 2004.",Rajya Sabha,2004-12-17,,V. Narayanasamy Shri,Ordinary Bill,,,,,Negatived,
678,1256,XLIX,"The State Funding of Elections to Lok Sabha and Legislative Assemblies Bill, 2004.",Rajya Sabha,2004-12-17,,V. Narayanasamy Shri,Ordinary Bill,,,,,Lapsed,
679,1256,LX,"The Criminal Injuries to Women and Girls (Compensation) Bill, 1994",Rajya Sabha,1994-08-26,HUMAN RESOURCE  DEVELOPMENT,V. Narayanasamy Shri,Ordinary Bill,,,,,Lapsed,
680,1256,XL,"The State of Pondicherry Bill,1992",Rajya Sabha,1992-07-10,HOME AFFAIRS,V. Narayanasamy Shri,Ordinary Bill,,,,,Withdrawn,
681,1256,LIV,"The High Court of Madras (Establishment of a Permanent Bench at Pondicherry) Bill, 1991",Rajya Sabha,1991-06-12,,V. Narayanasamy Shri,Ordinary Bill,,,,,Lapsed,
682,1256,LIX,"The Constitution Scheduled Castes Order (Amendment) Bill, 1991",Rajya Sabha,1991-06-12,,V. Narayanasamy Shri,Ordinary Bill,,,,,Withdrawn,
683,1256,XLI,"The State of Pondichery, Bill. 1990",Rajya Sabha,1990-08-17,HOME AFFAIRS,V. Narayanasamy Shri,Ordinary Bill,,,,,Lapsed,
684,1256,XXXXI,"The State of Pondichery Bill,1990",Rajya Sabha,1990-08-17,HOME AFFAIRS,V. Narayanasamy Shri,Ordinary Bill,,,,,Lapsed,
685,2409,V,"The Criminal Laws (Amendment) Bill, 2021",Rajya Sabha,2022-02-04,HOME AFFAIRS,Prashanta Nanda Dr.,Ordinary Bill,,,,,Lapsed,https://sansad.in/getFile/BillsTexts/RSBillTexts/Asintroduced/criminal law amend-E.pdf?source=legislation
686,56,LXXVII,"The free Education Bill, 2002",Rajya Sabha,2003-02-21,HUMAN RESOURCE  DEVELOPMENT,P.K. Maheshwari Shri,Ordinary Bill,,,,,Lapsed,
687,56,LXXVIII,"The Constitution ( Amendment) Bill, 2002 (insertion of new article 21 A and 21B",Rajya Sabha,2003-02-21,RURAL DEVELOPMENT,P.K. Maheshwari Shri,Ordinary Bill,,,,,Lapsed,
688,2411,II,"THE UNIFORM CIVIL CODE IN INDIA BILL, 2020",Rajya Sabha,2022-12-09,LAW AND JUSTICE,Kirodi Lal Meena Dr.,Ordinary Bill,,,,,Lapsed,https://sansad.in/getFile/BillsTexts/RSBillTexts/Asintroduced/UCC-Kirodi 91222-E1213202281611PM.pdf?source=legislation
689,2411,I,"The Special Financial Assistance to the State of Rajasthan Bill, 2020",Rajya Sabha,2020-02-07,FINANCE,Kirodi Lal Meena Dr.,Ordinary Bill,,,,,Lapsed,https://sansad.in/getFile/BillsTexts/RSBillTexts/Asintroduced/spl Rajas-E-7 2 20.pdf?source=legislation
690,2411,XXXII,"The Mangarh Dham National Memorial Bill, 2019",Rajya Sabha,2019-11-22,CULTURE,Kirodi Lal Meena Dr.,Ordinary Bill,,,,,Lapsed,https://sansad.in/getFile/BillsTexts/RSBillTexts/Asintroduced/mangarh-E-22 11 19.pdf?source=legislation
691,2411,XXXIV,"The Tribal (Adivasi) Regiment Bill, 2019",Rajya Sabha,2019-11-22,DEFENCE,Kirodi Lal Meena Dr.,Ordinary Bill,,,,,Lapsed,https://sansad.in/getFile/BillsTexts/RSBillTexts/Asintroduced/tribal-E-22 11 19.pdf?source=legislation
692,2411,XXXV,"The Reservation for Scheduled Castes and Scheduled Tribes in Private Sector Bill, 2019",Rajya Sabha,2019-11-22,SOCIAL JUSTICE AND EMPOWERMENT,Kirodi Lal Meena Dr.,Ordinary Bill,,,,,Lapsed,https://sansad.in/getFile/BillsTexts/RSBillTexts/Asintroduced/Resr SC-E-22 11 19.pdf?source=legislation
693,2411,XXIII,"The National Commission for Welfare of Farmers Bill, 2019",Rajya Sabha,2019-07-26,AGRICULTURE,Kirodi Lal Meena Dr.,Ordinary Bill,,,,,Lapsed,https://sansad.in/getFile/BillsTexts/RSBillTexts/Asintroduced/NCWF-E-26 7 19.pdf?source=legislation
694,477,233,"The Securitisation and Reconstruction of Financial Assets and Enforcement of Security Interest (Amendment) Bill, 2022 (Amendment of section 31).",Lok Sabha,2023-08-04,FINANCE,Suresh Kodikunnil Shri,Ordinary Bill,,,,,Lapsed,https://sansad.in/getFile/BillsTexts/LSBillTexts/Asintroduced/233 of 2022 EV AS84202375051PM.pdf?source=legislation
695,477,36,"The Railways (Amendment) Bill, 2021 (Insertion of section 11A).",Lok Sabha,2022-12-09,RAILWAYS,Suresh Kodikunnil Shri,Ordinary Bill,,,,,Lapsed,https://sansad.in/getFile/BillsTexts/LSBillTexts/Asintroduced/36 OF 2021 AS12122022110444AM.pdf?source=legislation
696,477,85,"The Juvenile Justice (Care and Protection of Children) Amendment  Bill, 2021 (Amendment of section 75)",Lok Sabha,2022-12-09,WOMEN AND CHILD DEVELOPMENT,Suresh Kodikunnil Shri,Ordinary Bill,,,,,Lapsed,https://sansad.in/getFile/BillsTexts/LSBillTexts/Asintroduced/85 OF 2021 AS12122022110648AM.pdf?source=legislation
697,477,95,"The Information Technology (Amendment) Bill, 2021 (Substitution of  new  section  for section 43A)",Lok Sabha,2022-12-09,ELECTRONICS AND INFORMATION TECHNOLOGY,Suresh Kodikunnil Shri,Ordinary Bill,,,,,Lapsed,https://sansad.in/getFile/BillsTexts/LSBillTexts/Asintroduced/95 OF 2021 AS12122022110545AM.pdf?source=legislation
698,477,280,"The Information Technology (Amendment) Bill, 2019 (Insertion of new section 66CA).",Lok Sabha,2022-02-04,ELECTRONICS AND INFORMATION TECHNOLOGY,Suresh Kodikunnil Shri,Ordinary Bill,,,,,Lapsed,https://sansad.in/getFile/BillsTexts/LSBillTexts/Asintroduced/280 of 2019As.pdf?source=legislation
699,477,57,"The Constitution (Amendment) Bill, 2020 (Amendment of article 16)",Lok Sabha,2022-02-04,SOCIAL JUSTICE AND EMPOWERMENT,Suresh Kodikunnil Shri,Ordinary Bill,,,,,Lapsed,https://sansad.in/getFile/BillsTexts/LSBillTexts/Asintroduced/57 of 2020  AS INTRO.pdf?source=legislation
700,477,69,"The Information Technology (Amendment) Bill, 2020 (Amendment of section 7)",Lok Sabha,2022-02-04,ELECTRONICS AND INFORMATION TECHNOLOGY,Suresh Kodikunnil Shri,Ordinary Bill,,,,,Lapsed,https://sansad.in/getFile/BillsTexts/LSBillTexts/Asintroduced/69 of 2020 As Int.pdf?source=legislation
701,477,84,"The Reservation for Scheduled Castes and Scheduled Tribes in Private Sector Bill, 2019",Lok Sabha,2019-07-12,SOCIAL JUSTICE AND EMPOWERMENT,Suresh Kodikunnil Shri,Ordinary Bill,,,,,Lapsed,https://sansad.in/getFile/BillsTexts/LSBillTexts/Asintroduced/504LS As Int....pdf?source=legislation
702,477,287,"The Prohibition Bill, 2015",Lok Sabha,2015-12-18,HUMAN RESOURCE  DEVELOPMENT,Suresh Kodikunnil Shri,Financial Bill,,,,,Lapsed,https://sansad.in/getFile/BillsTexts/LSBillTexts/Asintroduced/3048LS.pdf?source=legislation
703,477,309,"The Residential Schools (For Scheduled Castes and Scheduled Tribes) Bill, 2015",Lok Sabha,2015-12-18,HUMAN RESOURCE  DEVELOPMENT,Suresh Kodikunnil Shri,Financial Bill,,,,,Lapsed,https://sansad.in/getFile/BillsTexts/LSBillTexts/Asintroduced/3086LS.pdf?source=legislation
704,477,322,"The Reservation for Scheduled Castes and Scheduled Tribes in Private Sector Bill, 2015",Lok Sabha,2015-12-18,SOCIAL JUSTICE AND EMPOWERMENT,Suresh Kodikunnil Shri,Ordinary Bill,,,,,Lapsed,https://sansad.in/getFile/BillsTexts/LSBillTexts/Asintroduced/2880LS.pdf?source=legislation
705,477,148,"The Scheduled Castes Hamlets (Provision of Basic Facilities) Bill, 2014.",Lok Sabha,2014-12-12,SOCIAL JUSTICE AND EMPOWERMENT,Suresh Kodikunnil Shri,Financial Bill,,,,,Lapsed,https://sansad.in/getFile/BillsTexts/LSBillTexts/Asintroduced/2757LS.pdf?source=legislation
706,477,163,"The Commercial Crop Workers (Welfare) Bill, 2014.",Lok Sabha,2014-12-12,LABOUR,Suresh Kodikunnil Shri,Financial Bill,,,,,Lapsed,https://sansad.in/getFile/BillsTexts/LSBillTexts/Asintroduced/2875LS.pdf?source=legislation
707,477,181,"The Central Homeopathy University Bill, 2014.",Lok Sabha,2014-12-12,HEALTH AND FAMILY WELFARE,Suresh Kodikunnil Shri,Financial Bill,,,,,Lapsed,https://sansad.in/getFile/BillsTexts/LSBillTexts/Asintroduced/3267LS.pdf?source=legislation
708,477,41,"The Scheduled Castes Hamlets (Provision of Basic Facilities) Bill, 2012.",Lok Sabha,2012-04-27,SOCIAL JUSTICE AND EMPOWERMENT,Suresh Kodikunnil Shri,Financial Bill,,,,,Removed,https://sansad.in/getFile/BillsTexts/LSBillTexts/Asintroduced/43LS.pdf?source=legislation
709,477,42,"The Commercial Crops Workers (Welfare) Bill, 2012.",Lok Sabha,2012-04-27,LABOUR  AND  EMPLOYMENT,Suresh Kodikunnil Shri,Financial Bill,,,,,Removed,https://sansad.in/getFile/BillsTexts/LSBillTexts/Asintroduced/41LS.pdf?source=legislation
710,477,44,"The Fishermen (Welfare) Bill, 2012",Lok Sabha,2012-04-27,AGRICULTURE,Suresh Kodikunnil Shri,Financial Bill,,,,,Removed,https://sansad.in/getFile/BillsTexts/LSBillTexts/Asintroduced/80LS.pdf?source=legislation
711,477,53,"The Economically Weaker Class Corporation Bill, 2012.",Lok Sabha,2012-04-27,SOCIAL JUSTICE AND EMPOWERMENT,Suresh Kodikunnil Shri,Financial Bill,,,,,Removed,https://sansad.in/getFile/BillsTexts/LSBillTexts/Asintroduced/81LS.pdf?source=legislation
712,477,29,"The Constitution (Amendment) Bill, 2002 (Amendment of articles 124 and 216)",Lok Sabha,2002-03-05,,Suresh Kodikunnil Shri,Constitutional Amendment Bill,,,,,Pending,https://sansad.in/getFile/BillsTexts/LSBillTexts/Asintroduced/5843LS.pdf?source=legislation
713,477,30,"The Reservation For Scheduled Castes and Scheduled Tribes (In Private Sector) Bill, 2002",Lok Sabha,2002-03-05,SOCIAL JUSTICE AND EMPOWERMENT,Suresh Kodikunnil Shri,Ordinary Bill,,,,,Pending,https://sansad.in/getFile/BillsTexts/LSBillTexts/Asintroduced/5844LS.pdf?source=legislation
714,477,31,"The High Court of Kerala (Establishment of a Permanent Bench at Thiruvananthapuram) Bill, 2002",Lok Sabha,2002-03-05,,Suresh Kodikunnil Shri,Ordinary Bill,,,,,Pending,https://sansad.in/getFile/BillsTexts/LSBillTexts/Asintroduced/5897LS.pdf?source=legislation
715,477,35,"The Cashew Board Bill, 2002",Lok Sabha,2002-03-05,COMMERCE AND INDUSTRY,Suresh Kodikunnil Shri,Financial Bill,,,,,Pending,https://sansad.in/getFile/BillsTexts/LSBillTexts/Asintroduced/396LS.pdf?source=legislation
716,57,XLII,"The Constitution (Amendment) Bill, 2004 (Insertion of new article 16A)",Rajya Sabha,2004-12-03,SOCIAL JUSTICE AND EMPOWERMENT,Sarla Maheshwari Smt.,Ordinary Bill,,,,,Lapsed,
717,57,XLI,"The Constitution (Amendment) Bill, 2004 (Insertion of new article 16A).",Rajya Sabha,2004-03-12,LABOUR,Sarla Maheshwari Smt.,Ordinary Bill,,,,,Lapsed,
718,57,LXXX,"The Domestic Violence (Prevention) Bill, 2001",Rajya Sabha,2001-12-07,HUMAN RESOURCE  DEVELOPMENT,Sarla Maheshwari Smt.,Ordinary Bill,,,,,Negatived,https://sansad.in/getFile/BillsTexts/RSBillTexts/Asintroduced/LXXX_2001.pdf?source=legislation
719,2414,XLVIII,"The Bhagat Singh National Urban Employment Guarantee Bill, 2022",Rajya Sabha,2022-08-05,LABOUR  AND  EMPLOYMENT,Binoy Viswam Shri,Ordinary Bill,,,,,Removed,https://sansad.in/getFile/BillsTexts/RSBillTexts/Asintroduced/18-E_257.pdf?source=legislation
720,2414,XV,"The Minimum Wages (Amendment) Bill, 2019",Rajya Sabha,2019-07-12,LABOUR  AND  EMPLOYMENT,Binoy Viswam Shri,Ordinary Bill,,,,,Removed,https://sansad.in/getFile/BillsTexts/RSBillTexts/Asintroduced/minimum-E-12719.pdf?source=legislation
721,2022,XXV,"The Cigarettes and Other Tobacco Products (Prohibition of Advertisement and Regulation of Trade and Commerce, Production, Supply and Distribution) Amendment Bill, 2007",Rajya Sabha,2007-04-27,HEALTH AND FAMILY WELFARE,Tapan Kumar Sen Shri,Ordinary Bill,,,,,Lapsed,https://sansad.in/getFile/BillsTexts/RSBillTexts/Asintroduced/1770rs.pdf?source=legislation
722,61,62,"The Representation of the People (Amendment) Bill, 2000 (Amendment of section 29A, etc.)",Lok Sabha,2000-04-20,,Krishna Bose Prof.(Smt.),Ordinary Bill,,,,,Lapsed,https://sansad.in/getFile/BillsTexts/LSBillTexts/Asintroduced/4543LS.pdf?source=legislation
723,2415,CVIII,"The Motor Vehicles (Amendment) Bill, 2022",Rajya Sabha,2023-12-08,ROAD TRANSPORT AND HIGHWAYS,Elamaram Kareem Shri,Ordinary Bill,,,,,Removed,https://sansad.in/getFile/BillsTexts/RSBillTexts/Asintroduced/121-motor_vehicle-E1219202334113PM.pdf?source=legislation
724,2415,XXIII,"The Labour Codes (Repeal) Bill, 2021",Rajya Sabha,2022-02-04,LABOUR  AND  EMPLOYMENT,Elamaram Kareem Shri,Ordinary Bill,,,,,Removed,https://sansad.in/getFile/BillsTexts/RSBillTexts/Asintroduced/labour codes repeal-E.pdf?source=legislation
725,2415,XXV,"The Indian Penal Code (Amendment) Bill, 2021",Rajya Sabha,2022-02-04,HOME AFFAIRS,Elamaram Kareem Shri,Ordinary Bill,,,,,Lapsed,https://sansad.in/getFile/BillsTexts/RSBillTexts/Asintroduced/IPC 124A.pdf?source=legislation
726,2419,V,"The Terminated Employees (Welfare) Bill, 2020",Rajya Sabha,2020-02-07,LABOUR  AND  EMPLOYMENT,Rakesh Sinha Shri,Ordinary Bill,,,,,Removed,https://sansad.in/getFile/BillsTexts/RSBillTexts/Asintroduced/terminat-E-7 2 20.pdf?source=legislation
727,2419,LXXIII,"The Public Credit Registry of India Bill, 2019",Rajya Sabha,2019-12-06,FINANCE,Rakesh Sinha Shri,Ordinary Bill,,,,,Removed,https://sansad.in/getFile/BillsTexts/RSBillTexts/Asintroduced/public credit-E-6 12 19.pdf?source=legislation
728,2419,XVIII,"The Population Regulation Bill, 2019",Rajya Sabha,2019-07-12,HEALTH AND FAMILY WELFARE,Rakesh Sinha Shri,Ordinary Bill,,,,,Withdrawn,https://sansad.in/getFile/BillsTexts/RSBillTexts/Asintroduced/population-E-12719.pdf?source=legislation
729,485,259,"The Unemployment Allowance Bill, 2019.",Lok Sabha,2023-08-04,LABOUR,Su. Thirunavukkarasar Shri,Financial Bill,,,,,Lapsed,https://sansad.in/getFile/BillsTexts/LSBillTexts/Asintroduced/259 of 2019 AS INTRO84202365745PM.pdf?source=legislation
730,485,261,"The Agricultural Workers Welfare Fund Bill, 2019.",Lok Sabha,2023-08-04,LABOUR,Su. Thirunavukkarasar Shri,Financial Bill,,,,,Lapsed,https://sansad.in/getFile/BillsTexts/LSBillTexts/Asintroduced/261 of 2019As84202365816PM.pdf?source=legislation
731,485,138,"The Backward Classes (Proportional Representation in Services and Educational Institutions) Bill, 2000",Lok Sabha,2002-03-22,SOCIAL JUSTICE AND EMPOWERMENT,Su Thirunavukkarasar Shri,Financial Bill,,,,,Pending,
732,486,15,"The Constitution (Amendment) Bill, 2000 (Insertion of new articles 16A abd 29A)",Lok Sabha,2000-04-20,"PERSONNEL,  PUBLIC  GRIEVANCES  AND  PENSIONS",P.C. Thomas Shri,Constitutional Amendment Bill,,,,,Lapsed,https://sansad.in/getFile/BillsTexts/LSBillTexts/Asintroduced/3197LS.pdf?source=legislation
733,486,101,"The Rubber Growers (Protection) Bill, 1999",Lok Sabha,1999-12-17,,P.C. Thomas Shri,Financial Bill,,,,,Pending,https://sansad.in/getFile/BillsTexts/LSBillTexts/Asintroduced/1932LS.pdf?source=legislation
734,486,102,"The Constitution (Amendment) Bill, 1999 (Insertion of new article 44A)",Lok Sabha,1999-12-17,HOME AFFAIRS,P.C. Thomas Shri,Constitutional Amendment Bill,,,,,Pending,https://sansad.in/getFile/BillsTexts/LSBillTexts/Asintroduced/1933LS.pdf?source=legislation
735,486,125,"The Compulsory Voting Bill, 1999",Lok Sabha,1999-12-17,,P.C. Thomas Shri,Financial Bill,,,,,Pending,https://sansad.in/getFile/BillsTexts/LSBillTexts/Asintroduced/2351LS.pdf?source=legislation
736,66,VII,"The High Court of Gujrat ( Establishment of Permanent Bench at Surat) Bill, 2001.",Rajya Sabha,2001-02-23,,Savita Sharda Smt.,Ordinary Bill,,,,,Lapsed,https://sansad.in/getFile/BillsTexts/RSBillTexts/Asintroduced/VII_2000.pdf?source=legislation
737,66,VII,"The High Court of Gujarat (Establishment of Permanent Bench at Surat) Bill, 2001",Rajya Sabha,2001-02-23,,Savita Sharda Smt.,Ordinary Bill,,,,,Lapsed,https://sansad.in/getFile/BillsTexts/RSBillTexts/Asintroduced/VII_2001.pdf?source=legislation
738,2029,VI,"The Animal Factory Farming (Regulation) Bill, 2020",Rajya Sabha,2020-03-13,"fisheries, animal husbandry and dairying",Abhishek Manu Singhvi Dr.,Ordinary Bill,,,,,Removed,https://sansad.in/getFile/BillsTexts/RSBillTexts/Asintroduced/Animal-E-13320.pdf?source=legislation
739,2029,XLII,"The Population Control Bill, 2019",Rajya Sabha,2019-12-06,HEALTH AND FAMILY WELFARE,Abhishek Manu Singhvi Dr.,Ordinary Bill,,,,,Removed,https://sansad.in/getFile/BillsTexts/RSBillTexts/Asintroduced/population cont-E-6 12 19.pdf?source=legislation
740,2029,XLI,"The Right to Universal and Free Health Care Bill, 2019",Rajya Sabha,2019-11-22,HEALTH AND FAMILY WELFARE,Abhishek Manu Singhvi Dr.,Ordinary Bill,,,,,Removed,https://sansad.in/getFile/BillsTexts/RSBillTexts/Asintroduced/healthcare-E-22 11 19.pdf?source=legislation
741,2029,XXII,"The Constitution (Amendment) Bill, 2008 (to amend articles 217 and 233)",Rajya Sabha,2009-07-03,LAW AND JUSTICE,Abhishek Manu Singhvi Dr.,Constitutional Amendment Bill,,,,,Lapsed,https://sansad.in/getFile/BillsTexts/RSBillTexts/Asintroduced/const XXII of 08.pdf?source=legislation
742,2029,XX,"The Prevention of Hoarding and Profiteering and Protection of Common Man through Control of Prices Bill, 2007",Rajya Sabha,2007-04-27,"CONSUMER AFFAIRS, FOOD AND PUBLIC DISTRIBUTION",Abhishek Manu Singhvi Dr.,Ordinary Bill,,,,,Lapsed,https://sansad.in/getFile/BillsTexts/RSBillTexts/Asintroduced/1764rs.pdf?source=legislation
743,2029,XXII,"The Destitute, Indigent and Neglected Citizens (Maintenance and Welfare) Bill, 2007",Rajya Sabha,2007-04-27,SOCIAL JUSTICE AND EMPOWERMENT,Abhishek Manu Singhvi Dr.,Ordinary Bill,,,,,Lapsed,https://sansad.in/getFile/BillsTexts/RSBillTexts/Asintroduced/1762rs.pdf?source=legislation
744,2029,CV,"The Constitution (Amendment) Bill, 2006 (amendment of Eighth Schedule)",Rajya Sabha,2006-12-08,HOME AFFAIRS,Abhishek Manu Singhvi Dr.,Constitutional Amendment Bill,,,,,Lapsed,https://sansad.in/getFile/BillsTexts/RSBillTexts/Asintroduced/CV_2006.pdf?source=legislation
745,1266,XLI,"The Constitution (Amendment) Bill, 1991 [Insertion of new article 117 A]",Rajya Sabha,1991-08-30,,Rajni Ranjan Sahu Shri,Ordinary Bill,,,,,Withdrawn,
746,1268,LXX,The Constituton (Amendment) Bill 1991 [Omission of articles 356 and 357],Rajya Sabha,1991-12-20,HOME AFFAIRS,Nagen Saikia Dr.,Ordinary Bill,,,,,Lapsed,
747,1268,VII,"The Illegal Migrant (Determination by Tribunals) Repeal Bill, 1991",Rajya Sabha,1991-12-07,HOME AFFAIRS,Nagen Saikia Dr.,Ordinary Bill,,,,,Negatived,
748,2423,XI,"The Constitution (Amendment) Bill, 2025 (amendment of articles 124 and 217)",Rajya Sabha,2025-12-05,LAW AND JUSTICE,Sasmit Patra Dr.,Constitutional Amendment Bill,,,,,Pending,https://sansad.in/getFile/BillsTexts/RSBillTexts/Asintroduced/111211202545642PM.pdf?source=legislation
749,2423,XV,"The Insolvency and Bankruptcy Code (Amendment) Bill, 2025",Rajya Sabha,2025-12-05,CORPORATE AFFAIRS,Sasmit Patra Dr.,Ordinary Bill,,,,,Pending,https://sansad.in/getFile/BillsTexts/RSBillTexts/Asintroduced/121211202545652PM.pdf?source=legislation
750,2423,XVI,"The Information Technology (Amendment) Bill, 2025",Rajya Sabha,2025-12-05,ELECTRONICS AND INFORMATION TECHNOLOGY,Sasmit Patra Dr.,Financial Bill,,,,,Pending,https://sansad.in/getFile/BillsTexts/RSBillTexts/Asintroduced/131211202545700PM.pdf?source=legislation
751,2423,XXII,"The Constitution (Amendment) Bill, 2024 (substitution of article 263 and amendment of the Seventh and Eighth Schedules)",Rajya Sabha,2024-07-26,HOME AFFAIRS,Sasmit Patra Dr.,Constitutional Amendment Bill,,,,,Pending,https://sansad.in/getFile/BillsTexts/RSBillTexts/Asintroduced/5-Consti-8th Sch-263art-Sasmit-E731202482754PM.pdf?source=legislation
752,2423,I,"The Sexual Harassment of Women at Workplace (Prevention, Prohibition And Redressal) Amendment Bill, 2024",Rajya Sabha,2024-02-02,WOMEN AND CHILD DEVELOPMENT,Sasmit Patra Dr.,Ordinary Bill,,,,,Pending,https://sansad.in/getFile/BillsTexts/RSBillTexts/Asintroduced/12_sexual harrasment_sasmit-E29202471145PM.pdf?source=legislation
753,2423,IV,"The Indian Contract (Amendment) Bill, 2024",Rajya Sabha,2024-02-02,LAW AND JUSTICE,Sasmit Patra Dr.,Ordinary Bill,,,,,Pending,https://sansad.in/getFile/BillsTexts/RSBillTexts/Asintroduced/13-Indian Contract_sasmit-E29202471208PM.pdf?source=legislation
754,2423,V,"The Representation of the People (Amendment) Bill, 2024 (insertion of new sections 127B to 127D)",Rajya Sabha,2024-02-02,LAW AND JUSTICE,Sasmit Patra Dr.,Ordinary Bill,,,,,Pending,https://sansad.in/getFile/BillsTexts/RSBillTexts/Asintroduced/14-Rop_sasmit-E29202471233PM.pdf?source=legislation
755,2423,XCI,"The Indian Penal Code (Amendment) Bill, 2022 (substitution of sections 124A and 309 and amendment of section 375)",Rajya Sabha,2023-12-08,LAW AND JUSTICE,Sasmit Patra Dr.,Ordinary Bill,,,,,Lapsed,https://sansad.in/getFile/BillsTexts/RSBillTexts/Asintroduced/IPC124ASasmit E1219202362752PM.pdf?source=legislation
756,2423,XCII,"The Constitution (Amendment) Bill, 2022 (substitution of articles 331 and 333)",Rajya Sabha,2023-12-08,LAW AND JUSTICE,Sasmit Patra Dr.,Constitutional Amendment Bill,,,,,Pending,https://sansad.in/getFile/BillsTexts/RSBillTexts/Asintroduced/consti331&333 sasmit-E1219202362919PM.pdf?source=legislation
757,2423,XCIII,"The Advocates (Amendment) Bill, 2022",Rajya Sabha,2023-12-08,LAW AND JUSTICE,Sasmit Patra Dr.,Ordinary Bill,,,,,Pending,https://sansad.in/getFile/BillsTexts/RSBillTexts/Asintroduced/Advocates (E)1219202363019PM.pdf?source=legislation
758,2423,XL,"The States Reorganization Commission Bill, 2022",Rajya Sabha,2022-08-05,HOME AFFAIRS,Sasmit Patra Dr.,Financial Bill,,,,,Pending,https://sansad.in/getFile/BillsTexts/RSBillTexts/Asintroduced/16-E_257.pdf?source=legislation
759,2423,XLVI,"The Trafficking of Persons (Prevention, Protection and Rehabilitation) Bill, 2022",Rajya Sabha,2022-08-05,WOMEN AND CHILD DEVELOPMENT,Sasmit Patra Dr.,Financial Bill,,,,,Pending,https://sansad.in/getFile/BillsTexts/RSBillTexts/Asintroduced/15-E_257.pdf?source=legislation
760,2423,XXXVIII,"The Sal Leaves Collectors and Traders’ Welfare Bill, 2022",Rajya Sabha,2022-08-05,TRIBAL AFFAIRS,Sasmit Patra Dr.,Ordinary Bill,,,,,Withdrawn,https://sansad.in/getFile/BillsTexts/RSBillTexts/Asintroduced/14-E_2571292022123021PM.pdf?source=legislation
761,2423,XIII,"The Indian Contract Act (Amendment) Bill, 2022 (amendment of section 15)",Rajya Sabha,2022-04-01,LAW AND JUSTICE,Sasmit Patra Dr.,Ordinary Bill,,,,,Lapsed,https://sansad.in/getFile/BillsTexts/RSBillTexts/Asintroduced/6-E_256.pdf?source=legislation
762,2423,XV,"The Representation of the People (Amendment) Bill, 2022 (amendment of section 77 and insertion of new sections 127B, 127C and 127D)",Rajya Sabha,2022-04-01,LAW AND JUSTICE,Sasmit Patra Dr.,Ordinary Bill,,,,,Lapsed,https://sansad.in/getFile/BillsTexts/RSBillTexts/Asintroduced/7-E_256.pdf?source=legislation
763,2423,II,"The Cigarettes and other Tobacco Products (Prohibition of Advertisement and Regulation of Trade and Commerce, Production, Supply and Distribution) (Amendment) Bill, 2021.",Rajya Sabha,2021-12-03,HEALTH AND FAMILY WELFARE,Sasmit Patra Dr.,Ordinary Bill,,,,,Lapsed,https://sansad.in/getFile/BillsTexts/RSBillTexts/Asintroduced/cigarettes & tobacco-E.pdf?source=legislation
764,2423,XVIII,"The Indian Penal Code (Amendment) Bill, 2021.",Rajya Sabha,2021-12-03,HOME AFFAIRS,Sasmit Patra Dr.,Ordinary Bill,,,,,Lapsed,https://sansad.in/getFile/BillsTexts/RSBillTexts/Asintroduced/IPC subs 124A-E.pdf?source=legislation
765,2423,XXI,"The Advocates (Amendment) Bill, 2021.",Rajya Sabha,2021-12-03,LAW AND JUSTICE,Sasmit Patra Dr.,Ordinary Bill,,,,,Lapsed,https://sansad.in/getFile/BillsTexts/RSBillTexts/Asintroduced/Advt amnd Sec 2-E.pdf?source=legislation
766,2423,VIII,"The Incest Offences and Sexual Abuse of Females in Family (Prevention) Bill, 2020",Rajya Sabha,2020-03-13,WOMEN AND CHILD DEVELOPMENT,Sasmit Patra Dr.,Ordinary Bill,,,,,Lapsed,https://sansad.in/getFile/BillsTexts/RSBillTexts/Asintroduced/Incest-E-13320.pdf?source=legislation
767,2423,XII,"The Constitution (Amendment) Bill, 2020 (substitution of articles 331 and 333)",Rajya Sabha,2020-03-13,LAW AND JUSTICE,Sasmit Patra Dr.,Ordinary Bill,,,,,Lapsed,https://sansad.in/getFile/BillsTexts/RSBillTexts/Asintroduced/331-E-13320.pdf?source=legislation
768,2423,LIV,"The Sal Leaves Collectors and Traders’ Welfare Bill, 2019",Rajya Sabha,2019-12-06,TRIBAL AFFAIRS,Sasmit Patra Dr.,Ordinary Bill,,,,,Lapsed,https://sansad.in/getFile/BillsTexts/RSBillTexts/Asintroduced/Sal-E-6 12 19.pdf?source=legislation
769,2423,LXVI,"The Trafficking of Persons (Prevention, Protection and Rehabilitation) Bill, 2019",Rajya Sabha,2019-12-06,WOMEN AND CHILD DEVELOPMENT,Sasmit Patra Dr.,Ordinary Bill,,,,,Lapsed,https://sansad.in/getFile/BillsTexts/RSBillTexts/Asintroduced/traffc person-E-6 12 19.pdf?source=legislation
770,2423,LXXI,"The States Reorganization Commission Bill, 2019",Rajya Sabha,2019-12-06,HOME AFFAIRS,Sasmit Patra Dr.,Ordinary Bill,,,,,Lapsed,https://sansad.in/getFile/BillsTexts/RSBillTexts/Asintroduced/Stat reorgan -E-6 12 19.pdf?source=legislation
771,69,71,"The Constitution (Scheduled Tribes) Order (Amendment)  Bill, 2011 (Amendment of Part II).",Lok Sabha,2012-04-27,TRIBAL AFFAIRS,Bijoya Chakravarty Smt.,Ordinary Bill,,,,,Lapsed,https://sansad.in/getFile/BillsTexts/LSBillTexts/Asintroduced/1118LS.pdf?source=legislation
772,69,88,"The Prevention of Influx of Foreign  Nationals into the Country Bill, 2011.",Lok Sabha,2012-04-27,HOME AFFAIRS,Bijoya Chakravarty Smt.,Financial Bill,,,,,Lapsed,https://sansad.in/getFile/BillsTexts/LSBillTexts/Asintroduced/2362LS.pdf?source=legislation
773,69,1,"The Prohibition on Religious Conversion Bill, 2011 .",Lok Sabha,2011-02-25,HOME AFFAIRS,Bijoya Chakravarty Smt.,Ordinary Bill,,,,,Lapsed,https://sansad.in/getFile/BillsTexts/LSBillTexts/Asintroduced/6078LS.pdf?source=legislation
774,69,3,"The Public Employment (Recruitment)  Bill, 2011.",Lok Sabha,2011-02-25,"PERSONNEL,  PUBLIC  GRIEVANCES  AND  PENSIONS",Bijoya Chakravarty Smt.,Financial Bill,,,,,Lapsed,https://sansad.in/getFile/BillsTexts/LSBillTexts/Asintroduced/6142ls.pdf?source=legislation
775,2424,XXVIII,"The Payment and Settlement Systems (Amendment) Bill, 2023",Rajya Sabha,2023-12-08,FINANCE,Amar Patnaik Dr.,Ordinary Bill,,,,,Removed,https://sansad.in/getFile/BillsTexts/RSBillTexts/Asintroduced/paymnent and settlement-E1219202344939PM.pdf?source=legislation
776,2424,XXX,"The Indian Penal Code (Amendment) Bill, 2023 (substitution of section 305 and amendment of section 375)",Rajya Sabha,2023-12-08,HOME AFFAIRS,Amar Patnaik Dr.,Ordinary Bill,,,,,Lapsed,https://sansad.in/getFile/BillsTexts/RSBillTexts/Asintroduced/IPC amar patnaik-E (13122023)1219202342710PM.pdf?source=legislation
777,2424,XI,"The Lokpal And Lokayuktas (Amendment) Bill, 2021",Rajya Sabha,2022-02-04,"PERSONNEL,  PUBLIC  GRIEVANCES  AND  PENSIONS",Amar Patnaik Dr.,Ordinary Bill,,,,,Removed,https://sansad.in/getFile/BillsTexts/RSBillTexts/Asintroduced/lokpal and lokayukta-E.pdf?source=legislation
778,2424,XIX,"The Constitution (Amendment) Bill, 2020 (amendment of Preamble and article 51A)",Rajya Sabha,2022-02-04,HOME AFFAIRS,Amar Patnaik Dr.,Ordinary Bill,,,,,Removed,https://sansad.in/getFile/BillsTexts/RSBillTexts/Asintroduced/const amend art 51A-E.pdf?source=legislation
779,2424,XV,"The Central Educational Institutions (Reservation in Admission) Amendment Bill, 2021",Rajya Sabha,2022-02-04,EDUCATION,Amar Patnaik Dr.,Ordinary Bill,,,,,Removed,https://sansad.in/getFile/BillsTexts/RSBillTexts/Asintroduced/cent education-E.pdf?source=legislation
780,2424,X,"The Code of Criminal Procedure (Amendment) Bill, 2020",Rajya Sabha,2020-03-13,HOME AFFAIRS,Amar Patnaik Dr.,Ordinary Bill,,,,,Lapsed,https://sansad.in/getFile/BillsTexts/RSBillTexts/Asintroduced/code crim-E-13320.pdf?source=legislation
781,2424,LII,"The Right to Information (Amendment) Bill, 2019",Rajya Sabha,2019-12-06,"PERSONNEL,  PUBLIC  GRIEVANCES  AND  PENSIONS",Amar Patnaik Dr.,Ordinary Bill,,,,,Removed,https://sansad.in/getFile/BillsTexts/RSBillTexts/Asintroduced/RTI-E-6 12 19.pdf?source=legislation
782,2424,LXIII,"The Deposit Insurance and Credit Guarantee Corporation   (Amendment) Bill, 2019",Rajya Sabha,2019-12-06,FINANCE,Amar Patnaik Dr.,Ordinary Bill,,,,,Removed,https://sansad.in/getFile/BillsTexts/RSBillTexts/Asintroduced/dep insur-E-6 12 19.pdf?source=legislation
783,2424,LXVII,"The Right of Children to Free and Compulsory Education (Amendment) Bill, 2019",Rajya Sabha,2019-12-06,HUMAN RESOURCE  DEVELOPMENT,Amar Patnaik Dr.,Ordinary Bill,,,,,Removed,https://sansad.in/getFile/BillsTexts/RSBillTexts/Asintroduced/RTE-E-6 12 19.pdf?source=legislation
784,1655,V,"The Representation of the People (Amendment) Bill, 1998",Rajya Sabha,1998-07-24,,Mohan Babu Dr.,Ordinary Bill,,,,,Lapsed,
785,71,77,"The Constitution (Amendment) Bill, 2004 (Amendment of article 275)",Lok Sabha,2004-12-17,,Suresh Chandel Shri,Financial Bill,,,,,Pending,https://sansad.in/getFile/BillsTexts/LSBillTexts/Asintroduced/2401LS.pdf?source=legislation
786,71,36,"The Drought Prone Areas Development Authority Bill, 2004",Lok Sabha,2004-12-03,AGRICULTURE,Suresh Chandel Shri,Financial Bill,,,,,Pending,https://sansad.in/getFile/BillsTexts/LSBillTexts/Asintroduced/1220LS.pdf?source=legislation
787,71,41,"The Rural Labour Welfare Fund Bill, 2004",Lok Sabha,2004-12-03,,Suresh Chandel Shri,Financial Bill,,,,,Pending,https://sansad.in/getFile/BillsTexts/LSBillTexts/Asintroduced/1265LS.pdf?source=legislation
788,71,85,"The Representation of the People (Amendment) Bill, 2004 (Substitution of new section for section 8, etc.)",Lok Sabha,2004-12-03,,Suresh Chandel Shri,Ordinary Bill,,,,,Pending,https://sansad.in/getFile/BillsTexts/LSBillTexts/Asintroduced/2697LS.pdf?source=legislation
789,71,27,"The Victims of Natural Calamities (Rehabilitation and Financial Assistance) Bill, 2004",Lok Sabha,2004-07-09,HOME AFFAIRS,Suresh Chandel Shri,Financial Bill,,,,,Pending,https://sansad.in/getFile/BillsTexts/LSBillTexts/Asintroduced/883LS.pdf?source=legislation
790,884,XXVI,"The Constitution (Amendment) Bill, 1968 (to amend articles 31A, 168, 290 and 1st and 4th Schedules)",Rajya Sabha,1968-02-23,HOME AFFAIRS,V. V. Ramaswamy Shri,Ordinary Bill,,,,,Lapsed,
791,2428,XXXVII,"The Motor Vehicle Drivers and Other Workers Welfare Fund Bill, 2023",Rajya Sabha,2023-12-08,LABOUR  AND  EMPLOYMENT,M. Shanmugam Shri,Ordinary Bill,,,,,Removed,https://sansad.in/getFile/BillsTexts/RSBillTexts/Asintroduced/motor vehicle-Shanmugam E (2)1219202342903PM.pdf?source=legislation
792,2428,XXXVIII,"The Constitution (Amendment) Bill, 2023 (insertion of article 16A)",Rajya Sabha,2023-12-08,SOCIAL JUSTICE AND EMPOWERMENT,M. Shanmugam Shri,Ordinary Bill,,,,,Removed,https://sansad.in/getFile/BillsTexts/RSBillTexts/Asintroduced/const_shanmugham-E1219202344119PM.pdf?source=legislation
793,73,I,"The Constitution (Amendment) Bill, 2000 ( to amend article 58,66,75)",Rajya Sabha,2000-07-28,,Amar Singh Shri,Ordinary Bill,,,,,Lapsed,https://sansad.in/getFile/BillsTexts/RSBillTexts/Asintroduced/I_2000.pdf?source=legislation
794,2038,XLVII,"The Employment Bill, 2007",Rajya Sabha,2007-08-24,LABOUR  AND  EMPLOYMENT,Supriya Sule Smt.,Ordinary Bill,,,,,Lapsed,
795,497,XVIII,TheAligarh Muslim university (Amendment)Bill 1973 (to amend the long litle the preamble and section),Rajya Sabha,1973-08-03,,Shyam Lal Yadav Shri,Ordinary Bill,,,,,,
796,497,XXVII,"The Constitution (Amendment) Bill, 1970 [insertion of new article 16A]",Rajya Sabha,1970-12-11,,Shyam Lal Yadav Shri,Ordinary Bill,,,,,Withdrawn,
797,76,124,"The Meritorious Students (Assistance in Higher Studies) Bill, 2000",Lok Sabha,2000-11-08,HUMAN RESOURCE  DEVELOPMENT,Haribhai Chaudhary Shri,Ordinary Bill,,,,,Lapsed,https://sansad.in/getFile/BillsTexts/LSBillTexts/Asintroduced/1920LS.pdf?source=legislation
798,2040,LXVIII,"The National Commission for Food Grain Management Bill, 2019",Rajya Sabha,2019-12-06,"CONSUMER AFFAIRS, FOOD AND PUBLIC DISTRIBUTION",Naresh Gujral Shri,Ordinary Bill,,,,,Lapsed,https://sansad.in/getFile/BillsTexts/RSBillTexts/Asintroduced/food grain-E-6 12 19.pdf?source=legislation
799,2040,XLIX,"The Orphans (Reservation of Posts in Government Establishments and Welfare) Bill, 2018",Rajya Sabha,2019-07-26,"PERSONNEL,  PUBLIC  GRIEVANCES  AND  PENSIONS",Naresh Gujral Shri,Ordinary Bill,,,,,Lapsed,https://sansad.in/getFile/BillsTexts/RSBillTexts/Asintroduced/orphan-E-26 7 19.pdf?source=legislation
800,2040,VII,"The Parliament (Enhancement of Productivity) Bill, 2017",Rajya Sabha,2017-03-24,PARLIAMENTARY  AFFAIRS,Naresh Gujral Shri,Ordinary Bill,,,,,Negatived,https://sansad.in/getFile/BillsTexts/RSBillTexts/Asintroduced/parliament-24317-E.pdf?source=legislation
801,2431,LIII,"The Disaster Management (Amendment) Bill, 2024",Rajya Sabha,2025-02-07,HOME AFFAIRS,P. Wilson Shri,Ordinary Bill,,,,,Removed,https://sansad.in/getFile/BillsTexts/RSBillTexts/Asintroduced/15e214202545955PM.pdf?source=legislation
802,2431,LXX,"The Virtual Court Proceedings Bill, 2024",Rajya Sabha,2025-02-07,LAW AND JUSTICE,P. Wilson Shri,Ordinary Bill,,,,,Removed,https://sansad.in/getFile/BillsTexts/RSBillTexts/Asintroduced/16e214202550013PM.pdf?source=legislation
803,2431,LXXXV,"The Constitution (Amendment) Bill, 2024 (amendment of articles 124,217 and 224)",Rajya Sabha,2025-02-07,LAW AND JUSTICE,P. Wilson Shri,Ordinary Bill,,,,,Removed,https://sansad.in/getFile/BillsTexts/RSBillTexts/Asintroduced/17e214202550029PM.pdf?source=legislation
804,2431,IX,"The Constitution (Amendment) Bill, 2024 (amendment of article 361)",Rajya Sabha,2024-02-02,HOME AFFAIRS,P. Wilson Shri,Constitutional Amendment Bill,,,,,Removed,https://sansad.in/getFile/BillsTexts/RSBillTexts/Asintroduced/17-Consti361_wilson-E29202471409PM.pdf?source=legislation
805,2431,XII,"The Constitution (Amendment) Bill, 2024 (amendment of articles 15 and 16)",Rajya Sabha,2024-02-02,SOCIAL JUSTICE AND EMPOWERMENT,P. Wilson Shri,Constitutional Amendment Bill,,,,,Removed,https://sansad.in/getFile/BillsTexts/RSBillTexts/Asintroduced/18_Consti15_16_wilson-E29202471548PM.pdf?source=legislation
806,2431,CI,"The Constitution (Amendment) Bill, 2022 (amendment of article 16).",Rajya Sabha,2023-12-08,SOCIAL JUSTICE AND EMPOWERMENT,P. Wilson Shri,Ordinary Bill,,,,,Removed,https://sansad.in/getFile/BillsTexts/RSBillTexts/Asintroduced/consti amend A16-E Wilson1219202345453PM.pdf?source=legislation
807,2431,XLI,"The Election Commission of India (Reforms) Bill, 2023.",Rajya Sabha,2023-12-08,LAW AND JUSTICE,P. Wilson Shri,Ordinary Bill,,,,,Removed,https://sansad.in/getFile/BillsTexts/RSBillTexts/Asintroduced/election commission Wilson-E1219202364423PM.pdf?source=legislation
808,2431,XXI,"The Constitution (Amendment) Bill, 2023 (amendment of the Seventh Schedule)",Rajya Sabha,2023-12-08,HOME AFFAIRS,P. Wilson Shri,Ordinary Bill,,,,,Removed,https://sansad.in/getFile/BillsTexts/RSBillTexts/Asintroduced/const 7th PWilson-E1219202365217PM.pdf?source=legislation
809,2431,LXVI,"The Constitution Amendment Bill, 2022 (amendment of articles 102, 155, 156 etc).",Rajya Sabha,2022-12-09,HOME AFFAIRS,P. Wilson Shri,Ordinary Bill,,,,,Removed,https://sansad.in/getFile/BillsTexts/RSBillTexts/Asintroduced/6 E - 258 Session 1213202275144PM.pdf?source=legislation
810,2431,XII,"The Constitution (Amendment) Bill, 2022 (amendment of article 200)",Rajya Sabha,2022-04-01,HOME AFFAIRS,P. Wilson Shri,Ordinary Bill,,,,,Removed,https://sansad.in/getFile/BillsTexts/RSBillTexts/Asintroduced/P wil-200-XII 22-E.pdf?source=legislation
811,2431,VI,"The Constitution (Amendment) Bill, 2022 (amendment of the Seventh Schedule)",Rajya Sabha,2022-02-04,EDUCATION,P. Wilson Shri,Ordinary Bill,,,,,Removed,https://sansad.in/getFile/BillsTexts/RSBillTexts/Asintroduced/const amend 7sch-E.pdf?source=legislation
812,2431,XII,"The Medical Education Laws (Amendment) Bill, 2021.",Rajya Sabha,2021-12-03,HEALTH AND FAMILY WELFARE,P. Wilson Shri,Ordinary Bill,,,,,Removed,https://sansad.in/getFile/BillsTexts/RSBillTexts/Asintroduced/medical education law-E.pdf?source=legislation
813,2431,XXIV,"The Constitution (Amendment) Bill, 2020 (substitution of new article for article 130).",Rajya Sabha,2021-12-03,LAW AND JUSTICE,P. Wilson Shri,Ordinary Bill,,,,,Removed,https://sansad.in/getFile/BillsTexts/RSBillTexts/Asintroduced/const amend new article 130-E.pdf?source=legislation
814,2431,LI,"The Constitution (Amendment) Bill, 2019. (amendment of articles 217 and 224)",Rajya Sabha,2019-12-06,LAW AND JUSTICE,P. Wilson Shri,Ordinary Bill,,,,,Removed,https://sansad.in/getFile/BillsTexts/RSBillTexts/Asintroduced/217-E-6 12 19.pdf?source=legislation
815,2042,LV,"The Women Farmers’ Entitlements Bill, 2011",Rajya Sabha,2012-05-11,AGRICULTURE,M.S. Swaminathan Prof.,Ordinary Bill,,,,,Lapsed,https://sansad.in/getFile/BillsTexts/RSBillTexts/Asintroduced/womn farm-E.pdf?source=legislation
816,2043,XXV,"The Industrial Disputes (Amendment) Bill, 2009",Rajya Sabha,2010-05-03,LABOUR  AND  EMPLOYMENT,Kumar Deepak Das Shri,Ordinary Bill,,,,,Lapsed,https://sansad.in/getFile/BillsTexts/RSBillTexts/Asintroduced/Ind XXV of 09.pdf?source=legislation
817,79,XVII,"The Compulsory Primary, Secondary and Higher Education in Regional Langauages Bill,1995",Rajya Sabha,1995-05-05,HUMAN RESOURCE  DEVELOPMENT,Raj Nath Singh Shri,Ordinary Bill,,,,,Lapsed,
818,79,XVIII,"The Compulsory Regional Language in Primary and Secindery School Bill,1995",Rajya Sabha,1995-05-05,HUMAN RESOURCE  DEVELOPMENT,Raj Nath Singh Shri,Ordinary Bill,,,,,Lapsed,
819,1280,I,"The Population Contral (Small family promotion and national) Bill,1983",Rajya Sabha,1983-04-29,,N.P. Chengalraya Naidu Shri,Ordinary Bill,,,,,Lapsed,
820,81,210,"The Factories (Amendment) Bill, 2000 (Amendment of section 51, etc.)",Lok Sabha,2001-02-23,LABOUR,Bal Krishna Chauhan Shri,Financial Bill,,,,,Lapsed,https://sansad.in/getFile/BillsTexts/LSBillTexts/Asintroduced/5385LS.pdf?source=legislation
821,503,XVII,"The Farmers and Agricultural Workers Social Security Bill, 2015",Rajya Sabha,2015-04-24,AGRICULTURE,Renuka Chowdhury Smt.,Ordinary Bill,,,,,Lapsed,https://sansad.in/getFile/BillsTexts/RSBillTexts/Asintroduced/farmer-XVII-E.pdf?source=legislation
822,503,XVIII,"The Medical Consultancy and Other Services (Rationalisation of Fees) Bill, 2013",Rajya Sabha,2014-08-08,HEALTH AND FAMILY WELFARE,Renuka Chowdhury Smt.,Ordinary Bill,,,,,Lapsed,https://sansad.in/getFile/BillsTexts/RSBillTexts/Asintroduced/Medcal-E.pdf?source=legislation
823,2045,LI,"The Death Penalty (Abolition) Bill, 2015",Rajya Sabha,2015-12-18,HOME AFFAIRS,Kanimozhi Smt.,Ordinary Bill,,,,,Lapsed,https://sansad.in/getFile/BillsTexts/RSBillTexts/Asintroduced/deathpnlty-237w-E.pdf?source=legislation
824,2045,XXVIII,"The Criminal Laws (Amendment) Bill, 2014",Rajya Sabha,2014-11-28,HOME AFFAIRS,Kanimozhi Smt.,Ordinary Bill,,,,,Lapsed,https://sansad.in/getFile/BillsTexts/RSBillTexts/Asintroduced/crimnal -E.pdf?source=legislation
825,2045,I,"The Indian Penal Code (Amendment) Bill, 2012.",Rajya Sabha,2012-08-09,HOME AFFAIRS,Kanimozhi Smt.,Ordinary Bill,,,,,Lapsed,https://sansad.in/getFile/BillsTexts/RSBillTexts/Asintroduced/IPC-E.pdf?source=legislation
826,82,XLI,"The Street Children (Protection of Rights) Bill, 2001",Rajya Sabha,2001-07-27,SOCIAL JUSTICE AND EMPOWERMENT,Karan Singh Dr.,Ordinary Bill,,,,,Lapsed,https://sansad.in/getFile/BillsTexts/RSBillTexts/Asintroduced/XLI_2001.pdf?source=legislation
827,82,LIX,"The Constitution (Amendment) Bill, 2001 (to amend the Eighth Schedule)",Rajya Sabha,2001-07-12,HOME AFFAIRS,Karan Singh Dr.,Ordinary Bill,,,,,Withdrawn,https://sansad.in/getFile/BillsTexts/RSBillTexts/Asintroduced/LIX_2001.pdf?source=legislation
828,82,VI,"The National Commission for the Aged Bill, 2001",Rajya Sabha,2001-02-23,,Karan Singh Dr.,Ordinary Bill,,,,,Lapsed,https://sansad.in/getFile/BillsTexts/RSBillTexts/Asintroduced/VI_2001.pdf?source=legislation
829,82,VII,"The Constitution (Amendment) Bill, 1997 [to amend Eighth Schedule]",Rajya Sabha,1997-03-21,HOME AFFAIRS,Karan Singh Dr.,Ordinary Bill,,,,,Lapsed,
830,2047,II,"The Indian Penal Code (Amendment) Bill, 2011 (omission of section 124A)",Rajya Sabha,2011-08-05,HOME AFFAIRS,D. Raja Shri,Ordinary Bill,,,,,Withdrawn,https://sansad.in/getFile/BillsTexts/RSBillTexts/Asintroduced/IPC-II.pdf?source=legislation
831,83,LXIII,"The National Child Welfare Board Bill, 2002",Rajya Sabha,,HUMAN RESOURCE  DEVELOPMENT,Ambika Soni Smt.,Ordinary Bill,,,,,,
832,2441,XLIV,"The Central Protection of Healthcare Workers and Medical Establishments from Violence Bill, 2025",Rajya Sabha,2025-12-05,HEALTH AND FAMILY WELFARE,Fauzia Khan Dr.,Financial Bill,,,,,Pending,https://sansad.in/getFile/BillsTexts/RSBillTexts/Asintroduced/231211202550026PM.pdf?source=legislation
833,2441,XXIX,"The Motor Vehicles (Amendment) Bill, 2025",Rajya Sabha,2025-12-05,ROAD TRANSPORT AND HIGHWAYS,Fauzia Khan Dr.,Ordinary Bill,,,,,Pending,https://sansad.in/getFile/BillsTexts/RSBillTexts/Asintroduced/211211202545944PM.pdf?source=legislation
834,2441,XXX,"The Right of Children to Free and Compulsory Education (Amendment) Bill, 2025",Rajya Sabha,2025-12-05,EDUCATION,Fauzia Khan Dr.,Financial Bill,,,,,Pending,https://sansad.in/getFile/BillsTexts/RSBillTexts/Asintroduced/221211202550010PM.pdf?source=legislation
835,2441,L,"The Constitution (Amendment) Bill, 2024 (insertion of new Part XIV-B and amendment of the Seventh Schedule)",Rajya Sabha,2025-02-07,FINANCE,Fauzia Khan Dr.,Constitutional Amendment Bill,,,,,Pending,https://sansad.in/getFile/BillsTexts/RSBillTexts/Asintroduced/12e214202545853PM.pdf?source=legislation
836,2441,LI,"The Coaching Institutes (Accountability and Regulation) Bill, 2024",Rajya Sabha,2025-02-07,EDUCATION,Fauzia Khan Dr.,Financial Bill,,,,,Pending,https://sansad.in/getFile/BillsTexts/RSBillTexts/Asintroduced/11e214202545833PM.pdf?source=legislation
837,2441,XLVIII,"The National Agricultural Commission Bill, 2024",Rajya Sabha,2025-02-07,AGRICULTURE & FARMERS WELFARE,Fauzia Khan Dr.,Financial Bill,,,,,Pending,https://sansad.in/getFile/BillsTexts/RSBillTexts/Asintroduced/13e214202545913PM.pdf?source=legislation
838,2441,XIII,"The National Food Security (Amendment) Bill, 2024",Rajya Sabha,2024-02-02,"CONSUMER AFFAIRS, FOOD AND PUBLIC DISTRIBUTION",Fauzia Khan Dr.,Ordinary Bill,,,,,Pending,https://sansad.in/getFile/BillsTexts/RSBillTexts/Asintroduced/19-National Food_fauzia-E29202471609PM.pdf?source=legislation
839,2441,XIV,"The Prevention of Fraudulent Calls Bill, 2024",Rajya Sabha,2024-02-02,COMMUNICATIONS AND INFORMATION TECHNOLOGY,Fauzia Khan Dr.,Ordinary Bill,,,,,Withdrawn,https://sansad.in/getFile/BillsTexts/RSBillTexts/Asintroduced/21_Fraudulant Calls_fauzia-E29202471653PM.pdf?source=legislation
840,2441,XVI,"The Protection of Children from Sexual Offences (Amendment) Bill, 2024",Rajya Sabha,2024-02-02,WOMEN AND CHILD DEVELOPMENT,Fauzia Khan Dr.,Ordinary Bill,,,,,Part-discussed,https://sansad.in/getFile/BillsTexts/RSBillTexts/Asintroduced/20_Posh_fauzia-E29202471632PM.pdf?source=legislation
841,2441,CXI,"The Sexual Harassment of Women at Workplace (Prevention, Prohibition and Redressal) Amendment Bill, 2022.",Rajya Sabha,2023-12-08,WOMEN AND CHILD DEVELOPMENT,Fauzia Khan Dr.,Financial Bill,,,,,Pending,https://sansad.in/getFile/BillsTexts/RSBillTexts/Asintroduced/sexual harassment-E1219202351138PM.pdf?source=legislation
842,2441,I,"The Constitution (Amendment) Bill, 2023 (insertion of new articles 330A, 330B etc.)",Rajya Sabha,2023-12-08,WOMEN AND CHILD DEVELOPMENT,Fauzia Khan Dr.,Constitutional Amendment Bill,,,,,Pending,https://sansad.in/getFile/BillsTexts/RSBillTexts/Asintroduced/const insert330A Fauzia-E1219202360447PM.pdf?source=legislation
843,2441,XXV,"The Constitution (Scheduled Tribes) Order (Amendment) Bill, 2023",Rajya Sabha,2023-12-08,TRIBAL AFFAIRS,Fauzia Khan Dr.,Constitutional Amendment Bill,,,,,Pending,https://sansad.in/getFile/BillsTexts/RSBillTexts/Asintroduced/122C-ST order amend fauzia-E1219202334600PM.pdf?source=legislation
844,2441,LXXXIX,"The Guaranteed Delivery of Public Services and Accountability Bill, 2022.",Rajya Sabha,2022-12-09,"PERSONNEL,  PUBLIC  GRIEVANCES  AND  PENSIONS",Fauzia Khan Dr.,Financial Bill,,,,,Pending,https://sansad.in/getFile/BillsTexts/RSBillTexts/Asintroduced/31 E 258 Session1213202281043PM.pdf?source=legislation
845,2441,XXVII,"The Waqf (Amendment) Bill, 2022.",Rajya Sabha,2022-07-22,MINORITY AFFAIRS,Fauzia Khan Dr.,Ordinary Bill,,,,,Pending,https://sansad.in/getFile/BillsTexts/RSBillTexts/Asintroduced/Waqf-E.pdf?source=legislation
846,2441,I,"The Constitution (Amendment) Bill, 2022 (substitution of article 168 and omission of article 169)",Rajya Sabha,2022-02-04,LAW AND JUSTICE,Fauzia Khan Dr.,Constitutional Amendment Bill,,,,,Pending,https://sansad.in/getFile/BillsTexts/RSBillTexts/Asintroduced/const amend substituion of 168-E.pdf?source=legislation
847,2441,II,"The Criminal Laws (Amendment) Bill, 2022",Rajya Sabha,2022-02-04,HOME AFFAIRS,Fauzia Khan Dr.,Ordinary Bill,,,,,Lapsed,https://sansad.in/getFile/BillsTexts/RSBillTexts/Asintroduced/criminal law amend insrt 52-E.pdf?source=legislation
848,2441,VII,"The Victims of Acid Attacks, Rehabilitation, Support and Healthcare Bill, 2022",Rajya Sabha,2022-02-04,WOMEN AND CHILD DEVELOPMENT,Fauzia Khan Dr.,Financial Bill,,,,,Pending,https://sansad.in/getFile/BillsTexts/RSBillTexts/Asintroduced/victim of acid attack-E.pdf?source=legislation
849,2441,XXX,"The Arms (Amendment) Bill, 2021.",Rajya Sabha,2021-12-03,HOME AFFAIRS,Fauzia Khan Dr.,Financial Bill,,,,,Pending,https://sansad.in/getFile/BillsTexts/RSBillTexts/Asintroduced/arms amend-E.pdf?source=legislation
850,2441,XXXIII,"The Universal Healthcare Bill, 2021.",Rajya Sabha,2021-12-03,HEALTH AND FAMILY WELFARE,Fauzia Khan Dr.,Financial Bill,,,,,Pending,https://sansad.in/getFile/BillsTexts/RSBillTexts/Asintroduced/universal healthcare-E.pdf?source=legislation
851,2441,XXXV,"The Academic Integrity Bill, 2021.",Rajya Sabha,2021-12-03,EDUCATION,Fauzia Khan Dr.,Financial Bill,,,,,Pending,https://sansad.in/getFile/BillsTexts/RSBillTexts/Asintroduced/acedemic integrity-E.pdf?source=legislation
852,505,153,"The Constitution (Amendment) Bill, 2000 (Amendment of article 130)",Lok Sabha,2000-11-24,,Ummareddy Venkateswarlu Prof.,Money Bill,,,,,Lapsed,https://sansad.in/getFile/BillsTexts/LSBillTexts/Asintroduced/4124LS.pdf?source=legislation
853,2049,XLI,"The Constitution (Scheduled Castes) Order (Amendment) Bill, 2008",Rajya Sabha,2008-12-19,LAW AND JUSTICE,Ejaz Ali Dr.,Ordinary Bill,,,,,Lapsed,https://sansad.in/getFile/BillsTexts/RSBillTexts/Asintroduced/cons (SC) -XLI of 08.pdf?source=legislation
854,85,XXII,"The Constitution (Amendment) Bill, 2003 (to amend 8th Schedule).",Rajya Sabha,2003-05-12,HOME AFFAIRS,L.M. Singhvi Dr.,Ordinary Bill,,,,,,
855,85,XXIV,"The Constitution ( Amendment) Bill,1998 (to amend the Eighth Schedule)",Rajya Sabha,1998-04-12,HOME AFFAIRS,L.M. Singhvi Dr.,Ordinary Bill,,,,,Withdrawn,
856,2442,LXV,"The Constitution (Amendment) Bill, 2023 (substitution of article 155, insertion of new article 156A and substitution of articles 200 and 201)",Rajya Sabha,2024-02-02,HOME AFFAIRS,Priyanka Chaturvedi Smt.,Constitutional Amendment Bill,,,,,Pending,https://sansad.in/getFile/BillsTexts/RSBillTexts/Asintroduced/11-Consti_155_156_priyanka-E29202471027PM.pdf?source=legislation
857,2442,CX,"The Constitution (Amendment) Bill, 2022 (amendment of articles 102, 191 and the Tenth Schedule)",Rajya Sabha,2023-12-08,LAW AND JUSTICE,Priyanka Chaturvedi Smt.,Constitutional Amendment Bill,,,,,Pending,https://sansad.in/getFile/BillsTexts/RSBillTexts/Asintroduced/Consti Priyanka-E1219202350644PM.pdf?source=legislation
858,2442,IX,"The Facial Recognition Technology (Regulation of Police Powers) Bill, 2023",Rajya Sabha,2023-12-08,HOME AFFAIRS,Priyanka Chaturvedi Smt.,Ordinary Bill,,,,,Pending,https://sansad.in/getFile/BillsTexts/RSBillTexts/Asintroduced/facial recognition Priyanka-E1219202360805PM.pdf?source=legislation
859,2442,XLI,"The Epidemic Diseases (Amendment) Bill, 2021",Rajya Sabha,2022-02-04,HEALTH AND FAMILY WELFARE,Priyanka Chaturvedi Smt.,Financial Bill,,,,,Pending,https://sansad.in/getFile/BillsTexts/RSBillTexts/Asintroduced/epidemic priyanka-E.pdf?source=legislation
860,2442,XXXVIII,"The Council on Climate Change Bill, 2021",Rajya Sabha,2022-02-04,"ENVIRONMENT, FOREST AND CLIMATE CHANGE",Priyanka Chaturvedi Smt.,Financial Bill,,,,,Pending,https://sansad.in/getFile/BillsTexts/RSBillTexts/Asintroduced/council on climate change-E.pdf?source=legislation
861,86,70,"The Constitution (Amendment) Bill, 2003 (Insertion of new article 371EA)",Lok Sabha,2003-12-19,HUMAN RESOURCE  DEVELOPMENT,Ramesh Chennithala Shri,Constitutional Amendment Bill,,,,,Pending,https://sansad.in/getFile/BillsTexts/LSBillTexts/Asintroduced/2785LS.pdf?source=legislation
862,86,57,"The Constitution (Amendment) Bill, 2003 (Amendment of articles 243ZD and 243ZE)",Lok Sabha,2003-08-22,URBAN DEVELOPMENT AND POVERTY ALLEVIATION,Ramesh Chennithala Shri,Constitutional Amendment Bill,,,,,Pending,https://sansad.in/getFile/BillsTexts/LSBillTexts/Asintroduced/2172LS.pdf?source=legislation
863,86,60,"The Constitution (Amendment) Bill, 2003 (Amendment of article 275)",Lok Sabha,2003-08-22,,Ramesh Chennithala Shri,Money Bill,,,,,Pending,https://sansad.in/getFile/BillsTexts/LSBillTexts/Asintroduced/2326LS.pdf?source=legislation
864,86,27,"The Prevention of Video Piracy of Films Bill, 2003",Lok Sabha,2003-02-05,INFORMATION AND BROADCASTING,Ramesh Chennithala Shri,Financial Bill,,,,,,https://sansad.in/getFile/BillsTexts/LSBillTexts/Asintroduced/361LS.pdf?source=legislation
865,86,28,"The Repatriates Welfare Fund Bill, 2003",Lok Sabha,2003-02-05,LABOUR,Ramesh Chennithala Shri,Financial Bill,,,,,Pending,https://sansad.in/getFile/BillsTexts/LSBillTexts/Asintroduced/319LS.pdf?source=legislation
866,86,30,"The Rajiv Gandhi Centre for Biotechnology Bill, 2003",Lok Sabha,2003-02-05,SCIENCE AND TECHNOLOGY,Ramesh Chennithala Shri,Financial Bill,,,,,,
867,86,10,"The Environment (Protection) (Amendment) Bill, 2002 (Insertion of new section 6A)",Lok Sabha,2002-03-22,ENVIRONMENT AND FORESTS,Ramesh Chennithala Shri,Ordinary Bill,,,,,Pending,https://sansad.in/getFile/BillsTexts/LSBillTexts/Asintroduced/4945LS.pdf?source=legislation
868,86,15,"The Constitution (Amendment) Bill, 2002 (Amendment of  article 105)",Lok Sabha,2002-03-22,PARLIAMENTARY  AFFAIRS,Ramesh Chennithala Shri,Constitutional Amendment Bill,,,,,Pending,https://sansad.in/getFile/BillsTexts/LSBillTexts/Asintroduced/5342LS.pdf?source=legislation
869,86,4,"The Constitution (Amendment) Bill, 2002 (Amendment of article 124, etc.)",Lok Sabha,2002-03-22,,Ramesh Chennithala Shri,Constitutional Amendment Bill,,,,,Pending,https://sansad.in/getFile/BillsTexts/LSBillTexts/Asintroduced/4837LS.pdf?source=legislation
870,86,9,"The Salary, Allowances and Pension of Members of Parliament (Amendment) Bill, 2002 (Amendment of section 8A)",Lok Sabha,2002-03-22,PARLIAMENTARY  AFFAIRS,Ramesh Chennithala Shri,Financial Bill,,,,,Pending,https://sansad.in/getFile/BillsTexts/LSBillTexts/Asintroduced/4895LS.pdf?source=legislation
871,86,32,"The Constitution (Amendment) Bill, 2001 (Amendment of articles 115 and 205)",Lok Sabha,2001-07-27,,Ramesh Chennithala Shri,Constitutional Amendment Bill,,,,,,https://sansad.in/getFile/BillsTexts/LSBillTexts/Asintroduced/06LS.pdf?source=legislation
872,86,48,"The Forest  (Cionservation) Amendment Bill, 2001 (Insertion of new section 2A)",Lok Sabha,2001-07-27,ENVIRONMENT AND FORESTS,Ramesh Chennithala Shri,Ordinary Bill,,,,,Pending,https://sansad.in/getFile/BillsTexts/LSBillTexts/Asintroduced/897LS.pdf?source=legislation
873,86,50,"The Consumer Protection (Amendment) Bill, 2001 (Amendment of section 2)",Lok Sabha,2001-07-27,"CONSUMER AFFAIRS, FOOD AND PUBLIC DISTRIBUTION",Ramesh Chennithala Shri,Ordinary Bill,,,,,Pending,https://sansad.in/getFile/BillsTexts/LSBillTexts/Asintroduced/898LS.pdf?source=legislation
874,86,130,"The Representation of the People (Amendment) Bill, 2000 (Amendment of section 8)",Lok Sabha,2000-11-24,,Ramesh Chennithala Shri,Ordinary Bill,,,,,Lapsed,https://sansad.in/getFile/BillsTexts/LSBillTexts/Asintroduced/2086LS.pdf?source=legislation
875,86,30,"The Indian Penal code (Amendment) Bill, 2000 (Amendment of section 21)",Lok Sabha,2000-04-20,HOME AFFAIRS,Ramesh Chennithala Shri,Ordinary Bill,,,,,Lapsed,https://sansad.in/getFile/BillsTexts/LSBillTexts/Asintroduced/3578LS.pdf?source=legislation
876,86,32,"The Chief Election Commissioner and Other Election Commissioners (Conditions of Service) (Amendment) Bill, 2000 (Amendment of section 10)",Lok Sabha,2000-04-20,,Ramesh Chennithala Shri,Ordinary Bill,,,,,Lapsed,https://sansad.in/getFile/BillsTexts/LSBillTexts/Asintroduced/3584LS.pdf?source=legislation
877,86,82,"The Spices and Cash Crops Prices Commission Bill, 1999",Lok Sabha,1999-12-17,AGRICULTURE,Ramesh Chennithala Shri,Financial Bill,,,,,Pending,https://sansad.in/getFile/BillsTexts/LSBillTexts/Asintroduced/1715LS.pdf?source=legislation
878,86,83,"The Protection of Human Rights (Amendment) Bill, 1999 (Amendment of section 2, etc.)",Lok Sabha,1999-12-17,HOME AFFAIRS,Ramesh Chennithala Shri,Financial Bill,,,,,,https://sansad.in/getFile/BillsTexts/LSBillTexts/Asintroduced/1718LS.pdf?source=legislation
879,86,87,"The Constitution (Amendment) Bill, 1999 (Amendment of Tenth Schedule)",Lok Sabha,1999-12-17,,Ramesh Chennithala Shri,Ordinary Bill,,,,,Pending,https://sansad.in/getFile/BillsTexts/LSBillTexts/Asintroduced/1716LS.pdf?source=legislation
880,86,88,"The Constitution (Amendment) Bill, 1999 (Amendment of article 19)",Lok Sabha,1999-12-17,HOME AFFAIRS,Ramesh Chennithala Shri,Ordinary Bill,,,,,Pending,https://sansad.in/getFile/BillsTexts/LSBillTexts/Asintroduced/1717LS.pdf?source=legislation
881,2050,LXIX,"The Code of Criminal Procedure (Amendment) Bill, 2012 (amendment of section 309)",Rajya Sabha,2013-02-22,HOME AFFAIRS,Prakash Javadekar Shri,Ordinary Bill,,,,,Lapsed,https://sansad.in/getFile/BillsTexts/RSBillTexts/Asintroduced/cprc-E.pdf?source=legislation
882,2050,XIII,"The Prevention of Bribery in Private Sector Bill, 2012.",Rajya Sabha,2012-04-27,"PERSONNEL,  PUBLIC  GRIEVANCES  AND  PENSIONS",Prakash Javadekar Shri,Ordinary Bill,,,,,Lapsed,https://sansad.in/getFile/BillsTexts/RSBillTexts/Asintroduced/Bribe-E.pdf?source=legislation
883,2050,LXXXIX,"The Public Liability for Non-Nuclear Industrial Mishap Bill, 2010",Rajya Sabha,2011-08-05,LABOUR  AND  EMPLOYMENT,Prakash Javadekar Shri,Ordinary Bill,,,,,Lapsed,https://sansad.in/getFile/BillsTexts/RSBillTexts/Asintroduced/public.pdf?source=legislation
884,2050,XCII,"The Media Council Bill, 2010",Rajya Sabha,2011-08-05,INFORMATION AND BROADCASTING,Prakash Javadekar Shri,Ordinary Bill,,,,,Lapsed,https://sansad.in/getFile/BillsTexts/RSBillTexts/Asintroduced/media.pdf?source=legislation
885,2050,XXV,"The Consultation and Ratification of Treaties Bill, 2011",Rajya Sabha,2011-08-05,EXTERNAL AFFAIRS,Prakash Javadekar Shri,Ordinary Bill,,,,,Lapsed,https://sansad.in/getFile/BillsTexts/RSBillTexts/Asintroduced/conslt.pdf?source=legislation
886,2050,V,"The Indian Penal Code (Amendment) Bill, 2010 (amendment of Sections 166 to 171)",Rajya Sabha,2010-05-03,HOME AFFAIRS,Prakash Javadekar Shri,Constitutional Amendment Bill,,,,,Lapsed,https://sansad.in/getFile/BillsTexts/RSBillTexts/Asintroduced/IPC V of 10.pdf?source=legislation
887,2050,X,"The Essential Commodities (Amendment) Bill, 2010",Rajya Sabha,2010-05-03,"CONSUMER AFFAIRS, FOOD AND PUBLIC DISTRIBUTION",Prakash Javadekar Shri,Ordinary Bill,,,,,Lapsed,https://sansad.in/getFile/BillsTexts/RSBillTexts/Asintroduced/Essen X of 10.pdf?source=legislation
888,2050,XIII,"The Mahatma Gandhi National Rural Employment Guarantee (Amendment) Bill, 2010",Rajya Sabha,2010-05-03,RURAL DEVELOPMENT,Prakash Javadekar Shri,Ordinary Bill,,,,,Lapsed,https://sansad.in/getFile/BillsTexts/RSBillTexts/Asintroduced/MREGA XIII of 10.pdf?source=legislation
889,2050,XXXIII,"The Electricity (Amendment) Bill, 2008",Rajya Sabha,2009-02-13,POWER,Prakash Javadekar Shri,Ordinary Bill,,,,,Lapsed,https://sansad.in/getFile/BillsTexts/RSBillTexts/Asintroduced/electrcity.pdf?source=legislation
890,2050,XXXV,"The Medical Termination of Pregnancy (Amendment) Bill, 2008",Rajya Sabha,2009-02-13,HEALTH AND FAMILY WELFARE,Prakash Javadekar Shri,Ordinary Bill,,,,,Lapsed,https://sansad.in/getFile/BillsTexts/RSBillTexts/Asintroduced/MTP XXV.pdf?source=legislation
891,2050,XXXVIII,"THE MEDICARE SERVICE PERSONS AND MEDICARE SERVICES INSTITUTIONS (PROTECTION FROM VIOLENCE AND DAMAGE TO PROPERTY) BILL, 2008",Rajya Sabha,2009-02-13,HEALTH AND FAMILY WELFARE,Prakash Javadekar Shri,Ordinary Bill,,,,,Lapsed,https://sansad.in/getFile/BillsTexts/RSBillTexts/Asintroduced/medicare service XXXVIII.pdf?source=legislation
892,2051,XLIX,"The Representation of the People (Amendment) Bill, 2009 (to amend Section 77)",Rajya Sabha,2009-12-18,LAW AND JUSTICE,Y. P. Trivedi Shri,Ordinary Bill,,,,,Lapsed,https://sansad.in/getFile/BillsTexts/RSBillTexts/Asintroduced/RP XLIX 09.pdf?source=legislation
893,2051,XI,"The Companies (Amendment) Bill, 2009",Rajya Sabha,2009-07-31,CORPORATE AFFAIRS,Y. P. Trivedi Shri,Ordinary Bill,,,,,Lapsed,https://sansad.in/getFile/BillsTexts/RSBillTexts/Asintroduced/companis XI of 09.pdf?source=legislation
894,1289,XIX,"The Representation of the People (Amendment) Bill, 1954",Rajya Sabha,1954-12-03,,P.S. Rajagopal Naidu Shri,Ordinary Bill,,,,,Withdrawn,
895,88,XXX,"The Constitution ( Amendment ) Bill, 2002  ( to amend article 323 B)",Rajya Sabha,,HUMAN RESOURCE  DEVELOPMENT,Gopalsinh G. Solanki Shri,Ordinary Bill,,,,,,
896,2052,XLIX,"The Constitution (Amendment) Bill, 2012 (amendment of article 72)",Rajya Sabha,2012-12-07,HOME AFFAIRS,Bharatkumar Raut Shri,Constitutional Amendment Bill,,,,,Lapsed,https://sansad.in/getFile/BillsTexts/RSBillTexts/Asintroduced/cons-72-E.pdf?source=legislation
897,2052,XLIII,"The Medical Termination of Pregnancy (Amendment) Bill, 2008",Rajya Sabha,2008-12-19,HEALTH AND FAMILY WELFARE,Bharatkumar Raut Shri,Ordinary Bill,,,,,Lapsed,https://sansad.in/getFile/BillsTexts/RSBillTexts/Asintroduced/MTP XLIII of 08.pdf?source=legislation
898,2052,1,"The   Constitution (Amendment) Bill, 2008 (Insertion of new article 45A)",Lok Sabha,2008-12-12,WOMEN AND CHILD DEVELOPMENT,C.K. Chandrappan Shri,Ordinary Bill,,,,,Lapsed,https://sansad.in/getFile/BillsTexts/LSBillTexts/Asintroduced/154ls-02.pdf?source=legislation
899,2052,49,"The Electricity (Repeal) Bill, 2008",Lok Sabha,2008-12-12,POWER,C.K. Chandrappan Shri,Ordinary Bill,,,,,Lapsed,https://sansad.in/getFile/BillsTexts/LSBillTexts/Asintroduced/2865ls-09.pdf?source=legislation
900,2052,50,"The Palliative Care (Education and Training) Bill, 2008",Lok Sabha,2008-12-12,HEALTH AND FAMILY WELFARE,C.K. Chandrappan Shri,Financial Bill,,,,,Lapsed,https://sansad.in/getFile/BillsTexts/LSBillTexts/Asintroduced/2866ls-10.pdf?source=legislation
901,2052,73,"The Treatment of Attempt to Suicide as a Non-Punishable Offence Bill, 2008",Lok Sabha,2008-12-12,HOME AFFAIRS,C.K. Chandrappan Shri,Financial Bill,,,,,Lapsed,https://sansad.in/getFile/BillsTexts/LSBillTexts/Asintroduced/4002ls-13.pdf?source=legislation
902,2052,11,"The High Court of Kerala (Establishment of a Permanent Bench at Thiruvananthapuram) Bill, 2008",Lok Sabha,2008-04-25,LAW AND JUSTICE,C.K. Chandrappan Shri,Ordinary Bill,,,,,Lapsed,https://sansad.in/getFile/BillsTexts/LSBillTexts/Asintroduced/221ls-17.pdf?source=legislation
903,2052,2,"The Constitution (Amendment) Bill, 2008 (Amendment of the Eleventh Schedule)",Lok Sabha,2008-04-25,SOCIAL JUSTICE AND EMPOWERMENT,C.K. Chandrappan Shri,Ordinary Bill,,,,,Lapsed,https://sansad.in/getFile/BillsTexts/LSBillTexts/Asintroduced/155ls-18.pdf?source=legislation
904,2052,26,"The National Minimum Pension (Guarantee) Bill, 2008",Lok Sabha,2008-04-25,"PERSONNEL,  PUBLIC  GRIEVANCES  AND  PENSIONS",C.K. Chandrappan Shri,Financial Bill,,,,,Lapsed,https://sansad.in/getFile/BillsTexts/LSBillTexts/Asintroduced/695LS-11.pdf?source=legislation
905,2052,7,"The Working Elephants (Protection and Welfare) Bill, 2008",Lok Sabha,2008-04-25,ENVIRONMENT AND FORESTS,C.K. Chandrappan Shri,Financial Bill,,,,,Lapsed,https://sansad.in/getFile/BillsTexts/LSBillTexts/Asintroduced/157ls-12.pdf?source=legislation
906,2052,55,"The Euthanasia (Permission and Regulation) Bill, 2007",Lok Sabha,2007-08-24,HEALTH AND FAMILY WELFARE,C.K. Chandrappan Shri,Ordinary Bill,,,,,Lapsed,https://sansad.in/getFile/BillsTexts/LSBillTexts/Asintroduced/17.pdf?source=legislation
907,2052,34,"The Integrated Child Development Services (Regularisation) Bill, 2007",Lok Sabha,2007-05-04,WOMEN AND CHILD DEVELOPMENT,C.K. Chandrappan Shri,Financial Bill,,,,,Lapsed,https://sansad.in/getFile/BillsTexts/LSBillTexts/Asintroduced/l.pdf?source=legislation
908,2052,38,"The Non-Resident Indians (Voting Rights and Welfare) Bill, 2007",Lok Sabha,2007-05-04,OVERSEAS INDIAN AFFAIRS,C.K. Chandrappan Shri,Financial Bill,,,,,Lapsed,https://sansad.in/getFile/BillsTexts/LSBillTexts/Asintroduced/k.pdf?source=legislation
909,2052,44,"The Cashew Development Board Bill, 2007",Lok Sabha,2007-05-04,COMMERCE AND INDUSTRY,C.K. Chandrappan Shri,Financial Bill,,,,,Lapsed,https://sansad.in/getFile/BillsTexts/LSBillTexts/Asintroduced/m.pdf?source=legislation
910,2052,70,"The Constitution (Amendment) Bill, 2006 (Amendment of article 124, etc.)",Lok Sabha,2006-12-08,HOME AFFAIRS,C.K. Chandrappan Shri,Ordinary Bill,,,,,Lapsed,https://sansad.in/getFile/BillsTexts/LSBillTexts/Asintroduced/2064 LS.pdf?source=legislation
911,2052,72,"The Electoral Reforms Commission Bill, 2006",Lok Sabha,2006-11-24,LAW AND JUSTICE,C.K. Chandrappan Shri,Financial Bill,,,,,Lapsed,https://sansad.in/getFile/BillsTexts/LSBillTexts/Asintroduced/2124LS.pdf?source=legislation
912,2052,1,"The Constitution (Amendment) Bill, 2006 (Amendment of article 148)",Lok Sabha,2006-03-03,FINANCE,C.K. Chandrappan Shri,Ordinary Bill,,,,,Lapsed,https://sansad.in/getFile/BillsTexts/LSBillTexts/Asintroduced/5081LS .pdf?source=legislation
913,2052,12,"The Constitution (Amendment) Bill, 2006 (Amendment of article 253).",Lok Sabha,2006-03-03,EXTERNAL AFFAIRS,C.K. Chandrappan Shri,Ordinary Bill,,,,,Lapsed,https://sansad.in/getFile/BillsTexts/LSBillTexts/Asintroduced/5184LS.pdf?source=legislation
914,2052,10,"The Farmers (Welfare) Bill, 2006",Lok Sabha,2006-02-17,AGRICULTURE,C.K. Chandrappan Shri,Financial Bill,,,,,Lapsed,https://sansad.in/getFile/BillsTexts/LSBillTexts/Asintroduced/5114 LS.pdf?source=legislation
915,2052,8,"The Constitution (Scheduled Castes) Order (Amendment) Bill, 2006 (Amendment of paragraph 3).",Lok Sabha,2006-02-17,SOCIAL JUSTICE AND EMPOWERMENT,C.K. Chandrappan Shri,Financial Bill,,,,,Lapsed,https://sansad.in/getFile/BillsTexts/LSBillTexts/Asintroduced/5149LS.pdf?source=legislation
916,2052,131,"The Asiatic  Society of Mumbai  Bill,  2005.",Lok Sabha,2005-11-25,,C.K. Chandrappan Shri,Financial Bill,,,,,Lapsed,https://sansad.in/getFile/BillsTexts/LSBillTexts/Asintroduced/3239LS.pdf?source=legislation
917,2052,107,"The Constitution  (Amendment) Bill, 2005  (Amendment   of the Eighth Schedule)",Lok Sabha,2005-08-25,HOME AFFAIRS,C.K. Chandrappan Shri,Ordinance Replacing Bill,,,,,Lapsed,https://sansad.in/getFile/BillsTexts/LSBillTexts/Asintroduced/2356LS.pdf?source=legislation
918,2052,113,"The Constitution (Amendment) Bill, 2005 (Amendment of the Seventh Schedule)",Lok Sabha,2005-08-25,HOME AFFAIRS,C.K. Chandrappan Shri,Ordinance Replacing Bill,,,,,Pending,https://sansad.in/getFile/BillsTexts/LSBillTexts/Asintroduced/2221LS.pdf?source=legislation
919,2052,120,"The Constitution (Scheduled Castes) Order (Amendment) Bill, 2005 (Amendment of paragraph 3, etc.)",Lok Sabha,2005-08-25,SOCIAL JUSTICE AND EMPOWERMENT,C.K. Chandrappan Shri,Financial Bill,,,,,Lapsed,https://sansad.in/getFile/BillsTexts/LSBillTexts/Asintroduced/2549LS.pdf?source=legislation
920,2052,92,"The Family Courts (Amendment) Bill, 2005 (Amendment of section 7, etc.)",Lok Sabha,2005-08-12,,C.K. Chandrappan Shri,Ordinance Replacing Bill,,,,,Lapsed,https://sansad.in/getFile/BillsTexts/LSBillTexts/Asintroduced/1749LS.pdf?source=legislation
921,2052,74,"The Constitution (Amendment) Bill, 2004 (Insertion of new article 100A)",Lok Sabha,2004-12-17,,C.K. Chandrappan Shri,Constitutional Amendment Bill,,,,,Lapsed,https://sansad.in/getFile/BillsTexts/LSBillTexts/Asintroduced/881LS.pdf?source=legislation
922,2052,79,"The Constitution (Amendment) Bill, 2004 (Amendment of article 239AA, etc.)",Lok Sabha,2004-12-17,,C.K. Chandrappan Shri,Constitutional Amendment Bill,,,,,Lapsed,https://sansad.in/getFile/BillsTexts/LSBillTexts/Asintroduced/877LS.pdf?source=legislation
923,2052,82,"The Forest (Conservation) Amendment Bill, 2004 (Insertion of new section 2A)",Lok Sabha,2004-12-03,ENVIRONMENT AND FORESTS,C.K. Chandrappan Shri,Ordinary Bill,,,,,Pending,https://sansad.in/getFile/BillsTexts/LSBillTexts/Asintroduced/2477LS.pdf?source=legislation
924,2052,10,"The Prevention of Terrorism (Repeal) Bill, 2004",Lok Sabha,2004-09-07,HOME AFFAIRS,C.K. Chandrappan Shri,Ordinary Bill,,,,,Pending,https://sansad.in/getFile/BillsTexts/LSBillTexts/Asintroduced/781LS.pdf?source=legislation
925,2052,11,"The Abolition of Capital Punishment Bill, 2004",Lok Sabha,2004-07-09,,C.K. Chandrappan Shri,Ordinary Bill,,,,,Withdrawn,https://sansad.in/getFile/BillsTexts/LSBillTexts/Asintroduced/739LS.pdf?source=legislation
926,2052,24,"The Constitution (Amendment) Bill, 2004 (Insertion of new article 16A, etc.)",Lok Sabha,2004-07-09,LABOUR,C.K. Chandrappan Shri,Constitutional Amendment Bill,,,,,Lapsed,https://sansad.in/getFile/BillsTexts/LSBillTexts/Asintroduced/880LS.pdf?source=legislation
927,2052,9,"The Constitution (Amendment) Bill, 2004 (Amendment of article 155)",Lok Sabha,2004-07-09,HOME AFFAIRS,C.K. Chandrappan Shri,Constitutional Amendment Bill,,,,,Lapsed,https://sansad.in/getFile/BillsTexts/LSBillTexts/Asintroduced/669LS.pdf?source=legislation
928,2447,XLIII,"The Machine Created Intellectual Asset Bill, 2025",Rajya Sabha,2025-12-05,COMMERCE AND INDUSTRY,Sujeet Kumar Shri,Financial Bill,,,,,Pending,https://sansad.in/getFile/BillsTexts/RSBillTexts/Asintroduced/361211202550341PM.pdf?source=legislation
929,2447,XLV,"The Classified Information and Espionage Control Bill, 2025",Rajya Sabha,2025-12-05,HOME AFFAIRS,Sujeet Kumar Shri,Financial Bill,,,,,Pending,https://sansad.in/getFile/BillsTexts/RSBillTexts/Asintroduced/371211202550351PM.pdf?source=legislation
930,2447,XLVII,"The Ecocide (Prevention and Accountability) Bill, 2025",Rajya Sabha,2025-12-05,"ENVIRONMENT, FOREST AND CLIMATE CHANGE",Sujeet Kumar Shri,Financial Bill,,,,,Pending,https://sansad.in/getFile/BillsTexts/RSBillTexts/Asintroduced/381211202550402PM.pdf?source=legislation
931,2447,III,"The Viral Hepatitis (Prevention and Control) Bill, 2025",Rajya Sabha,2025-02-07,HEALTH AND FAMILY WELFARE,Sujeet Kumar Shri,Financial Bill,,,,,Pending,https://sansad.in/getFile/BillsTexts/RSBillTexts/Asintroduced/49e214202551308PM.pdf?source=legislation
932,2447,VI,"The Sustainable Fashion (Promotion and Regulation) Bill, 2025",Rajya Sabha,2025-02-07,TEXTILES,Sujeet Kumar Shri,Financial Bill,,,,,Pending,https://sansad.in/getFile/BillsTexts/RSBillTexts/Asintroduced/47e214202551230PM.pdf?source=legislation
933,2447,IV,"The Antiquities and Art Treasures (Amendment) Bill, 2023",Rajya Sabha,2023-12-08,CULTURE,Sujeet Kumar Shri,Ordinary Bill,,,,,Removed,https://sansad.in/getFile/BillsTexts/RSBillTexts/Asintroduced/antiquities-E11219202340601PM.pdf?source=legislation
934,2447,V,"The Indian Penal Code (Amendment) Bill, 2023 (insertion of sections 24A, 300A and 302A)",Rajya Sabha,2023-12-08,HOME AFFAIRS,Sujeet Kumar Shri,Ordinary Bill,,,,,Lapsed,https://sansad.in/getFile/BillsTexts/RSBillTexts/Asintroduced/IPC insert 24A Sujeet-E1219202362249PM.pdf?source=legislation
935,2447,VI,"The Central Educational Institutions (Reservation in Admission) Amendment Bill, 2023",Rajya Sabha,2023-12-08,EDUCATION,Sujeet Kumar Shri,Ordinary Bill,,,,,Removed,https://sansad.in/getFile/BillsTexts/RSBillTexts/Asintroduced/central education-E (Final)1219202340746PM.pdf?source=legislation
936,2447,LXXXIII,"The Net Zero Emissions Bill, 2022.",Rajya Sabha,2022-12-09,ENVIRONMENT AND FORESTS,Sujeet Kumar Shri,Ordinary Bill,,,,,Removed,https://sansad.in/getFile/BillsTexts/RSBillTexts/Asintroduced/26 E 258 Session1213202280727PM.pdf?source=legislation
937,2447,LXXXIV,"The Code of Criminal Procedure (Amendment) Bill, 2022.",Rajya Sabha,2022-12-09,HOME AFFAIRS,Sujeet Kumar Shri,Ordinary Bill,,,,,Lapsed,https://sansad.in/getFile/BillsTexts/RSBillTexts/Asintroduced/25 E 258 Session1213202280644PM.pdf?source=legislation
938,2447,XC,"The Prevention and Prohibition of Witch-Branding and Witch-Hunting and Other Harmful Practices Bill, 2022.",Rajya Sabha,2022-12-09,WOMEN AND CHILD DEVELOPMENT,Sujeet Kumar Shri,Ordinary Bill,,,,,Removed,https://sansad.in/getFile/BillsTexts/RSBillTexts/Asintroduced/24 E 258 Session1213202280605PM.pdf?source=legislation
939,2447,LV,"The Cigarettes and Other Tobacco Products (Prohibition of Advertisement and Regulation of Trade and Commerce, Production, Supply and Distribution) (Amendment) Bill, 2022",Rajya Sabha,2022-08-05,HEALTH AND FAMILY WELFARE,Sujeet Kumar Shri,Ordinary Bill,,,,,Removed,https://sansad.in/getFile/BillsTexts/RSBillTexts/Asintroduced/17-E_257.pdf?source=legislation
940,2447,XIX,"The Legislation and Expenditure Accountability Bill, 2022",Rajya Sabha,2022-04-01,LAW AND JUSTICE,Sujeet Kumar Shri,Ordinary Bill,,,,,Removed,https://sansad.in/getFile/BillsTexts/RSBillTexts/Asintroduced/16-E_256.pdf?source=legislation
941,2053,XXVI,"The Prevention of Dreadful Superstitious Practices Bill, 2011",Rajya Sabha,2011-08-19,HOME AFFAIRS,Janardhan Waghmare Dr.,Ordinary Bill,,,,,Lapsed,https://sansad.in/getFile/BillsTexts/RSBillTexts/Asintroduced/supersti.pdf?source=legislation
942,2053,XXVII,"The Prohibition and Eradication of Ragging Bill, 2011",Rajya Sabha,2011-08-19,HUMAN RESOURCE  DEVELOPMENT,Janardhan Waghmare Dr.,Ordinary Bill,,,,,Withdrawn,https://sansad.in/getFile/BillsTexts/RSBillTexts/Asintroduced/raggng.pdf?source=legislation
943,2053,LII,"The Compulsory Pre-Marital HIV Test and Other Measures Bill, 2010",Rajya Sabha,2010-08-27,HEALTH AND FAMILY WELFARE,Janardhan Waghmare Dr.,Ordinary Bill,,,,,Lapsed,https://sansad.in/getFile/BillsTexts/RSBillTexts/Asintroduced/hiv LII 10.pdf?source=legislation
944,510,IX,"The Orphanages and other charibable Homes (Supervision and Control) Bill, 1959.",Rajya Sabha,1959-08-05,,Kailash Bihari Lall Shri,Ordinary Bill,1960-03-18,1960-02-19,,10 /1960,Assented,
945,510,V,"The Orphenage and Widows Homes Bill, 1956",Rajya Sabha,1956-05-11,,Kailash Bihari Lall Shri,Ordinary Bill,,,,,Withdrawn,
946,510,I,"The Orphenages and Widows Homes Bill, 1955",Rajya Sabha,1955-03-11,,Kailash Bihari Lall Shri,Ordinary Bill,,,,,Withdrawn,
947,510,XVI,"The Orphanages and Widows Homes Bill, 1954",Rajya Sabha,1954-12-03,,Kailash Bihari Lall Shri,Ordinary Bill,,,,,Lapsed,
948,1676,XIV,"The Hindu Childless Widows Rights to Property Bill, 1953",Rajya Sabha,1953-09-04,,Radha Kumud Mookerjee Dr.,Ordinary Bill,,,,,Withdrawn,
949,511,LII,"The Foreign Propaganda in India (Regulation and compol) Bill,1974.",Rajya Sabha,1974-12-13,HOME AFFAIRS,Lakshmi Kumari Chundawat Smt.,Ordinary Bill,,,,,,
950,511,XLIII,"The Compulsory Technical Taaining to student Bill,1974.",Rajya Sabha,1974-11-22,,Lakshmi Kumari Chundawat Smt.,Ordinary Bill,,,,,,
951,511,XXI,"The Retired service men Re-employment Bill, 1974.",Rajya Sabha,1974-08-16,DEFENCE,Lakshmi Kumari Chundawat Smt.,Ordinary Bill,,,,,Withdrawn,
952,511,XXIII,"The Factories (Amendment) Bill, 1972",Rajya Sabha,1972-08-11,,Lakshmi Kumari Chundawat Smt.,Ordinary Bill,,,,,Withdrawn,
953,1677,XXXVIII,"The Foreign Exchange Regulation (Amendment) Bill, 1990",Rajya Sabha,1990-08-17,,Kamal Morarka Shri,Ordinary Bill,,,,,Lapsed,
954,92,21,"The Bogus Educational Institutions (Closure) Bill, 2001",Lok Sabha,2002-03-22,,Padamsen Chaudhary Shri,Ordinary Bill,,,,,Pending,
955,93,III,"The Representation of the People (Amendment) Bill, 2001",Rajya Sabha,2001-07-27,,Rajnath Singh 'Surya' Shri,Ordinary Bill,,,,,Lapsed,https://sansad.in/getFile/BillsTexts/RSBillTexts/Asintroduced/III_2001.pdf?source=legislation
956,93,IV,"The Indian Penal Code (Amendment) Bill, 2001",Rajya Sabha,2001-07-27,HOME AFFAIRS,Rajnath Singh 'Surya' Shri,Ordinary Bill,,,,,Lapsed,https://sansad.in/getFile/BillsTexts/RSBillTexts/Asintroduced/IV_2001.pdf?source=legislation
957,93,XL,"The Constitution (Amendment) Bill, 1999 (to amend articles 174).",Rajya Sabha,2000-07-28,,Rajnath Singh 'Surya' Shri,Ordinary Bill,,,,,Lapsed,https://sansad.in/getFile/BillsTexts/RSBillTexts/Asintroduced/XL_1999.pdf?source=legislation
958,93,XXXIX,"The Constitution (Amendment) Bill, 1999 (to amend articles 1 and 85)",Rajya Sabha,2000-07-28,,Rajnath Singh 'Surya' Shri,Ordinary Bill,,,,,Lapsed,https://sansad.in/getFile/BillsTexts/RSBillTexts/Asintroduced/XXXIX_1999.pdf?source=legislation
959,93,XXXX,"The Constitution (Amendment) Bill, 1999 (to amend article 174)",Rajya Sabha,2000-07-28,,Rajnath Singh 'Surya' Shri,Ordinary Bill,,,,,Lapsed,https://sansad.in/getFile/BillsTexts/RSBillTexts/Asintroduced/XXXX_1999.pdf?source=legislation
960,94,XVI,"The Farmers (Old Age Pension and Removal of Indebtedness) Bill, 2007",Rajya Sabha,2007-09-07,AGRICULTURE,Sushma Swaraj Smt.,Ordinary Bill,,,,,Lapsed,
961,94,XVII,"The Dalit and Tribal Girl Child (Special Educational Facilities and Welfare) Bill, 2007",Rajya Sabha,2007-09-07,WOMEN AND CHILD DEVELOPMENT,Sushma Swaraj Smt.,Ordinary Bill,,,,,Lapsed,
962,94,XVIII,"The Orphan, Exploited and Underprivileged Street Children (Care, Protection and Welfare) Bill, 2007",Rajya Sabha,2007-09-07,WOMEN AND CHILD DEVELOPMENT,Sushma Swaraj Smt.,Ordinary Bill,,,,,Lapsed,
963,94,LXXXI,"The Basic and Primary Education (Compulsory Imparting in Mother Tongue) Bill, 2006",Rajya Sabha,2006-12-08,HUMAN RESOURCE  DEVELOPMENT,Sushma Swaraj Smt.,Ordinary Bill,,,,,Lapsed,https://sansad.in/getFile/BillsTexts/RSBillTexts/Asintroduced/LXXXIII_ 2006.pdf?source=legislation
964,94,LXXXII,"The Working Women (Prevention of Sexual Harassment at Workplaces) Bill, 2006",Rajya Sabha,2006-12-08,WOMEN AND CHILD DEVELOPMENT,Sushma Swaraj Smt.,Ordinary Bill,,,,,Lapsed,https://sansad.in/getFile/BillsTexts/RSBillTexts/Asintroduced/LXXXII_ 2006.pdf?source=legislation
965,94,LXXXIII,"The Senior Citizens (Maintenance, Protection and Welfare) Bill, 2006",Rajya Sabha,2006-12-08,SOCIAL JUSTICE AND EMPOWERMENT,Sushma Swaraj Smt.,Ordinary Bill,,,,,Lapsed,https://sansad.in/getFile/BillsTexts/RSBillTexts/Asintroduced/LXXXIII_ 2006.pdf?source=legislation
966,94,XLV,"The Widows (Protection and Maintenance) Bill, 2006.",Rajya Sabha,2006-07-28,WOMEN AND CHILD DEVELOPMENT,Sushma Swaraj Smt.,Ordinary Bill,,,,,Lapsed,https://sansad.in/getFile/BillsTexts/RSBillTexts/Asintroduced/xlv_2006.pdf?source=legislation
967,94,XLVI,"The Girl Child (Compulsory Basic Education) Bill, 2006.",Rajya Sabha,2006-07-28,WOMEN AND CHILD DEVELOPMENT,Sushma Swaraj Smt.,Ordinary Bill,,,,,Lapsed,https://sansad.in/getFile/BillsTexts/RSBillTexts/Asintroduced/XLVI_2006.pdf?source=legislation
968,94,XLVII,"The Visually Handicapped Persons (Employment Opportunities and Miscellaneous Provisions) Bill, 2006.",Rajya Sabha,2006-07-28,SOCIAL JUSTICE AND EMPOWERMENT,Sushma Swaraj Smt.,Ordinary Bill,,,,,Lapsed,https://sansad.in/getFile/BillsTexts/RSBillTexts/Asintroduced/XLVII_2006.pdf?source=legislation
969,94,XXXII,"The Prevention of Pushing and ForcingGirl Child into Flesh Trade and Immoral Traffic Bill, 2006",Rajya Sabha,2006-05-12,HUMAN RESOURCE  DEVELOPMENT,Sushma Swaraj Smt.,Ordinary Bill,,,,,Lapsed,https://sansad.in/getFile/BillsTexts/RSBillTexts/Asintroduced/XXXII_2006.pdf?source=legislation
970,94,XXXIII,"The Prevention of Henious Crime and Barbarious Cruelty Against Women Bill, 2006",Rajya Sabha,2006-05-12,HOME AFFAIRS,Sushma Swaraj Smt.,Ordinary Bill,,,,,Lapsed,https://sansad.in/getFile/BillsTexts/RSBillTexts/Asintroduced/XXXIII_2006.pdf?source=legislation
971,94,XXXIV,"The Unorganised Labour and Agricultural Workers (Welfare) Bill, 2006",Rajya Sabha,2006-05-12,AGRICULTURE,Sushma Swaraj Smt.,Ordinary Bill,,,,,Lapsed,https://sansad.in/getFile/BillsTexts/RSBillTexts/Asintroduced/XXXIV_2006.pdf?source=legislation
972,94,VIII,"The Working Women (Prevention of Sexual Harrasment at Work Places) Bill, 2006",Rajya Sabha,2006-03-03,HUMAN RESOURCE  DEVELOPMENT,Sushma Swaraj Smt.,Ordinary Bill,,,,,Lapsed,https://sansad.in/getFile/BillsTexts/RSBillTexts/Asintroduced/VIII_2006.PDF?source=legislation
973,94,X,"The Senior Citizens (maintenance, Protection and welfare) Bill, 2006",Rajya Sabha,2006-03-03,SOCIAL JUSTICE AND EMPOWERMENT,Sushma Swaraj Smt.,Ordinary Bill,,,,,Lapsed,https://sansad.in/getFile/BillsTexts/RSBillTexts/Asintroduced/X_2006.PDF?source=legislation
974,94,XII,"The Basic and Primary Education (Compulsory Imparting in Mother Tongue) Bill, 2006",Rajya Sabha,2006-03-03,HUMAN RESOURCE  DEVELOPMENT,Sushma Swaraj Smt.,Ordinary Bill,,,,,Lapsed,https://sansad.in/getFile/BillsTexts/RSBillTexts/Asintroduced/XII_2006.PDF?source=legislation
975,94,XCIII,"The Street Regpicking and Vagabond Children (Protection of Rights, REhabilitation and Welfare) Bill, 2005",Rajya Sabha,2005-09-12,HUMAN RESOURCE  DEVELOPMENT,Sushma Swaraj Smt.,Ordinary Bill,,,,,Lapsed,
976,94,XCIX,"The Visually Handicapped Persons (Employment Opportunities andMiscellaneous Provisions) Bill, 2005",Rajya Sabha,2005-09-12,SOCIAL JUSTICE AND EMPOWERMENT,Sushma Swaraj Smt.,Ordinary Bill,,,,,Lapsed,
977,94,XCVII,"The girl Child (Compulsory Basic Education) Bill, 2005",Rajya Sabha,2005-09-12,HUMAN RESOURCE  DEVELOPMENT,Sushma Swaraj Smt.,Ordinary Bill,,,,,Lapsed,
978,94,XCVIII,"The Widows (Protection and Maintenance) Bill, 2005",Rajya Sabha,2005-09-12,HUMAN RESOURCE  DEVELOPMENT,Sushma Swaraj Smt.,Ordinary Bill,,,,,Lapsed,
979,94,XXXIX,"The Unorganised Labour and Agricultural Workers (Welfare) Bill, 2005.",Rajya Sabha,2005-07-29,,Sushma Swaraj Smt.,Ordinary Bill,,,,,Lapsed,
980,94,XXXV,"The Prevention of Pushing and Forcing Girl Child into Flesh Trade and Immoral Traffic Bill, 2005.",Rajya Sabha,2005-07-29,HUMAN RESOURCE  DEVELOPMENT,Sushma Swaraj Smt.,Ordinary Bill,,,,,Lapsed,
981,94,XXXVII,"The Prevention of Heinous Crime and Barbarous Cruelty Against Women Bill, 2005.",Rajya Sabha,2005-07-29,HOME AFFAIRS,Sushma Swaraj Smt.,Ordinary Bill,,,,,Lapsed,
982,95,123,"The Ancient Monuments and Archeological  Sites and Remains (Amendment) Bill, 2021  (Amendment of section 20I)",Lok Sabha,2022-08-05,CULTURE,Nihal Chand Chauhan Shri,Ordinary Bill,,,,,Lapsed,https://sansad.in/getFile/BillsTexts/LSBillTexts/Asintroduced/123 of 2021 AS.pdf?source=legislation
983,95,137,"The Environment (Protection) Amendment Bill, 2022 (Amendment of section 2)",Lok Sabha,2022-08-05,ENVIRONMENT AND FORESTS,Nihal Chand Chauhan Shri,Ordinary Bill,,,,,Lapsed,https://sansad.in/getFile/BillsTexts/LSBillTexts/Asintroduced/137 OF 2022 AS.pdf?source=legislation
984,95,82,"The National Population Control Commission  Bill, 2021",Lok Sabha,2022-08-05,HEALTH AND FAMILY WELFARE,Nihal Chand Chauhan Shri,Financial Bill,,,,,Lapsed,https://sansad.in/getFile/BillsTexts/LSBillTexts/Asintroduced/82 OF 2021 AS.pdf?source=legislation
985,95,11,"The Mahatma Gandhi national Rural Employment Guarantee (Amendment) Bill, 2021 (Amendment of Schedule I)",Lok Sabha,2022-02-04,RURAL DEVELOPMENT,Nihal Chand Chauhan Shri,Financial Bill,,,,,Lapsed,https://sansad.in/getFile/BillsTexts/LSBillTexts/Asintroduced/11 of 2021  AS INTRO.pdf?source=legislation
986,95,51,"The National Crop Insurance Commission Bill, 2020",Lok Sabha,2022-02-04,AGRICULTURE & FARMERS WELFARE,Nihal Chand Chauhan Shri,Financial Bill,,,,,Lapsed,https://sansad.in/getFile/BillsTexts/LSBillTexts/Asintroduced/51 of 2020  As.pdf?source=legislation
987,95,54,"The Right of Children to Free and Compulsory Education (Amendment) Bill, 2020 (Insertion of new section 6A)",Lok Sabha,2022-02-04,EDUCATION,Nihal Chand Chauhan Shri,Financial Bill,,,,,Lapsed,https://sansad.in/getFile/BillsTexts/LSBillTexts/Asintroduced/54 of 2020AS INTRO.pdf?source=legislation
988,95,106,"The National Malnutrition Policy Commission Bill, 2019.",Lok Sabha,2019-07-12,HEALTH AND FAMILY WELFARE,Nihal Chand Chauhan Shri,Financial Bill,,,,,Lapsed,https://sansad.in/getFile/BillsTexts/LSBillTexts/Asintroduced/490LS As Int....pdf?source=legislation
989,95,107,"The National Agricultural Policy Commission Bill, 2019.",Lok Sabha,2019-07-12,AGRICULTURE,Nihal Chand Chauhan Shri,Financial Bill,,,,,Lapsed,https://sansad.in/getFile/BillsTexts/LSBillTexts/Asintroduced/491LS As Int....pdf?source=legislation
990,95,119,"The National Sports Development Commission Bill, 2019.",Lok Sabha,2019-07-12,YOUTH AFFAIRS AND SPORTS,Nihal Chand Chauhan Shri,Financial Bill,,,,,Lapsed,https://sansad.in/getFile/BillsTexts/LSBillTexts/Asintroduced/502LS As Int....pdf?source=legislation
991,95,163,"The National Agricultural Policy Commission Bill, 2018",Lok Sabha,2018-12-28,AGRICULTURE,Nihal Chand Chauhan Shri,Financial Bill,,,,,Lapsed,https://sansad.in/getFile/BillsTexts/LSBillTexts/Asintroduced/1840LS AS INTRO.pdf?source=legislation
992,95,221,"The National Sports Development Commission Bill, 2018",Lok Sabha,2018-12-28,YOUTH AFFAIRS AND SPORTS,Nihal Chand Chauhan Shri,Financial Bill,,,,,Lapsed,https://sansad.in/getFile/BillsTexts/LSBillTexts/Asintroduced/2520as.pdf?source=legislation
993,95,228,"The National Malnutrition Policy Commission Bill, 2018",Lok Sabha,2018-12-28,HEALTH AND FAMILY WELFARE,Nihal Chand Chauhan Shri,Financial Bill,,,,,Lapsed,https://sansad.in/getFile/BillsTexts/LSBillTexts/Asintroduced/2517as.pdf?source=legislation
994,1298,LXIX,"The Compulsory Addition of Fruit Juices in Aereated Waters Bill,1993",Rajya Sabha,1993-08-27,FOOD PROCESSING INDUSTRIES,Maheshwar Naik Shri,Ordinary Bill,,,,,Lapsed,
995,1298,LVII,"The Constitution ( Amendment) Bill,1992 ( to amend the Eighth Schedule)",Rajya Sabha,1992-07-08,HOME AFFAIRS,Maheshwar Naik Shri,Ordinary Bill,,,,,Lapsed,
996,96,I,"The Government of Union Territories (Amendmnet) Bill, 2002",Rajya Sabha,2002-10-05,HOME AFFAIRS,C.P. Thirunavukkarasu Shri,Ordinary Bill,,,,,Lapsed,https://sansad.in/getFile/BillsTexts/RSBillTexts/Asintroduced/I_2002.pdf?source=legislation
997,96,III,"The Constitution ( Amendment) Bill, 2002 ( To amend article 174)",Rajya Sabha,2002-10-05,PARLIAMENTARY  AFFAIRS,C.P. Thirunavukkarasu Shri,Ordinary Bill,,,,,Lapsed,
998,96,XX,"The High Court of Madras (Establishment of a Permanent Bench at Pondicherry) Bill, 2002",Rajya Sabha,2002-10-05,,C.P. Thirunavukkarasu Shri,Ordinary Bill,,,,,Lapsed,https://sansad.in/getFile/BillsTexts/RSBillTexts/Asintroduced/XX_2002.pdf?source=legislation
999,96,XXXV,"The Compulsory Voting Bill, 2001",Rajya Sabha,2001-07-27,,C.P. Thirunavukkarasu Shri,Ordinary Bill,,,,,Lapsed,https://sansad.in/getFile/BillsTexts/RSBillTexts/Asintroduced/XXXV_2001.pdf?source=legislation
1000,96,II,"The Code of Criminal Procedure Bill, 2000",Rajya Sabha,2000-04-28,HOME AFFAIRS,C.P. Thirunavukkarasu Shri,Ordinary Bill,,,,,Withdrawn,https://sansad.in/getFile/BillsTexts/RSBillTexts/Asintroduced/II_2000.pdf?source=legislation
1001,2454,LXXII,"The Constitution (Amendment) Bill, 2022 (amendment of articles 124,127,128 etc. substitution of articles 124A,124B and 124C)",Rajya Sabha,2022-12-09,LAW AND JUSTICE,Bikash Ranjan Bhattacharyya Shri,Constitutional Amendment Bill,,,,,Pending,https://sansad.in/getFile/BillsTexts/RSBillTexts/Asintroduced/Constitution Bikash Ranjan E12132022124500PM.pdf?source=legislation
1002,2454,LXXXVI,"The National Judicial Commission Bill, 2022",Rajya Sabha,2022-12-09,LAW AND JUSTICE,Bikash Ranjan Bhattacharyya Shri,Financial Bill,,,,,Pending,https://sansad.in/getFile/BillsTexts/RSBillTexts/Asintroduced/1809RS- the National Judicial-E211202511740PM.pdf?source=legislation
1003,2455,LXIX,"The Artificial Intelligence (Protection of Rights of Employees) Bill, 2023",Rajya Sabha,2025-02-07,ELECTRONICS AND INFORMATION TECHNOLOGY,Mausam B Noor Smt.,Financial Bill,,,,,Removed,https://sansad.in/getFile/BillsTexts/RSBillTexts/Asintroduced/1e214202543523PM.pdf?source=legislation
1004,2455,LXX,"The Deepfake Prevention and Criminalisation Bill, 2023",Rajya Sabha,2025-02-07,ELECTRONICS AND INFORMATION TECHNOLOGY,Mausam B Noor Smt.,Financial Bill,,,,,Removed,https://sansad.in/getFile/BillsTexts/RSBillTexts/Asintroduced/2e214202543549PM.pdf?source=legislation
1005,2455,LXXIX,"The Constitution (Amendment) Bill, 2024 (amendment of article 368)",Rajya Sabha,2025-02-07,LAW AND JUSTICE,Mausam B Noor Smt.,Constitutional Amendment Bill,,,,,Removed,https://sansad.in/getFile/BillsTexts/RSBillTexts/Asintroduced/3e214202543621PM.pdf?source=legislation
1006,97,31,"The Special Financial Assistance to the State of West Bengal Bill, 2019",Lok Sabha,2021-12-03,FINANCE,Adhir Ranjan Chowdhury Shri,Financial Bill,,,,,Lapsed,https://sansad.in/getFile/BillsTexts/LSBillTexts/Asintroduced/31 of 2019 as.pdf?source=legislation
1007,97,30,"The Prevention of Female Infanticide Bill, 2019",Lok Sabha,2019-06-21,WOMEN AND CHILD DEVELOPMENT,Adhir Ranjan Chowdhury Shri,Ordinary Bill,,,,,Lapsed,https://sansad.in/getFile/BillsTexts/LSBillTexts/Asintroduced/326LS As Int....pdf?source=legislation
1008,97,35,"The Prohibition and Eradication of Ragging Bill, 2019",Lok Sabha,2019-06-21,HUMAN RESOURCE  DEVELOPMENT,Adhir Ranjan Chowdhury Shri,Ordinary Bill,,,,,Lapsed,https://sansad.in/getFile/BillsTexts/LSBillTexts/Asintroduced/325LS As Int....pdf?source=legislation
1009,97,45,"The Old Age Pension and Rehabilitation Bill, 2019",Lok Sabha,2019-06-21,SOCIAL JUSTICE AND EMPOWERMENT,Adhir Ranjan Chowdhury Shri,Financial Bill,,,,,Lapsed,https://sansad.in/getFile/BillsTexts/LSBillTexts/Asintroduced/323LS As Int....pdf?source=legislation
1010,97,46,"The Agricultural Workers (Employment Conditions of Service and Welfare) Bill, 2019",Lok Sabha,2019-06-21,LABOUR,Adhir Ranjan Chowdhury Shri,Financial Bill,,,,,Lapsed,https://sansad.in/getFile/BillsTexts/LSBillTexts/Asintroduced/322LS As Int....pdf?source=legislation
1011,97,142,"The Prohibition and Eradication of Ragging Bill, 2016",Lok Sabha,2016-08-05,HUMAN RESOURCE  DEVELOPMENT,Adhir Ranjan Chowdhury Shri,Ordinary Bill,,,,,Lapsed,https://sansad.in/getFile/BillsTexts/LSBillTexts/Asintroduced/5314LS.pdf?source=legislation
1012,97,106,"The Special Financial Assistance to the State of West Bengal Bill, 2014.",Lok Sabha,2014-11-28,FINANCE,Adhir Ranjan Chowdhury Shri,Financial Bill,,,,,Lapsed,https://sansad.in/getFile/BillsTexts/LSBillTexts/Asintroduced/2383LS.pdf?source=legislation
1013,97,107,"The Old Age Pension and Rehabilitation Bill, 2014.",Lok Sabha,2014-11-28,SOCIAL JUSTICE AND EMPOWERMENT,Adhir Ranjan Chowdhury Shri,Financial Bill,,,,,Lapsed,https://sansad.in/getFile/BillsTexts/LSBillTexts/Asintroduced/2462LS.pdf?source=legislation
1014,97,108,"The Prevention of Female Infanticide Bill, 2014.",Lok Sabha,2014-11-28,WOMEN AND CHILD DEVELOPMENT,Adhir Ranjan Chowdhury Shri,Ordinary Bill,,,,,Lapsed,https://sansad.in/getFile/BillsTexts/LSBillTexts/Asintroduced/2472LS.pdf?source=legislation
1015,97,109,"The Agricultural Workers (Employment, Conditions of Service and Welfare) Bill, 2014.",Lok Sabha,2014-11-28,LABOUR  AND  EMPLOYMENT,Adhir Ranjan Chowdhury Shri,Financial Bill,,,,,Lapsed,https://sansad.in/getFile/BillsTexts/LSBillTexts/Asintroduced/2564LS.pdf?source=legislation
1016,97,67,"The Petrol Pump Workers (Welfare) Bill, 2012.",Lok Sabha,2012-08-09,PETROLEUM  AND  NATURAL  GAS,Adhir Ranjan Chowdhury Shri,Financial Bill,,,,,Removed,https://sansad.in/getFile/BillsTexts/LSBillTexts/Asintroduced/1402LS.pdf?source=legislation
1017,97,18,"The Computer Training Centres (Regulation) Bill, 2012.",Lok Sabha,2012-04-27,COMMUNICATIONS AND INFORMATION TECHNOLOGY,Adhir Ranjan Chowdhury Shri,Ordinary Bill,,,,,Removed,https://sansad.in/getFile/BillsTexts/LSBillTexts/Asintroduced/4189LS.pdf?source=legislation
1018,97,94,"The  Fishermen (Welfare) Bill, 2011.",Lok Sabha,2012-04-27,AGRICULTURE,Adhir Ranjan Chowdhury Shri,Financial Bill,,,,,Removed,https://sansad.in/getFile/BillsTexts/LSBillTexts/Asintroduced/2434LS.pdf?source=legislation
1019,97,31,"The Compulsory Military Training Bill, 2011.",Lok Sabha,2011-08-19,DEFENCE,Adhir Ranjan Chowdhury Shri,Financial Bill,,,,,Removed,https://sansad.in/getFile/BillsTexts/LSBillTexts/Asintroduced/585LS.pdf?source=legislation
1020,97,32,"The Nationalisation of Inter-State Rivers Bill, 2011.",Lok Sabha,2011-08-19,WATER RESOURCES,Adhir Ranjan Chowdhury Shri,Financial Bill,,,,,Removed,https://sansad.in/getFile/BillsTexts/LSBillTexts/Asintroduced/587LS.pdf?source=legislation
1021,97,4,"The National Commission for Youth Bill, 2011.",Lok Sabha,2011-03-11,YOUTH AFFAIRS AND SPORTS,Adhir Ranjan Chowdhury Shri,Financial Bill,,,,,Removed,https://sansad.in/getFile/BillsTexts/LSBillTexts/Asintroduced/6222ls.pdf?source=legislation
1022,97,117,"The Indian Penal Code (Amendment) Bill, 2010 (Amendment of section 304A, etc.) .",Lok Sabha,2011-02-25,HOME AFFAIRS,Adhir Ranjan Chowdhury Shri,Ordinary Bill,,,,,Removed,https://sansad.in/getFile/BillsTexts/LSBillTexts/Asintroduced/4549ls.pdf?source=legislation
1023,97,119,"The Treatment of Attempt to Suicide as a Non-Punishable Offence  Bill, 2010.",Lok Sabha,2011-02-25,HOME AFFAIRS,Adhir Ranjan Chowdhury Shri,Financial Bill,,,,,Removed,https://sansad.in/getFile/BillsTexts/LSBillTexts/Asintroduced/4542LS.pdf?source=legislation
1024,97,126,"The Coffee Growers Welfare Bill, 2010.",Lok Sabha,2011-02-25,COMMERCE AND INDUSTRY,Adhir Ranjan Chowdhury Shri,Financial Bill,,,,,Removed,https://sansad.in/getFile/BillsTexts/LSBillTexts/Asintroduced/4949LS.pdf?source=legislation
1025,97,82,"The High Court at Calcutta (Establishment of a Permanent Bench at Murshidabad) Bill, 2010",Lok Sabha,2010-08-13,LAW AND JUSTICE,Adhir Ranjan Chowdhury Shri,Ordinary Bill,,,,,Removed,https://sansad.in/getFile/BillsTexts/LSBillTexts/Asintroduced/3266LS.pdf?source=legislation
1026,97,83,"The Special Financial Assistance to the State of West Bengal Bill, 2010",Lok Sabha,2010-08-13,FINANCE,Adhir Ranjan Chowdhury Shri,Financial Bill,,,,,Removed,https://sansad.in/getFile/BillsTexts/LSBillTexts/Asintroduced/3267LS.pdf?source=legislation
1027,97,31,"The Abolition of Child Labour Bill, 2010",Lok Sabha,2010-04-30,LABOUR  AND  EMPLOYMENT,Adhir Ranjan Chowdhury Shri,Financial Bill,,,,,Removed,https://sansad.in/getFile/BillsTexts/LSBillTexts/Asintroduced/1001ls.pdf?source=legislation
1028,97,37,"The Indian Penal Code (Amendment) Bill, 2010 (Insertion of new section 335A)",Lok Sabha,2010-04-30,HOME AFFAIRS,Adhir Ranjan Chowdhury Shri,Ordinary Bill,,,,,Removed,https://sansad.in/getFile/BillsTexts/LSBillTexts/Asintroduced/1127LS.pdf?source=legislation
1029,97,95,"The Child Welfare Bill, 2009",Lok Sabha,2009-12-04,WOMEN AND CHILD DEVELOPMENT,Adhir Ranjan Chowdhury Shri,Financial Bill,,,,,Removed,https://sansad.in/getFile/BillsTexts/LSBillTexts/Asintroduced/4404ls.pdf?source=legislation
1030,97,96,"The  Abolition of Death Penalty to Women, Children and Indigent Persons Bill, 2009",Lok Sabha,2009-12-04,HOME AFFAIRS,Adhir Ranjan Chowdhury Shri,Ordinary Bill,,,,,Removed,https://sansad.in/getFile/BillsTexts/LSBillTexts/Asintroduced/4403LS.pdf?source=legislation
1031,97,40,"The  Old Age Pension and Rehabilitation Bill, 2009",Lok Sabha,2009-07-31,SOCIAL JUSTICE AND EMPOWERMENT,Adhir Ranjan Chowdhury Shri,Financial Bill,,,,,Removed,https://sansad.in/getFile/BillsTexts/LSBillTexts/Asintroduced/2503ls-1.pdf?source=legislation
1032,97,28,"The Prevention of Female Infanticide Bill, 2009",Lok Sabha,2009-07-17,HEALTH AND FAMILY WELFARE,Adhir Ranjan Chowdhury Shri,Ordinary Bill,,,,,Removed,https://sansad.in/getFile/BillsTexts/LSBillTexts/Asintroduced/2295ls-8.pdf?source=legislation
1033,97,30,"The Agricultural Workers (Employment, Conditions of Service and Welfare) Bill, 2009",Lok Sabha,2009-07-17,LABOUR  AND  EMPLOYMENT,Adhir Ranjan Chowdhury Shri,Financial Bill,,,,,Removed,https://sansad.in/getFile/BillsTexts/LSBillTexts/Asintroduced/2319ls-7.pdf?source=legislation
1034,97,2,"The Constitution (Scheduled Castes) Order (Amendment) Bill, 2001 (Amendment of the Schedule)",Lok Sabha,2001-10-08,SOCIAL JUSTICE AND EMPOWERMENT,Adhir Ranjan Chowdhury Shri,Ordinary Bill,,,,,Pending,https://sansad.in/getFile/BillsTexts/LSBillTexts/Asintroduced/6179LS.pdf?source=legislation
1035,2066,LVIII,"The Clinical Establishments (Registration and Regulation) Amendment Bill, 2016",Rajya Sabha,2017-02-03,HEALTH AND FAMILY WELFARE,Mohd. Ali Khan Shri,Ordinary Bill,,,,,Lapsed,https://sansad.in/getFile/BillsTexts/RSBillTexts/Asintroduced/clincal-E-3217.pdf?source=legislation
1036,100,52,"The Constitution (Amendment) Bill, 2002 (Amendment of articles 124 and 216)",Lok Sabha,2002-11-22,,Renuka Chowdhury Smt.,Constitutional Amendment Bill,,,,,Pending,https://sansad.in/getFile/BillsTexts/LSBillTexts/Asintroduced/1928LS.pdf?source=legislation
1037,100,58,"The Indian Penal Code (Amendment) Bill, 2002 (Amendment of section 304, etc.)",Lok Sabha,2002-11-22,HOME AFFAIRS,Renuka Chowdhury Smt.,Ordinary Bill,,,,,Pending,https://sansad.in/getFile/BillsTexts/LSBillTexts/Asintroduced/2160LS.pdf?source=legislation
1038,100,91,"The Constitution (Amendment) Bill, 2001 (Amendment of article 16)",Lok Sabha,2002-11-22,"PERSONNEL,  PUBLIC  GRIEVANCES  AND  PENSIONS",Renuka Chowdhury Smt.,Constitutional Amendment Bill,,,,,Pending,
1039,100,187,"The  Street Children  (Protection  of Rights) Bill, 2000",Lok Sabha,2001-10-08,SOCIAL JUSTICE AND EMPOWERMENT,Renuka Chowdhury Smt.,Financial Bill,,,,,Lapsed,https://sansad.in/getFile/BillsTexts/LSBillTexts/Asintroduced/4868LS.pdf?source=legislation
1040,100,219,"The Women and Girls (Protection of Property Rights) Bill, 2000",Lok Sabha,2001-10-08,,Renuka Chowdhury Smt.,Ordinary Bill,,,,,Lapsed,https://sansad.in/getFile/BillsTexts/LSBillTexts/Asintroduced/5349LS.pdf?source=legislation
1041,100,55,"The Women (Reservaton in Service) Bill, 2001",Lok Sabha,2001-10-08,"PERSONNEL,  PUBLIC  GRIEVANCES  AND  PENSIONS",Renuka Chowdhury Smt.,Ordinary Bill,,,,,Pending,https://sansad.in/getFile/BillsTexts/LSBillTexts/Asintroduced/956LS.pdf?source=legislation
1042,100,6,"The Prevention of Sexual Abuse of women at Work-Place Bill, 2001",Lok Sabha,2001-10-08,HOME AFFAIRS,Renuka Chowdhury Smt.,Financial Bill,,,,,Pending,https://sansad.in/getFile/BillsTexts/LSBillTexts/Asintroduced/6353LS.pdf?source=legislation
1043,2458,XLVI,"The Water Bodies (Protection, Revival and Sustainable Development) Bill, 2025",Rajya Sabha,2025-12-05,JAL SHAKTI,A. D. Singh Shri,Financial Bill,,,,,Pending,https://sansad.in/getFile/BillsTexts/RSBillTexts/Asintroduced/331211202550304PM.pdf?source=legislation
1044,2458,XXIV,"The Prohibition of Child Marriage (Amendment) Bill, 2025",Rajya Sabha,2025-12-05,WOMEN AND CHILD DEVELOPMENT,A. D. Singh Shri,Ordinary Bill,,,,,Pending,https://sansad.in/getFile/BillsTexts/RSBillTexts/Asintroduced/341211202550316PM.pdf?source=legislation
1045,2458,XXXIII,"The Constitution (Amendment) Bill, 2025 (insertion of new article 21B)",Rajya Sabha,2025-12-05,ELECTRONICS AND INFORMATION TECHNOLOGY,A. D. Singh Shri,Constitutional Amendment Bill,,,,,Pending,https://sansad.in/getFile/BillsTexts/RSBillTexts/Asintroduced/351211202550328PM.pdf?source=legislation
1046,2458,I,The Constitution (Amendment) Bill 2025 (amendment of article 293),Rajya Sabha,2025-02-07,FINANCE,A. D. Singh Shri,Constitutional Amendment Bill,,,,,Pending,https://sansad.in/getFile/BillsTexts/RSBillTexts/Asintroduced/33e214202550813PM.pdf?source=legislation
1047,2458,LXIX,"The Makhana (Fox Nut) Industry (Promotion and Development) Bill, 2024",Rajya Sabha,2025-02-07,COMMERCE AND INDUSTRY,A. D. Singh Shri,Financial Bill,,,,,Pending,https://sansad.in/getFile/BillsTexts/RSBillTexts/Asintroduced/32e214202550524PM.pdf?source=legislation
1048,2458,XXVII,"The Bharatiya Nyaya Sanhita (Amendment) Bill, 2024.",Rajya Sabha,2024-07-26,HOME AFFAIRS,A. D. Singh Shri,Ordinary Bill,,,,,Pending,https://sansad.in/getFile/BillsTexts/RSBillTexts/Asintroduced/7-BNS_AD SIngh-E731202482858PM.pdf?source=legislation
1049,2458,XXVIII,"The Traditional Handloom Silk Weavers (Protection and Welfare) Bill, 2024.",Rajya Sabha,2024-07-26,TEXTILES,A. D. Singh Shri,Financial Bill,,,,,Pending,https://sansad.in/getFile/BillsTexts/RSBillTexts/Asintroduced/silk weavers-Eng-Shri AD Singh816202424838PM.pdf?source=legislation
1050,2458,XXX,"The Constitution (Amendment) Bill, 2024 (amendment of articles 124, 148, 319 and 324 and insertion of new articles 220A and 309A)",Rajya Sabha,2024-07-26,LAW AND JUSTICE,A. D. Singh Shri,Constitutional Amendment Bill,,,,,Pending,https://sansad.in/getFile/BillsTexts/RSBillTexts/Asintroduced/9-const-article 124  A Dsingh-E731202483024PM.pdf?source=legislation
1051,2458,VI,"The Representation of the People (Amendment) Bill, 2024 (amendment of sections 86 and 116A)",Rajya Sabha,2024-02-02,LAW AND JUSTICE,A. D. Singh Shri,Ordinary Bill,,,,,Pending,https://sansad.in/getFile/BillsTexts/RSBillTexts/Asintroduced/22_ RoP_ADsingh-E29202471716PM.pdf?source=legislation
1052,2458,LII,"The Indian Penal Code (Amendment) Bill, 2023 (insertion of new Section 377A)",Rajya Sabha,2023-12-08,HOME AFFAIRS,A. D. Singh Shri,Ordinary Bill,,,,,Lapsed,https://sansad.in/getFile/BillsTexts/RSBillTexts/Asintroduced/IPC 377AD Singh-E1219202343051PM.pdf?source=legislation
1053,2458,XLVII,"The Special Financial Assistance to the State of Bihar Bill, 2023",Rajya Sabha,2023-12-08,FINANCE,A. D. Singh Shri,Financial Bill,,,,,Pending,https://sansad.in/getFile/BillsTexts/RSBillTexts/Asintroduced/financial assistance BiharAD-E1219202364752PM.pdf?source=legislation
1054,2458,XLVIII,"The Constitution (Amendment) Bill, 2023 (amendment of articles 111, 200 and 201)",Rajya Sabha,2023-12-08,LAW AND JUSTICE,A. D. Singh Shri,Constitutional Amendment Bill,,,,,Pending,https://sansad.in/getFile/BillsTexts/RSBillTexts/Asintroduced/const111_200_AD-E1219202364848PM.pdf?source=legislation
1055,2068,XXIV,"The Constitution (Amendment) Bill, 2019 (substitution of article 282)",Rajya Sabha,2019-07-26,FINANCE,K.V.P. Ramachandra Rao Dr.,Ordinary Bill,,,,,Lapsed,https://sansad.in/getFile/BillsTexts/RSBillTexts/Asintroduced/282-E-26 7 19.pdf?source=legislation
1056,2068,XXV,"The Representation of the People (Amendment) Bill, 2019",Rajya Sabha,2019-07-26,LAW AND JUSTICE,K.V.P. Ramachandra Rao Dr.,Ordinary Bill,,,,,Lapsed,https://sansad.in/getFile/BillsTexts/RSBillTexts/Asintroduced/RP-E- 26 7 19.pdf?source=legislation
1057,2068,XII,"The Contempt of Courts (Amendment) Bill, 2018",Rajya Sabha,2018-07-20,LAW AND JUSTICE,K.V.P. Ramachandra Rao Dr.,Ordinary Bill,,,,,Lapsed,https://sansad.in/getFile/BillsTexts/RSBillTexts/Asintroduced/contempt-E-20718.pdf?source=legislation
1058,2068,XXIII,"The Constitution (Amendment) Bill, 2017 (amendment of articles 75 and 164)",Rajya Sabha,2017-08-04,LAW AND JUSTICE,K.V.P. Ramachandra Rao Dr.,Ordinary Bill,,,,,Lapsed,https://sansad.in/getFile/BillsTexts/RSBillTexts/Asintroduced/75-4817-E.pdf?source=legislation
1059,2068,V,"The Constitution (Amendment) Bill, 2017 (insertion of new articles 121A and 211A)",Rajya Sabha,2017-03-10,PARLIAMENTARY  AFFAIRS,K.V.P. Ramachandra Rao Dr.,Ordinary Bill,,,,,Lapsed,https://sansad.in/getFile/BillsTexts/RSBillTexts/Asintroduced/121A- 10317-E.pdf?source=legislation
1060,2068,LVI,"The Constitution (Amendment) Bill, 2016 (amendment of articles 109,117, 198 and 207)",Rajya Sabha,2017-02-03,FINANCE,K.V.P. Ramachandra Rao Dr.,Ordinary Bill,,,,,Lapsed,https://sansad.in/getFile/BillsTexts/RSBillTexts/Asintroduced/109-E-3217.pdf?source=legislation
1061,2068,XXXVIII,"The Andhra Pradesh Reorganisation (Amendment) Bill, 2015",Rajya Sabha,2015-08-07,HOME AFFAIRS,K.V.P. Ramachandra Rao Dr.,Ordinary Bill,,,,,Removed,https://sansad.in/getFile/BillsTexts/RSBillTexts/Asintroduced/Andhr-E-Krao.pdf?source=legislation
1062,1304,XXVI,"The Compulsory Voting Bill,2002.",Rajya Sabha,2002-05-17,,T. Chandrasekhar Reddy Shri,Ordinary Bill,,,,,Lapsed,https://sansad.in/getFile/BillsTexts/RSBillTexts/Asintroduced/XXVI_2002.pdf?source=legislation
1063,1687,VIII,"The Citizenship (Amendment) Bill,1980",Rajya Sabha,1980-07-25,,Purabi Mukhopadhyay Smt.,Ordinary Bill,,,,,,
1064,102,XXI,"The Compulsory Registration of Marriages Bill, 2006",Rajya Sabha,2006-03-14,,Vanga Geetha Smt.,Ordinary Bill,,,,,Lapsed,https://sansad.in/getFile/BillsTexts/RSBillTexts/Asintroduced/XXI_2006.PDF?source=legislation
1065,102,XXIII,"The Prevention of Atrocities on Women and Children Bill, 2006",Rajya Sabha,2006-03-14,,Vanga Geetha Smt.,Ordinary Bill,,,,,Lapsed,https://sansad.in/getFile/BillsTexts/RSBillTexts/Asintroduced/XXIII_2006.PDF?source=legislation
1066,102,LXXVI,"The Camera Phones (Prevention of Use at Public Places) and Miscellaneous Provisions Bill, 2005.",Rajya Sabha,2005-08-25,,Vanga Geetha Smt.,Ordinary Bill,,,,,Lapsed,
1067,1688,XXX II,"The code of Criminal procedure (Amendment)Bill,1972 (to amend Section 421)",Rajya Sabha,1972-08-12,HOME AFFAIRS,Anand Narain Mulla Shri,Ordinary Bill,,,,,Withdrawn,
1068,1688,XXI,"The Indian Penal Code (Amendment) Bill, 1972",Rajya Sabha,1972-08-11,HOME AFFAIRS,Anand Narain Mulla Shri,Ordinary Bill,,,,,Withdrawn,
1069,103,II,"The Dwellers of Slums and Jhuggi Clusters (Welfare and Basic Amenities) Bill, 2008",Rajya Sabha,2008-12-19,HOUSING AND URBAN POVERTY ALLEVIATION,A. Vijayaraghavan Shri,Ordinary Bill,,,,,Lapsed,https://sansad.in/getFile/BillsTexts/RSBillTexts/Asintroduced/dwellers II of 08.pdf?source=legislation
1070,103,VIII,"The Agricultural and Other Unorganised Workers (Protection and Welfare) Bill, 2008",Rajya Sabha,2008-12-19,AGRICULTURE,A. Vijayaraghavan Shri,Ordinary Bill,,,,,Lapsed,https://sansad.in/getFile/BillsTexts/RSBillTexts/Asintroduced/agricultral VIII of 08.pdf?source=legislation
1071,104,2,"The Constitution (Amendment) Bill, 2003 (Insertion of new article 21A)",Lok Sabha,2003-10-04,HOME AFFAIRS,Priya Ranjan Dasmunsi Shri,Financial Bill,,,,,Pending,https://sansad.in/getFile/BillsTexts/LSBillTexts/Asintroduced/7382LS.pdf?source=legislation
1072,104,83,"The Constitution (Amendment) Bill, 2002 (Amendment of article 74, etc.)",Lok Sabha,2003-10-04,,Priya Ranjan Dasmunsi Shri,Ordinary Bill,,,,,Pending,
1073,104,49,"The Constitution (Amendment) Bill, 2002 (Insertion of new article 21A)",Lok Sabha,2002-07-19,SOCIAL JUSTICE AND EMPOWERMENT,Priya Ranjan Dasmunsi Shri,Constitutional Amendment Bill,,,,,Pending,https://sansad.in/getFile/BillsTexts/LSBillTexts/Asintroduced/1724LS.pdf?source=legislation
1074,104,50,"The Constitution (Amendment) Bill, 2002  (Amendment of article 243C, etc.)",Lok Sabha,2002-07-19,RURAL DEVELOPMENT,Priya Ranjan Dasmunsi Shri,Constitutional Amendment Bill,,,,,Pending,https://sansad.in/getFile/BillsTexts/LSBillTexts/Asintroduced/1869LS.pdf?source=legislation
1075,104,71,"The Constitution (Amendment) Bill, 2002  (Insertion of new article 371-J)",Lok Sabha,2002-05-12,HOME AFFAIRS,Priya Ranjan Dasmunsi Shri,Constitutional Amendment Bill,,,,,Pending,https://sansad.in/getFile/BillsTexts/LSBillTexts/Asintroduced/3697LS.pdf?source=legislation
1076,104,193,"The Persons With Disabilities  (Equal  Opportunities, Protection of Rights and Full Participation) (Amendment) Bill, 2000 (Insertion of new section 68A, etc.)",Lok Sabha,2001-02-23,SOCIAL JUSTICE AND EMPOWERMENT,Priya Ranjan Dasmunsi Shri,Financial Bill,,,,,Lapsed,https://sansad.in/getFile/BillsTexts/LSBillTexts/Asintroduced/5043LS.pdf?source=legislation
1077,104,122,"The Constitution (Amendment) Bill, 2000 (Amendment of article 943C, etc.)",Lok Sabha,2000-11-08,RURAL DEVELOPMENT,Priya Ranjan Dasmunsi Shri,Financial Bill,,,,,Lapsed,https://sansad.in/getFile/BillsTexts/LSBillTexts/Asintroduced/1760LS.pdf?source=legislation
1078,2072,I,"The Compulsory Registration of Callers Using Public Telephone Booths Bill, 2013",Rajya Sabha,2013-03-22,COMMUNICATIONS AND INFORMATION TECHNOLOGY,Parshottam Khodabhai Rupala Shri,Ordinary Bill,,,,,Lapsed,https://sansad.in/getFile/BillsTexts/RSBillTexts/Asintroduced/telphon-E.pdf?source=legislation
1079,2072,III,"The Constitution (Amendment) Bill, 2013 (amendment of article 72)",Rajya Sabha,2013-03-22,HOME AFFAIRS,Parshottam Khodabhai Rupala Shri,Constitutional Amendment Bill,,,,,Lapsed,https://sansad.in/getFile/BillsTexts/RSBillTexts/Asintroduced/cons72-E.pdf?source=legislation
1080,2072,VII,"The National Authority for Rehabilitation and Welfare of Persons Living around Railway Tracks Bill, 2013",Rajya Sabha,2013-03-22,RAILWAYS,Parshottam Khodabhai Rupala Shri,Ordinary Bill,,,,,Lapsed,https://sansad.in/getFile/BillsTexts/RSBillTexts/Asintroduced/rlway-E.pdf?source=legislation
1081,2072,XXXI,"The Teaching of Sanskrit as a Compulsory Language in Schools Bill, 2012",Rajya Sabha,2012-12-07,HUMAN RESOURCE  DEVELOPMENT,Parshottam Khodabhai Rupala Shri,Ordinary Bill,,,,,Lapsed,https://sansad.in/getFile/BillsTexts/RSBillTexts/Asintroduced/sanskrit-E.pdf?source=legislation
1082,2072,XXXIII,"The Compulsory Registration of International Prepaid SIM Cards to be Operated in India Bill, 2012",Rajya Sabha,2012-12-07,COMMUNICATIONS AND INFORMATION TECHNOLOGY,Parshottam Khodabhai Rupala Shri,Ordinary Bill,,,,,Lapsed,https://sansad.in/getFile/BillsTexts/RSBillTexts/Asintroduced/SIM-E.pdf?source=legislation
1083,2072,XXXVII,"The Special Courts for Women Bill, 2012",Rajya Sabha,2012-12-07,LAW AND JUSTICE,Parshottam Khodabhai Rupala Shri,Ordinary Bill,,,,,Lapsed,https://sansad.in/getFile/BillsTexts/RSBillTexts/Asintroduced/court-E.pdf?source=legislation
1084,2072,VIII,"The Compulsory Police Verification of SIM Cards Bill, 2012.",Rajya Sabha,2012-04-27,COMMUNICATIONS AND INFORMATION TECHNOLOGY,Parshottam Khodabhai Rupala Shri,Ordinary Bill,,,,,Lapsed,https://sansad.in/getFile/BillsTexts/RSBillTexts/Asintroduced/sim-E.pdf?source=legislation
1085,2072,XI,"The Prohibition of Slaughter of Cow and its Progeny Bill, 2012.",Rajya Sabha,2012-04-27,AGRICULTURE,Parshottam Khodabhai Rupala Shri,Ordinary Bill,,,,,Lapsed,https://sansad.in/getFile/BillsTexts/RSBillTexts/Asintroduced/cow-E.pdf?source=legislation
1086,2072,XIII,"The Prohibition of Using Images of gods and goddeses as Trade Marks Bill,1994",Rajya Sabha,1994-03-18,COMMERCE AND INDUSTRY,Parshottam Khodabhai Rupala Shri,Ordinary Bill,,,,,Lapsed,
1087,2464,XCII,"The Legislative Impact Assessment Bill, 2024",Rajya Sabha,2025-12-05,LAW AND JUSTICE,K.R. Suresh Reddy Shri,Financial Bill,,,,,Pending,https://sansad.in/getFile/BillsTexts/RSBillTexts/Asintroduced/61211202545531PM.pdf?source=legislation
1088,2464,LXIV,"The Maternity Benefit for Women in the Unorganised Sector Bill, 2023",Rajya Sabha,2024-02-02,LABOUR  AND  EMPLOYMENT,K.R. Suresh Reddy Shri,Financial Bill,,,,,Pending,https://sansad.in/getFile/BillsTexts/RSBillTexts/Asintroduced/06_Maternity benefit_KRsuresh-E29202470731PM.pdf?source=legislation
1089,2464,CIX,"The Hate Speech and Hate Crimes (Prevention) Bill, 2022",Rajya Sabha,2023-12-08,HOME AFFAIRS,K.R. Suresh Reddy Shri,Financial Bill,,,,,Pending,https://sansad.in/getFile/BillsTexts/RSBillTexts/Asintroduced/Hate speech- KR- E 1219202350136PM.pdf?source=legislation
1090,2464,XVII,"The Andhra Pradesh Reorganisation (Amendment) Bill, 2023",Rajya Sabha,2023-12-08,HOME AFFAIRS,K.R. Suresh Reddy Shri,Financial Bill,,,,,Pending,https://sansad.in/getFile/BillsTexts/RSBillTexts/Asintroduced/AP reorganization-E1219202365110PM.pdf?source=legislation
1091,1310,XIX,"The Betwa Riner Board ( Amendment) Bill,1985",Rajya Sabha,1985-08-16,,Govind Das Richharia Dr.,Ordinary Bill,,,,,Withdrawn,
1092,109,58,"The Dalmia Dadri Cement Limited (Acquisition and Transfer of Undertakings) Amendment Bill, 2006",Lok Sabha,2006-07-28,HEAVY INDUSTRIES AND PUBLIC ENTERPRISES,Sontosh Mohan Dev Shri,Ordinary Bill,,,,,Pending,https://sansad.in/getFile/BillsTexts/LSBillTexts/Asintroduced/58_2006.pdf?source=legislation
1093,2078,XV,"The Right to Shelter Bill, 2011",Rajya Sabha,2011-08-05,HOUSING AND URBAN POVERTY ALLEVIATION,N. K. Singh Shri,Ordinary Bill,,,,,Lapsed,https://sansad.in/getFile/BillsTexts/RSBillTexts/Asintroduced/shelter.pdf?source=legislation
1094,2078,LVII,"The Railways (Amendment) Bill, 2008",Rajya Sabha,2009-02-13,RAILWAYS,N. K. Singh Shri,Ordinary Bill,,,,,Lapsed,https://sansad.in/getFile/BillsTexts/RSBillTexts/Asintroduced/Rly LVII of 08.pdf?source=legislation
1095,2078,LV,"The National Financial Services Authority Bill, 2008",Rajya Sabha,2008-12-19,FINANCE,N. K. Singh Shri,Ordinary Bill,,,,,Lapsed,https://sansad.in/getFile/BillsTexts/RSBillTexts/Asintroduced/fin. auth LV of 08.pdf?source=legislation
1096,2078,LXI,"The National Food Security Authority Bill, 2008",Rajya Sabha,2008-12-19,"CONSUMER AFFAIRS, FOOD AND PUBLIC DISTRIBUTION",N. K. Singh Shri,Ordinary Bill,,,,,Lapsed,https://sansad.in/getFile/BillsTexts/RSBillTexts/Asintroduced/nationl food LXI of 08.pdf?source=legislation
1097,534,12,"The Trust Corporation  Bill, 2002",Lok Sabha,2002-05-12,,Mahboob Zahedi Shri,Financial Bill,,,,,Pending,https://sansad.in/getFile/BillsTexts/LSBillTexts/Asintroduced/1128LS.pdf?source=legislation
1098,111,82,"The Constitution (Amendment) Bill, 2002 (Amendment of article 83)",Lok Sabha,2003-02-21,,Uttamrao Nathuji Dhikale Shri,Financial Bill,,,,,Pending,
1099,111,88,"The Representation of the People (Amendment) Bill, 2002",Lok Sabha,2003-02-21,,Uttamrao Nathuji Dhikale Shri,Ordinary Bill,,,,,Pending,
1100,111,90,"The Soil Conservation Bill, 2002",Lok Sabha,2003-02-21,AGRICULTURE,Uttamrao Nathuji Dhikale Shri,Financial Bill,,,,,Pending,
1101,111,93,"The Euthanasia (Regulation) Bill, 2002",Lok Sabha,2003-02-21,HEALTH AND FAMILY WELFARE,Uttamrao Nathuji Dhikale Shri,Ordinary Bill,,,,,Pending,
1102,111,118,"The Constitution (Amendment) Bill, 2001 (Insertion of new articles 151A to 151J)",Lok Sabha,2002-03-22,INFORMATION AND BROADCASTING,Uttamrao Nathuji Dhikale Shri,Constitutional Amendment Bill,,,,,Pending,
1103,111,123,"The Code of Criminal Procedure (Amendment) Bill, 2001 (Amendment of section 357)",Lok Sabha,2002-03-22,HOME AFFAIRS,Uttamrao Nathuji Dhikale Shri,Ordinary Bill,,,,,Pending,
1104,111,124,"The  Constitution (Amendment) BIll, 2001  (Amendment of article 243ZD, etc.)",Lok Sabha,2002-03-22,STATISTICS AND PROGRAMME IMPLEMENTATION,Uttamrao Nathuji Dhikale Shri,Constitutional Amendment Bill,,,,,Pending,
1105,111,126,"The Drugs Regulatory Authority Bill, 2001",Lok Sabha,2002-03-22,CHEMICALS AND FERTILIZERS,Uttamrao Nathuji Dhikale Shri,Financial Bill,,,,,Pending,
1106,111,178,"The National Agriculture Commission Bill, 2000",Lok Sabha,2001-07-27,AGRICULTURE,Uttamrao Nathuji Dhikale Shri,Financial Bill,,,,,Lapsed,https://sansad.in/getFile/BillsTexts/LSBillTexts/Asintroduced/4662LS.pdf?source=legislation
1107,111,197,"The National Commission for Senior Citizens Bill, 2000",Lok Sabha,2001-07-27,SOCIAL JUSTICE AND EMPOWERMENT,Uttamrao Nathuji Dhikale Shri,Financial Bill,,,,,,
1108,111,205,"The Political Parties (Assistance and Regulation) Bill, 2000",Lok Sabha,2001-07-27,,Uttamrao Nathuji Dhikale Shri,Financial Bill,,,,,Lapsed,https://sansad.in/getFile/BillsTexts/LSBillTexts/Asintroduced/5333LS.pdf?source=legislation
1109,111,XLIII,"The Jute Packing Materials (Compulsory Use in Packing Commodities) Bill, 2001",Rajya Sabha,2001-07-27,TEXTILES,Vijay Singh Yadav Shri,Ordinary Bill,,,,,Lapsed,https://sansad.in/getFile/BillsTexts/RSBillTexts/Asintroduced/XLIII_2001.pdf?source=legislation
1110,111,165,"The Court of mumbai (Establishment of a permanent bench at nasik) bill, 2000",Lok Sabha,2001-07-21,,Uttamrao Nathuji Dhikale Shri,Ordinary Bill,,,,,Pending,https://sansad.in/getFile/BillsTexts/LSBillTexts/Asintroduced/165_2000.pdf?source=legislation
1111,111,143,"The Population Policy Bill, 2000",Lok Sabha,2000-08-25,HEALTH AND FAMILY WELFARE,Uttamrao Nathuji Dhikale Shri,Financial Bill,,,,,Lapsed,https://sansad.in/getFile/BillsTexts/LSBillTexts/Asintroduced/2612LS.pdf?source=legislation
1112,112,XXXIII,"The National Commission for Safe food and Water Bill, 2003.",Rajya Sabha,2003-09-05,HEALTH AND FAMILY WELFARE,Khan Ghufran Zahidi Shri,Ordinary Bill,,,,,,
1113,2470,VII,"The Medicines and Medical Devices (Price Control and Accessibility) Bill, 2025",Rajya Sabha,2025-02-07,CHEMICALS AND FERTILIZERS,Shaktisinh Gohil Shri,Financial Bill,,,,,Pending,https://sansad.in/getFile/BillsTexts/RSBillTexts/Asintroduced/45e214202551159PM.pdf?source=legislation
1114,2470,VIII,"The Digital Health Records (Mandatory Use) Bill, 2025",Rajya Sabha,2025-02-07,HEALTH AND FAMILY WELFARE,Shaktisinh Gohil Shri,Financial Bill,,,,,Pending,https://sansad.in/getFile/BillsTexts/RSBillTexts/Asintroduced/46e214202551214PM.pdf?source=legislation
1115,2080,XL,"The Bihar Reorganisation (Amendment) Bill, 2012",Rajya Sabha,2012-11-23,HOME AFFAIRS,Jai Prakash Narayan Singh Shri,Ordinary Bill,,,,,Lapsed,https://sansad.in/getFile/BillsTexts/RSBillTexts/Asintroduced/bihar-E.pdf?source=legislation
1116,928,XXIV,"The Indian Penal Cde (Amendment) Bill, 1953",Rajya Sabha,1953-12-04,HOME AFFAIRS,Kotamraju  Rama Rao Shri,Ordinary Bill,,,,,Withdrawn,
1117,2472,XXXIV,"The Compulsory Voting Bill, 2022.",Rajya Sabha,2022-07-22,LAW AND JUSTICE,Deepak Prakash Shri,Financial Bill,,,,,Pending,https://sansad.in/getFile/BillsTexts/RSBillTexts/Asintroduced/compulsory voting-E.pdf?source=legislation
1118,2082,IV,"The Constitution (Amendment) Bill, 2017 (Amendment of article 51A)",Rajya Sabha,2017-03-24,URBAN DEVELOPMENT,Prabhat Jha Shri,Ordinary Bill,,,,,Withdrawn,https://sansad.in/getFile/BillsTexts/RSBillTexts/Asintroduced/51A-24317-E.pdf?source=legislation
1119,2082,III,"The Prohibition of Publication and Dissemination of Objectionable Material on Religion Bill, 2015",Rajya Sabha,2015-12-18,HOME AFFAIRS,Prabhat Jha Shri,Ordinary Bill,,,,,Lapsed,https://sansad.in/getFile/BillsTexts/RSBillTexts/Asintroduced/religion-237w-E.pdf?source=legislation
1120,2082,IV,"The Child Development Programmes Coordination Agency Bill, 2015",Rajya Sabha,2015-12-18,WOMEN AND CHILD DEVELOPMENT,Prabhat Jha Shri,Ordinary Bill,,,,,Lapsed,https://sansad.in/getFile/BillsTexts/RSBillTexts/Asintroduced/childevlopment-237w-E.pdf?source=legislation
1121,2082,XIX,"The National Himalayan Environment Protection and Development Bill, 2014",Rajya Sabha,2014-12-12,ENVIRONMENT AND FORESTS,Prabhat Jha Shri,Ordinary Bill,,,,,Lapsed,https://sansad.in/getFile/BillsTexts/RSBillTexts/Asintroduced/himaly-E.pdf?source=legislation
1122,2082,XX,"The Accident Affected Persons (Equal Compensation) Bill, 2014",Rajya Sabha,2014-12-12,ROAD TRANSPORT AND HIGHWAYS,Prabhat Jha Shri,Ordinary Bill,,,,,Lapsed,https://sansad.in/getFile/BillsTexts/RSBillTexts/Asintroduced/accidnt-E.pdf?source=legislation
1123,2082,VI,"The Prevention of Begging and Rehabilitation of Beggars Bill, 2013",Rajya Sabha,2013-03-08,SOCIAL JUSTICE AND EMPOWERMENT,Prabhat Jha Shri,Ordinary Bill,,,,,Lapsed,https://sansad.in/getFile/BillsTexts/RSBillTexts/Asintroduced/Beg-E.pdf?source=legislation
1124,2082,VIII,"The Ban on Obscene Advertisements Bill, 2013",Rajya Sabha,2013-03-08,INFORMATION AND BROADCASTING,Prabhat Jha Shri,Ordinary Bill,,,,,Lapsed,https://sansad.in/getFile/BillsTexts/RSBillTexts/Asintroduced/Advt-E.pdf?source=legislation
1125,2082,LXV,"The Special Price Control Authority Bill, 2012",Rajya Sabha,2012-12-07,"CONSUMER AFFAIRS, FOOD AND PUBLIC DISTRIBUTION",Prabhat Jha Shri,Ordinary Bill,,,,,Lapsed,https://sansad.in/getFile/BillsTexts/RSBillTexts/Asintroduced/spl price-E.pdf?source=legislation
1126,2082,XXXIX,"The Constitution (Amendment) Bill, 2012 (substitution of new article for article 155)",Rajya Sabha,2012-12-07,HOME AFFAIRS,Prabhat Jha Shri,Constitutional Amendment Bill,,,,,Lapsed,https://sansad.in/getFile/BillsTexts/RSBillTexts/Asintroduced/Cons 155-E.pdf?source=legislation
1127,2082,XXXVIII,"The Contesting Election on Government Expenses Bill, 2012",Rajya Sabha,2012-12-07,LAW AND JUSTICE,Prabhat Jha Shri,Ordinary Bill,,,,,Lapsed,https://sansad.in/getFile/BillsTexts/RSBillTexts/Asintroduced/election-E.pdf?source=legislation
1128,2082,LIV,"The Employment Guarantee for Educated Unemployed Youth Bill, 2011.",Rajya Sabha,2012-04-27,LABOUR  AND  EMPLOYMENT,Prabhat Jha Shri,Ordinary Bill,,,,,Lapsed,https://sansad.in/getFile/BillsTexts/RSBillTexts/Asintroduced/emp-E.pdf?source=legislation
1129,2082,LXX,"The Soya Bean Growers' (Remunerative Price and Welfare) Bill, 2010.",Rajya Sabha,2012-04-27,"CONSUMER AFFAIRS, FOOD AND PUBLIC DISTRIBUTION",Prabhat Jha Shri,Ordinary Bill,,,,,Lapsed,https://sansad.in/getFile/BillsTexts/RSBillTexts/Asintroduced/soya-E.pdf?source=legislation
1130,2082,XLIX,"The Constitution (Amendment) Bill, 2011 (substitution of new article for article 346)",Rajya Sabha,2012-04-27,HOME AFFAIRS,Prabhat Jha Shri,Constitutional Amendment Bill,,,,,Lapsed,https://sansad.in/getFile/BillsTexts/RSBillTexts/Asintroduced/const-346-E.pdf?source=legislation
1131,2082,LXVII,"The Unorganised Workers’ Social Security (Amendment) Bill, 2010",Rajya Sabha,2011-08-05,LABOUR  AND  EMPLOYMENT,Prabhat Jha Shri,Ordinary Bill,,,,,Lapsed,https://sansad.in/getFile/BillsTexts/RSBillTexts/Asintroduced/Unorg.pdf?source=legislation
1132,2082,XXXIX,"The Special Financial Assistance to the State of Madhya Pradesh Bill, 2010",Rajya Sabha,2011-08-05,FINANCE,Prabhat Jha Shri,Ordinary Bill,,,,,Lapsed,
1133,2082,XXXVII,"The Constitution (Amendment) Bill, 2010 (to amend article 348)",Rajya Sabha,2011-08-05,HOME AFFAIRS,Prabhat Jha Shri,Constitutional Amendment Bill,,,,,Lapsed,https://sansad.in/getFile/BillsTexts/RSBillTexts/Asintroduced/Art 348.pdf?source=legislation
1134,2082,IX,"The Free and Quality School Education to Economically Weak Children Bill, 2010",Rajya Sabha,2010-05-03,HUMAN RESOURCE  DEVELOPMENT,Prabhat Jha Shri,Ordinary Bill,,,,,Lapsed,https://sansad.in/getFile/BillsTexts/RSBillTexts/Asintroduced/Free IX of 10.pdf?source=legislation
1135,2082,XI,"The Human Trafficking (Prevention) Bill, 2010",Rajya Sabha,2010-05-03,HOME AFFAIRS,Prabhat Jha Shri,Ordinary Bill,,,,,Lapsed,https://sansad.in/getFile/BillsTexts/RSBillTexts/Asintroduced/Human XI of 10.pdf?source=legislation
1136,2082,XII,"The Migrant Labour Security Bill, 2010",Rajya Sabha,2010-05-03,LABOUR  AND  EMPLOYMENT,Prabhat Jha Shri,Ordinary Bill,,,,,Lapsed,https://sansad.in/getFile/BillsTexts/RSBillTexts/Asintroduced/Migrant XII of 10.pdf?source=legislation
1137,538,XXXII,"The Constitution( amendment) Bill, 1974 (amendmentof article 312.)",Rajya Sabha,1974-08-16,HOME AFFAIRS,Rajat Kumar Chakrabarti Dr.,Ordinary Bill,,,,,Withdrawn,
1138,2083,XXXVI,"The Management of Religious Institutions and Places of Worship Bill, 2008",Rajya Sabha,2008-12-19,HOME AFFAIRS,Raghunandan Sharma Shri,Ordinary Bill,,,,,Lapsed,https://sansad.in/getFile/BillsTexts/RSBillTexts/Asintroduced/mngment religious XXXVI of 08.pdf?source=legislation
1139,115,LII,"The Bikaneri Bhujia Papad and other Traditional  Find Proudcts (Proetion from Multinational and Heavy Indestries Bill, 1996",Rajya Sabha,1996-12-20,,Ramdas Agarwal Shri,Ordinary Bill,,,,,Lapsed,
1140,115,LVIII,"The Compulsory Crop Insurance Scheme for the Desert and Drugre Prone Areas Bill, 1996",Rajya Sabha,1996-12-20,AGRICULTURE,Ramdas Agarwal Shri,Ordinary Bill,,,,,Lapsed,
1141,115,XLVIII,"The Constitution (Amendment) Bill, 1996 [to amend the Eighth Schedule]",Rajya Sabha,1996-12-20,HOME AFFAIRS,Ramdas Agarwal Shri,Ordinary Bill,,,,,Lapsed,
1142,115,XVI,"The Payment of Allowance to Unemployed Persous Bill,1992",Rajya Sabha,1992-10-07,LABOUR,Ramdas Agarwal Shri,Ordinary Bill,,,,,Lapsed,
1143,115,I,"The Rehabilitation and Financial Assistance to Victims of Terrorism Bill, 1990",Rajya Sabha,1991-09-30,HOME AFFAIRS,Ramdas Agarwal Shri,Ordinary Bill,,,,,Lapsed,
1144,2084,145,"The Assam Reorganisation (Karbi Dimanchal) Bill, 2016",Lok Sabha,2016-08-05,HOME AFFAIRS,Biren Singh Engti Shri,Financial Bill,,,,,Lapsed,https://sansad.in/getFile/BillsTexts/LSBillTexts/Asintroduced/4160.pdf?source=legislation
1145,2084,XVI,"The Constitution (Amendment) Bill, 2011 (amendment of the Tenth Schedule)",Rajya Sabha,2011-08-05,LAW AND JUSTICE,Thomas Sangma Shri,Constitutional Amendment Bill,,,,,Lapsed,https://sansad.in/getFile/BillsTexts/RSBillTexts/Asintroduced/Tenth-XVI.pdf?source=legislation
1146,2084,II,"The Constitution (Amendment) Bill, 2010 (insertion of new article 16A)",Rajya Sabha,2010-05-03,LABOUR  AND  EMPLOYMENT,Thomas Sangma Shri,Constitutional Amendment Bill,,,,,Lapsed,https://sansad.in/getFile/BillsTexts/RSBillTexts/Asintroduced/Cons II of 10.pdf?source=legislation
1147,2084,III,"The Infiltration of Illegal Immigrants (Prevention, Identification and Deporation) Bill, 2010",Rajya Sabha,2010-05-03,HOME AFFAIRS,Thomas Sangma Shri,Ordinary Bill,,,,,Lapsed,https://sansad.in/getFile/BillsTexts/RSBillTexts/Asintroduced/Infil III of 10.pdf?source=legislation
1148,2084,IV,"The North-Eastern Tourism Promotion Board Bill, 2010",Rajya Sabha,2010-05-03,TOURISM,Thomas Sangma Shri,Ordinary Bill,,,,,Lapsed,https://sansad.in/getFile/BillsTexts/RSBillTexts/Asintroduced/NE IV of 10.pdf?source=legislation
1149,539,XXV,"The Constitution (Amendment ) Bill,1976( to amend article 335)",Rajya Sabha,1976-05-21,HOME AFFAIRS,Omprakash Tyagi Shri,Ordinary Bill,,,,,,
1150,539,II,"The constitution ( Amendment ) Bill, 1976 (to amend articles 292,293.)",Rajya Sabha,1976-01-16,,Omprakash Tyagi Shri,Ordinary Bill,,,,,,
1151,539,X,"The Constitution ( Amendment ) Bill,1976 (Insetion of new article & A amd amendment 102.)",Rajya Sabha,1976-01-16,PARLIAMENTARY  AFFAIRS,Omprakash Tyagi Shri,Ordinary Bill,,,,,,
1152,539,II,"The Constitution (Amendment) Bill,1975 (to amend the Seventh shedule)",Rajya Sabha,1975-02-28,,Omprakash Tyagi Shri,Ordinary Bill,,,,,,
1153,539,L,"The Constitution (Amendment) Bill, 1974.(to amend the seventh scaedule.)",Rajya Sabha,1975-02-28,AGRICULTURE,Omprakash Tyagi Shri,Ordinary Bill,,,,,,
1154,539,XLI,"The Constitution (Amendment) Bill, 1974.(to amend the seventh schedule)",Rajya Sabha,1974-11-22,AGRICULTURE,Omprakash Tyagi Shri,Ordinary Bill,,,,,,
1155,539,XXII,"The Constitution (Amendment) Bill, 1974 (To amend article 316",Rajya Sabha,1974-08-02,HOME AFFAIRS,Omprakash Tyagi Shri,Ordinary Bill,,,,,,
1156,539,VI,"The Hindu Succission ( Amendment) Bill, 1974(to amend section 24)",Rajya Sabha,1974-05-03,,Omprakash Tyagi Shri,Ordinary Bill,,,,,,
1157,539,VII,"The Constitution (Amendment) Bill,1974 A amendment of the seventh schednly)",Rajya Sabha,1974-05-03,,Omprakash Tyagi Shri,Ordinary Bill,,,,,,
1158,539,I,"The Constitution (Amendment) Bill,1974. (insertion in article 39.)",Rajya Sabha,1974-03-01,,Omprakash Tyagi Shri,Ordinary Bill,,,,,,
1159,539,III,"The Prevention of Food Adulteration (Amendment) Bill,1974",Rajya Sabha,1974-03-01,,Omprakash Tyagi Shri,Ordinary Bill,,,,,,
1160,539,XLI,"The Constitution (Amendment) Bill, 1973. (to amend articles 124 and 217)",Rajya Sabha,1973-12-21,,Omprakash Tyagi Shri,Ordinary Bill,,,,,,
1161,539,XVII,The Constitution (Amendment) Bill 1973 ( Amendment of article 80),Rajya Sabha,1973-08-03,HOME AFFAIRS,Omprakash Tyagi Shri,Ordinary Bill,,,,,,
1162,539,V,"The constituation (amendment) Bill,1973 (to amend articles 217&224",Rajya Sabha,1973-03-16,,Omprakash Tyagi Shri,Ordinary Bill,,,,,,
1163,539,XII,"The Constitution (Amendment) Bill, 1972 [to amend article 174]",Rajya Sabha,1972-08-25,,Omprakash Tyagi Shri,Ordinary Bill,,,,,Lapsed,
1164,539,XXII,"The Constitution (Amendment) Bill, 1972 [to amend article 217]",Rajya Sabha,1972-08-25,,Omprakash Tyagi Shri,Ordinary Bill,,,,,Lapsed,
1165,539,XXIX,"The Constitution (Amendment)Bill,1972 (to amend article 39)",Rajya Sabha,1972-08-12,HOME AFFAIRS,Omprakash Tyagi Shri,Ordinary Bill,,,,,Lapsed,
1166,539,XXVIII,"The Constituation (Amendment) Bill,1972 (Substitution of article 220)",Rajya Sabha,1972-08-12,,Omprakash Tyagi Shri,Ordinary Bill,,,,,Lapsed,
1167,539,XXX,"The Constituation  (Amendment) bill,1972 (Insertion of new article137 A)",Rajya Sabha,1972-08-12,,Omprakash Tyagi Shri,Ordinary Bill,,,,,Lapsed,
1168,539,XI,"The Constitution (Amendment) Bill, 1972 [to amend article 348]",Rajya Sabha,1972-08-11,HOME AFFAIRS,Omprakash Tyagi Shri,Ordinary Bill,,,,,Withdrawn,
1169,539,XIII,"The Representation of the People (Amendment) Bill, 1972",Rajya Sabha,1972-08-11,,Omprakash Tyagi Shri,Ordinary Bill,,,,,Lapsed,
1170,539,XX,"The Constitution (Amendment) Bill, 1972 [to amend article 217]",Rajya Sabha,1972-08-11,,Omprakash Tyagi Shri,Ordinary Bill,,,,,Lapsed,
1171,540,I,"The high Court of Bombay ( Establisment of a Permanent Bench of Aurangabad) By Shri. S.K. VaishampayenBill, 1980",Rajya Sabha,1980-06-20,,S.K. Vaishampayen Shri,Ordinary Bill,,,,,,
1172,540,XIV,"The Constitution(Amendment) Bill,1978( to article 371",Rajya Sabha,1978-08-11,HOME AFFAIRS,S.K. Vaishampayen Shri,Ordinary Bill,,,,,,
1173,540,XXIII,"The Constitution (Amendment) Bill, 1968 (to amend article 351)",Rajya Sabha,1968-08-22,HOME AFFAIRS,S.K. Vaishampayen Shri,Ordinary Bill,,,,,,
1174,540,I,"The Constitution (Amendment) Bill, 1968 (to amend the Seventh Schedule)",Rajya Sabha,1968-03-14,,S.K. Vaishampayen Shri,Ordinary Bill,,,,,,
1175,540,XVI,"The Hindu Marriage (Amendment) Bill, 1967",Rajya Sabha,1967-01-12,,S.K. Vaishampayen Shri,Ordinary Bill,,,,,Lapsed,
1176,540,XVII,"The Constitution (Amendment) Bill, 1967, (to amend the Preamble)",Rajya Sabha,1967-01-12,HOME AFFAIRS,S.K. Vaishampayen Shri,Ordinary Bill,,,,,Lapsed,
1177,1705,XL,The Agricultual Workers ( Minimum wages and walfare ) Bill 1986,Rajya Sabha,1986-11-21,LABOUR,N.E. Balaram Shri,Ordinary Bill,,,,,Lapsed,
1178,541,42,"The High Court at Patna (Establishment of a Permanent Bench at Bhagalpur) Bill, 2003",Lok Sabha,2003-07-25,,Subodh Roy Shri,Ordinary Bill,,,,,Pending,https://sansad.in/getFile/BillsTexts/LSBillTexts/Asintroduced/1332LS.pdf?source=legislation
1179,541,43,"The Constitution (Amendment) Bill, 2003 (Amendment of the Eighth Schedule)",Lok Sabha,2003-07-25,HOME AFFAIRS,Subodh Roy Shri,Ordinary Bill,,,,,Pending,https://sansad.in/getFile/BillsTexts/LSBillTexts/Asintroduced/1195LS.pdf?source=legislation
1180,932,XXIX,"The Exit Poll ( Probhition and Brpcdcastong Elections) Bill,1999",Rajya Sabha,1999-12-03,,Gurudas Dasgupta Shri,Ordinary Bill,,,,,Lapsed,https://sansad.in/getFile/BillsTexts/RSBillTexts/Asintroduced/XXIX_1999.pdf?source=legislation
1181,932,XXVIII,"The Constitution ( Amendment) Bill,1999 ( to amend article ,85)",Rajya Sabha,1999-12-03,PARLIAMENTARY  AFFAIRS,Gurudas Dasgupta Shri,Ordinary Bill,,,,,Lapsed,https://sansad.in/getFile/BillsTexts/RSBillTexts/Asintroduced/XXVIII_1999.pdf?source=legislation
1182,932,LXVII,"The Prohabition of Religions Communal and Seetroal Political Partin and Senes Bill,1995",Rajya Sabha,1996-06-12,HOME AFFAIRS,Gurudas Dasgupta Shri,Ordinary Bill,,,,,Lapsed,
1183,932,L,"The Decleration of Assets and Liabilities by Ministers and Members of Legislatures and Office Bearers of Political Parties Bill, 1995",Rajya Sabha,1995-08-17,HOME AFFAIRS,Gurudas Dasgupta Shri,Ordinary Bill,,,,,Lapsed,
1184,932,LI,"The Banking Companies  (Audit ) Bill,1995",Rajya Sabha,1995-08-17,,Gurudas Dasgupta Shri,Ordinary Bill,,,,,Lapsed,
1185,932,LII,"The Private Schools (Regulation) Bill, 1995",Rajya Sabha,1995-08-17,HUMAN RESOURCE  DEVELOPMENT,Gurudas Dasgupta Shri,Ordinary Bill,,,,,Lapsed,
1186,932,LXII,"The Banking Companies (Taking Over of Management) Bill, 1995",Rajya Sabha,1995-01-12,,Gurudas Dasgupta Shri,Ordinary Bill,,,,,Lapsed,
1187,932,LXIII,"The Constitution (Amendment) Bill, 1995 [Insertion of new article 16A]",Rajya Sabha,1995-01-12,LABOUR,Gurudas Dasgupta Shri,Ordinary Bill,,,,,Lapsed,
1188,932,LXIV,"The Constituton (Amendment) Bill, 1995 [to amend article 292]",Rajya Sabha,1995-01-12,,Gurudas Dasgupta Shri,Ordinary Bill,,,,,Lapsed,
1189,932,LXXIX,"The Constitution (Amendment) Bill, 1991 [to amend article 292]",Rajya Sabha,1991-12-20,,Gurudas Dasgupta Shri,Ordinary Bill,,,,,Lapsed,
1190,932,LXXXIV,"The Declaration of Assests and Liabilities by Ministers and Members of Legislatures and Office Bearers of Political Parties Bill, 1991",Rajya Sabha,1991-12-20,PARLIAMENTARY  AFFAIRS,Gurudas Dasgupta Shri,Ordinary Bill,,,,,Lapsed,
1191,932,XXIX,"The Banking Companies ( Taking Over Of Management) Bill, 1988",Rajya Sabha,1988-12-08,,Gurudas Dasgupta Shri,Ordinary Bill,,,,,Lapsed,
1192,932,XXX,"The Constitution ( Amendment) Bill,1988 (Insution of Art 16 A )",Rajya Sabha,1988-12-08,LABOUR,Gurudas Dasgupta Shri,Ordinary Bill,,,,,Lapsed,
1193,932,XXXII,"The Prohibition Of Religious Communal and Sectoral Political Parties & Sena Bill,1988",Rajya Sabha,1988-12-08,HOME AFFAIRS,Gurudas Dasgupta Shri,Ordinary Bill,,,,,Lapsed,
1194,932,XXVIII,"The  Banking Companies ( Audit) Bill,1988",Rajya Sabha,1988-08-29,,Gurudas Dasgupta Shri,Ordinary Bill,,,,,Lapsed,
1195,932,XXVI,"The Constitution ( Amendment) Bill, 1988 ( to amend 8th Sch)",Rajya Sabha,1988-07-29,HOME AFFAIRS,Gurudas Dasgupta Shri,Ordinary Bill,,,,,Lapsed,
1196,932,XXXI,"The Ancient Monuments And Archoeological Sites And Remains ( Amemdment ) Bill,1988",Rajya Sabha,1988-07-29,HUMAN RESOURCE  DEVELOPMENT,Gurudas Dasgupta Shri,Ordinary Bill,,,,,Lapsed,
1197,932,XXXIX,"The Sate Abolittion Bill,1987",Rajya Sabha,1987-06-11,HOME AFFAIRS,Gurudas Dasgupta Shri,Ordinary Bill,,,,,Lapsed,
1198,932,XVIII,"The Prohibition of Religious, Communal and Sectoral Parties and Senas Bill,1987",Rajya Sabha,1987-04-30,HOME AFFAIRS,Gurudas Dasgupta Shri,Ordinary Bill,,,,,Lapsed,
1199,932,V,"The Ancient Monuments and  Archacological sites and Removs ( Amendment) Bill,1987",Rajya Sabha,1987-02-27,HUMAN RESOURCE  DEVELOPMENT,Gurudas Dasgupta Shri,Ordinary Bill,,,,,Lapsed,
1200,932,VI,The Constitution ( Amendment ) Bill 1987( Insertion of new article 16A),Rajya Sabha,1987-02-27,,Gurudas Dasgupta Shri,Ordinary Bill,,,,,Lapsed,
1201,932,XXXIX,"The Constitution ( Amendment ) Bill,1986(Inksertion of new part X A)",Rajya Sabha,1986-11-21,,Gurudas Dasgupta Shri,Ordinary Bill,,,,,Lapsed,
1202,932,XXXVII,"The Constition( Amendment Bill ,1986( to amend Eight Schdules)",Rajya Sabha,1986-11-21,,Gurudas Dasgupta Shri,Ordinary Bill,,,,,Lapsed,
1203,932,XXXVIII,"The Banking Companies (Audit) Bill,1986",Rajya Sabha,1986-11-21,,Gurudas Dasgupta Shri,Ordinary Bill,,,,,Lapsed,
1204,932,XLII,"The Bombing Companies ( Taking over of managment) Bill,1986",Rajya Sabha,1986-05-12,,Gurudas Dasgupta Shri,Ordinary Bill,,,,,Lapsed,
1205,932,XXVII,"The Constitution ( Amendment) Bill,1988 ( insertion of new part X A)",Rajya Sabha,,HOME AFFAIRS,Gurudas Dasgupta Shri,Ordinary Bill,,,,,,
1206,119,XXIX,"The Distressed Veteran Sportspersons (Welfare) Bill, 2013.",Rajya Sabha,2014-07-11,YOUTH AFFAIRS AND SPORTS,Akhilesh Das Gupta Dr.,Ordinary Bill,,,,,Lapsed,https://sansad.in/getFile/BillsTexts/RSBillTexts/Asintroduced/distress-E.pdf?source=legislation
1207,119,XXVIII,"The Homicide on Roads and Highways (Prevention and Miscellaneous Provisions) Bill, 2013.",Rajya Sabha,2014-07-11,ROAD TRANSPORT AND HIGHWAYS,Akhilesh Das Gupta Dr.,Ordinary Bill,,,,,Lapsed,https://sansad.in/getFile/BillsTexts/RSBillTexts/Asintroduced/homicide-E.pdf?source=legislation
1208,119,XXXII,"The Girls and Women (Prevention of Beastly and Barbarous Brutality, Rape, Teasing, Molestation, Stripping and Other Atrocities) Bill, 2013.",Rajya Sabha,2014-07-11,WOMEN AND CHILD DEVELOPMENT,Akhilesh Das Gupta Dr.,Ordinary Bill,,,,,Lapsed,https://sansad.in/getFile/BillsTexts/RSBillTexts/Asintroduced/girl-E.pdf?source=legislation
1209,119,LIII,"The Hosting, Sponsoring and Advertising of Sports Events (Regulation) Bill, 2011",Rajya Sabha,2012-12-07,YOUTH AFFAIRS AND SPORTS,Akhilesh Das Gupta Dr.,Ordinary Bill,,,,,Lapsed,https://sansad.in/getFile/BillsTexts/RSBillTexts/Asintroduced/hosting-E.pdf?source=legislation
1210,119,LVI,"The Marriages (Simple Solemnisation, Compulsory Registration and Prevention of Wastage of Food Items) Bill, 2011",Rajya Sabha,2012-12-07,LAW AND JUSTICE,Akhilesh Das Gupta Dr.,Ordinary Bill,,,,,Lapsed,https://sansad.in/getFile/BillsTexts/RSBillTexts/Asintroduced/marige-E.pdf?source=legislation
1211,119,XIX,"The Constitution (Amendment) Bill, 2011 (insertion of new articles 80A and 171A)",Rajya Sabha,2011-08-05,HOME AFFAIRS,Akhilesh Das Gupta Dr.,Constitutional Amendment Bill,,,,,Lapsed,https://sansad.in/getFile/BillsTexts/RSBillTexts/Asintroduced/80A-XIX.pdf?source=legislation
1212,119,XXI,"The Distressed and Neglected Widows and Divorced Women (Maintenance, Support and Welfare) Bill, 2011",Rajya Sabha,2011-08-05,WOMEN AND CHILD DEVELOPMENT,Akhilesh Das Gupta Dr.,Ordinary Bill,,,,,Lapsed,https://sansad.in/getFile/BillsTexts/RSBillTexts/Asintroduced/distrss.pdf?source=legislation
1213,119,XXII,"The Prevention of Trafficking of Girl Child for Commercial Purposes Bill, 2011",Rajya Sabha,2011-08-05,WOMEN AND CHILD DEVELOPMENT,Akhilesh Das Gupta Dr.,Ordinary Bill,,,,,Lapsed,https://sansad.in/getFile/BillsTexts/RSBillTexts/Asintroduced/trafkng.pdf?source=legislation
1214,119,LXXI,"The Freedom of Earning Livelihood Bill, 2010",Rajya Sabha,2011-02-25,SOCIAL JUSTICE AND EMPOWERMENT,Akhilesh Das Gupta Dr.,Ordinary Bill,,,,,Lapsed,https://sansad.in/getFile/BillsTexts/RSBillTexts/Asintroduced/freedom.pdf?source=legislation
1215,119,LXXIV,"The Unauthorised Colonies, Slums and Jhuggi Clusters (Welfare, Basic Amenities and Other Provisions) Bill, 2010",Rajya Sabha,2011-02-25,URBAN DEVELOPMENT,Akhilesh Das Gupta Dr.,Ordinary Bill,,,,,Lapsed,https://sansad.in/getFile/BillsTexts/RSBillTexts/Asintroduced/unauth.pdf?source=legislation
1216,119,LXXVII,"The Distressed Farmers (Special Facilities, Protection and Welfare) Bill, 2010",Rajya Sabha,2011-02-25,AGRICULTURE,Akhilesh Das Gupta Dr.,Ordinary Bill,,,,,Lapsed,https://sansad.in/getFile/BillsTexts/RSBillTexts/Asintroduced/distress.pdf?source=legislation
1217,119,XXXII,"The Dalit, Backward and Oppressed Youth (Development and Welfare) Bill, 2010",Rajya Sabha,2010-08-13,SOCIAL JUSTICE AND EMPOWERMENT,Akhilesh Das Gupta Dr.,Ordinary Bill,,,,,Lapsed,https://sansad.in/getFile/BillsTexts/RSBillTexts/Asintroduced/Dalit.pdf?source=legislation
1218,119,XXXIII,"The Removal of Unemployment Amongst the Youth Bill, 2010",Rajya Sabha,2010-08-13,LABOUR  AND  EMPLOYMENT,Akhilesh Das Gupta Dr.,Ordinary Bill,,,,,Lapsed,https://sansad.in/getFile/BillsTexts/RSBillTexts/Asintroduced/removal XXXIII 10.pdf?source=legislation
1219,119,XXXIV,"The Agricultural and Other Workers in Rural Areas (Protection, Incentives and Welfare) Bill, 2010",Rajya Sabha,2010-08-13,LABOUR  AND  EMPLOYMENT,Akhilesh Das Gupta Dr.,Ordinary Bill,,,,,Lapsed,https://sansad.in/getFile/BillsTexts/RSBillTexts/Asintroduced/agricul XXXIV 10.pdf?source=legislation
1220,119,L,"The Constitution (Amendment) Bill, 2009 (to amend article 275)",Rajya Sabha,2010-05-03,HOME AFFAIRS,Akhilesh Das Gupta Dr.,Constitutional Amendment Bill,,,,,Lapsed,https://sansad.in/getFile/BillsTexts/RSBillTexts/Asintroduced/Cons L of 09.pdf?source=legislation
1221,119,LI,"The Children (Rights, Development and Welfare) Bill, 2009",Rajya Sabha,2010-05-03,WOMEN AND CHILD DEVELOPMENT,Akhilesh Das Gupta Dr.,Ordinary Bill,,,,,,https://sansad.in/getFile/BillsTexts/RSBillTexts/Asintroduced/Child LI  of 09.pdf?source=legislation
1222,119,XLVIII,"The Constitution (Amendment) Bill, 2009 (insertion of new article 21B)",Rajya Sabha,2010-05-03,HOUSING AND URBAN POVERTY ALLEVIATION,Akhilesh Das Gupta Dr.,Constitutional Amendment Bill,,,,,Lapsed,https://sansad.in/getFile/BillsTexts/RSBillTexts/Asintroduced/Cons XLVIII of 09.pdf?source=legislation
1223,2477,XXXVI,"The Promotion of Equal Opportunity and Prohibition of Discrimination Against Scheduled Castes and Scheduled Tribes in Employment Bill, 2021.",Rajya Sabha,2021-12-03,SOCIAL JUSTICE AND EMPOWERMENT,Neeraj Dangi Shri,Financial Bill,,,,,Pending,https://sansad.in/getFile/BillsTexts/RSBillTexts/Asintroduced/promotion of equal opportunity-E.pdf?source=legislation
1224,2088,XII,"The Farmers (Removal of Indebtedness and Welfare) Bill, 2011",Rajya Sabha,2011-08-05,AGRICULTURE,R.C. Singh Shri,Ordinary Bill,,,,,Lapsed,https://sansad.in/getFile/BillsTexts/RSBillTexts/Asintroduced/farmrs.pdf?source=legislation
1225,2088,XIII,"The Constitution (Amendment) Bill, 2011 (insertion of new article 24A)",Rajya Sabha,2011-08-05,"PERSONNEL,  PUBLIC  GRIEVANCES  AND  PENSIONS",R.C. Singh Shri,Constitutional Amendment Bill,,,,,Lapsed,https://sansad.in/getFile/BillsTexts/RSBillTexts/Asintroduced/art 24A.pdf?source=legislation
1226,2088,XVII,"The Prevention of Hoarding and Profiteering Bill, 2010",Rajya Sabha,2010-05-03,"CONSUMER AFFAIRS, FOOD AND PUBLIC DISTRIBUTION",R.C. Singh Shri,Ordinary Bill,,,,,Lapsed,https://sansad.in/getFile/BillsTexts/RSBillTexts/Asintroduced/Hord XVII of 10.pdf?source=legislation
1227,121,LXII,"The Rain Water (Prevention of Wastage Through compulsory Harvesting) Bill, 2005.",Rajya Sabha,2005-07-29,WATER RESOURCES,R. K. Anand Shri,Ordinary Bill,,,,,Lapsed,
1228,121,LXIII,"The Dependent of Victims of Naxalite and Other Terrorism (Compensation, Rehabilitation and Miscellaneous Provisions) Bill, 2005.",Rajya Sabha,2005-07-29,HOME AFFAIRS,R. K. Anand Shri,Ordinary Bill,,,,,Lapsed,
1229,121,LXIV,"The Children with Cerebral Palsy and Mental Retardation (Care, Educational Facilities and Welfare) Bill, 2005.",Rajya Sabha,2005-07-29,SOCIAL JUSTICE AND EMPOWERMENT,R. K. Anand Shri,Ordinary Bill,,,,,Lapsed,
1230,121,XXXI,"The Constitution (Amendment) Bill, 2005 (insertion of new article 21B).",Rajya Sabha,2005-05-06,PLANNING,R. K. Anand Shri,Ordinary Bill,,,,,Lapsed,
1231,121,XXXII,"The Promotion of Small Family and Other Provisions Bill, 2005.",Rajya Sabha,2005-05-06,HEALTH AND FAMILY WELFARE,R. K. Anand Shri,Ordinary Bill,,,,,Lapsed,
1232,121,XXXIII,"The Youth (Educational, Employment and Other Progressive Opportunities) Bill, 2005.",Rajya Sabha,2005-05-06,YOUTH AFFAIRS AND SPORTS,R. K. Anand Shri,Ordinary Bill,,,,,Lapsed,
1233,2092,XLVII,"The Constitution (Amendment) Bill, 2012 (amendment of articles 75 and 164)",Rajya Sabha,2012-11-23,HOME AFFAIRS,M. Rama Jois Shri,Constitutional Amendment Bill,,,,,Lapsed,https://sansad.in/getFile/BillsTexts/RSBillTexts/Asintroduced/75 & 114-E.pdf?source=legislation
1234,2092,IV,"The Constitution (Amendment) Bill, 2012 (amendment of Preamble, articles 1 and 28)",Rajya Sabha,2012-05-11,HOME AFFAIRS,M. Rama Jois Shri,Constitutional Amendment Bill,,,,,Lapsed,https://sansad.in/getFile/BillsTexts/RSBillTexts/Asintroduced/sec 1-E.pdf?source=legislation
1235,2092,V,"The Learning of Devanagari Script (For National Unity) Bill, 2011",Rajya Sabha,2011-08-05,HUMAN RESOURCE  DEVELOPMENT,M. Rama Jois Shri,Ordinary Bill,,,,,Lapsed,https://sansad.in/getFile/BillsTexts/RSBillTexts/Asintroduced/devngri.pdf?source=legislation
1236,2092,XV,"The Constitution (Amendment) Bill, 2010 (to amend article 145 and insertion of new article 225A)",Rajya Sabha,2010-05-03,LAW AND JUSTICE,M. Rama Jois Shri,Constitutional Amendment Bill,,,,,Lapsed,https://sansad.in/getFile/BillsTexts/RSBillTexts/Asintroduced/Cons XV of 10.pdf?source=legislation
1237,2092,XXIII,"The Marriage Law Bill, 2010",Rajya Sabha,2010-05-03,LAW AND JUSTICE,M. Rama Jois Shri,Ordinary Bill,,,,,Lapsed,https://sansad.in/getFile/BillsTexts/RSBillTexts/Asintroduced/Marrge XXIII of 10.pdf?source=legislation
1238,2092,LIII,"The Constitution (Amendment) Bill, 2009 (insertion of new articles 15A, 17A and 17B)",Rajya Sabha,2009-12-18,LAW AND JUSTICE,M. Rama Jois Shri,Constitutional Amendment Bill,,,,,Lapsed,https://sansad.in/getFile/BillsTexts/RSBillTexts/Asintroduced/const LIII 09.pdf?source=legislation
1239,2092,XXIX,"The Constitution (Amendment) Bill, 2009 (to amend article 37)",Rajya Sabha,2009-12-04,LAW AND JUSTICE,M. Rama Jois Shri,Constitutional Amendment Bill,,,,,Lapsed,https://sansad.in/getFile/BillsTexts/RSBillTexts/Asintroduced/const XXIX 09.pdf?source=legislation
1240,2092,XXXII,"The Indian Penal Code (Amendment) Bill, 2009.",Rajya Sabha,2009-12-04,HOME AFFAIRS,M. Rama Jois Shri,Ordinary Bill,,,,,Lapsed,https://sansad.in/getFile/BillsTexts/RSBillTexts/Asintroduced/IPC XXXII 09.pdf?source=legislation
1241,118,IV,"The Public Financial Institutions (Conversion of Loans to Companies into Equity Share Capital) Bill, 2008",Rajya Sabha,2008-12-19,FINANCE,S.S. Ahluwalia Shri,Ordinary Bill,,,,,Lapsed,https://sansad.in/getFile/BillsTexts/RSBillTexts/Asintroduced/pub. fin. IV of 08.pdf?source=legislation
1242,118,V,"The Working Journalists Welfare Fund Bill, 2008",Rajya Sabha,2008-12-19,LAW AND JUSTICE,S.S. Ahluwalia Shri,Ordinary Bill,,,,,Lapsed,https://sansad.in/getFile/BillsTexts/RSBillTexts/Asintroduced/working journlis V of 08.pdf?source=legislation
1243,118,VI,"The Working Children (Welfare and Rehabilitation) Bill, 2008",Rajya Sabha,2008-12-19,LAW AND JUSTICE,S.S. Ahluwalia Shri,Ordinary Bill,,,,,Lapsed,https://sansad.in/getFile/BillsTexts/RSBillTexts/Asintroduced/workng child VI of 08.pdf?source=legislation
1244,118,LXXXI,"The Maintenance of Food, Potable Water and Fodder Supplies in Drought Affected Areas Bill, 2007",Rajya Sabha,2007-11-30,AGRICULTURE,S.S. Ahluwalia Shri,Ordinary Bill,,,,,Lapsed,https://sansad.in/getFile/BillsTexts/RSBillTexts/Asintroduced/Maintenance of Food.pdf?source=legislation
1245,118,LXXXII,"The Special Educational Facilities for Children of Manual Scavengers Bill, 2007",Rajya Sabha,2007-11-30,HUMAN RESOURCE  DEVELOPMENT,S.S. Ahluwalia Shri,Ordinary Bill,,,,,Lapsed,
1246,118,LXXXIII,"The Consumer Goods (Publication of Price with Advertisement) Bill, 2007",Rajya Sabha,2007-11-30,"CONSUMER AFFAIRS, FOOD AND PUBLIC DISTRIBUTION",S.S. Ahluwalia Shri,Ordinary Bill,,,,,Lapsed,https://sansad.in/getFile/BillsTexts/RSBillTexts/Asintroduced/Consumer Goods.pdf?source=legislation
1247,118,LIV,"The Freedom of Childhood Bill, 2007",Rajya Sabha,2007-08-24,HUMAN RESOURCE  DEVELOPMENT,S.S. Ahluwalia Shri,Ordinary Bill,,,,,Lapsed,
1248,118,LV,"The Blind and Other Physically Handicapped Persons (Rehabilitation, Employment and Welfare) Bill, 2007",Rajya Sabha,2007-08-24,SOCIAL JUSTICE AND EMPOWERMENT,S.S. Ahluwalia Shri,Ordinary Bill,,,,,Lapsed,
1249,118,LVI,"The Maintenance of Uninterrupted Power Supply to Industries of Backward States Bill, 2007",Rajya Sabha,2007-08-24,POWER,S.S. Ahluwalia Shri,Ordinary Bill,,,,,Lapsed,
1250,118,IV,"The Financial Relief to the National Calamity Victims Bill, 2007",Rajya Sabha,2007-03-16,HOME AFFAIRS,S.S. Ahluwalia Shri,Ordinary Bill,,,,,Lapsed,https://sansad.in/getFile/BillsTexts/RSBillTexts/Asintroduced/1225rs.pdf?source=legislation
1251,118,V,"The Rivers Desiltation Authority of India Bill, 2007",Rajya Sabha,2007-03-16,WATER RESOURCES,S.S. Ahluwalia Shri,Ordinary Bill,,,,,Lapsed,https://sansad.in/getFile/BillsTexts/RSBillTexts/Asintroduced/1215rs.pdf?source=legislation
1252,118,VI,"The Jharkhand Atomic Authority Bill, 2007",Rajya Sabha,2007-03-16,ATOMIC ENERGY,S.S. Ahluwalia Shri,Ordinary Bill,,,,,Lapsed,https://sansad.in/getFile/BillsTexts/RSBillTexts/Asintroduced/1217rs.pdf?source=legislation
1253,118,LXI,"The Rivers Desiltation Authority of India Bill, 2005.",Rajya Sabha,2005-08-25,WATER RESOURCES,S.S. Ahluwalia Shri,Ordinary Bill,,,,,Lapsed,
1254,118,LXV,"The Financial Relief to the Natural Calamity Victims Bill, 2005.",Rajya Sabha,2005-08-25,HOME AFFAIRS,S.S. Ahluwalia Shri,Ordinary Bill,,,,,Lapsed,
1255,118,XXIV,"The Jharkhand Atomic Authority Bill, 2005.",Rajya Sabha,2005-03-24,ATOMIC ENERGY,S.S. Ahluwalia Shri,Ordinary Bill,,,,,Lapsed,
1256,118,XXVI,"The Indian Penal Code (Amendment) Bill, 2005.",Rajya Sabha,2005-03-24,HOME AFFAIRS,S.S. Ahluwalia Shri,Ordinary Bill,,,,,Lapsed,
1257,118,XXVII,"The Compulsory Maintenance of National Register of Citizens Bill, 2005.",Rajya Sabha,2005-03-24,HOME AFFAIRS,S.S. Ahluwalia Shri,Ordinary Bill,,,,,Lapsed,
1258,118,XIX,"The Old Persons (Protection and Welfare) Bill, 2003.",Rajya Sabha,2003-09-05,SOCIAL JUSTICE AND EMPOWERMENT,S.S. Ahluwalia Shri,Ordinary Bill,,,,,Lapsed,
1259,118,XX,"The Reservation of Posts in Government Service and Seats in Educational Institutions for Economically Weaker Section and People Living Below Poverty Line Bill, 2003.",Rajya Sabha,2003-09-05,"PERSONNEL,  PUBLIC  GRIEVANCES  AND  PENSIONS",S.S. Ahluwalia Shri,Ordinary Bill,,,,,Lapsed,
1260,118,XXI,"The Cyclone, Earthquake and Flood Victims (Financial Relief and Rehabilitation) Bill, 2003.",Rajya Sabha,2003-09-05,HOME AFFAIRS,S.S. Ahluwalia Shri,Ordinary Bill,,,,,Lapsed,
1261,118,LIII,"The Backward Areas Development Authority Bill, 2003.",Rajya Sabha,2003-05-12,PLANNING,S.S. Ahluwalia Shri,Ordinary Bill,,,,,Lapsed,
1262,118,LIV,"The Marginal Farmers and Agricultural Workers Welfare Fund Bill, 2003.",Rajya Sabha,2003-05-12,LABOUR,S.S. Ahluwalia Shri,Ordinary Bill,,,,,Lapsed,
1263,118,LV,"The Constitution (Amendment) Bill, 2003.  (to amend articles 15, 16 & 340).",Rajya Sabha,2003-05-12,SOCIAL JUSTICE AND EMPOWERMENT,S.S. Ahluwalia Shri,Ordinary Bill,,,,,Lapsed,
1264,118,VI,"The Freedom of Childhood Bill, 2002",Rajya Sabha,2002-10-05,HUMAN RESOURCE  DEVELOPMENT,S.S. Ahluwalia Shri,Ordinary Bill,,,,,Lapsed,https://sansad.in/getFile/BillsTexts/RSBillTexts/Asintroduced/VI_2002.pdf?source=legislation
1265,118,VII,"The Maintenance of Uninterrupted Power Supply to Industries of Backward States Bill, 2002",Rajya Sabha,2002-05-10,POWER,S.S. Ahluwalia Shri,Ordinary Bill,,,,,Lapsed,https://sansad.in/getFile/BillsTexts/RSBillTexts/Asintroduced/VII_2002.pdf?source=legislation
1266,118,VIII,"The Blind and Other Physically Handicapped Persons (Rehabilitation Employment and Welfare) Bill, 2002",Rajya Sabha,2002-05-10,SOCIAL JUSTICE AND EMPOWERMENT,S.S. Ahluwalia Shri,Ordinary Bill,,,,,Lapsed,https://sansad.in/getFile/BillsTexts/RSBillTexts/Asintroduced/VIII_2002.pdf?source=legislation
1267,118,LXX,"The Special Educational Facilities for Children of Manual Scavengers Bill, 2001",Rajya Sabha,2001-12-07,HUMAN RESOURCE  DEVELOPMENT,S.S. Ahluwalia Shri,Ordinary Bill,,,,,Lapsed,https://sansad.in/getFile/BillsTexts/RSBillTexts/Asintroduced/LXX_2001.pdf?source=legislation
1268,118,LXXII,"The Maintenance of Food, Potable Water and Fodder Supplies in Drought Affected Areas Bill, 2001",Rajya Sabha,2001-12-07,AGRICULTURE,S.S. Ahluwalia Shri,Ordinary Bill,,,,,Lapsed,https://sansad.in/getFile/BillsTexts/RSBillTexts/Asintroduced/LXXII_2001.pdf?source=legislation
1269,118,XX,"The Public Financial Institutions (Conversion of Loans to Companies into Equity Share Capital) Bill, 2001",Rajya Sabha,2001-07-27,,S.S. Ahluwalia Shri,Ordinary Bill,,,,,Lapsed,https://sansad.in/getFile/BillsTexts/RSBillTexts/Asintroduced/XX_2001.pdf?source=legislation
1270,118,XXI,"The Consumers Goods (Publication of Price with Advertisement) Bill, 2001",Rajya Sabha,2001-07-27,"CONSUMER AFFAIRS, FOOD AND PUBLIC DISTRIBUTION",S.S. Ahluwalia Shri,Ordinary Bill,,,,,Lapsed,https://sansad.in/getFile/BillsTexts/RSBillTexts/Asintroduced/XXI_2001.pdf?source=legislation
1271,118,XXII,"The Working Journalists Welfare Fund Bill, 2001",Rajya Sabha,2001-07-27,,S.S. Ahluwalia Shri,Ordinary Bill,,,,,Lapsed,https://sansad.in/getFile/BillsTexts/RSBillTexts/Asintroduced/XXII_2001.pdf?source=legislation
1272,118,LXXI,"The Working Children (Welfare and Rehabilitation) Bill, 2001",Rajya Sabha,2001-07-12,LABOUR,S.S. Ahluwalia Shri,Ordinary Bill,,,,,Lapsed,https://sansad.in/getFile/BillsTexts/RSBillTexts/Asintroduced/LXXI_2001.pdf?source=legislation
1273,118,LXIV,"The Prevention of Cow Slaughter Bill, 2000",Rajya Sabha,2000-12-22,AGRICULTURE,S.S. Ahluwalia Shri,Ordinary Bill,,,,,Lapsed,https://sansad.in/getFile/BillsTexts/RSBillTexts/Asintroduced/LXIV_2000.pdf?source=legislation
1274,118,LXV,"The Constitution (Amendment) Bill, 2000 (to amend articles 343, 348 and 351)",Rajya Sabha,2000-12-22,HOME AFFAIRS,S.S. Ahluwalia Shri,Ordinary Bill,,,,,Lapsed,https://sansad.in/getFile/BillsTexts/RSBillTexts/Asintroduced/LXV_2000.pdf?source=legislation
1275,118,LXVI,"The Constitution (Amendment) Bill, 2000 (to amend articles 85, 123, 174 etc.)",Rajya Sabha,2000-12-22,PARLIAMENTARY  AFFAIRS,S.S. Ahluwalia Shri,Ordinary Bill,,,,,Lapsed,https://sansad.in/getFile/BillsTexts/RSBillTexts/Asintroduced/LXVI_2000.pdf?source=legislation
1276,118,XXIV,"The Girl Child ( Compulsory Education and Welfare) Bill, 2000.",Rajya Sabha,2000-12-05,HUMAN RESOURCE  DEVELOPMENT,S.S. Ahluwalia Shri,Ordinary Bill,,,,,Lapsed,https://sansad.in/getFile/BillsTexts/RSBillTexts/Asintroduced/XXIV_2000.pdf?source=legislation
1277,118,XXVII,"The Religious Conversions (Prohibition of Allurement and Use of Coercive Methods) Bill, 2000.",Rajya Sabha,2000-12-05,HOME AFFAIRS,S.S. Ahluwalia Shri,Ordinary Bill,,,,,Lapsed,https://sansad.in/getFile/BillsTexts/RSBillTexts/Asintroduced/XXVII_2000.pdf?source=legislation
1278,118,XL,"The Compulsory Desiltation of Dams and River Bill,2000",Rajya Sabha,2000-08-18,WATER RESOURCES,S.S. Ahluwalia Shri,Ordinary Bill,,,,,Lapsed,https://sansad.in/getFile/BillsTexts/RSBillTexts/Asintroduced/XL_2000.pdf?source=legislation
1279,118,XLI,"The Constitution ( Amendment) Bill,2000 (to amend articles 124 and 214)",Rajya Sabha,2000-08-18,,S.S. Ahluwalia Shri,Ordinary Bill,,,,,Lapsed,https://sansad.in/getFile/BillsTexts/RSBillTexts/Asintroduced/XLI_2000.pdf?source=legislation
1280,118,XL,"The Old  Persons ( Protection and Welfare ) Bill, 1995",Rajya Sabha,1995-08-17,,S.S. Ahluwalia Shri,Ordinary Bill,,,,,Lapsed,
1281,118,XLI,"The Consumer Goods ( Publication of Price with Advertisement ) Bill,1995",Rajya Sabha,1995-08-17,INFORMATION AND BROADCASTING,S.S. Ahluwalia Shri,Ordinary Bill,,,,,Lapsed,
1282,118,XLII,"The Working Journalists Welfare fund Bill,1995",Rajya Sabha,1995-08-17,LABOUR,S.S. Ahluwalia Shri,Ordinary Bill,,,,,Lapsed,
1283,118,XLII,"The Constitution 9Amendment) Bill,1994 ( insertion of new article 184)",Rajya Sabha,1994-12-08,,S.S. Ahluwalia Shri,Ordinary Bill,,,,,Lapsed,
1284,118,XLVIII,"The Cyclone Earthquake and Flood Victinis ( Financial Reliet and Rehabilitiation) Bill,1994",Rajya Sabha,1994-12-08,AGRICULTURE,S.S. Ahluwalia Shri,Ordinary Bill,,,,,Lapsed,
1285,118,LI,"The Maintenance of Uninterrupted Power Supply to Industries of backward States Bill, 1994",Rajya Sabha,1994-08-26,POWER,S.S. Ahluwalia Shri,Ordinary Bill,,,,,Lapsed,
1286,118,VII,"The Constitution (Amendment) Bill, 1994 [to amend article 124]",Rajya Sabha,1994-05-13,HOME AFFAIRS,S.S. Ahluwalia Shri,Ordinary Bill,,,,,Lapsed,
1287,118,XII,"The Maintenance of Food, Potable Water and Fodder Supplies in Drought Affected Areas Bill, 1994",Rajya Sabha,1994-05-13,AGRICULTURE,S.S. Ahluwalia Shri,Ordinary Bill,,,,,Lapsed,
1288,118,XV,"The Infirm and Destitute Persons (Maintenance and Rehabilitation) Bill, 1994",Rajya Sabha,1994-05-13,,S.S. Ahluwalia Shri,Ordinary Bill,,,,,Lapsed,
1289,118,I,"The Freedom of Childhood Bill,1994",Rajya Sabha,1994-04-29,HUMAN RESOURCE  DEVELOPMENT,S.S. Ahluwalia Shri,Ordinary Bill,,,,,Lapsed,
1290,118,II,"The All India Service ( Amendment) Bill,1994",Rajya Sabha,1994-04-29,HOME AFFAIRS,S.S. Ahluwalia Shri,Ordinary Bill,,,,,Lapsed,
1291,118,LXXIV,"The Constitution (Amendment) Bill, 1994 (to amend articles 15,16 and 340)",Rajya Sabha,1994-04-29,,S.S. Ahluwalia Shri,Ordinary Bill,,,,,Lapsed,
1292,118,LXXV,"The Compulsory Vocational Education Bill,1993",Rajya Sabha,1994-03-18,HUMAN RESOURCE  DEVELOPMENT,S.S. Ahluwalia Shri,Ordinary Bill,,,,,Lapsed,
1293,118,LXXVI,"The Constitution ( Amendment) Bill,1993 ( insertion of new article 30 A)",Rajya Sabha,1994-03-18,HUMAN RESOURCE  DEVELOPMENT,S.S. Ahluwalia Shri,Ordinary Bill,,,,,Lapsed,
1294,118,LXXVII,"The Compulsory Desiltion of Damo and Rivers Bills,1993",Rajya Sabha,1994-03-18,WATER RESOURCES,S.S. Ahluwalia Shri,Ordinary Bill,,,,,Lapsed,
1295,118,LVI,"The Railway Passengers Insurance Bill,1993",Rajya Sabha,1993-12-17,RAILWAYS,S.S. Ahluwalia Shri,Ordinary Bill,,,,,Lapsed,
1296,118,LVIII,"The Special Education Facilities for Childern of Manual Scavangers Bill,1993",Rajya Sabha,1993-12-17,,S.S. Ahluwalia Shri,Ordinary Bill,,,,,Lapsed,
1297,118,LXXII,"The Citizens eight Reply in Newspapers Bill, 1993",Rajya Sabha,1993-12-17,INFORMATION AND BROADCASTING,S.S. Ahluwalia Shri,Ordinary Bill,,,,,Lapsed,
1298,118,XXXV,"The Oil Seeds and Edible Oil ( Promotion of Production ) Bill,1993",Rajya Sabha,1993-08-13,AGRICULTURE,S.S. Ahluwalia Shri,Ordinary Bill,,,,,Lapsed,
1299,118,XXXVI,"The Marginal Farmers and Agricultural Workers Welfare Fund Bill,1993",Rajya Sabha,1993-08-13,LABOUR,S.S. Ahluwalia Shri,Ordinary Bill,,,,,Lapsed,
1300,118,XXXIII,"The Crop Insurance Scheme Bill,1993",Rajya Sabha,1993-07-30,AGRICULTURE,S.S. Ahluwalia Shri,Ordinary Bill,,,,,Lapsed,
1301,118,XXXIV,"The Constitution ( Amendment) Bill,1993 ( insertion of new part - XVI A)",Rajya Sabha,1993-07-30,HUMAN RESOURCE  DEVELOPMENT,S.S. Ahluwalia Shri,Ordinary Bill,,,,,Lapsed,
1302,118,XXXVIII,"The Medico Doctors and Endneers(Regnlation of Nigration to other countries ) Bill, 1993",Rajya Sabha,1993-07-30,HUMAN RESOURCE  DEVELOPMENT,S.S. Ahluwalia Shri,Ordinary Bill,,,,,Lapsed,
1303,118,IV,"The Free Educational and Hostel Facilities for the Students Belonging to Scheduled Castes Scheduled Tribes and Economically Backward classes Bill,1993",Rajya Sabha,1993-04-30,,S.S. Ahluwalia Shri,Ordinary Bill,,,,,Lapsed,
1304,118,V,"The Reservation of Posts in Government Services and Seats in Educational Institution for Economically wealfare Section and People living Below the pouesty line Bill,1993.",Rajya Sabha,1993-04-30,,S.S. Ahluwalia Shri,Ordinary Bill,,,,,Lapsed,
1305,118,VII,"The Blind and other Physically handicapped Persons ( rehabilitation Empiagnent and Welfare ) Bill,1993",Rajya Sabha,1993-04-30,,S.S. Ahluwalia Shri,Ordinary Bill,,,,,Lapsed,https://sansad.in/getFile/BillsTexts/RSBillTexts/Asintroduced/6 The Blind  Persons  19931122202333253PM.pdf?source=legislation
1306,118,LXV,"The Working Children ( Welfare and Rehabilitation) Bill,1992",Rajya Sabha,1993-03-12,LABOUR,S.S. Ahluwalia Shri,Ordinary Bill,,,,,Lapsed,
1307,118,LXXI,"The Handloom Weavers (Welfare) Bill,1992",Rajya Sabha,1993-03-12,TEXTILES,S.S. Ahluwalia Shri,Ordinary Bill,,,,,Lapsed,
1308,118,VI,"The Profiteering Prevention and Control of Prices Bill,1993",Rajya Sabha,1993-03-12,CIVIL AVIATION,S.S. Ahluwalia Shri,Ordinary Bill,,,,,Lapsed,
1309,118,II,"The Banning of  Communal Political Parties Bill,1993",Rajya Sabha,1993-02-26,HOME AFFAIRS,S.S. Ahluwalia Shri,Ordinary Bill,,,,,Lapsed,
1310,118,LXIV,"The Constitution ( Amendment) Bill,1992 ( to amend article 343 etc.)",Rajya Sabha,1993-02-26,HOME AFFAIRS,S.S. Ahluwalia Shri,Ordinary Bill,,,,,Lapsed,
1311,118,VIII,"The Prevention of Communal Riots and Rehabilitation of Victims Bill,1993",Rajya Sabha,1993-02-26,HOME AFFAIRS,S.S. Ahluwalia Shri,Ordinary Bill,,,,,Lapsed,
1312,118,LXII,"The Bihar Atomic Authority Bill,1992",Rajya Sabha,1992-11-27,ATOMIC ENERGY,S.S. Ahluwalia Shri,Ordinary Bill,,,,,Lapsed,
1313,118,LXIII,"The Constitution (Amendment) Bill,1992 (Insertion of new article 19A)",Rajya Sabha,1992-11-27,HOME AFFAIRS,S.S. Ahluwalia Shri,Ordinary Bill,,,,,Lapsed,
1314,118,LII,"The Bihar Flood Control Authority Bill,1992",Rajya Sabha,1992-07-08,WATER RESOURCES,S.S. Ahluwalia Shri,Ordinary Bill,,,,,Lapsed,
1315,118,LIII,"The Backward Areas Development Authority Bill,1992",Rajya Sabha,1992-07-08,PLANNING,S.S. Ahluwalia Shri,Ordinary Bill,,,,,Lapsed,
1316,118,LIV,"The Girl Child (Compulsory Education and Welfare) Bill,1992",Rajya Sabha,1992-07-08,HUMAN RESOURCE  DEVELOPMENT,S.S. Ahluwalia Shri,Ordinary Bill,,,,,Lapsed,
1317,118,XXV,"The Non Resident  Indians ( Voting Right at Elections) Bill,1992",Rajya Sabha,1992-04-30,,S.S. Ahluwalia Shri,Ordinary Bill,,,,,Lapsed,
1318,118,VII,"The Working Journalists Welfare Fund Bill, 1992",Rajya Sabha,1992-03-31,LABOUR,S.S. Ahluwalia Shri,Ordinary Bill,,,,,Lapsed,
1319,118,VIII,"The  Prevention of Communal Riots and Rehabilitation of Victims Bill, 1992",Rajya Sabha,1992-03-31,HOME AFFAIRS,S.S. Ahluwalia Shri,Ordinary Bill,,,,,Lapsed,
1320,118,XIV,"The Free Edcational and Hostel Facilities for the Students belonging to Scheduled Castes and Scheduled Tribes and Economically Backward Classes Bill, 1992",Rajya Sabha,1992-03-31,HUMAN RESOURCE  DEVELOPMENT,S.S. Ahluwalia Shri,Ordinary Bill,,,,,Lapsed,
1321,118,II,"The Prohibition  Bill, 1992",Rajya Sabha,1992-02-28,HOME AFFAIRS,S.S. Ahluwalia Shri,Ordinary Bill,,,,,Lapsed,
1322,118,III,"The Handloom Weavers (Welfare) Bill, 1992",Rajya Sabha,1992-02-28,TEXTILES,S.S. Ahluwalia Shri,Ordinary Bill,,,,,Lapsed,
1323,118,IV,"The Constitution (Amendment) Bill, 1992 (to amend articles 343, 348 etc.)",Rajya Sabha,1992-02-28,HOME AFFAIRS,S.S. Ahluwalia Shri,Ordinary Bill,,,,,Lapsed,
1324,118,V,"The Backward Areas Development Authority Bill, 1992",Rajya Sabha,1992-02-28,HOME AFFAIRS,S.S. Ahluwalia Shri,Ordinary Bill,,,,,Lapsed,
1325,118,IX,"The Reservation of posts in Government Services and seats in Educational Institutions (For Ecomomically Weaker Sections and People Living Below poverty Line) Bill,1991",Rajya Sabha,1991-12-27,"PERSONNEL,  PUBLIC  GRIEVANCES  AND  PENSIONS",S.S. Ahluwalia Shri,Ordinary Bill,,,,,Lapsed,
1326,118,LXV,"The Constitution (Amendment) Bill, 1991 [to amend articles 124 and 214]",Rajya Sabha,1991-12-20,,S.S. Ahluwalia Shri,Ordinary Bill,,,,,Lapsed,
1327,118,LXXIII,"The Working Children (Welfare and Rehabilitation) Bill, 1991",Rajya Sabha,1991-12-20,LABOUR,S.S. Ahluwalia Shri,Ordinary Bill,,,,,Lapsed,
1328,118,LXXV,"The Citizens Right to reply in Newspapers and News Magazines Bill, 1991",Rajya Sabha,1991-12-20,INFORMATION AND BROADCASTING,S.S. Ahluwalia Shri,Ordinary Bill,,,,,Lapsed,
1329,118,XIII,"The Blind and Other Physically Handicapped Persons (Rehabilitation, Employment and Welfare) Bill, 1991",Rajya Sabha,1991-12-07,,S.S. Ahluwalia Shri,Ordinary Bill,,,,,Lapsed,https://sansad.in/getFile/BillsTexts/RSBillTexts/Asintroduced/4 The Blind  Persons 19911122202333151PM.pdf?source=legislation
1330,118,XLII,"The Constitution (Amendment) Bill, 1991 [Insertion of new article 18A]",Rajya Sabha,1991-12-07,LABOUR,S.S. Ahluwalia Shri,Ordinary Bill,,,,,Withdrawn,
1331,118,XV,"The Bihar Flood Control Authority , Bill,1991",Rajya Sabha,1991-12-07,WATER RESOURCES,S.S. Ahluwalia Shri,Ordinary Bill,,,,,Lapsed,
1332,118,XVIII,"The Public Financial Institutions (Conversions of Loans to Companies into Equity Shares Capital) Bill, 1991",Rajya Sabha,1991-12-07,,S.S. Ahluwalia Shri,Ordinary Bill,,,,,Lapsed,
1333,118,LI,"The Consumer Goods (Publication of Price with Advertisement) Bill, 1991",Rajya Sabha,1991-11-22,,S.S. Ahluwalia Shri,Ordinary Bill,,,,,Lapsed,
1334,118,LII,"The Constitution (Amendment)  Bill, 1991 [Insertion of new article 19A]",Rajya Sabha,1991-11-22,HOME AFFAIRS,S.S. Ahluwalia Shri,Ordinary Bill,,,,,Lapsed,
1335,118,LVIII,"The Profiteering Prevention and Control of Prices Bill,1991.",Rajya Sabha,1991-11-22,CIVIL AVIATION,S.S. Ahluwalia Shri,Ordinary Bill,,,,,Lapsed,
1336,118,XLIII,"The Oil Seeds and Edible Oils (Promotion of Production) Bill, 1991",Rajya Sabha,1991-09-13,AGRICULTURE,S.S. Ahluwalia Shri,Ordinary Bill,,,,,Lapsed,
1337,118,XLVI,"The Compulsory Desiltation of Dams and Rivers Bill, 1991",Rajya Sabha,1991-09-13,WATER RESOURCES,S.S. Ahluwalia Shri,Ordinary Bill,,,,,Lapsed,
1338,118,X,"The Constitution (Amendment) Bill, 1991 [to amend article 15,16 and 340]",Rajya Sabha,1991-08-30,,S.S. Ahluwalia Shri,Ordinary Bill,,,,,Lapsed,
1339,118,XI,"The Constitution (Amendment) Bill, 1991 [to amend articles 75 and 164]",Rajya Sabha,1991-08-30,HOME AFFAIRS,S.S. Ahluwalia Shri,Ordinary Bill,,,,,Lapsed,
1340,118,XXI,"The Marginal Farmers and Agricultural Workers Welfare Fund Bill, 1991",Rajya Sabha,1991-08-30,LABOUR,S.S. Ahluwalia Shri,Ordinary Bill,,,,,Lapsed,
1341,118,XIX,"The Agricultural Produce Price Fixation Board Bill, 1991",Rajya Sabha,1991-07-26,AGRICULTURE,S.S. Ahluwalia Shri,Ordinary Bill,,,,,Lapsed,
1342,118,XX,"The Old Persons (Protection and Welfare) Bill, 1991",Rajya Sabha,1991-07-26,,S.S. Ahluwalia Shri,Ordinary Bill,,,,,Lapsed,
1343,118,XXII,"The Special Protection Group (Amendment) Bill, 1991",Rajya Sabha,1991-07-26,HOME AFFAIRS,S.S. Ahluwalia Shri,Ordinary Bill,,,,,Lapsed,
1344,118,LXVII,"The Girl Child Compulsory Education and Welfare Bill, 1991",Rajya Sabha,1991-06-12,HUMAN RESOURCE  DEVELOPMENT,S.S. Ahluwalia Shri,Ordinary Bill,,,,,Lapsed,
1345,118,LXVIII,"The Constitution (Amendment) Bill, 1991 [Insertion of new part XVIA]",Rajya Sabha,1991-06-12,HUMAN RESOURCE  DEVELOPMENT,S.S. Ahluwalia Shri,Ordinary Bill,,,,,Lapsed,
1346,118,LXXVI,"The Constitution (Amendment) Bill, 1991 [to amend articles 85, 123, 174 and 213]",Rajya Sabha,1991-06-12,,S.S. Ahluwalia Shri,Ordinary Bill,,,,,Lapsed,
1347,118,VI,"The Companies (Amendment) Bill, 1991",Rajya Sabha,1991-02-27,,S.S. Ahluwalia Shri,Ordinary Bill,,,,,Lapsed,
1348,118,III,"The Constitution ( Amendment) Bill,1990 (Insertion of new article 30 A)",Rajya Sabha,1990-12-28,HUMAN RESOURCE  DEVELOPMENT,S.S. Ahluwalia Shri,Ordinary Bill,,,,,Lapsed,
1349,118,LXI,"The Crop Insurance Scheme Bill, 1990",Rajya Sabha,1990-12-28,AGRICULTURE,S.S. Ahluwalia Shri,Ordinary Bill,,,,,Lapsed,
1350,118,LXII,"The Financial Relief to the Cyclone and Flood Victims Bill, 1990",Rajya Sabha,1990-12-28,AGRICULTURE,S.S. Ahluwalia Shri,Ordinary Bill,,,,,Lapsed,
1351,118,XLVI,"The Railway Passengers Insurance Scheme Bill, 1990",Rajya Sabha,1990-08-31,RAILWAYS,S.S. Ahluwalia Shri,Ordinary Bill,,,,,Lapsed,
1352,118,XLVIII,"The Constitution ( Amendment) Bill, 1990 (Insertion of New article 18A)",Rajya Sabha,1990-08-31,WATER RESOURCES,S.S. Ahluwalia Shri,Ordinary Bill,,,,,Lapsed,
1353,118,XVIIIL,"The Constitution (Amendment) Bill, 1990 (Insertion of new article 18A]",Rajya Sabha,1990-08-31,WATER RESOURCES,S.S. Ahluwalia Shri,Ordinary Bill,,,,,Lapsed,
1354,118,XVIL,"The Railway Passengers Insurance Scheme Bill, 1990",Rajya Sabha,1990-08-31,RAILWAYS,S.S. Ahluwalia Shri,Ordinary Bill,,,,,Lapsed,
1355,118,XXXIX,"The Compulsory Vocational Education Bill, 1990",Rajya Sabha,1990-08-31,HUMAN RESOURCE  DEVELOPMENT,S.S. Ahluwalia Shri,Ordinary Bill,,,,,Lapsed,
1356,118,XI,The Constitution (Amendment) Bill (To amend the Eighth Seduled),Rajya Sabha,1990-08-17,HOME AFFAIRS,S.S. Ahluwalia Shri,Ordinary Bill,,,,,Lapsed,
1357,118,XLII,"The Constitutuon (Amendment) Bill, 1990( Insertion of new article 1 6 A)",Rajya Sabha,1990-08-17,LABOUR,S.S. Ahluwalia Shri,Ordinary Bill,,,,,Lapsed,
1358,118,XLIII,"The Constitution (Amendment) Bill, 1990 (Constitution of new Article 340)",Rajya Sabha,1990-08-17,,S.S. Ahluwalia Shri,Ordinary Bill,,,,,Lapsed,
1359,118,XXXXII,"The Constitution (Amendment) Bill, 1990 [Insertion of new article 16A]",Rajya Sabha,1990-08-17,LABOUR,S.S. Ahluwalia Shri,Ordinary Bill,,,,,Lapsed,
1360,118,XXXXIII,"The Constitution (Amendment) Bill, 1990 [Substitution of new article for article 340]",Rajya Sabha,1990-08-17,,S.S. Ahluwalia Shri,Ordinary Bill,,,,,Lapsed,
1361,118,XLV,"The Constitution ( Amendment ) Bill, 2002 ( Insertion of new article 18 A)",Rajya Sabha,,WATER RESOURCES,S.S. Ahluwalia Shri,Ordinary Bill,,,,,Lapsed,
1362,118,XLVI,The Free Educational and hostel Faci,Rajya Sabha,,HUMAN RESOURCE  DEVELOPMENT,S.S. Ahluwalia Shri,Ordinary Bill,,,,,Lapsed,
1363,118,XLVII,"The Infirin and destitute Person (Maintenance and Rehabilitation) Bill, 2002",Rajya Sabha,,SOCIAL JUSTICE AND EMPOWERMENT,S.S. Ahluwalia Shri,Ordinary Bill,,,,,Lapsed,
1364,118,XXII,"The Infirm and Destitute Persons ( Maintenance and Rehablitation) Bill,1992",Rajya Sabha,,,S.S. Ahluwalia Shri,Ordinary Bill,,,,,Lapsed,
1365,2481,LXXXVII,"The National Food Security (Amendment) Bill, 2024",Rajya Sabha,2025-12-05,"CONSUMER AFFAIRS, FOOD AND PUBLIC DISTRIBUTION",Iranna Kadadi Shri,Ordinary Bill,,,,,Pending,https://sansad.in/getFile/BillsTexts/RSBillTexts/Asintroduced/551211202550803PM.pdf?source=legislation
1366,2481,XCIV,"The National Commission for Welfare of Sugarcane Farmers and Workers Bill, 2024",Rajya Sabha,2025-12-05,AGRICULTURE & FARMERS WELFARE,Iranna Kadadi Shri,Financial Bill,,,,,Pending,https://sansad.in/getFile/BillsTexts/RSBillTexts/Asintroduced/541211202550743PM.pdf?source=legislation
1367,2481,XCVIII,"The Child and Adolescent Labour (Prohibition and Regulation) Amendment Bill, 2024",Rajya Sabha,2025-12-05,LABOUR  AND  EMPLOYMENT,Iranna Kadadi Shri,Ordinary Bill,,,,,Pending,https://sansad.in/getFile/BillsTexts/RSBillTexts/Asintroduced/561211202550817PM.pdf?source=legislation
1368,2481,LVI,"The Right of Children to Free, Compulsory and Quality Education (Amendment) Bill, 2023",Rajya Sabha,2024-07-26,EDUCATION,Iranna Kadadi Shri,Ordinary Bill,,,,,Pending,https://sansad.in/getFile/BillsTexts/RSBillTexts/Asintroduced/3-Right of Children_Iranna-E731202481405PM.pdf?source=legislation
1369,2481,XLI,"The Constitution (Amendment) Bill, 2022 (insertion of new article 21B)",Rajya Sabha,2024-07-26,JAL SHAKTI,Iranna Kadadi Shri,Constitutional Amendment Bill,,,,,Pending,https://sansad.in/getFile/BillsTexts/RSBillTexts/Asintroduced/2-Const amend21B_iranna-E731202480653PM.pdf?source=legislation
1370,2481,XXXIX,"The Representation of the People (Amendment) Bill, 2022",Rajya Sabha,2024-07-26,LAW AND JUSTICE,Iranna Kadadi Shri,Ordinary Bill,,,,,Pending,https://sansad.in/getFile/BillsTexts/RSBillTexts/Asintroduced/1_RoP_Iranna-E731202480627PM.pdf?source=legislation
1371,2481,L,"THE ANTARRASHTRIYA KANNADA VISHWAVIDYAL AYA BILL, 2022",Rajya Sabha,2022-12-09,EDUCATION,Iranna Kadadi Shri,Financial Bill,,,,,Pending,https://sansad.in/getFile/BillsTexts/RSBillTexts/Asintroduced/2 E- 258th Session1213202274829PM.pdf?source=legislation
1372,547,III,"The Constitution (Amendment) Bill, 1961 (to amend Eighth Schedle)",Rajya Sabha,1962-08-17,,Atal Bihari Vajpayee Shri,Ordinary Bill,,,,,Lapsed,
1373,547,IV,"The Prevention of Hydrogenation of Orls Bill, 1962",Rajya Sabha,1962-08-17,,Atal Bihari Vajpayee Shri,Ordinary Bill,,,,,Negatived,
1374,124,74,"The Cigarettes (Regulation of  Production, Supply and Distribution) Amendment Bill, 1998",Lok Sabha,1998-10-07,HEALTH AND FAMILY WELFARE,Pushpdan Shambhudan Gadhavi Shri,Ordinary Bill,,,,,Lapsed,https://sansad.in/getFile/BillsTexts/LSBillTexts/Asintroduced/968LS.pdf?source=legislation
1375,124,LI,"The Delhi university( Second amendment) Bill, 1974.",Rajya Sabha,1974-12-13,,R.N. Arya Shri,Ordinary Bill,,,,,Lapsed,
1376,1710,XI,"The Premetion pf social Dirabilities Bill,1983",Rajya Sabha,1983-03-18,,Sadasiv Bagaitkar Shri,Ordinary Bill,,,,,Lapsed,
1377,1710,VII,"The Vaikunth Mehta Dational Institute of Corperation Management  Pune Bill,1982",Rajya Sabha,1982-04-30,,Sadasiv Bagaitkar Shri,Ordinary Bill,,,,,,
1378,1710,VII,"The Declaration and Public Seridiny pf Assets pf Ministers amd Members of Parliament Bill, 1979",Rajya Sabha,1979-03-16,PARLIAMENTARY  AFFAIRS,Sadasiv Bagaitkar Shri,Ordinary Bill,,,,,Negatived,
1379,1712,V,"The Adoption of Children Bill, 1997",Rajya Sabha,1997-02-21,,M.A. Baby Shri,Ordinary Bill,,,,,Lapsed,
1380,1712,XXXII,"The Historical Building Preservation Bill, 1994",Rajya Sabha,1994-05-13,HUMAN RESOURCE  DEVELOPMENT,M.A. Baby Shri,Ordinary Bill,,,,,Lapsed,
1381,1712,XXXIX,"The Constitution ( Amendment) Bill, 1992 ( to amend article 356)",Rajya Sabha,1992-07-10,HOME AFFAIRS,M.A. Baby Shri,Ordinary Bill,,,,,Lapsed,
1382,1712,XXXVII,"The Constitution ( Amendment) Bill,1992 (to amend article 77)",Rajya Sabha,1992-07-10,EXTERNAL AFFAIRS,M.A. Baby Shri,Ordinary Bill,,,,,Withdrawn,
1383,1712,XXXVIII,"The Constitution (Amendment) Bill,1992 ( to amend article 81)",Rajya Sabha,1992-07-10,,M.A. Baby Shri,Ordinary Bill,,,,,Lapsed,
1384,1712,VI,"The Constitution (Amendment) Bill, 1992 (to aamend article 77)",Rajya Sabha,1992-02-28,EXTERNAL AFFAIRS,M.A. Baby Shri,Ordinary Bill,,,,,Lapsed,
1385,1712,XVI,"The Constitution (Amendment) Bill, 1991 [to amend article 356]",Rajya Sabha,1991-12-07,HOME AFFAIRS,M.A. Baby Shri,Ordinary Bill,,,,,Lapsed,
1386,548,1,"The Persons with Disabilities (Equal Opportunities, Protection of Rights and Full Participation) (Amendment) Bill, 2003",Lok Sabha,2003-02-21,SOCIAL JUSTICE AND EMPOWERMENT,Beatrix D`Souza Dr. (Smt.),Ordinary Bill,,,,,Pending,https://sansad.in/getFile/BillsTexts/LSBillTexts/Asintroduced/7083LS.pdf?source=legislation
1387,2094,LXVI,"The Acts of Parliament (Application to Nagaland) Bill, 2010",Rajya Sabha,2011-02-25,LAW AND JUSTICE,Khekiho Zhimomi Shri,Ordinary Bill,,,,,Withdrawn,https://sansad.in/getFile/BillsTexts/RSBillTexts/Asintroduced/act parl.pdf?source=legislation
1388,2094,V,"The Acts of Parliament (Application to Nagaland) Bill, 2009",Rajya Sabha,2009-02-13,HOME AFFAIRS,Khekiho Zhimomi Shri,Ordinary Bill,,,,,Lapsed,https://sansad.in/getFile/BillsTexts/RSBillTexts/Asintroduced/act of parllment V of 09.pdf?source=legislation
1389,2094,LXX,"The Nagaland Legislative Council Bill, 2008",Rajya Sabha,2008-12-19,HOME AFFAIRS,Khekiho Zhimomi Shri,Ordinary Bill,,,,,Lapsed,https://sansad.in/getFile/BillsTexts/RSBillTexts/Asintroduced/nagaland -LXX of 08.pdf?source=legislation
1390,126,XXIV,"The Constitution (Amendment) Bill, 2016 (insertion of new article 21A)",Rajya Sabha,2016-04-29,LAW AND JUSTICE,Ghulam Nabi Azad Shri,Ordinary Bill,,,,,Lapsed,https://sansad.in/getFile/BillsTexts/RSBillTexts/Asintroduced/21 A-29 4 16-E.pdf?source=legislation
1391,2096,XXXVI,"The Destitute and Needy Senior Citizens (Care, Protection and Welfare) Bill, 2011.",Rajya Sabha,2012-04-27,SOCIAL JUSTICE AND EMPOWERMENT,Avtar Singh Karimpuri Shri,Ordinary Bill,,,,,Lapsed,https://sansad.in/getFile/BillsTexts/RSBillTexts/Asintroduced/needy-E.pdf?source=legislation
1392,2096,XXXVII,"The Farmers (Protection from Natural Calamities and Other Welfare Measures) Bill, 2011.",Rajya Sabha,2012-04-27,AGRICULTURE,Avtar Singh Karimpuri Shri,Ordinary Bill,,,,,Lapsed,https://sansad.in/getFile/BillsTexts/RSBillTexts/Asintroduced/farmer-E.pdf?source=legislation
1393,2096,LXXX,"The Destitute and Neglected Women (Welfare) Bill, 2010",Rajya Sabha,2011-02-25,WOMEN AND CHILD DEVELOPMENT,Avtar Singh Karimpuri Shri,Ordinary Bill,,,,,Lapsed,https://sansad.in/getFile/BillsTexts/RSBillTexts/Asintroduced/destitute.pdf?source=legislation
1394,2096,XC,"The Health Insurance for Persons Living Below Poverty Line Bill, 2010",Rajya Sabha,2011-02-25,FINANCE,Avtar Singh Karimpuri Shri,Ordinary Bill,,,,,Lapsed,https://sansad.in/getFile/BillsTexts/RSBillTexts/Asintroduced/health.pdf?source=legislation
1395,128,87,"The Writers and Artists' Social Security Bill, 2015",Lok Sabha,2015-04-24,CULTURE,Dilip Kumar Mansukhlal Gandhi Shri,Financial Bill,,,,,Lapsed,https://sansad.in/getFile/BillsTexts/LSBillTexts/Asintroduced/28LS.pdf?source=legislation
1396,128,99,"The Cultural Heritage Conservation Bill, 2015",Lok Sabha,2015-04-24,CULTURE,Dilip Kumar Mansukhlal Gandhi Shri,Financial Bill,,,,,Lapsed,https://sansad.in/getFile/BillsTexts/LSBillTexts/Asintroduced/25LS.pdf?source=legislation
1397,129,87,"The Representation of the People (Amendment) Bill, 2010 (Insertion of new section 32A, etc.)",Lok Sabha,2010-08-13,LAW AND JUSTICE,Maneka Gandhi Smt.,Ordinary Bill,,,,,Lapsed,https://sansad.in/getFile/BillsTexts/LSBillTexts/Asintroduced/3345LS.pdf?source=legislation
1398,943,LII,"The High Court of Haryana Bill, 1997",Rajya Sabha,1998-06-12,,Ramji Lal Shri,Ordinary Bill,,,,,Lapsed,
1399,1715,XXXIX,"The Baclaward classes ( Promotion of welfare and renoval of disparition) Bill,1981",Rajya Sabha,1981-12-18,,M. Basavaraju Shri,Ordinary Bill,,,,,,
1400,552,XXXIX,"The Nationalisation of the foreign Banks Bill, 1970",Rajya Sabha,1971-03-26,,Arjun Arora Shri,Ordinary Bill,,,,,Lapsed,
1401,552,XXX,"The Constitution (Amendment) Bill, 1970 [to amend articles 56, 58, 63, etc.]",Rajya Sabha,1970-11-27,HOME AFFAIRS,Arjun Arora Shri,Ordinary Bill,,,,,Lapsed,
1402,552,XIX,"The Workman (Definition) Bill, 1967",Rajya Sabha,1967-12-15,,Arjun Arora Shri,Ordinary Bill,,,,,Lapsed,
1403,552,XX,"The Industries (Development and Regulation) Amendment Bill, 1966.",Rajya Sabha,1966-11-25,,Arjun Arora Shri,Ordinary Bill,,,,,Negatived,
1404,552,VII,"The Companies (Amendment) Bill, 1966",Rajya Sabha,1966-05-08,,Arjun Arora Shri,Ordinary Bill,,,,,Withdrawn,
1405,552,I,"The Companies (Amendment) Bill, 1966",Rajya Sabha,1966-04-03,,Arjun Arora Shri,Ordinary Bill,,,,,Lapsed,
1406,553,LV,"The Constitution (Amendment) Bill, 1990 Comission of article 244A)",Rajya Sabha,1990-12-28,HOME AFFAIRS,Bijoya Chakravarty Smt.,Ordinary Bill,,,,,Lapsed,
1407,553,XIVL,"The Constitution (Amendment) Bill, 1990 [Insertion of new article 38A]",Rajya Sabha,1990-08-17,,Bijoya Chakravarty Smt.,Ordinary Bill,,,,,Lapsed,
1408,553,XLIV,"The Constitution (Amendment) Bill,1990( Insertion of New Article.38A)",Rajya Sabha,1990-08-17,,Bijoya Chakravarty Smt.,Ordinary Bill,,,,,Lapsed,
1409,553,XLVII,"The Banning of Pre-Birth Sex Determination Bill,1990",Rajya Sabha,1990-08-17,,Bijoya Chakravarty Smt.,Ordinary Bill,,,,,Lapsed,
1410,553,XLX,"The Employment Gurantee Bill, 1990.",Rajya Sabha,1990-08-17,LABOUR,Bijoya Chakravarty Smt.,Ordinary Bill,,,,,Lapsed,
1411,553,XVIIL,"The Banning of Pre-Birth Sex Determination Tests Bill, 1990",Rajya Sabha,1990-08-17,,Bijoya Chakravarty Smt.,Ordinary Bill,,,,,Lapsed,
1412,553,XVL,"The Employment Gurantee Bill, 1990",Rajya Sabha,1990-08-17,LABOUR,Bijoya Chakravarty Smt.,Ordinary Bill,,,,,Lapsed,
1413,553,II,"The Indian Penal Code (Amendment) Bill, 1990",Rajya Sabha,1990-03-23,HOME AFFAIRS,Bijoya Chakravarty Smt.,Ordinary Bill,,,,,Lapsed,
1414,553,IV,"The Youth Welfare Bill, 1990",Rajya Sabha,1990-03-23,HUMAN RESOURCE  DEVELOPMENT,Bijoya Chakravarty Smt.,Ordinary Bill,,,,,Lapsed,
1415,553,XXII,"The Cinematograph (Amendment) Bill,1990",Rajya Sabha,1990-03-23,,Bijoya Chakravarty Smt.,Ordinary Bill,,,,,Lapsed,
1416,553,XIV,"The Constitution ( Amendment ) Bill,1989 ( to amend article 155.)",Rajya Sabha,1989-08-04,,Bijoya Chakravarty Smt.,Ordinary Bill,,,,,Lapsed,
1417,553,XV,"The Constitution ( Amendment) Bill,1989. ( to amend article,16)",Rajya Sabha,1989-08-04,,Bijoya Chakravarty Smt.,Ordinary Bill,,,,,Lapsed,
1418,553,XVIII,"The Motor Vehicles (Amendment) Bill,1989",Rajya Sabha,1989-08-04,,Bijoya Chakravarty Smt.,Ordinary Bill,,,,,Lapsed,
1419,554,216,"Jute Growers (Remunerative Price and Welfare) Bill, 2017",Lok Sabha,2018-08-03,TEXTILES,Rajesh Ranjan  (Pappu  Yadav) Shri,Financial Bill,,,,,Lapsed,https://sansad.in/getFile/BillsTexts/LSBillTexts/Asintroduced/2650LS As In.pdf?source=legislation
1420,554,221,"Inter-State River Water Authority Bill, 2017",Lok Sabha,2018-08-03,WATER RESOURCES,Rajesh Ranjan  (Pappu  Yadav) Shri,Financial Bill,,,,,Lapsed,https://sansad.in/getFile/BillsTexts/LSBillTexts/Asintroduced/2682LS As In.pdf?source=legislation
1421,554,8,"Consumer Goods Price Fixation Board Bill, 2018",Lok Sabha,2018-08-03,"CONSUMER AFFAIRS, FOOD AND PUBLIC DISTRIBUTION",Rajesh Ranjan  (Pappu  Yadav) Shri,Financial Bill,,,,,Lapsed,https://sansad.in/getFile/BillsTexts/LSBillTexts/Asintroduced/1390LS.pdf?source=legislation
1422,554,259,"The Education Loan Bill, 2016",Lok Sabha,2017-03-24,HUMAN RESOURCE  DEVELOPMENT,Rajesh Ranjan  (Pappu  Yadav) Shri,Financial Bill,,,,,Lapsed,https://sansad.in/getFile/BillsTexts/LSBillTexts/Asintroduced/2927.pdf?source=legislation
1423,554,261,"The Solid Waste Management Bill, 2016",Lok Sabha,2017-03-24,URBAN DEVELOPMENT,Rajesh Ranjan  (Pappu  Yadav) Shri,Financial Bill,,,,,Lapsed,https://sansad.in/getFile/BillsTexts/LSBillTexts/Asintroduced/2930.pdf?source=legislation
1424,554,276,"The Handloom Weavers (Protection and Welfare) Bill, 2016.",Lok Sabha,2017-03-24,TEXTILES,Rajesh Ranjan  (Pappu  Yadav) Shri,Financial Bill,,,,,Lapsed,https://sansad.in/getFile/BillsTexts/LSBillTexts/Asintroduced/2931.pdf?source=legislation
1425,554,284,"The Jute Growers and Workers(Welfare) Bill, 2017",Lok Sabha,2017-03-24,TEXTILES,Rajesh Ranjan  (Pappu  Yadav) Shri,Financial Bill,,,,,Lapsed,https://sansad.in/getFile/BillsTexts/LSBillTexts/Asintroduced/3139.pdf?source=legislation
1426,554,120,"The Promotion of Cycling and Provision of Compulsory Dedicated Cycle Corridor along Major Road and Highways Bill, 2016",Lok Sabha,2016-08-05,ROAD TRANSPORT AND HIGHWAYS,Rajesh Ranjan  (Pappu  Yadav) Shri,Financial Bill,,,,,Lapsed,https://sansad.in/getFile/BillsTexts/LSBillTexts/Asintroduced/317LS.pdf?source=legislation
1427,554,137,"The Agricultural and Other Workers in Rural Areas (Protection, Incentives and Welfare) Bill, 2016",Lok Sabha,2016-08-05,AGRICULTURE,Rajesh Ranjan  (Pappu  Yadav) Shri,Financial Bill,,,,,Lapsed,https://sansad.in/getFile/BillsTexts/LSBillTexts/Asintroduced/255LS.pdf?source=legislation
1428,554,138,"The Free and Compulsory Primary, Secondary, Higher and Technical Education Bill, 2016",Lok Sabha,2016-08-05,HUMAN RESOURCE  DEVELOPMENT,Rajesh Ranjan  (Pappu  Yadav) Shri,Financial Bill,,,,,Lapsed,https://sansad.in/getFile/BillsTexts/LSBillTexts/Asintroduced/366LS.pdf?source=legislation
1429,554,28,"The Constitution (Amendment) Bill, 2016  (Amendment of articles 243G and 243W)",Lok Sabha,2016-04-29,PANCHAYATI   RAJ,Rajesh Ranjan  (Pappu  Yadav) Shri,Ordinary Bill,,,,,Lapsed,https://sansad.in/getFile/BillsTexts/LSBillTexts/Asintroduced/4303LS.pdf?source=legislation
1430,554,260,"The Regulation of Computer Training Centres Bill, 2015",Lok Sabha,2015-12-18,COMMUNICATIONS AND INFORMATION TECHNOLOGY,Rajesh Ranjan  (Pappu  Yadav) Shri,Ordinary Bill,,,,,Lapsed,https://sansad.in/getFile/BillsTexts/LSBillTexts/Asintroduced/2859LS.pdf?source=legislation
1431,554,261,"The Control of Rising Prices Bill, 2015",Lok Sabha,2015-12-18,"CONSUMER AFFAIRS, FOOD AND PUBLIC DISTRIBUTION",Rajesh Ranjan  (Pappu  Yadav) Shri,Financial Bill,,,,,Lapsed,https://sansad.in/getFile/BillsTexts/LSBillTexts/Asintroduced/2835LS.pdf?source=legislation
1432,554,262,"The Neglected and Suffering Widows (Protection and Welfare) Bill, 2015",Lok Sabha,2015-12-18,WOMEN AND CHILD DEVELOPMENT,Rajesh Ranjan  (Pappu  Yadav) Shri,Financial Bill,,,,,Lapsed,https://sansad.in/getFile/BillsTexts/LSBillTexts/Asintroduced/2939LS.pdf?source=legislation
1433,554,263,"The Distressed and Neglected Widows and Divorced Women (Maintenance, Support and Welfare) Bill, 2015",Lok Sabha,2015-12-18,WOMEN AND CHILD DEVELOPMENT,Rajesh Ranjan  (Pappu  Yadav) Shri,Financial Bill,,,,,Lapsed,https://sansad.in/getFile/BillsTexts/LSBillTexts/Asintroduced/2944LS.pdf?source=legislation
1434,554,185,"The Fertilizer (Price Control) Bill, 2015",Lok Sabha,2015-08-07,CHEMICALS AND FERTILIZERS,Rajesh Ranjan  (Pappu  Yadav) Shri,Financial Bill,,,,,Lapsed,https://sansad.in/getFile/BillsTexts/LSBillTexts/Asintroduced/1477LS.pdf?source=legislation
1435,554,187,"The Population Stabilization Bill, 2015",Lok Sabha,2015-08-07,HEALTH AND FAMILY WELFARE,Rajesh Ranjan  (Pappu  Yadav) Shri,Financial Bill,,,,,Lapsed,https://sansad.in/getFile/BillsTexts/LSBillTexts/Asintroduced/1489LS.pdf?source=legislation
1436,554,221,"The Prevention of Trafficking of Girl Child for Commercial Purposes Bill, 2015",Lok Sabha,2015-08-07,WOMEN AND CHILD DEVELOPMENT,Rajesh Ranjan  (Pappu  Yadav) Shri,Financial Bill,,,,,Pending,https://sansad.in/getFile/BillsTexts/LSBillTexts/Asintroduced/1488LS.pdf?source=legislation
1437,554,222,"The Rickshaw Pullers and Roadside Mechanics (Freedom to Earn Livelihood) Bill, 2015",Lok Sabha,2015-08-07,LABOUR  AND  EMPLOYMENT,Rajesh Ranjan  (Pappu  Yadav) Shri,Ordinary Bill,,,,,Pending,https://sansad.in/getFile/BillsTexts/LSBillTexts/Asintroduced/1509LS.pdf?source=legislation
1438,554,131,"The Flood and Drought Control Bill, 2015",Lok Sabha,2015-05-08,WATER RESOURCES,Rajesh Ranjan  (Pappu  Yadav) Shri,Financial Bill,,,,,Lapsed,https://sansad.in/getFile/BillsTexts/LSBillTexts/Asintroduced/377LS.pdf?source=legislation
1439,554,143,"The Eastern Region Tourism Promotion Board Bill, 2015",Lok Sabha,2015-05-08,TOURISM,Rajesh Ranjan  (Pappu  Yadav) Shri,Financial Bill,,,,,Lapsed,https://sansad.in/getFile/BillsTexts/LSBillTexts/Asintroduced/375LS.pdf?source=legislation
1440,554,145,"The National Food Security Authority Bill, 2015",Lok Sabha,2015-05-08,"CONSUMER AFFAIRS, FOOD AND PUBLIC DISTRIBUTION",Rajesh Ranjan  (Pappu  Yadav) Shri,Financial Bill,,,,,Lapsed,https://sansad.in/getFile/BillsTexts/LSBillTexts/Asintroduced/379LS.pdf?source=legislation
1441,2101,XX,"The Prohibition of Child Marriage (Amendment) Bill, 2013.",Rajya Sabha,2014-07-11,WOMEN AND CHILD DEVELOPMENT,Mohammed Adeeb Shri,Ordinary Bill,,,,,Lapsed,https://sansad.in/getFile/BillsTexts/RSBillTexts/Asintroduced/chld mar-E.pdf?source=legislation
1442,2102,XVIII,"The Constitution (Amendment) Bill, 2010 (insertion of new article 371J)",Rajya Sabha,2010-05-03,PLANNING,Bhagat Singh Koshyari Shri,Constitutional Amendment Bill,,,,,Withdrawn,https://sansad.in/getFile/BillsTexts/RSBillTexts/Asintroduced/Cons XVIII of 10.pdf?source=legislation
1443,556,XXV,"The Prevention of Cruelty Animals Bill, 1953",Rajya Sabha,1953-12-04,,Rukmini Devi Arundale Smt.,Ordinary Bill,,,,,Withdrawn,
1444,556,IV,"The Prevention of Cruelty to Animals, Bill, 1953",Rajya Sabha,1953-04-10,,Rukmini Devi Arundale Smt.,Ordinary Bill,,,,,Lapsed,
1445,557,X,"The Treason Bill, 1963",Rajya Sabha,1963-08-23,HOME AFFAIRS,Chaman Lall Diwan,Ordinary Bill,,,,,Withdrawn,
1446,557,IV,"The Indian Penal Code (Amendment) Bill, 1963",Rajya Sabha,1963-05-03,HOME AFFAIRS,Chaman Lall Diwan,Ordinary Bill,1969-05-16,1969-08-22,,36 /1969,Assented,
1447,557,IV,"The Indian Penal Code (Amendment) Bill, 1963",Rajya Sabha,1963-05-03,HOME AFFAIRS,Chaman Lall Diwan,Ordinary Bill,1969-05-16,1969-08-22,,36 /1969,Passed,
1448,557,X,"The Indian Penal Code (Amendment) Bill, 1961",Rajya Sabha,1961-04-21,HOME AFFAIRS,Chaman Lall Diwan,Ordinary Bill,,,,,Lapsed,
1449,558,104,"The Constitution (Amendment) Bill, 2001 (Amendment of article 323)",Lok Sabha,2003-02-21,"PERSONNEL,  PUBLIC  GRIEVANCES  AND  PENSIONS",Kolur Basavanagoud Shri,Constitutional Amendment Bill,,,,,Pending,
1450,558,84,"The Constitution (Amendment) Bill, 2002 (Amendment of article 171)",Lok Sabha,2003-02-21,,Kolur Basavanagoud Shri,Ordinary Bill,,,,,Pending,
1451,558,89,"The Employment Exchanges (Compulsory Notification of Vacancies) (Amendment) Bill, 2002 (Amendment of section 3)",Lok Sabha,2003-02-21,LABOUR,Kolur Basavanagoud Shri,Ordinary Bill,,,,,Pending,
1452,558,15,"The Constitution (Amendment) Bill, 2001 (Amendment of article 217)",Lok Sabha,2001-08-24,,Kolur Basavanagoud Shri,Constitutional Amendment Bill,,,,,Pending,https://sansad.in/getFile/BillsTexts/LSBillTexts/Asintroduced/6490LS.pdf?source=legislation
1453,558,192,"The Constitution (Amendment) Bill, 2000 (Amendment of article 177)",Lok Sabha,2001-08-24,HOME AFFAIRS,Kolur Basavanagoud Shri,Constitutional Amendment Bill,,,,,Lapsed,https://sansad.in/getFile/BillsTexts/LSBillTexts/Asintroduced/5161LS.pdf?source=legislation
1454,558,66,"The Constitution (Amendment) Bill, 2001 (Amendment of article 189)",Lok Sabha,2001-08-24,HOME AFFAIRS,Kolur Basavanagoud Shri,Constitutional Amendment Bill,,,,,Pending,https://sansad.in/getFile/BillsTexts/LSBillTexts/Asintroduced/1364LS.pdf?source=legislation
1455,558,74,"The Constitution (Amendment) Bill, 2000 (Amendment of article 171)",Lok Sabha,2000-11-08,,Kolur Basavanagoud Shri,Ordinary Bill,,,,,Lapsed,https://sansad.in/getFile/BillsTexts/LSBillTexts/Asintroduced/4615LS.pdf?source=legislation
1456,558,126,"The Constitution (Amendment) Bill, 2000 (Amendment of article 316)",Lok Sabha,2000-08-25,"PERSONNEL,  PUBLIC  GRIEVANCES  AND  PENSIONS",Kolur Basavanagoud Shri,Ordinary Bill,,,,,Lapsed,https://sansad.in/getFile/BillsTexts/LSBillTexts/Asintroduced/2024LS.pdf?source=legislation
1457,135,XIX,"The Working Women (Protection, Basic Facilities and Welfare) Bill, 2009",Rajya Sabha,2009-07-31,WOMEN AND CHILD DEVELOPMENT,Santosh Bagrodia Shri,Ordinary Bill,,,,,Lapsed,https://sansad.in/getFile/BillsTexts/RSBillTexts/Asintroduced/workin women XIX of 09.pdf?source=legislation
1458,135,XVII,"The Desert, Drought Prone and Backward Areas (Integrated Development) Bill, 2009",Rajya Sabha,2009-07-31,RURAL DEVELOPMENT,Santosh Bagrodia Shri,Ordinary Bill,,,,,Lapsed,https://sansad.in/getFile/BillsTexts/RSBillTexts/Asintroduced/desert XVII of 09.pdf?source=legislation
1459,135,XVIII,"The Destitute and Needy Senior Citizens (Care, Protection and Welfare) Bill, 2009",Rajya Sabha,2009-07-31,SOCIAL JUSTICE AND EMPOWERMENT,Santosh Bagrodia Shri,Ordinary Bill,,,,,Lapsed,https://sansad.in/getFile/BillsTexts/RSBillTexts/Asintroduced/destitute XVIII of 09.pdf?source=legislation
1460,135,XXXIII,"The Working Women (Protection, Basic Facilities and Welfare) Bill, 2007",Rajya Sabha,2007-09-07,WOMEN AND CHILD DEVELOPMENT,Santosh Bagrodia Shri,Ordinary Bill,,,,,Lapsed,
1461,135,XXXIV,"The Constitution (Amendment) Bill, 2007 (insertion of new article 16A and substitution of new article for article 41)",Rajya Sabha,2007-09-07,LABOUR  AND  EMPLOYMENT,Santosh Bagrodia Shri,Constitutional Amendment Bill,,,,,Lapsed,
1462,135,XCV,"The Constitution (Amendment) Bill, 2006 (insertion of new article 48AA)",Rajya Sabha,2006-12-08,AGRICULTURE,Santosh Bagrodia Shri,Constitutional Amendment Bill,,,,,Lapsed,https://sansad.in/getFile/BillsTexts/RSBillTexts/Asintroduced/XCV_2006.pdf?source=legislation
1463,135,XCVIII,"The Desert, Drought Prone and Backward Areas (Integrated Development) Bill, 2006",Rajya Sabha,2006-12-08,AGRICULTURE,Santosh Bagrodia Shri,Ordinary Bill,,,,,Lapsed,https://sansad.in/getFile/BillsTexts/RSBillTexts/Asintroduced/XCVIII_2006.pdf?source=legislation
1464,135,IX,"The Farmers (Protection from Natural Calamities and other Welfare Measures) Bill, 2006.",Rajya Sabha,2006-07-28,AGRICULTURE,Santosh Bagrodia Shri,Ordinary Bill,,,,,Lapsed,https://sansad.in/getFile/BillsTexts/RSBillTexts/Asintroduced/ix_2006.pdf?source=legislation
1465,135,VII,"The Constitution (Amendment) Bill, 2006 (insertion of new article 38A and to amend the seventh schedule).",Rajya Sabha,2006-07-28,YOUTH AFFAIRS AND SPORTS,Santosh Bagrodia Shri,Constitutional Amendment Bill,,,,,Lapsed,https://sansad.in/getFile/BillsTexts/RSBillTexts/Asintroduced/vii_2006.pdf?source=legislation
1466,135,LXX,"The Destitute and Needy Senior Citizens (Care, Protection and Welfare) Bill, 2005.",Rajya Sabha,2005-07-29,SOCIAL JUSTICE AND EMPOWERMENT,Santosh Bagrodia Shri,Ordinary Bill,,,,,Lapsed,
1467,135,LXXI,"The Needy and Neglected Senior Citizens and Orphans and Runaway Children (Care, Rehabilitation and Welfare) Bill, 2005.",Rajya Sabha,2005-07-29,SOCIAL JUSTICE AND EMPOWERMENT,Santosh Bagrodia Shri,Ordinary Bill,,,,,Lapsed,
1468,135,LII,"The Children (Rights, Facilities and Welfare) Bill, 2005.",Rajya Sabha,2005-05-06,HUMAN RESOURCE  DEVELOPMENT,Santosh Bagrodia Shri,Ordinary Bill,,,,,Lapsed,
1469,135,XXI,"The Prevention of Ragging in Colleges and Institutions Bill, 2005.",Rajya Sabha,2005-05-06,HUMAN RESOURCE  DEVELOPMENT,Santosh Bagrodia Shri,Ordinary Bill,,,,,Lapsed,
1470,135,XXII,"The Indigenous Domestic Industries (Protection from Multinational Companies) Bill, 2005.",Rajya Sabha,2005-05-06,,Santosh Bagrodia Shri,Ordinary Bill,,,,,Lapsed,
1471,135,XXI,"The Prevention of Domestic Violence Against Women and Girls Bill, 2004.",Rajya Sabha,2004-12-03,HUMAN RESOURCE  DEVELOPMENT,Santosh Bagrodia Shri,Ordinary Bill,,,,,Lapsed,https://sansad.in/getFile/BillsTexts/RSBillTexts/Asintroduced/pre domes vio 2004 E.pdf?source=legislation
1472,135,XX,"The Economic Offences (Prevention of Arrest on Mere Suspicion) Bill, 2004.",Rajya Sabha,2004-03-12,,Santosh Bagrodia Shri,Ordinary Bill,,,,,Lapsed,
1473,135,XXII,"The Shahtoosh Shawl (Prevention of Sale and Possession) Bill, 2004.",Rajya Sabha,2004-03-12,ENVIRONMENT AND FORESTS,Santosh Bagrodia Shri,Ordinary Bill,,,,,Lapsed,
1474,135,LXIII,"The Needy and Neglected Senior Citizens and Orphans and Runaway Children (Care, Rehabilitation and Welfare) Bill, 2003.",Rajya Sabha,2003-12-19,HUMAN RESOURCE  DEVELOPMENT,Santosh Bagrodia Shri,Ordinary Bill,,,,,Lapsed,
1475,135,X,"The Prohibition of Use of Plastic Bags for Packaging Edible Item Bill, 2003.",Rajya Sabha,2003-04-25,,Santosh Bagrodia Shri,Ordinary Bill,,,,,Lapsed,
1476,135,XXIV,"The Children (Rights, Facilities and Welfare) Bill, 2003.",Rajya Sabha,2003-04-25,HUMAN RESOURCE  DEVELOPMENT,Santosh Bagrodia Shri,Ordinary Bill,,,,,Lapsed,
1477,135,XXIX,"The Destitute and Needy Senior Citizens (Care, Protection and Welfare) Bill, 2003.",Rajya Sabha,2003-04-25,SOCIAL JUSTICE AND EMPOWERMENT,Santosh Bagrodia Shri,Ordinary Bill,,,,,Lapsed,
1478,135,XXXVII,"The Indigenous Domestic Industries (Protection from Multinational Companies) Bill, 2001",Rajya Sabha,2001-07-27,,Santosh Bagrodia Shri,Ordinary Bill,,,,,Lapsed,https://sansad.in/getFile/BillsTexts/RSBillTexts/Asintroduced/XXXVII_2001.pdf?source=legislation
1479,135,LXXIII,"The Shahtoosh Shawl (Prevention of Sale and Possession) Bill, 2000",Rajya Sabha,2000-12-22,ENVIRONMENT AND FORESTS,Santosh Bagrodia Shri,Ordinary Bill,,,,,Lapsed,https://sansad.in/getFile/BillsTexts/RSBillTexts/Asintroduced/LXXIII_2000.pdf?source=legislation
1480,135,LXXIV,"The Prevention of Domestic Violence Against Women and Girls Bill, 2000",Rajya Sabha,2000-12-22,HUMAN RESOURCE  DEVELOPMENT,Santosh Bagrodia Shri,Ordinary Bill,,,,,Lapsed,https://sansad.in/getFile/BillsTexts/RSBillTexts/Asintroduced/LXXIV_2000.pdf?source=legislation
1481,135,XV,"The Constitution ( Amendment) Bill,1999 (insertion of new article 21 A)",Rajya Sabha,1999-03-12,HOME AFFAIRS,Santosh Bagrodia Shri,Ordinary Bill,,,,,Lapsed,https://sansad.in/getFile/BillsTexts/RSBillTexts/Asintroduced/XV_1999.pdf?source=legislation
1482,135,XXVII,"The Economic Offences ( Prevention of Arrest on Mere Suspicion) Bill,1999",Rajya Sabha,1999-03-12,HOME AFFAIRS,Santosh Bagrodia Shri,Ordinary Bill,,,,,Lapsed,https://sansad.in/getFile/BillsTexts/RSBillTexts/Asintroduced/XXVII_1999.pdf?source=legislation
1483,135,XXXV,"The Paan Masala and Other Tobacco Products (Probhition of Production sale and Distribntion0 Bill,1998",Rajya Sabha,1998-12-18,HEALTH AND FAMILY WELFARE,Santosh Bagrodia Shri,Ordinary Bill,,,,,Lapsed,
1484,135,LXXVII,"The Prohibition of Ragging in Educational Institutions Bill, 1991",Rajya Sabha,1991-12-20,HUMAN RESOURCE  DEVELOPMENT,Santosh Bagrodia Shri,Ordinary Bill,,,,,Lapsed,
1485,135,LXXVIII,"The Atomic Energy (Amendment) Bill, 1991",Rajya Sabha,1991-12-20,ATOMIC ENERGY,Santosh Bagrodia Shri,Ordinary Bill,,,,,Lapsed,
1486,135,LXXII,"The prevention of Ragging in Colleages and instutions Bill, 2002",Rajya Sabha,,HUMAN RESOURCE  DEVELOPMENT,Santosh Bagrodia Shri,Ordinary Bill,,,,,Lapsed,
1487,136,109,"The Constitution (Amendment) Bill, 2012 (Amendment of article 72).",Lok Sabha,2013-02-22,HOME AFFAIRS,Anant Gangaram Geete Shri,Ordinary Bill,,,,,Lapsed,https://sansad.in/getFile/BillsTexts/LSBillTexts/Asintroduced/3104ls.pdf?source=legislation
1488,136,19,"The Constitution (Amendment) Bill, 2004 (Amendment of article 298, etc.)",Lok Sabha,2004-12-03,,Anant Gangaram Geete Shri,Constitutional Amendment Bill,,,,,Lapsed,https://sansad.in/getFile/BillsTexts/LSBillTexts/Asintroduced/827LS.pdf?source=legislation
1489,136,20,"The National Commission for Senior Citizens Bill, 2004",Lok Sabha,2004-12-03,SOCIAL JUSTICE AND EMPOWERMENT,Anant Gangaram Geete Shri,Financial Bill,,,,,Lapsed,https://sansad.in/getFile/BillsTexts/LSBillTexts/Asintroduced/831LS.pdf?source=legislation
1490,136,21,"The Constitution (Amendment) Bill, 2004 (Amendment of article 103, etc.)",Lok Sabha,2004-12-03,,Anant Gangaram Geete Shri,Financial Bill,,,,,Lapsed,https://sansad.in/getFile/BillsTexts/LSBillTexts/Asintroduced/855LS.pdf?source=legislation
1491,136,8,"The Constitution (Amendment) Bill, 2001 (Amendment of article 80)",Lok Sabha,2001-07-27,,Anant Gangaram Geete Shri,Constitutional Amendment Bill,,,,,Pending,https://sansad.in/getFile/BillsTexts/LSBillTexts/Asintroduced/6368LS.pdf?source=legislation
1492,136,9,"The Prohibition on Religious Conversion Bill, 2001",Lok Sabha,2001-07-27,,Anant Gangaram Geete Shri,Ordinary Bill,,,,,Pending,https://sansad.in/getFile/BillsTexts/LSBillTexts/Asintroduced/6426LS.pdf?source=legislation
1493,136,128,"The Constitution (Amendment) Bill, 2000 (Amendment of article 81, etc.)",Lok Sabha,2000-08-25,,Anant Gangaram Geete Shri,Financial Bill,,,,,Lapsed,https://sansad.in/getFile/BillsTexts/LSBillTexts/Asintroduced/2073LS.pdf?source=legislation
1494,136,129,"The Constitution (Amendment) Bill, 2000 (Insertion of new articles 151A to 151G)",Lok Sabha,2000-08-25,,Anant Gangaram Geete Shri,Financial Bill,,,,,Lapsed,https://sansad.in/getFile/BillsTexts/LSBillTexts/Asintroduced/---LS.pdf?source=legislation
1495,136,87,"The Public Employment (Recruitment) Bill, 2000",Lok Sabha,2000-05-05,"PERSONNEL,  PUBLIC  GRIEVANCES  AND  PENSIONS",Anant Gangaram Geete Shri,Ordinary Bill,,,,,Lapsed,https://sansad.in/getFile/BillsTexts/LSBillTexts/Asintroduced/141LS.pdf?source=legislation
1496,136,55,"The Representation of the People (Amendment) Bill, 2000 (Amendment of section 11A)",Lok Sabha,2000-04-20,,Anant Gangaram Geete Shri,Ordinary Bill,,,,,Lapsed,https://sansad.in/getFile/BillsTexts/LSBillTexts/Asintroduced/4522LS.pdf?source=legislation
1497,136,175,"The Illegal Immigrants ( Identification and Deportation) bill, 2000",Lok Sabha,2000-02-23,,Anant Gangaram Geete Shri,Ordinary Bill,,,,,Pending,https://sansad.in/getFile/BillsTexts/LSBillTexts/Asintroduced/175_2000.pdf?source=legislation
1498,136,119,"The Constitution (Amendment) Bill, 1999 (Insertion of new article 75A)",Lok Sabha,1999-12-17,HOME AFFAIRS,Anant Gangaram Geete Shri,Constitutional Amendment Bill,,,,,Pending,https://sansad.in/getFile/BillsTexts/LSBillTexts/Asintroduced/2042LS.pdf?source=legislation
1499,136,132,"The Constitution (Amendment) Bill, 1999 (Amendment of article 103, etc.)",Lok Sabha,1999-12-17,,Anant Gangaram Geete Shri,Constitutional Amendment Bill,,,,,Pending,https://sansad.in/getFile/BillsTexts/LSBillTexts/Asintroduced/2531LS.pdf?source=legislation
1500,560,XXI,"The Constitution (Amendment) Bill, 1967 (to amend article 345 and 348)",Rajya Sabha,1967-12-15,HOME AFFAIRS,Triloki Singh Shri,Ordinary Bill,,,,,Lapsed,
1501,2106,XLIV,"The Indian Penal Code and Other Laws (Amendment) Bill, 2014",Rajya Sabha,2014-12-12,HOME AFFAIRS,P. Rajeeve Shri,Ordinary Bill,,,,,Lapsed,https://sansad.in/getFile/BillsTexts/RSBillTexts/Asintroduced/IPC othr-E.pdf?source=legislation
1502,2106,XVII,"The Right of Children to Free and Compulsory Education (Amendment) Bill, 2011",Rajya Sabha,2011-08-05,HUMAN RESOURCE  DEVELOPMENT,P. Rajeeve Shri,Ordinary Bill,,,,,Lapsed,https://sansad.in/getFile/BillsTexts/RSBillTexts/Asintroduced/RTE.pdf?source=legislation
1503,2106,XXIV,"The Endosulfan Pesticide (Prohibition) Bill, 2011",Rajya Sabha,2011-08-05,AGRICULTURE,P. Rajeeve Shri,Ordinary Bill,,,,,Withdrawn,https://sansad.in/getFile/BillsTexts/RSBillTexts/Asintroduced/Endo.pdf?source=legislation
1504,2106,LXXVI,"The Abolition of Corporal Punishment in Educational Institutions Bill, 2010",Rajya Sabha,2011-02-25,HUMAN RESOURCE  DEVELOPMENT,P. Rajeeve Shri,Ordinary Bill,,,,,Lapsed,https://sansad.in/getFile/BillsTexts/RSBillTexts/Asintroduced/abolition.pdf?source=legislation
1505,1341,XVII,"The Kazis ( Amendment) Bill,1989",Rajya Sabha,1989-12-22,,Asad Madni Maulana,Ordinary Bill,,,,,Lapsed,
1506,1341,IV,"The Muslim Personal Law ( Sjproat) Application Amendment Bill,1986",Rajya Sabha,1986-02-21,,Asad Madni Maulana,Ordinary Bill,,,,,,
1507,138,2,"The Constitution (Scheduled Castes)  Order (Amendment) BIll, 2002 (Amendment of paragraph 3)",Lok Sabha,2002-08-02,SOCIAL JUSTICE AND EMPOWERMENT,K. Francis George Shri,Financial Bill,,,,,Pending,https://sansad.in/getFile/BillsTexts/LSBillTexts/Asintroduced/4646LS.pdf?source=legislation
1508,139,63,"The Constitution (Scheduled Tribes)  Order (Amendment)Bill, 2000 (Amendment of the Schedule)",Lok Sabha,2000-04-20,TRIBAL AFFAIRS,Paban Singh Ghatowar Shri,Ordinary Bill,,,,,Lapsed,https://sansad.in/getFile/BillsTexts/LSBillTexts/Asintroduced/339LS.pdf?source=legislation
1509,1343,XVIII,"The Rajya Sabha Secretariat (Recruitment and Conditions of Service) Bill, 1968.",Rajya Sabha,1968-08-22,,Mahabir Prasad Dr.,Ordinary Bill,,,,,,https://sansad.in/getFile/BillsTexts/RSBillTexts/Asintroduced/RSS Recruitment Bill842025120751PM.pdf?source=legislation
1510,140,XLVII,"The Constitution (Amendment) Bill, 2005 (insertion of new article 275A).",Rajya Sabha,2005-05-06,,Karnendu Bhattacharjee Shri,Ordinary Bill,,,,,Lapsed,
1511,140,XIII,"The Control of Population Bill, 2003.",Rajya Sabha,2003-09-05,HEALTH AND FAMILY WELFARE,Karnendu Bhattacharjee Shri,Ordinary Bill,,,,,,
1512,140,XIV,"The Constitution (Amendment) Bill, 2003 (Substitution of new article 120).",Rajya Sabha,2003-09-05,HOME AFFAIRS,Karnendu Bhattacharjee Shri,Ordinary Bill,,,,,,
1513,140,LXII,"The Control of Population Bill,2000",Rajya Sabha,2000-12-22,,Karnendu Bhattacharjee Shri,Ordinary Bill,,,,,Lapsed,https://sansad.in/getFile/BillsTexts/RSBillTexts/Asintroduced/LXII_2000.pdf?source=legislation
1514,140,LXIII,"The Constitution ( Amendment) Bill,2000 ( Substitution of new article for art 120)",Rajya Sabha,2000-12-22,HOME AFFAIRS,Karnendu Bhattacharjee Shri,Ordinary Bill,,,,,Lapsed,https://sansad.in/getFile/BillsTexts/RSBillTexts/Asintroduced/LXIII_2000.pdf?source=legislation
1515,140,LXXV,"The Constitution ( Amendment) Bill,2000 ( to insert new articale 21 A)",Rajya Sabha,2000-12-22,HUMAN RESOURCE  DEVELOPMENT,Karnendu Bhattacharjee Shri,Ordinary Bill,,,,,Lapsed,https://sansad.in/getFile/BillsTexts/RSBillTexts/Asintroduced/LXXV_2000.pdf?source=legislation
1516,140,XXXV,"The Constitution ( Amendment) Bill ,2000 (to insert art,371)",Rajya Sabha,2000-08-18,HOME AFFAIRS,Karnendu Bhattacharjee Shri,Ordinary Bill,,,,,Lapsed,https://sansad.in/getFile/BillsTexts/RSBillTexts/Asintroduced/XXXV_2000.pdf?source=legislation
1517,140,XXXVI,"The Ghwathi High Court (Establisment) of Permanent Bench at Silcher) Bill,2000",Rajya Sabha,2000-08-18,,Karnendu Bhattacharjee Shri,Ordinary Bill,,,,,Lapsed,https://sansad.in/getFile/BillsTexts/RSBillTexts/Asintroduced/XXXVI_2000.pdf?source=legislation
1518,140,L,"The Prevention of Insults to National Honour (Amendment) Bill,2002",Rajya Sabha,,HOME AFFAIRS,Karnendu Bhattacharjee Shri,Ordinary Bill,,,,,,
1519,140,LI,"The Constitution ( Amendment ) Bill, 2002 ( Insertion of ne Article 371J)",Rajya Sabha,,HOME AFFAIRS,Karnendu Bhattacharjee Shri,Ordinary Bill,,,,,,
1520,140,LII,"The Gouwahati High Court (Establisment of Permanent Bench at Silchar ) Bill, 2002",Rajya Sabha,,,Karnendu Bhattacharjee Shri,Ordinary Bill,,,,,,
1521,563,115,"The  Constitution (Amendment) Bill, 2009 (Amendment of article 253)",Lok Sabha,2010-03-05,EXTERNAL AFFAIRS,Prabodh Panda Shri,Ordinary Bill,,,,,Lapsed,https://sansad.in/getFile/BillsTexts/LSBillTexts/Asintroduced/4976LS.pdf?source=legislation
1522,563,9,"The Minimum Wages (Amendment) Bill, 2008 (Amendment of section 3)",Lok Sabha,2008-04-25,LABOUR  AND  EMPLOYMENT,Prabodh Panda Shri,Ordinary Bill,,,,,Lapsed,https://sansad.in/getFile/BillsTexts/LSBillTexts/Asintroduced/151ls-14.pdf?source=legislation
1523,2498,XXV,"The Constitution (Amendment) Bill, 2025 (amendment of article 282)",Rajya Sabha,2025-12-05,FINANCE,John Brittas Dr.,Constitutional Amendment Bill,,,,,Pending,https://sansad.in/getFile/BillsTexts/RSBillTexts/Asintroduced/301211202550228PM.pdf?source=legislation
1524,2498,XXXIV,"The Wild Life (Protection) Amendment Bill, 2025",Rajya Sabha,2025-12-05,"ENVIRONMENT, FOREST AND CLIMATE CHANGE",John Brittas Dr.,Financial Bill,,,,,Pending,https://sansad.in/getFile/BillsTexts/RSBillTexts/Asintroduced/311211202550240PM.pdf?source=legislation
1525,2498,XXXVIII,"The Digital Personal Data Protection (Amendment) Bill, 2025",Rajya Sabha,2025-12-05,ELECTRONICS AND INFORMATION TECHNOLOGY,John Brittas Dr.,Ordinary Bill,,,,,Pending,https://sansad.in/getFile/BillsTexts/RSBillTexts/Asintroduced/321211202550253PM.pdf?source=legislation
1526,2498,LXIV,"The Criminal Laws (Repeal) Bill, 2024",Rajya Sabha,2025-02-07,HOME AFFAIRS,John Brittas Dr.,Ordinary Bill,,,,,Pending,https://sansad.in/getFile/BillsTexts/RSBillTexts/Asintroduced/36e214202550921PM.pdf?source=legislation
1527,2498,LXVI,"The Constitution (Amendment) Bill, 2024 (amendment of article 158)",Rajya Sabha,2025-02-07,HOME AFFAIRS,John Brittas Dr.,Constitutional Amendment Bill,,,,,Pending,https://sansad.in/getFile/BillsTexts/RSBillTexts/Asintroduced/35e214202550902PM.pdf?source=legislation
1528,2498,LXVII,"The Code on Social Security (Amendment) Bill, 2024",Rajya Sabha,2025-02-07,LABOUR  AND  EMPLOYMENT,John Brittas Dr.,Financial Bill,,,,,Pending,https://sansad.in/getFile/BillsTexts/RSBillTexts/Asintroduced/34e214202550838PM.pdf?source=legislation
1529,2498,XXV,"The General Clauses (Amendment) Bill, 2024.",Rajya Sabha,2024-07-26,LAW AND JUSTICE,John Brittas Dr.,Ordinary Bill,,,,,Pending,https://sansad.in/getFile/BillsTexts/RSBillTexts/Asintroduced/14-GeneralClauses-E731202483426PM.pdf?source=legislation
1530,2498,XXVI,"The University Grants Commission (Amendment) Bill, 2024.",Rajya Sabha,2024-07-26,EDUCATION,John Brittas Dr.,Ordinary Bill,,,,,Pending,https://sansad.in/getFile/BillsTexts/RSBillTexts/Asintroduced/15-UGC_Brittas-E731202483556PM.pdf?source=legislation
1531,2498,II,"The Reserve Bank of India (Amendment) Bill, 2023",Rajya Sabha,2023-12-08,FINANCE,John Brittas Dr.,Ordinary Bill,,,,,Pending,https://sansad.in/getFile/BillsTexts/RSBillTexts/Asintroduced/RBI-E John (FINAL) (1)1219202340517PM.pdf?source=legislation
1532,2498,III,"The Constitution (Amendment) Bill, 2023 (amendment of article 326)",Rajya Sabha,2023-12-08,LAW AND JUSTICE,John Brittas Dr.,Constitutional Amendment Bill,,,,,Pending,https://sansad.in/getFile/BillsTexts/RSBillTexts/Asintroduced/const326 John-E1219202360618PM.pdf?source=legislation
1533,2498,VII,"The Representation of the People (Amendment) Bill, 2023",Rajya Sabha,2023-12-08,LAW AND JUSTICE,John Brittas Dr.,Ordinary Bill,,,,,Pending,https://sansad.in/getFile/BillsTexts/RSBillTexts/Asintroduced/RoP John-E1219202362455PM.pdf?source=legislation
1534,2498,LXIX,"The Constitution (Amendment) Bill, 2022 (amendment of article 324).",Rajya Sabha,2022-12-09,LAW AND JUSTICE,John Brittas Dr.,Constitutional Amendment Bill,,,,,Pending,https://sansad.in/getFile/BillsTexts/RSBillTexts/Asintroduced/18 E 258 Session1213202280026PM.pdf?source=legislation
1535,2498,LXX,"The Motor Vehicles (Amendment) Bill, 2022.",Rajya Sabha,2022-12-09,ROAD TRANSPORT AND HIGHWAYS,John Brittas Dr.,Ordinary Bill,,,,,Pending,https://sansad.in/getFile/BillsTexts/RSBillTexts/Asintroduced/17 E 258 Session1213202275920PM.pdf?source=legislation
1536,2498,LXXIII,"The Mahatma Gandhi National Rural Employment Guarantee (Amendment) Bill, 2022.",Rajya Sabha,2022-12-09,RURAL DEVELOPMENT,John Brittas Dr.,Financial Bill,,,,,Pending,https://sansad.in/getFile/BillsTexts/RSBillTexts/Asintroduced/16 E 258 Session1213202275834PM.pdf?source=legislation
1537,2498,XXV,"The Constitution (Amendment) Bill, 2022 (amendment of articles 246 and 254).",Rajya Sabha,2022-07-22,LAW AND JUSTICE,John Brittas Dr.,Constitutional Amendment Bill,,,,,Pending,https://sansad.in/getFile/BillsTexts/RSBillTexts/Asintroduced/const amend John Brittas-E.pdf?source=legislation
1538,2498,XXXI,"The Central Public Sector Enterprises (Protection of Interests of States) Bill, 2022.",Rajya Sabha,2022-07-22,FINANCE,John Brittas Dr.,Ordinary Bill,,,,,Pending,https://sansad.in/getFile/BillsTexts/RSBillTexts/Asintroduced/central public-E.pdf?source=legislation
1539,2498,IX,"THE HIGH COURT OF KERALA (ESTABLISHMENT OF A PERMANENT BENCH AT THIRUVANANTHAPURAM) BILL, 2022",Rajya Sabha,2022-04-01,LAW AND JUSTICE,John Brittas Dr.,Ordinary Bill,,,,,Pending,https://sansad.in/getFile/BillsTexts/RSBillTexts/Asintroduced/4-E_256.pdf?source=legislation
1540,2498,X,"The Constitution (Amendment) Bill, 2022 (amendment of articles 15 & 16)",Rajya Sabha,2022-04-01,SOCIAL JUSTICE AND EMPOWERMENT,John Brittas Dr.,Constitutional Amendment Bill,,,,,Pending,https://sansad.in/getFile/BillsTexts/RSBillTexts/Asintroduced/3E_256.pdf?source=legislation
1541,141,58,"The Constitution (Amendment) Bill, 2000",Lok Sabha,2000-04-20,,Vijay Goel Shri,Constitutional Amendment Bill,,,,,Lapsed,https://sansad.in/getFile/BillsTexts/LSBillTexts/Asintroduced/4549LS.pdf?source=legislation
1542,2499,XLI,"The Right to Read Bill, 2025",Rajya Sabha,2025-12-05,CULTURE,V. Sivadasan Dr.,Financial Bill,,,,,Pending,https://sansad.in/getFile/BillsTexts/RSBillTexts/Asintroduced/201211202545931PM.pdf?source=legislation
1543,2499,XXIII,"The Wild Life (Protection) Amendment Bill, 2025",Rajya Sabha,2025-12-05,"ENVIRONMENT, FOREST AND CLIMATE CHANGE",V. Sivadasan Dr.,Ordinary Bill,,,,,Pending,https://sansad.in/getFile/BillsTexts/RSBillTexts/Asintroduced/191211202545920PM.pdf?source=legislation
1544,2499,XXVII,"The Constitution (Amendment) Bill, 2025 (amendment of article 19)",Rajya Sabha,2025-12-05,COMMUNICATIONS,V. Sivadasan Dr.,Constitutional Amendment Bill,,,,,Pending,https://sansad.in/getFile/BillsTexts/RSBillTexts/Asintroduced/181211202545833PM.pdf?source=legislation
1545,2499,LX,"The Constitution (Amendment) Bill, 2024 (insertion of new article 21-B and substitution of article 39-A)",Rajya Sabha,2025-02-07,LAW AND JUSTICE,V. Sivadasan Dr.,Constitutional Amendment Bill,,,,,Pending,https://sansad.in/getFile/BillsTexts/RSBillTexts/Asintroduced/18e214202550056PM.pdf?source=legislation
1546,2499,LXXI,"The Right to Free Public Health Care Bill, 2024",Rajya Sabha,2025-02-07,HEALTH AND FAMILY WELFARE,V. Sivadasan Dr.,Financial Bill,,,,,Pending,https://sansad.in/getFile/BillsTexts/RSBillTexts/Asintroduced/19e214202550117PM.pdf?source=legislation
1547,2499,LXXV,"The National Commission for Workers Bill, 2024",Rajya Sabha,2025-02-07,LABOUR  AND  EMPLOYMENT,V. Sivadasan Dr.,Financial Bill,,,,,Pending,https://sansad.in/getFile/BillsTexts/RSBillTexts/Asintroduced/20e214202550132PM.pdf?source=legislation
1548,2499,XXI,"The Right to Universal Basic Income Bill, 2024.",Rajya Sabha,2024-07-26,SOCIAL JUSTICE AND EMPOWERMENT,V. Sivadasan Dr.,Financial Bill,,,,,Pending,https://sansad.in/getFile/BillsTexts/RSBillTexts/Asintroduced/10-UBI_Sivadasan-E731202484024PM.pdf?source=legislation
1549,2499,XXXI,"The Right to Old Age Care Bill, 2024",Rajya Sabha,2024-07-26,SOCIAL JUSTICE AND EMPOWERMENT,V. Sivadasan Dr.,Financial Bill,,,,,Pending,https://sansad.in/getFile/BillsTexts/RSBillTexts/Asintroduced/12-Old-Age-Sivadasan-E731202483255PM.pdf?source=legislation
1550,2499,XXXIII,"The Protection of Rights of Persons Affected by Natural Disaster Bill, 2024.",Rajya Sabha,2024-07-26,HOME AFFAIRS,V. Sivadasan Dr.,Financial Bill,,,,,Pending,https://sansad.in/getFile/BillsTexts/RSBillTexts/Asintroduced/13-Natural Disaster_Sivadasan-E731202483334PM.pdf?source=legislation
1551,2499,VIII,"The National Commission for Protection from Honour Crime Bill, 2024",Rajya Sabha,2024-02-02,HOME AFFAIRS,V. Sivadasan Dr.,Financial Bill,,,,,Pending,https://sansad.in/getFile/BillsTexts/RSBillTexts/Asintroduced/16-National Commission_savadasn-E29202471335PM.pdf?source=legislation
1552,2499,XV,"The Indian Media Services (Regulation and Licensing) Bill, 2024",Rajya Sabha,2024-02-02,INFORMATION AND BROADCASTING,V. Sivadasan Dr.,Financial Bill,,,,,Pending,https://sansad.in/getFile/BillsTexts/RSBillTexts/Asintroduced/15_Indian Media_sivadasn-E29202471312PM.pdf?source=legislation
1553,2499,X,"The Right to Free Internet Bill, 2023",Rajya Sabha,2023-12-08,COMMUNICATIONS,V. Sivadasan Dr.,Financial Bill,,,,,Pending,https://sansad.in/getFile/BillsTexts/RSBillTexts/Asintroduced/right to free internet -E1219202362556PM.pdf?source=legislation
1554,2499,XI,"The Right to Public Space Bill, 2023",Rajya Sabha,2023-12-08,Housing and Urban Affairs,V. Sivadasan Dr.,Financial Bill,,,,,Pending,https://sansad.in/getFile/BillsTexts/RSBillTexts/Asintroduced/117-right to public space-E1219202334900PM.pdf?source=legislation
1555,2499,XXVI,"The Right to Early Childhood Care Bill, 2023",Rajya Sabha,2023-12-08,WOMEN AND CHILD DEVELOPMENT,V. Sivadasan Dr.,Financial Bill,,,,,Pending,https://sansad.in/getFile/BillsTexts/RSBillTexts/Asintroduced/right to early childhood care-E1219202340323PM.pdf?source=legislation
1556,2499,LVIII,"The Constitution (Amendment) Bill, 2022 (insertion of new article 21B).",Rajya Sabha,2022-12-09,LABOUR  AND  EMPLOYMENT,V. Sivadasan Dr.,Constitutional Amendment Bill,,,,,Pending,https://sansad.in/getFile/BillsTexts/RSBillTexts/Asintroduced/9 E 258 Session1213202275331PM.pdf?source=legislation
1557,2499,LXI,"The Prevention of Money-Laundering (Amendment) Bill, 2022",Rajya Sabha,2022-12-09,FINANCE,V. Sivadasan Dr.,Ordinary Bill,,,,,Pending,https://sansad.in/getFile/BillsTexts/RSBillTexts/Asintroduced/8 E 258 Session1213202275246PM.pdf?source=legislation
1558,2499,LXV,"The Constitution (Amendment) Bill, 2022 (amendment of articles 124 and 220).",Rajya Sabha,2022-12-09,LAW AND JUSTICE,V. Sivadasan Dr.,Constitutional Amendment Bill,,,,,Pending,https://sansad.in/getFile/BillsTexts/RSBillTexts/Asintroduced/7- E 258 Session1213202275219PM.pdf?source=legislation
1559,2499,LIII,"The Protection of the State Resources Bill, 2022",Rajya Sabha,2022-08-05,FINANCE,V. Sivadasan Dr.,Financial Bill,,,,,Pending,https://sansad.in/getFile/BillsTexts/RSBillTexts/Asintroduced/8-E_257.pdf?source=legislation
1560,2499,XXVI,"The Constitution (Amendment) Bill, 2022 (amendment of articles 4, 55, 81etc.).",Rajya Sabha,2022-07-22,LAW AND JUSTICE,V. Sivadasan Dr.,Constitutional Amendment Bill,,,,,Pending,https://sansad.in/getFile/BillsTexts/RSBillTexts/Asintroduced/const amend v sivadasan-E.pdf?source=legislation
1561,2499,XXXIII,"The Right of Children to Free and Compulsory Education (Amendment) Bill, 2022.",Rajya Sabha,2022-07-22,EDUCATION,V. Sivadasan Dr.,Financial Bill,,,,,Pending,https://sansad.in/getFile/BillsTexts/RSBillTexts/Asintroduced/Right of children-E.pdf?source=legislation
1562,2499,XIV,"The Constitution (Amendment) Bill, 2022 (amendment of article 153 and substitution of articles 155 and 156)",Rajya Sabha,2022-04-01,HOME AFFAIRS,V. Sivadasan Dr.,Ordinary Bill,,,,,Withdrawn,https://sansad.in/getFile/BillsTexts/RSBillTexts/Asintroduced/1(E)_256.pdf?source=legislation
1563,2499,XXII,"The National Right to Land and Shelter Bill, 2022",Rajya Sabha,2022-04-01,Housing and Urban Affairs,V. Sivadasan Dr.,Financial Bill,,,,,Pending,https://sansad.in/getFile/BillsTexts/RSBillTexts/Asintroduced/2 E_256.pdf?source=legislation
1564,2499,XL,"The Constitution (Amendment) Bill, 2021 (amendment of the Preamble)",Rajya Sabha,2022-02-04,HOME AFFAIRS,V. Sivadasan Dr.,Constitutional Amendment Bill,,,,,Pending,https://sansad.in/getFile/BillsTexts/RSBillTexts/Asintroduced/const amend (preamble)-E.pdf?source=legislation
1565,2113,XXXIV,"The Sugarcane Growers' (Remunerative Price and Welfare) Bill, 2012",Rajya Sabha,2012-11-23,AGRICULTURE,Shadi Lal Batra Shri,Ordinary Bill,,,,,Lapsed,https://sansad.in/getFile/BillsTexts/RSBillTexts/Asintroduced/sugar-E.pdf?source=legislation
1566,2113,XXXV,"The Population Stabilization Bill, 2012",Rajya Sabha,2012-11-23,HEALTH AND FAMILY WELFARE,Shadi Lal Batra Shri,Ordinary Bill,,,,,Lapsed,https://sansad.in/getFile/BillsTexts/RSBillTexts/Asintroduced/poplation-E.pdf?source=legislation
1567,2113,XXXVI,"The Rural Electrification Authority Bill, 2012",Rajya Sabha,2012-11-23,POWER,Shadi Lal Batra Shri,Ordinary Bill,,,,,Lapsed,https://sansad.in/getFile/BillsTexts/RSBillTexts/Asintroduced/rural -E.pdf?source=legislation
1568,2113,XIX,"The High Court of Haryana Bill, 2012",Rajya Sabha,2012-05-11,LAW AND JUSTICE,Shadi Lal Batra Shri,Ordinary Bill,,,,,Lapsed,https://sansad.in/getFile/BillsTexts/RSBillTexts/Asintroduced/haryna-E.pdf?source=legislation
1569,2113,XVIII,"The Constitution (Amendment) Bill, 2012 (insertion of new article 18A)",Rajya Sabha,2012-05-11,"CONSUMER AFFAIRS, FOOD AND PUBLIC DISTRIBUTION",Shadi Lal Batra Shri,Constitutional Amendment Bill,,,,,Lapsed,https://sansad.in/getFile/BillsTexts/RSBillTexts/Asintroduced/18a-E.pdf?source=legislation
1570,2113,XX,"The Land Acquisition (Amendment) Bill, 2012",Rajya Sabha,2012-05-11,RURAL DEVELOPMENT,Shadi Lal Batra Shri,Ordinary Bill,,,,,Lapsed,https://sansad.in/getFile/BillsTexts/RSBillTexts/Asintroduced/landc-E.pdf?source=legislation
1571,2113,LXXIX,"The Sugarcane Growers (Remunerative Price and Welfare) Bill, 2010",Rajya Sabha,2011-02-25,AGRICULTURE,Shadi Lal Batra Shri,Ordinary Bill,,,,,Lapsed,https://sansad.in/getFile/BillsTexts/RSBillTexts/Asintroduced/sugar.pdf?source=legislation
1572,2113,LXXVIII,"The Population Stabilization Bill, 2010",Rajya Sabha,2011-02-25,HEALTH AND FAMILY WELFARE,Shadi Lal Batra Shri,Ordinary Bill,,,,,Lapsed,https://sansad.in/getFile/BillsTexts/RSBillTexts/Asintroduced/population.pdf?source=legislation
1573,2113,LXXXII,"The Rural Electrification Authority Bill, 2010",Rajya Sabha,2011-02-25,POWER,Shadi Lal Batra Shri,Ordinary Bill,,,,,Lapsed,https://sansad.in/getFile/BillsTexts/RSBillTexts/Asintroduced/rural.pdf?source=legislation
1574,2113,XXXI,"The Hindu Marriage (Amendment) Bill, 2010",Rajya Sabha,2010-08-13,LAW AND JUSTICE,Shadi Lal Batra Shri,Ordinary Bill,,,,,Lapsed,https://sansad.in/getFile/BillsTexts/RSBillTexts/Asintroduced/hindu XXXI 10.pdf?source=legislation
1575,1349,XIII,"The Interception of Messages and postal article (Remonal of power) Bill, 1981",Rajya Sabha,1981-08-28,,Bhai Mahavir Dr.,Ordinary Bill,,,,,,
1576,1349,XXVII,"The Delhi Administration (Amendment) Bill, 1968",Rajya Sabha,1968-11-29,HOME AFFAIRS,Bhai Mahavir Dr.,Ordinary Bill,,,,,Negatived,
1577,960,XXV,"The Constitution (Amendment) Bill, 1968 (to amend articles 85 abd 174)",Rajya Sabha,1968-10-05,PARLIAMENTARY  AFFAIRS,Banka Behary Das Shri,Ordinary Bill,,,,,Lapsed,
1578,960,XXII,"The Constitution (Amendment) Bill, 1968 (to amend article 326)",Rajya Sabha,1968-08-22,,Banka Behary Das Shri,Ordinary Bill,,,,,,
1579,960,X,"The Constitution (Amendment) Bill, 1967 (Omission of articles 291 and 362)",Rajya Sabha,1967-04-08,HOME AFFAIRS,Banka Behary Das Shri,Ordinary Bill,,,,,Lapsed,
1580,2502,XXXIV,"The Black Money Recovery Bill, 2023",Rajya Sabha,2023-12-08,FINANCE,M. Mohamed Abdulla Shri,Ordinary Bill,,,,,Removed,https://sansad.in/getFile/BillsTexts/RSBillTexts/Asintroduced/black money recovery-E1219202341315PM.pdf?source=legislation
1581,145,80,"The Special Educational Facilities (For  Children  of Parents Living in the Rural Villages) Bill, 2000",Lok Sabha,2000-05-05,HUMAN RESOURCE  DEVELOPMENT,Puttaswamy Gowda Shri,Financial Bill,,,,,Lapsed,https://sansad.in/getFile/BillsTexts/LSBillTexts/Asintroduced/116LS.pdf?source=legislation
1582,2505,LIII,"The Mandatory Population Control Bill, 2025",Rajya Sabha,2025-12-05,HEALTH AND FAMILY WELFARE,Kanimozhi NVN Somu Dr.,Financial Bill,,,,,Pending,https://sansad.in/getFile/BillsTexts/RSBillTexts/Asintroduced/481211202550611PM.pdf?source=legislation
1583,2505,LXIII,"The Breast Cancer (Awareness, Early Detection and Diagnosis) Bill, 2025",Rajya Sabha,2025-12-05,HEALTH AND FAMILY WELFARE,Kanimozhi NVN Somu Dr.,Financial Bill,,,,,Pending,https://sansad.in/getFile/BillsTexts/RSBillTexts/Asintroduced/471211202550600PM.pdf?source=legislation
1584,2505,XLIX,"The Immoral Traffic (Prevention) Amendment Bill, 2025",Rajya Sabha,2025-12-05,WOMEN AND CHILD DEVELOPMENT,Kanimozhi NVN Somu Dr.,Ordinary Bill,,,,,Pending,https://sansad.in/getFile/BillsTexts/RSBillTexts/Asintroduced/461211202550548PM.pdf?source=legislation
1585,2505,CII,"The Special Financial Assistance to the State of Tamil Nadu Bill, 2022",Rajya Sabha,2023-12-08,FINANCE,Kanimozhi NVN Somu Dr.,Financial Bill,,,,,Pending,https://sansad.in/getFile/BillsTexts/RSBillTexts/Asintroduced/special assistance tamilnadu-E1219202345942PM.pdf?source=legislation
1586,2505,CIII,"The Food Safety and Standards (Amendment) Bill, 2022.",Rajya Sabha,2023-12-08,HEALTH AND FAMILY WELFARE,Kanimozhi NVN Somu Dr.,Financial Bill,,,,,Pending,https://sansad.in/getFile/BillsTexts/RSBillTexts/Asintroduced/food safety-Kanimozhi E1219202350015PM.pdf?source=legislation
1587,2505,XCIX,"The Micro, Small and Medium Enterprises Development (Amendment) Bill, 2022",Rajya Sabha,2023-12-08,"MICRO, SMALL AND MEDIUM ENTERPRISES",Kanimozhi NVN Somu Dr.,Ordinary Bill,,,,,Pending,https://sansad.in/getFile/BillsTexts/RSBillTexts/Asintroduced/MSME-E1219202363116PM.pdf?source=legislation
1588,1353,XLII,"The Public Liabilities Bill,1992",Rajya Sabha,1992-10-07,HOME AFFAIRS,Shabbir Ahmad Salaria Shri,Ordinary Bill,,,,,Lapsed,
1589,1353,XXVI,"The Rehabilitation of Prostitutes Bill, 1992",Rajya Sabha,1992-10-07,HUMAN RESOURCE  DEVELOPMENT,Shabbir Ahmad Salaria Shri,Ordinary Bill,,,,,Lapsed,
1590,1353,XIII,"The Indian Penal Code (Amendment) Bill, 1992",Rajya Sabha,1992-04-30,HOME AFFAIRS,Shabbir Ahmad Salaria Shri,Ordinary Bill,,,,,Lapsed,
1591,1353,XVII,"The Muslim Personal Law (Removal of Doubts) Bills, 1992",Rajya Sabha,1992-04-30,,Shabbir Ahmad Salaria Shri,Ordinary Bill,,,,,Lapsed,
1592,1353,XVIII,"The Code of Criminal Procedure (Amendment) Bill, 1992",Rajya Sabha,1992-04-30,HOME AFFAIRS,Shabbir Ahmad Salaria Shri,Ordinary Bill,,,,,Lapsed,
1593,151,II,"The Representation of the people (Amendment) Bill,1973( to amend sectionIIA)",Rajya Sabha,1973-03-16,,Chunni Lal Chaudhary,Ordinary Bill,,,,,Lapsed,
1594,1737,IX,"The Constitution (Amendment) Bill, 1995 [to amend article 239AA]",Rajya Sabha,1995-03-31,HOME AFFAIRS,Naunihal Singh Prof.,Ordinary Bill,,,,,Lapsed,
1595,152,78,"The Constitution (Amendment) Bill,  2007 (Amendment of the Eighth Schedule)",Lok Sabha,2007-11-30,HOME AFFAIRS,Syed Shahnawaz Hussain Shri,Ordinary Bill,,,,,Lapsed,https://sansad.in/getFile/BillsTexts/LSBillTexts/Asintroduced/4163LS-11.pdf?source=legislation
1596,1739,IX,"The Constitution (amendment)Bill,1975. (to amend the eighth schedule.",Rajya Sabha,1975-05-09,HOME AFFAIRS,Irengbam Tompok Singh Shri,Ordinary Bill,,,,,,
1597,578,XXXVI,"The Constituation (Amendment) Bill,1972 (Amendment of article220)",Rajya Sabha,1972-12-22,,K. Chandrasekharan Shri,Ordinary Bill,,,,,Lapsed,
1598,578,XXXVIII,"The Code of Criminal Procedure (Amendment) Bill,1972(Amendmentof section488)",Rajya Sabha,1972-12-22,HOME AFFAIRS,K. Chandrasekharan Shri,Ordinary Bill,,,,,Lapsed,
1599,578,X,"The Indian Succession (Amendment) Bill, 1972",Rajya Sabha,1972-04-14,,K. Chandrasekharan Shri,Ordinary Bill,,,,,Lapsed,
1600,578,I,"The Constitution (Amendment) Bill, 1972 [to amend article 16]",Rajya Sabha,1972-03-24,,K. Chandrasekharan Shri,Ordinary Bill,,,,,Lapsed,
1601,578,II,"The Constitution (Amendemnt) Bill, 1972 [to amend article 12]",Rajya Sabha,1972-03-24,"PERSONNEL,  PUBLIC  GRIEVANCES  AND  PENSIONS",K. Chandrasekharan Shri,Ordinary Bill,,,,,Lapsed,
1602,578,XVI,"The Constitution (Amendment) Bill, 1971 [to amend article 145]",Rajya Sabha,1971-07-23,,K. Chandrasekharan Shri,Ordinary Bill,,,,,Negatived,
1603,2126,LXIV,"The Constitution (Amendment) Bill, 2012 (amendment of article 124)",Rajya Sabha,2012-12-07,LAW AND JUSTICE,H.K. Dua Shri,Constitutional Amendment Bill,,,,,Withdrawn,https://sansad.in/getFile/BillsTexts/RSBillTexts/Asintroduced/cons-124-E.pdf?source=legislation
1604,2126,XXIV,"The Constitution (Amendment) Bill, 2012 (Amendment of articles 124 and 217)",Rajya Sabha,2012-08-09,LAW AND JUSTICE,H.K. Dua Shri,Constitutional Amendment Bill,,,,,Withdrawn,https://sansad.in/getFile/BillsTexts/RSBillTexts/Asintroduced/cons-124-E.pdf?source=legislation
1605,155,XIX,"The Code of Criminal Procedure (Amendment) Bill, 2016",Rajya Sabha,2016-04-29,HOME AFFAIRS,Vijay Jawaharlal Darda Shri,Ordinary Bill,,,,,Lapsed,https://sansad.in/getFile/BillsTexts/RSBillTexts/Asintroduced/cpc-29 4 16- E.pdf?source=legislation
1606,155,XXI,"The Prevention of Atrocities on Women Bill, 2016",Rajya Sabha,2016-04-29,WOMEN AND CHILD DEVELOPMENT,Vijay Jawaharlal Darda Shri,Ordinary Bill,,,,,Lapsed,https://sansad.in/getFile/BillsTexts/RSBillTexts/Asintroduced/atro womn-29 4 16-E.pdf?source=legislation
1607,155,XXIX,"The Gymnasiums and Fitness Centres (Regulation) Bill, 2015",Rajya Sabha,2015-12-04,YOUTH AFFAIRS AND SPORTS,Vijay Jawaharlal Darda Shri,Ordinary Bill,,,,,Lapsed,https://sansad.in/getFile/BillsTexts/RSBillTexts/Asintroduced/gym-237w-E.pdf?source=legislation
1608,155,XXVII,"The Electronic Waste (Handling and Disposal) Bill, 2015",Rajya Sabha,2015-12-04,ENVIRONMENT AND FORESTS,Vijay Jawaharlal Darda Shri,Ordinary Bill,,,,,Lapsed,https://sansad.in/getFile/BillsTexts/RSBillTexts/Asintroduced/elecwast-237w-E.pdf?source=legislation
1609,155,XXVIII,"The Consumer Goods Price Fixation Board Bill, 2015",Rajya Sabha,2015-12-04,"CONSUMER AFFAIRS, FOOD AND PUBLIC DISTRIBUTION",Vijay Jawaharlal Darda Shri,Ordinary Bill,,,,,Lapsed,https://sansad.in/getFile/BillsTexts/RSBillTexts/Asintroduced/cons gud-237w-E.pdf?source=legislation
1610,155,XXI,"The White Asbestos (Ban on Use and Import) Bill, 2014",Rajya Sabha,2014-11-28,MINES,Vijay Jawaharlal Darda Shri,Ordinary Bill,,,,,Lapsed,https://sansad.in/getFile/BillsTexts/RSBillTexts/Asintroduced/white-E.pdf?source=legislation
1611,155,XXII,"The Supreme Court (Establishment of a Permanent Bench at Nagpur) Bill, 2014",Rajya Sabha,2014-11-28,LAW AND JUSTICE,Vijay Jawaharlal Darda Shri,Ordinary Bill,,,,,Lapsed,https://sansad.in/getFile/BillsTexts/RSBillTexts/Asintroduced/suprme- E.pdf?source=legislation
1612,155,XXIII,"The Personal Data Protection Bill, 2014",Rajya Sabha,2014-11-28,"PERSONNEL,  PUBLIC  GRIEVANCES  AND  PENSIONS",Vijay Jawaharlal Darda Shri,Ordinary Bill,,,,,Lapsed,https://sansad.in/getFile/BillsTexts/RSBillTexts/Asintroduced/data -E.pdf?source=legislation
1613,155,LXXXVI,"The Whistle Blowers (Protection in Public Interest Disclosures) Bill, 2010",Rajya Sabha,2012-05-11,"PERSONNEL,  PUBLIC  GRIEVANCES  AND  PENSIONS",Vijay Jawaharlal Darda Shri,Ordinary Bill,,,,,Lapsed,https://sansad.in/getFile/BillsTexts/RSBillTexts/Asintroduced/whstl-E.pdf?source=legislation
1614,155,LXXXVII,"The Prevention of Atrocities on Women Bill, 2010",Rajya Sabha,2012-05-11,WOMEN AND CHILD DEVELOPMENT,Vijay Jawaharlal Darda Shri,Ordinary Bill,,,,,Lapsed,https://sansad.in/getFile/BillsTexts/RSBillTexts/Asintroduced/woman-E.pdf?source=legislation
1615,155,LXXXVIII,"The Pathological Laboratories and Clinics (Regulation and Control) Bill, 2010",Rajya Sabha,2012-05-11,HEALTH AND FAMILY WELFARE,Vijay Jawaharlal Darda Shri,Ordinary Bill,,,,,Withdrawn,https://sansad.in/getFile/BillsTexts/RSBillTexts/Asintroduced/path-E.pdf?source=legislation
1616,155,XII,"The Compulsory Medical Preparedness in Schools Bill, 2009",Rajya Sabha,2009-07-31,HUMAN RESOURCE  DEVELOPMENT,Vijay Jawaharlal Darda Shri,Ordinary Bill,,,,,Lapsed,https://sansad.in/getFile/BillsTexts/RSBillTexts/Asintroduced/compulsy medical XII of 09.pdf?source=legislation
1617,155,XIII,"The White Asbestos (Ban on Use and Import) Bill, 2009",Rajya Sabha,2009-07-31,MINES,Vijay Jawaharlal Darda Shri,Ordinary Bill,,,,,Lapsed,https://sansad.in/getFile/BillsTexts/RSBillTexts/Asintroduced/Asbstos XIII of 09.pdf?source=legislation
1618,155,LXXIX,"The Special Courts for Scheduled Castes and Scheduled Tribes Bill, 2007",Rajya Sabha,2008-12-19,LAW AND JUSTICE,Vijay Jawaharlal Darda Shri,Ordinary Bill,,,,,Lapsed,https://sansad.in/getFile/BillsTexts/RSBillTexts/Asintroduced/spl. court LXXIX of 07.pdf?source=legislation
1619,155,LXXVI,"The Code of Criminal Procedure (Amendment) Bill, 2007",Rajya Sabha,2008-12-19,HOME AFFAIRS,Vijay Jawaharlal Darda Shri,Ordinary Bill,,,,,Lapsed,https://sansad.in/getFile/BillsTexts/RSBillTexts/Asintroduced/CrPc LXXVI of 07.pdf?source=legislation
1620,155,LXXVIII,"The Gymnasiums and Fitness Centre (Regulation) Bill, 2007",Rajya Sabha,2008-12-19,HEALTH AND FAMILY WELFARE,Vijay Jawaharlal Darda Shri,Ordinary Bill,,,,,Lapsed,https://sansad.in/getFile/BillsTexts/RSBillTexts/Asintroduced/gym & fitness.pdf?source=legislation
1621,155,LI,"The Supreme Court (Establishment of a Permanent Bench at Nagpur) Bill, 2007",Rajya Sabha,2007-08-24,LAW AND JUSTICE,Vijay Jawaharlal Darda Shri,Ordinary Bill,,,,,Lapsed,
1622,155,LII,"The Information Technology and Infotainment Facilities in Villages Bill, 2007",Rajya Sabha,2007-08-24,COMMUNICATIONS AND INFORMATION TECHNOLOGY,Vijay Jawaharlal Darda Shri,Ordinary Bill,,,,,Lapsed,
1623,155,LIII,"The Divorced Women (Protection and Welfare) Bill, 2007",Rajya Sabha,2007-08-24,WOMEN AND CHILD DEVELOPMENT,Vijay Jawaharlal Darda Shri,Ordinary Bill,,,,,Lapsed,
1624,155,IX,"The Consumer Goods Price Fixation Board Bill, 2007",Rajya Sabha,2007-04-27,"CONSUMER AFFAIRS, FOOD AND PUBLIC DISTRIBUTION",Vijay Jawaharlal Darda Shri,Ordinary Bill,,,,,Lapsed,https://sansad.in/getFile/BillsTexts/RSBillTexts/Asintroduced/1760rs.pdf?source=legislation
1625,155,X,"The Prevention of Atrocities on Women Bill, 2007",Rajya Sabha,2007-04-27,WOMEN AND CHILD DEVELOPMENT,Vijay Jawaharlal Darda Shri,Ordinary Bill,,,,,Lapsed,https://sansad.in/getFile/BillsTexts/RSBillTexts/Asintroduced/1758rs.pdf?source=legislation
1626,155,XI,"The Compulsory Registration of Marriages Bill, 2007",Rajya Sabha,2007-04-27,LAW AND JUSTICE,Vijay Jawaharlal Darda Shri,Ordinary Bill,,,,,Lapsed,https://sansad.in/getFile/BillsTexts/RSBillTexts/Asintroduced/1756rs.pdf?source=legislation
1627,155,LXXXIV,"The Mobile Camera Phone Users (Code of Conduct) Bill, 2006",Rajya Sabha,2006-12-08,COMMUNICATIONS AND INFORMATION TECHNOLOGY,Vijay Jawaharlal Darda Shri,Ordinary Bill,,,,,Lapsed,https://sansad.in/getFile/BillsTexts/RSBillTexts/Asintroduced/LXXXIV_2006.pdf?source=legislation
1628,155,LXXXVI,"The Children School Bags (Limitation on Weight) Bill, 2006",Rajya Sabha,2006-12-08,HUMAN RESOURCE  DEVELOPMENT,Vijay Jawaharlal Darda Shri,Ordinary Bill,,,,,Lapsed,https://sansad.in/getFile/BillsTexts/RSBillTexts/Asintroduced/LXXXVI_ 2006.pdf?source=legislation
1629,155,XCI,"The Personal Data Protection Bill, 2006",Rajya Sabha,2006-12-08,HOME AFFAIRS,Vijay Jawaharlal Darda Shri,Ordinary Bill,,,,,Lapsed,https://sansad.in/getFile/BillsTexts/RSBillTexts/Asintroduced/XCI_2006.pdf?source=legislation
1630,155,LIII,"The Commissions for Protection of Child Rights (Amendment) Bill, 2006",Rajya Sabha,2006-07-28,WOMEN AND CHILD DEVELOPMENT,Vijay Jawaharlal Darda Shri,Ordinary Bill,,,,,Lapsed,https://sansad.in/getFile/BillsTexts/RSBillTexts/Asintroduced/LIII_2006.pdf?source=legislation
1631,155,LX,"The Rajya Sabha Secretariat (Administration) Bill, 2006.",Rajya Sabha,2006-07-28,PARLIAMENTARY  AFFAIRS,Vijay Jawaharlal Darda Shri,Ordinary Bill,,,,,Lapsed,https://sansad.in/getFile/BillsTexts/RSBillTexts/Asintroduced/lx_2006.pdf?source=legislation
1632,155,XLIX,"The Tele-Shopping (Protection of Consumer’s Rights) Bill, 2006.",Rajya Sabha,2006-07-28,"CONSUMER AFFAIRS, FOOD AND PUBLIC DISTRIBUTION",Vijay Jawaharlal Darda Shri,Ordinary Bill,,,,,Lapsed,
1633,155,XIV,"The Pathological Laboratories and Clinics (Regulation and Control ) Bill, 2006",Rajya Sabha,2006-03-14,HEALTH AND FAMILY WELFARE,Vijay Jawaharlal Darda Shri,Ordinary Bill,,,,,Lapsed,https://sansad.in/getFile/BillsTexts/RSBillTexts/Asintroduced/XIV_2006.PDF?source=legislation
1634,155,VI,"The Constitution (Amendment) Bill, 2006 (To amend articles 105 and 194)",Rajya Sabha,2006-03-03,PARLIAMENTARY  AFFAIRS,Vijay Jawaharlal Darda Shri,Constitutional Amendment Bill,,,,,Lapsed,https://sansad.in/getFile/BillsTexts/RSBillTexts/Asintroduced/VI_2006.PDF?source=legislation
1635,155,XI,"The Whistle Blowers (Protection in Public Interest Discussions) Bill, 2006",Rajya Sabha,2006-03-03,HOME AFFAIRS,Vijay Jawaharlal Darda Shri,Ordinary Bill,,,,,Lapsed,https://sansad.in/getFile/BillsTexts/RSBillTexts/Asintroduced/XI_2006.PDF?source=legislation
1636,155,CXI,"The Electronic Waste (Handling and Disposal) Bill, 2005",Rajya Sabha,2005-12-23,ENVIRONMENT AND FORESTS,Vijay Jawaharlal Darda Shri,Ordinary Bill,,,,,Lapsed,
1637,155,CXVII,"The National Commission for Hygienic Food, Packed Drinks and Water Bill, 2006",Rajya Sabha,2005-12-23,FOOD PROCESSING INDUSTRIES,Vijay Jawaharlal Darda Shri,Ordinary Bill,,,,,Lapsed,
1638,2513,LXXXVI,"The Sexual Harassment of Women at Workplace (Prevention, Prohibition and Redressal) Amendment Bill, 2024",Rajya Sabha,2025-12-05,WOMEN AND CHILD DEVELOPMENT,Jebi Mather Hisham Smt.,Financial Bill,,,,,Pending,https://sansad.in/getFile/BillsTexts/RSBillTexts/Asintroduced/81211202545607PM.pdf?source=legislation
1639,2513,XCV,"The Representation of the People (Amendment) Bill, 2024",Rajya Sabha,2025-12-05,LAW AND JUSTICE,Jebi Mather Hisham Smt.,Financial Bill,,,,,Pending,https://sansad.in/getFile/BillsTexts/RSBillTexts/Asintroduced/71211202545552PM.pdf?source=legislation
1640,972,XX,"The Constitution ( Amendment) Bill,1995 ( to amend the First Schedule)",Rajya Sabha,1995-05-05,HOME AFFAIRS,Sanjay Dalmia Shri,Ordinary Bill,,,,,Lapsed,
1641,156,30,"The High Court of Tripura Bill,2005",Lok Sabha,2005-03-24,,M. Jagannath Dr.,Financial Bill,,,,,Lapsed,
1642,156,20,"The High Court of Tripura Bill, 2003",Lok Sabha,2003-05-02,,M. Jagannath Dr.,Financial Bill,,,,,Pending,
1643,156,XXXIX,"The High Court of Tripura Bill, 2001",Rajya Sabha,2001-07-27,LAW AND JUSTICE,Khagen Das Shri,Ordinary Bill,,,,,Lapsed,https://sansad.in/getFile/BillsTexts/RSBillTexts/Asintroduced/XXXIX_2001.pdf?source=legislation
1644,2514,LXII,"The Constitution (Amendment) Bill, 2024 (insertion of new article 21-B and amendment of the Seventh Schedule)",Rajya Sabha,2025-02-07,"ENVIRONMENT, FOREST AND CLIMATE CHANGE",A. A. Rahim Shri,Constitutional Amendment Bill,,,,,Pending,https://sansad.in/getFile/BillsTexts/RSBillTexts/Asintroduced/30e214202550453PM.pdf?source=legislation
1645,2514,LXIII,"The Fiscal Responsibility and Budget Management (Amendment) Bill, 2024",Rajya Sabha,2025-02-07,FINANCE,A. A. Rahim Shri,Ordinary Bill,,,,,Pending,https://sansad.in/getFile/BillsTexts/RSBillTexts/Asintroduced/29e214202550432PM.pdf?source=legislation
1646,2514,LXXIV,"The Right of Children to Free and Compulsory Education (Amendment) Bill, 2024",Rajya Sabha,2025-02-07,EDUCATION,A. A. Rahim Shri,Ordinary Bill,,,,,Pending,https://sansad.in/getFile/BillsTexts/RSBillTexts/Asintroduced/31e214202550509PM.pdf?source=legislation
1647,2514,XXIV,"The Constitution (Amendment) Bill, 2024 (amendment of article 164).",Rajya Sabha,2024-07-26,HOME AFFAIRS,A. A. Rahim Shri,Constitutional Amendment Bill,,,,,Pending,https://sansad.in/getFile/BillsTexts/RSBillTexts/Asintroduced/6-Consti-art164-Rahim-E731202482829PM.pdf?source=legislation
1648,2514,VIII,"The Constitution (Amendment) Bill, 2023 (amendment of article 371A)",Rajya Sabha,2024-02-02,LAW AND JUSTICE,A. A. Rahim Shri,Constitutional Amendment Bill,,,,,Pending,https://sansad.in/getFile/BillsTexts/RSBillTexts/Asintroduced/02_const_371A_rahim-E29202465948PM.pdf?source=legislation
1649,2514,XCV,"The Right of Children to Free and Compulsory Education (Amendment) Bill, 2022",Rajya Sabha,2024-02-02,EDUCATION,A. A. Rahim Shri,Ordinary Bill,,,,,Pending,https://sansad.in/getFile/BillsTexts/RSBillTexts/Asintroduced/01_right of children_rahim-E29202465925PM.pdf?source=legislation
1650,2514,XVIII,"The Securitisation and Reconstruction of Financial Assets and Enforcement of Security Interest (Amendment) Bill, 2023.",Rajya Sabha,2024-02-02,FINANCE,A. A. Rahim Shri,Ordinary Bill,,,,,Pending,https://sansad.in/getFile/BillsTexts/RSBillTexts/Asintroduced/03_Securitisation_rahim-E29202470017PM.pdf?source=legislation
1651,2515,XXXII,"The Companies (Amendment) Bill, 2025",Rajya Sabha,2025-12-05,CORPORATE AFFAIRS,Sandosh Kumar P Shri,Ordinary Bill,,,,,Pending,https://sansad.in/getFile/BillsTexts/RSBillTexts/Asintroduced/411211202550435PM.pdf?source=legislation
1652,2515,XXXV,"The National Commission for the Promotion of Scientific Temper Bill, 2025",Rajya Sabha,2025-12-05,SCIENCE AND TECHNOLOGY AND EARTH SCIENCES,Sandosh Kumar P Shri,Financial Bill,,,,,Pending,https://sansad.in/getFile/BillsTexts/RSBillTexts/Asintroduced/401211202550425PM.pdf?source=legislation
1653,2515,XXXVI,"The National Environment Management and Regulatory Authority Bill, 2025",Rajya Sabha,2025-12-05,"ENVIRONMENT, FOREST AND CLIMATE CHANGE",Sandosh Kumar P Shri,Financial Bill,,,,,Pending,https://sansad.in/getFile/BillsTexts/RSBillTexts/Asintroduced/391211202550413PM.pdf?source=legislation
1654,2515,LV,"The Protection of Women from Domestic Violence (Amendment) Bill, 2024",Rajya Sabha,2025-02-07,WOMEN AND CHILD DEVELOPMENT,Sandosh Kumar P Shri,Ordinary Bill,,,,,Pending,https://sansad.in/getFile/BillsTexts/RSBillTexts/Asintroduced/21e214202550149PM.pdf?source=legislation
1655,2515,LXV,"The Digital Personal Data Protection (Amendment) Bill, 2024",Rajya Sabha,2025-02-07,ELECTRONICS AND INFORMATION TECHNOLOGY,Sandosh Kumar P Shri,Ordinary Bill,,,,,Pending,https://sansad.in/getFile/BillsTexts/RSBillTexts/Asintroduced/22e214202550212PM.pdf?source=legislation
1656,2515,LXXXIV,"The National Commission for the Welfare of Salt Workers Bill, 2024",Rajya Sabha,2025-02-07,LABOUR  AND  EMPLOYMENT,Sandosh Kumar P Shri,Financial Bill,,,,,Pending,https://sansad.in/getFile/BillsTexts/RSBillTexts/Asintroduced/23e214202550232PM.pdf?source=legislation
1657,2515,XXXII,"The Citizenship (Amendment) Bill, 2024",Rajya Sabha,2024-07-26,HOME AFFAIRS,Sandosh Kumar P Shri,Ordinary Bill,,,,,Pending,https://sansad.in/getFile/BillsTexts/RSBillTexts/Asintroduced/16-Citizenship-E731202483628PM.pdf?source=legislation
1658,2515,XXXIV,"The National Commission for the Preservation of Endangered Languages Bill, 2024.",Rajya Sabha,2024-07-26,EDUCATION,Sandosh Kumar P Shri,Financial Bill,,,,,Pending,https://sansad.in/getFile/BillsTexts/RSBillTexts/Asintroduced/17-Endangered Languages-E731202483658PM.pdf?source=legislation
1659,2515,XXXV,"The National Artificial Intelligence Technology Regulatory Authority Bill, 2024.",Rajya Sabha,2024-07-26,ELECTRONICS AND INFORMATION TECHNOLOGY,Sandosh Kumar P Shri,Financial Bill,,,,,Pending,https://sansad.in/getFile/BillsTexts/RSBillTexts/Asintroduced/18-AI_Sandosh-E731202483720PM.pdf?source=legislation
1660,2515,XII,"The National Commission for the Welfare of Youth Bill, 2023",Rajya Sabha,2023-12-08,YOUTH AFFAIRS AND SPORTS,Sandosh Kumar P Shri,Financial Bill,,,,,Pending,https://sansad.in/getFile/BillsTexts/RSBillTexts/Asintroduced/welfare of youth-E1219202363455PM.pdf?source=legislation
1661,2515,XXIII,"The Representation of the People (Amendment) Bill, 2023",Rajya Sabha,2023-12-08,LAW AND JUSTICE,Sandosh Kumar P Shri,Ordinary Bill,,,,,Pending,https://sansad.in/getFile/BillsTexts/RSBillTexts/Asintroduced/ROP amend -sandosh-E1219202340910PM.pdf?source=legislation
1662,2515,XXXIII,"The Participation of Workers in Management Bill, 2023",Rajya Sabha,2023-12-08,LABOUR  AND  EMPLOYMENT,Sandosh Kumar P Shri,Ordinary Bill,,,,,Pending,https://sansad.in/getFile/BillsTexts/RSBillTexts/Asintroduced/participation of workers-E1219202341214PM.pdf?source=legislation
1663,2515,LX,"The Constitution (Amendment) Bill, 2022 (amendment of the Eighth Schedule).",Rajya Sabha,2022-12-09,HOME AFFAIRS,Sandosh Kumar P Shri,Constitutional Amendment Bill,,,,,Pending,https://sansad.in/getFile/BillsTexts/RSBillTexts/Asintroduced/19 E 258 Session1213202280058PM.pdf?source=legislation
1664,2515,LXXXII,"The National Commission for Controlling Medical Inflation Bill, 2022.",Rajya Sabha,2022-12-09,HEALTH AND FAMILY WELFARE,Sandosh Kumar P Shri,Financial Bill,,,,,Pending,https://sansad.in/getFile/BillsTexts/RSBillTexts/Asintroduced/20 E  258 Session1213202280144PM.pdf?source=legislation
1665,2515,LIV,"The National Employment Guarantee Bill, 2022",Rajya Sabha,2022-08-05,LABOUR  AND  EMPLOYMENT,Sandosh Kumar P Shri,Financial Bill,,,,,Pending,https://sansad.in/getFile/BillsTexts/RSBillTexts/Asintroduced/4-E_257.pdf?source=legislation
1666,2515,XLII,"The Reserve Bank of India (Amendment) Bill, 2022",Rajya Sabha,2022-08-05,FINANCE,Sandosh Kumar P Shri,Ordinary Bill,,,,,Pending,https://sansad.in/getFile/BillsTexts/RSBillTexts/Asintroduced/3-E_257.pdf?source=legislation
1667,2515,XXIX,National Commission for the Welfare of Home-based Workers Bill 2022.,Rajya Sabha,2022-07-22,LABOUR  AND  EMPLOYMENT,Sandosh Kumar P Shri,Financial Bill,,,,,Pending,https://sansad.in/getFile/BillsTexts/RSBillTexts/Asintroduced/home based worker-E.pdf?source=legislation
1668,2518,LII,"The National Commission for Men Bill, 2025",Rajya Sabha,2025-12-05,SOCIAL JUSTICE AND EMPOWERMENT,Ashok Kumar Mittal Dr.,Financial Bill,,,,,Pending,https://sansad.in/getFile/BillsTexts/RSBillTexts/Asintroduced/171211202545803PM.pdf?source=legislation
1669,2518,LVI,"The Stray and Wild Animal Attacks (Prevention and Welfare) Bill, 2025",Rajya Sabha,2025-12-05,"fisheries, animal husbandry and dairying",Ashok Kumar Mittal Dr.,Financial Bill,,,,,Pending,https://sansad.in/getFile/BillsTexts/RSBillTexts/Asintroduced/161211202545749PM.pdf?source=legislation
1670,2518,XX,"The Right to Health Care Services Bill, 2025",Rajya Sabha,2025-12-05,HEALTH AND FAMILY WELFARE,Ashok Kumar Mittal Dr.,Financial Bill,,,,,Pending,https://sansad.in/getFile/BillsTexts/RSBillTexts/Asintroduced/151211202545736PM.pdf?source=legislation
1671,2518,LXXXII,"The Constitution (Amendment) Bill, 2024 (insertion of new article 21-B and amendment of the Seventh Schedule)",Rajya Sabha,2025-02-07,HEALTH AND FAMILY WELFARE,Ashok Kumar Mittal Dr.,Constitutional Amendment Bill,,,,,Pending,https://sansad.in/getFile/BillsTexts/RSBillTexts/Asintroduced/5e214202543921PM.pdf?source=legislation
1672,2518,XXXVII,"The Asha Workers (Regularization of Service and Other Benefits) Bill, 2024",Rajya Sabha,2025-02-07,HEALTH AND FAMILY WELFARE,Ashok Kumar Mittal Dr.,Financial Bill,,,,,Pending,https://sansad.in/getFile/BillsTexts/RSBillTexts/Asintroduced/4e214202543853PM.pdf?source=legislation
1673,2518,CVI,"The Constitution (Amendment) Bill, 2022 (insertion of new Part XVIA and amendment of article 366)",Rajya Sabha,2023-12-08,AGRICULTURE & FARMERS WELFARE,Ashok Kumar Mittal Dr.,Constitutional Amendment Bill,,,,,Pending,https://sansad.in/getFile/BillsTexts/RSBillTexts/Asintroduced/consti XVIA13202410700PM.pdf?source=legislation
1674,2518,CVII,"The Shopkeepers’ Welfare Bill, 2022.",Rajya Sabha,2023-12-08,COMMERCE AND INDUSTRY,Ashok Kumar Mittal Dr.,Financial Bill,,,,,Pending,https://sansad.in/getFile/BillsTexts/RSBillTexts/Asintroduced/shopkeepers welfare-E1219202350231PM.pdf?source=legislation
1675,2518,LI,"The Indian Institute of Nuclear Medicine Bill, 2022",Rajya Sabha,2022-08-05,ATOMIC ENERGY,Ashok Kumar Mittal Dr.,Financial Bill,,,,,Pending,https://sansad.in/getFile/BillsTexts/RSBillTexts/Asintroduced/12-E_257.pdf?source=legislation
1676,2518,XLIV,"The All-India Services (Amendment) Bill, 2022",Rajya Sabha,2022-08-05,"PERSONNEL,  PUBLIC  GRIEVANCES  AND  PENSIONS",Ashok Kumar Mittal Dr.,Ordinary Bill,,,,,Pending,https://sansad.in/getFile/BillsTexts/RSBillTexts/Asintroduced/11-E_257.pdf?source=legislation
1677,161,LV,"The Cigarettes ( Regulation of Production Cupply and Distribution Amendment Bill,1997",Rajya Sabha,1998-12-06,HEALTH AND FAMILY WELFARE,Anantray Devshanker Dave Shri,Ordinary Bill,,,,,Lapsed,
1678,161,XXXVII,"The High Court of Ahmedabad (Establishment of a Permanent Bench at Rajkot) Bill, 1990",Rajya Sabha,1990-08-31,,Anantray Devshanker Dave Shri,Ordinary Bill,,,,,Lapsed,
1679,1369,XXXIX,"The Drugs (Price Control) Bill, 2014",Rajya Sabha,2014-12-12,HEALTH AND FAMILY WELFARE,Sanjay Sinh Dr.,Ordinary Bill,,,,,Lapsed,https://sansad.in/getFile/BillsTexts/RSBillTexts/Asintroduced/drug-E.pdf?source=legislation
1680,1369,XXXVII,"The Constitution (Amendment) Bill, 2014 (amendment of article 39)",Rajya Sabha,2014-12-12,RURAL DEVELOPMENT,Sanjay Sinh Dr.,Constitutional Amendment Bill,,,,,Lapsed,https://sansad.in/getFile/BillsTexts/RSBillTexts/Asintroduced/39-E.pdf?source=legislation
1681,1369,XXXVIII,"The Constitution (Amendment) Bill, 2014 (amendment of article 214)",Rajya Sabha,2014-12-12,LAW AND JUSTICE,Sanjay Sinh Dr.,Constitutional Amendment Bill,,,,,Lapsed,https://sansad.in/getFile/BillsTexts/RSBillTexts/Asintroduced/214-E.pdf?source=legislation
1682,2519,LXXXVIII,"The Prevention of Black Magic, Witch-Hunting and Superstitious Practices Bill, 2024",Rajya Sabha,2025-02-07,WOMEN AND CHILD DEVELOPMENT,Sanjeev Arora Shri,Ordinary Bill,,,,,Removed,https://sansad.in/getFile/BillsTexts/RSBillTexts/Asintroduced/38e214202550959PM.pdf?source=legislation
1683,1750,XIXL,"The Companies (Amendment) Bill, 1990",Rajya Sabha,1990-08-31,,Ram Awadhesh Singh Shri,Ordinary Bill,,,,,Lapsed,
1684,164,I,"The Constitution (Amendment) Bill, 2011 (to amend article 25)",Rajya Sabha,2011-02-25,HOME AFFAIRS,Sukhdev Singh Dhindsa Sardar,Constitutional Amendment Bill,,,,,Lapsed,https://sansad.in/getFile/BillsTexts/RSBillTexts/Asintroduced/cons-25.pdf?source=legislation
1685,164,76,"The Government Servants (Declaration of  Assets and Investigation) Bill, 2003 by Shri Shriprakash Jaiswal, M.P.",Lok Sabha,2003-05-12,"PERSONNEL,  PUBLIC  GRIEVANCES  AND  PENSIONS",Shriprakash Jaiswal Shri,Financial Bill,,,,,Pending,https://sansad.in/getFile/BillsTexts/LSBillTexts/Asintroduced/2816LS.pdf?source=legislation
1686,164,24,"The Disinvestment of Public Sector Enterprises (Scrutiny by Parliament) Bill, 2003",Lok Sabha,2003-05-02,DISINVESTMENT,Shriprakash Jaiswal Shri,Ordinary Bill,,,,,Pending,https://sansad.in/getFile/BillsTexts/LSBillTexts/Asintroduced/80LS.pdf?source=legislation
1687,586,XXXV,"The Registration of Conversions Bill, 1968",Rajya Sabha,1968-11-29,HOME AFFAIRS,J.S. Tilak Shri,Ordinary Bill,,,,,Lapsed,
1688,2135,XIV,"The Constitution (Amendment) Bill, 2015 (amendment of Eighth Schedule)",Rajya Sabha,2015-04-24,HOME AFFAIRS,Bhalchandra Mungekar Dr.,Ordinary Bill,,,,,Lapsed,https://sansad.in/getFile/BillsTexts/RSBillTexts/Asintroduced/8 schdule XIV-E.pdf?source=legislation
1689,2137,LI,"The Indian Penal Code (Amendment) Bill, 2013.",Rajya Sabha,2014-07-11,HOME AFFAIRS,K.N. Balagopal Shri,Ordinary Bill,,,,,Withdrawn,https://sansad.in/getFile/BillsTexts/RSBillTexts/Asintroduced/Ipc- E.pdf?source=legislation
1690,2522,XCVII,"The Representation of the People (Amendment) Bill, 2024",Rajya Sabha,2025-12-05,LAW AND JUSTICE,Raghav Chadha Shri,Financial Bill,,,,,Pending,https://sansad.in/getFile/BillsTexts/RSBillTexts/Asintroduced/591211202550905PM.pdf?source=legislation
1691,2522,XLIV,"The Criminal Laws (Amendment) Bill, 2024",Rajya Sabha,2025-12-05,HOME AFFAIRS,Raghav Chadha Shri,Ordinary Bill,,,,,Pending,https://sansad.in/getFile/BillsTexts/RSBillTexts/Asintroduced/571211202550841PM.pdf?source=legislation
1692,2522,XLVI,"The Public Examinations (Prevention of Unfair Means) Amendment Bill, 2024",Rajya Sabha,2025-12-05,"PERSONNEL,  PUBLIC  GRIEVANCES  AND  PENSIONS",Raghav Chadha Shri,Ordinary Bill,,,,,Pending,https://sansad.in/getFile/BillsTexts/RSBillTexts/Asintroduced/581211202550852PM.pdf?source=legislation
1693,2522,C,"The Prevention of Money Laundering (Amendment) Bill, 2022",Rajya Sabha,2023-12-08,FINANCE,Raghav Chadha Shri,Ordinary Bill,,,,,Pending,https://sansad.in/getFile/BillsTexts/RSBillTexts/Asintroduced/money laundering-E1219202345243PM.pdf?source=legislation
1694,2522,CV,"The Constitution (Amendment) Bill, 2022 (substitution of articles 153,154 etc.)",Rajya Sabha,2023-12-08,HOME AFFAIRS,Raghav Chadha Shri,Constitutional Amendment Bill,,,,,Pending,https://sansad.in/getFile/BillsTexts/RSBillTexts/Asintroduced/consti154 Raghav E132024115747AM.pdf?source=legislation
1695,2522,XIX,"The Decriminalization of Defamation Bill, 2023.",Rajya Sabha,2023-12-08,HOME AFFAIRS,Raghav Chadha Shri,Ordinary Bill,,,,,Lapsed,https://sansad.in/getFile/BillsTexts/RSBillTexts/Asintroduced/decriminalization-E1219202364348PM.pdf?source=legislation
1696,2522,LII,"The Minimum Support Price Guarantee Bill, 2022",Rajya Sabha,2022-08-05,AGRICULTURE & FARMERS WELFARE,Raghav Chadha Shri,Financial Bill,,,,,Pending,https://sansad.in/getFile/BillsTexts/RSBillTexts/Asintroduced/min suport.pdf?source=legislation
1697,2522,XLIII,"The Constitution (Amendment) Bill, 2022 (amendment of articles 102, 191 etc.)",Rajya Sabha,2022-08-05,LAW AND JUSTICE,Raghav Chadha Shri,Constitutional Amendment Bill,,,,,Pending,https://sansad.in/getFile/BillsTexts/RSBillTexts/Asintroduced/9-E_257.pdf?source=legislation
1698,2523,XCVII,"The Khadi Spinners, Weavers and Khadi Institutions (Protection and Welfare) Bill, 2022.",Rajya Sabha,2023-12-08,"MICRO, SMALL AND MEDIUM ENTERPRISES",Aneel Prasad Hegde Shri,Ordinary Bill,,,,,Removed,https://sansad.in/getFile/BillsTexts/RSBillTexts/Asintroduced/khadi spinners-E1219202363210PM.pdf?source=legislation
1699,2523,XX,"The Sustainable Agriculture (Ban on Harmful Chemicals) Bill, 2023",Rajya Sabha,2023-12-08,AGRICULTURE & FARMERS WELFARE,Aneel Prasad Hegde Shri,Ordinary Bill,,,,,Removed,https://sansad.in/getFile/BillsTexts/RSBillTexts/Asintroduced/sustainable agriculture-E1219202365142PM.pdf?source=legislation
1700,167,XXV,"The National Commission for Homeless Children Bill, 2003.",Rajya Sabha,2003-04-25,SOCIAL JUSTICE AND EMPOWERMENT,Saroj Dubey Smt.,Ordinary Bill,,,,,,
1701,167,XXVI,"The Prevention of Food Adulteration (Amendment) Bill, 2003.",Rajya Sabha,2003-04-25,HEALTH AND FAMILY WELFARE,Saroj Dubey Smt.,Ordinary Bill,,,,,,
1702,167,VI,"The Indian Penal Code ( Amendment) Bill,1999.",Rajya Sabha,1999-12-03,HOME AFFAIRS,Saroj Dubey Smt.,Ordinary Bill,,,,,Lapsed,https://sansad.in/getFile/BillsTexts/RSBillTexts/Asintroduced/VI_1999.pdf?source=legislation
1703,167,VII,"The Code of Criminal Procedure (Amendment) Bill,1999.",Rajya Sabha,1999-12-03,HOME AFFAIRS,Saroj Dubey Smt.,Ordinary Bill,,,,,Lapsed,https://sansad.in/getFile/BillsTexts/RSBillTexts/Asintroduced/VII_1999.pdf?source=legislation
1704,167,XXXIII,"The Motor Vehicles ( Amendment) Bill,1998",Rajya Sabha,1998-12-18,,Saroj Dubey Smt.,Ordinary Bill,,,,,Lapsed,
1705,167,XL,"The Inevention of Rape on  Women and Givls by Relation and Close Agnaintanees Bill,1997",Rajya Sabha,1998-12-06,HUMAN RESOURCE  DEVELOPMENT,Saroj Dubey Smt.,Ordinary Bill,,,,,,
1706,168,164,"The Constitution (Amendment) Bill, 2000 (Amendment of article 130)",Lok Sabha,2001-07-27,,A.D.K. Jeyaseelan Dr.,Money Bill,,,,,Lapsed,https://sansad.in/getFile/BillsTexts/LSBillTexts/Asintroduced/4580LS.pdf?source=legislation
1707,168,168,"The Constitution (Amendment) Bill,2000 (Amendment of seventh schedule)",Lok Sabha,2001-07-27,HUMAN RESOURCE  DEVELOPMENT,A.D.K. Jeyaseelan Dr.,Constitutional Amendment Bill,,,,,Pending,https://sansad.in/getFile/BillsTexts/LSBillTexts/Asintroduced/168_2000.pdf?source=legislation
1708,168,59,"The Constitution (Amendment) Bill, 2000 (Amendment of articles 15 and 16)",Lok Sabha,2000-04-20,HOME AFFAIRS,A.D.K. Jeyaseelan Dr.,Ordinary Bill,,,,,Lapsed,https://sansad.in/getFile/BillsTexts/LSBillTexts/Asintroduced/4547LS.pdf?source=legislation
1709,168,67,"The Widows`  Protection Bill, 2000",Lok Sabha,2000-04-20,HUMAN RESOURCE  DEVELOPMENT,A.D.K. Jeyaseelan Dr.,Financial Bill,,,,,Lapsed,https://sansad.in/getFile/BillsTexts/LSBillTexts/Asintroduced/4593LS.pdf?source=legislation
1710,168,71,"The Constitution (Amendment) Bill, 2000 (Substitution of new article for article 120, etc.)",Lok Sabha,2000-04-20,HOME AFFAIRS,A.D.K. Jeyaseelan Dr.,Financial Bill,,,,,Lapsed,https://sansad.in/getFile/BillsTexts/LSBillTexts/Asintroduced/4616LS.pdf?source=legislation
1711,168,X,"The Publlic Liberaries Bill,1998",Rajya Sabha,1998-12-06,HUMAN RESOURCE  DEVELOPMENT,Kartar Singh Duggal Shri,Ordinary Bill,,,,,Withdrawn,
1712,168,LXXI,"The Cultural Workers Welfare Funds Bill, 2002",Rajya Sabha,,HUMAN RESOURCE  DEVELOPMENT,Kartar Singh Duggal Shri,Ordinary Bill,,,,,,
1713,2526,XLIX,"The Witness Protection Bill, 2023",Rajya Sabha,2024-02-02,HOME AFFAIRS,S Niranjan Reddy Shri,Financial Bill,,,,,Pending,https://sansad.in/getFile/BillsTexts/RSBillTexts/Asintroduced/05_witness protection_niranjan-E29202470700PM.pdf?source=legislation
1714,2142,XII,"The Code of Civil Procedure (Amendment) Bill, 2015",Rajya Sabha,2015-04-24,HOME AFFAIRS,Avinash Rai Khanna Shri,Ordinary Bill,,,,,Lapsed,https://sansad.in/getFile/BillsTexts/RSBillTexts/Asintroduced/code civil-E.pdf?source=legislation
1715,2142,XIII,"The Indian Penal Code (Amendment) Bill, 2015",Rajya Sabha,2015-04-24,HOME AFFAIRS,Avinash Rai Khanna Shri,Ordinary Bill,,,,,Lapsed,https://sansad.in/getFile/BillsTexts/RSBillTexts/Asintroduced/IPC-XIII-E AV.pdf?source=legislation
1716,2142,LIV,"The Compulsory Military Training Bill, 2012",Rajya Sabha,2012-12-07,DEFENCE,Avinash Rai Khanna Shri,Ordinary Bill,,,,,Lapsed,https://sansad.in/getFile/BillsTexts/RSBillTexts/Asintroduced/miltry-E.pdf?source=legislation
1717,2142,LVI,"The Free and Compulsory Primary, Secondary, Higher and Technical Education Bill, 2012",Rajya Sabha,2012-12-07,HUMAN RESOURCE  DEVELOPMENT,Avinash Rai Khanna Shri,Ordinary Bill,,,,,Lapsed,https://sansad.in/getFile/BillsTexts/RSBillTexts/Asintroduced/free com-E.pdf?source=legislation
1718,2142,XLIII,"The Orphans (Reservation of Posts in Government Establishment) Bill, 2012",Rajya Sabha,2012-11-23,"PERSONNEL,  PUBLIC  GRIEVANCES  AND  PENSIONS",Avinash Rai Khanna Shri,Ordinary Bill,,,,,Withdrawn,https://sansad.in/getFile/BillsTexts/RSBillTexts/Asintroduced/orpan-E.pdf?source=legislation
1719,985,XLIV,"The Rights of Dwellers as Owners of the Land Bill, 2019",Rajya Sabha,2019-11-22,RURAL DEVELOPMENT,B.K. Hariprasad Shri,Ordinary Bill,,,,,Lapsed,https://sansad.in/getFile/BillsTexts/RSBillTexts/Asintroduced/dweller-E-22 11 19.pdf?source=legislation
1720,985,XV,"The Constitution (Amendment) Bill, 2016 (amendment of the Eighth Schedule)",Rajya Sabha,2016-08-05,HOME AFFAIRS,B.K. Hariprasad Shri,Ordinary Bill,,,,,Withdrawn,https://sansad.in/getFile/BillsTexts/RSBillTexts/Asintroduced/8 schd-5816-E.pdf?source=legislation
1721,985,XXII,"The Constitution (Amendment) Bill, 2016 (insertion of new article 338B)",Rajya Sabha,2016-08-05,SOCIAL JUSTICE AND EMPOWERMENT,B.K. Hariprasad Shri,Ordinary Bill,,,,,Lapsed,https://sansad.in/getFile/BillsTexts/RSBillTexts/Asintroduced/338B-5816-E.pdf?source=legislation
1722,985,LVI,"The Slums and Jhuggi-Jhopri Areas (Basic Amenities and Clearance) Bill, 2015",Rajya Sabha,2015-12-04,HOUSING AND URBAN POVERTY ALLEVIATION,B.K. Hariprasad Shri,Ordinary Bill,,,,,Lapsed,https://sansad.in/getFile/BillsTexts/RSBillTexts/Asintroduced/slumjhugi-237w-E.pdf?source=legislation
1723,594,XIV,"The Constitution (Amendment) Bill, 1970 [to amend the First Schedule and article 239A]",Rajya Sabha,1970-03-20,HOME AFFAIRS,C.L. Varma Shri,Ordinary Bill,,,,,Lapsed,
1724,172,XXXIII,"The Prevention of Comminalisation of Education & Educational institutuons Bill,2000",Rajya Sabha,2000-07-28,HUMAN RESOURCE  DEVELOPMENT,Eduardo Faleiro Shri,Ordinary Bill,,,,,Lapsed,https://sansad.in/getFile/BillsTexts/RSBillTexts/Asintroduced/XXXIII_2000.pdf?source=legislation
1725,172,III,"The Constitution (Scheduled Castes) Order (Amendment) Bill, 2000",Rajya Sabha,2000-04-28,SOCIAL JUSTICE AND EMPOWERMENT,Eduardo Faleiro Shri,Ordinary Bill,,,,,Lapsed,https://sansad.in/getFile/BillsTexts/RSBillTexts/Asintroduced/III_2000.pdf?source=legislation
1726,172,XXXII,"The Representation of the People (Amendment) Bill, 1999",Rajya Sabha,2000-04-28,,Eduardo Faleiro Shri,Ordinary Bill,,,,,Lapsed,https://sansad.in/getFile/BillsTexts/RSBillTexts/Asintroduced/XXXII_1999.pdf?source=legislation
1727,172,XXXIV,"The Constitution (Amendment) Bill, 1999 (to amend the articles 28A, 226B the Nineth Schedule)",Rajya Sabha,2000-04-28,HOME AFFAIRS,Eduardo Faleiro Shri,Ordinary Bill,,,,,Lapsed,https://sansad.in/getFile/BillsTexts/RSBillTexts/Asintroduced/XXXIV_1999.pdf?source=legislation
1728,172,XXXV,"The Constitution (Scheduled Tribes) Order (Amendment) Bill,1999",Rajya Sabha,1999-12-03,SOCIAL JUSTICE AND EMPOWERMENT,Eduardo Faleiro Shri,Ordinary Bill,,,,,Lapsed,https://sansad.in/getFile/BillsTexts/RSBillTexts/Asintroduced/XXXV_1999.pdf?source=legislation
1729,2144,XX,"The Constitution (Amendment) Bill, 2020 (insertion of new articles 12A and 12B).",Rajya Sabha,2021-12-03,HOME AFFAIRS,Y. S. Chowdary Shri,Ordinary Bill,,,,,Lapsed,https://sansad.in/getFile/BillsTexts/RSBillTexts/Asintroduced/const amend 12article-E.pdf?source=legislation
1730,173,XI,"The Domestic Workers (Regulation of Work and Social Security) Bill, 2017",Rajya Sabha,2017-04-07,LABOUR  AND  EMPLOYMENT,Oscar Fernandes Shri,Ordinary Bill,,,,,Lapsed,https://sansad.in/getFile/BillsTexts/RSBillTexts/Asintroduced/domestic-7417-E.pdf?source=legislation
1731,599,XXXI,"The Foreigners (Amendment) Bill, 1968",Rajya Sabha,1968-11-29,EXTERNAL AFFAIRS,Man Singh Varma Shri,Ordinary Bill,,,,,,
1732,990,XXVIII,"The Pensions Bill,1973.",Rajya Sabha,1973-08-31,,Vithalbhai M. Patel Shri,Ordinary Bill,,,,,Lapsed,
1733,990,XVI,"The compamies ( Amendment)  Bill 1973. ( Amendment of section 224,226,275,276,277 and 279& insertion of new section618A)",Rajya Sabha,1973-08-03,,Vithalbhai M. Patel Shri,Ordinary Bill,,,,,Lapsed,
1734,1761,I,"The Constitution (Amendment) Bill, 1970 [to amend the Eighth Schedule]",Rajya Sabha,1970-03-20,HOME AFFAIRS,Sinam Krishnamohan Singh Shri,Ordinary Bill,,,,,Lapsed,
1735,175,LXVIII,"The Constitution (Amendment) Bill, 2022 (amendment of the Eighth Schedule)",Rajya Sabha,2023-12-08,HOME AFFAIRS,Rajeev Shukla Shri,Constitutional Amendment Bill,,,,,Pending,https://sansad.in/getFile/BillsTexts/RSBillTexts/Asintroduced/consti 8th rajeev-E1219202350919PM.pdf?source=legislation
1736,1762,LX,"The Constitution( amendment) Bill,1995( to amend article 239AA)",Rajya Sabha,1995-03-31,HOME AFFAIRS,Tribhuvan Narayan Singh Shri,Constitutional Amendment Bill,,,,,Lapsed,
1737,2533,XLVII,"The National Tribal Heritage Council Bill, 2024",Rajya Sabha,2025-02-07,TRIBAL AFFAIRS,Sumitra Balmik Smt.,Financial Bill,,,,,Pending,https://sansad.in/getFile/BillsTexts/RSBillTexts/Asintroduced/10e214202544115PM.pdf?source=legislation
1738,177,XXIII,"The Constitution (Amendment) Bill, 2024 (substitution of article 3).",Rajya Sabha,2024-07-26,HOME AFFAIRS,Tiruchi Siva Shri,Constitutional Amendment Bill,,,,,Pending,https://sansad.in/getFile/BillsTexts/RSBillTexts/Asintroduced/11-ConstAmend-insert-E731202483130PM.pdf?source=legislation
1739,177,LXI,"The Right of Children to Free and Compulsory Education (Amendment) Bill , 2023",Rajya Sabha,2023-12-08,EDUCATION,Tiruchi Siva Shri,Ordinary Bill,,,,,Pending,https://sansad.in/getFile/BillsTexts/RSBillTexts/Asintroduced/Right of Children Tiruchi Siva1219202343507PM.pdf?source=legislation
1740,177,LIX,"The Official Languages Bill, 2022.",Rajya Sabha,2022-12-09,HOME AFFAIRS,Tiruchi Siva Shri,Financial Bill,,,,,Pending,https://sansad.in/getFile/BillsTexts/RSBillTexts/Asintroduced/12 E 258 Session1213202275506PM.pdf?source=legislation
1741,177,XIV,"The Women's (Reservation in Workplace) Bill, 2021.",Rajya Sabha,2021-12-03,"PERSONNEL,  PUBLIC  GRIEVANCES  AND  PENSIONS",Tiruchi Siva Shri,Financial Bill,,,,,Pending,https://sansad.in/getFile/BillsTexts/RSBillTexts/Asintroduced/woman reservation-E.pdf?source=legislation
1742,177,LIV,"The Constitution (Amendment) Bill, 2018 (amendment of article 239AA)",Rajya Sabha,2019-06-21,HOME AFFAIRS,Tiruchi Siva Shri,Ordinary Bill,,,,,Lapsed,https://sansad.in/getFile/BillsTexts/RSBillTexts/Asintroduced/239AA-E-21619.pdf?source=legislation
1743,177,XLVII,"The Women’s (Reservation in Workplace) Bill, 2016",Rajya Sabha,2016-11-18,"PERSONNEL,  PUBLIC  GRIEVANCES  AND  PENSIONS",Tiruchi Siva Shri,Ordinary Bill,,,,,Lapsed,https://sansad.in/getFile/BillsTexts/RSBillTexts/Asintroduced/womn res work-181116-E.pdf?source=legislation
1744,177,LVIII,"The Constitution (Amendment) Bill, 2015 (amendment of article 324)",Rajya Sabha,2015-12-18,LAW AND JUSTICE,Tiruchi Siva Shri,Ordinary Bill,,,,,Withdrawn,https://sansad.in/getFile/BillsTexts/RSBillTexts/Asintroduced/324-237w-E.pdf?source=legislation
1745,177,XLIX,"The Rights of Transgender Persons Bill, 2014",Rajya Sabha,2014-12-12,SOCIAL JUSTICE AND EMPOWERMENT,Tiruchi Siva Shri,Ordinary Bill,,2015-04-24,,,Passed,https://sansad.in/getFile/BillsTexts/RSBillTexts/Asintroduced/trangder-E.pdf?source=legislation
1746,2535,LI,"The Solid Waste Management Bill, 2025",Rajya Sabha,2025-12-05,"ENVIRONMENT, FOREST AND CLIMATE CHANGE",R. Girirajan Shri,Financial Bill,,,,,Pending,https://sansad.in/getFile/BillsTexts/RSBillTexts/Asintroduced/451211202550527PM.pdf?source=legislation
1747,2535,II,"The  Hindu Marriage (Amendment) Bill, 2024",Rajya Sabha,2024-07-26,LAW AND JUSTICE,R. Girirajan Shri,Ordinary Bill,,,,,Pending,https://sansad.in/getFile/BillsTexts/RSBillTexts/Asintroduced/4-hindu marriage_girirajan-E731202482719PM.pdf?source=legislation
1748,2535,XIV,"The Constitution (Amendment) Bill, 2023 (amendment of articles 343, 344 and 348 etc.)",Rajya Sabha,2023-12-08,HOME AFFAIRS,R. Girirajan Shri,Constitutional Amendment Bill,,,,,Pending,https://sansad.in/getFile/BillsTexts/RSBillTexts/Asintroduced/const343 Girirajan-E1219202364152PM.pdf?source=legislation
1749,178,102,"The Mines and Minerals (Development and Regulation) (Amendment) Bill, 2001 (Amendment of section 9)",Lok Sabha,2002-03-22,,Trilochan Kanungo Shri,Ordinary Bill,,,,,Pending,
1750,178,111,"The Constitution (Amendment) Bill, 2001 (Amendment of article 269)",Lok Sabha,2002-03-22,,Trilochan Kanungo Shri,Money Bill,,,,,Pending,
1751,997,XXVI,"The Code of Criminal Procedure ( Amendment) Bill, 1997",Rajya Sabha,1997-07-25,HOME AFFAIRS,H. Hanumanthappa Shri,Ordinary Bill,,,,,Lapsed,
1752,182,IX,"The Constitution (Amendment) Bill, 2001 (to amend the articles 19 and 24)",Rajya Sabha,2001-07-27,LABOUR,Ranganath Misra Shri,Ordinary Bill,,,,,Lapsed,https://sansad.in/getFile/BillsTexts/RSBillTexts/Asintroduced/IX_2001.pdf?source=legislation
1753,2155,V,"The Companies (Amendment) Bill, 2016",Rajya Sabha,2016-02-26,CORPORATE AFFAIRS,Avinash Pande Shri,Ordinary Bill,,,,,Lapsed,https://sansad.in/getFile/BillsTexts/RSBillTexts/Asintroduced/companies-E-238.pdf?source=legislation
1754,2155,LIII,"The Armed Forces (Special Powers) Amendment Bill, 2015",Rajya Sabha,2015-12-04,HOME AFFAIRS,Avinash Pande Shri,Ordinary Bill,,,,,Lapsed,https://sansad.in/getFile/BillsTexts/RSBillTexts/Asintroduced/armdforc-237w-E.pdf?source=legislation
1755,2155,LII,"The Indian Penal Code (Amendment) Bill, 2014.",Rajya Sabha,2014-12-12,HOME AFFAIRS,Avinash Pande Shri,Ordinary Bill,,,,,Withdrawn,https://sansad.in/getFile/BillsTexts/RSBillTexts/Asintroduced/IPC375-E.pdf?source=legislation
1756,183,100,"The Punjab Municipal Corporation Law (Extention to Chandigarh) (Amendment) Bill, 2000 (Amendment of the Schedule)",Lok Sabha,2003-07-28,HOME AFFAIRS,Rattan Lal Kataria Shri,Ordinary Bill,,,,,Lapsed,https://sansad.in/getFile/BillsTexts/LSBillTexts/Asintroduced/1415LS.pdf?source=legislation
1757,998,X,"The Young Person`s (Harmful Publications) Amendment Bill, 1969",Rajya Sabha,1969-05-16,HOME AFFAIRS,Gulabrao Patil Shri,Ordinary Bill,,,,,Lapsed,
1758,998,I,"The Indistrial Disputes (Amendment) Bill, 1969",Rajya Sabha,1969-03-14,,Gulabrao Patil Shri,Ordinary Bill,,,,,Lapsed,
1759,998,XII,"The Indian Penal Code (Amendment) Bill, 1968",Rajya Sabha,1968-05-10,HOME AFFAIRS,Gulabrao Patil Shri,Ordinary Bill,,,,,,
1760,998,XVIII,"The Antiquities (Export Control) Amendment Bill, 1967",Rajya Sabha,1967-01-12,,Gulabrao Patil Shri,Ordinary Bill,,,,,Lapsed,
1761,609,V,"The Code of Civil Procedure (Amendment) Bill, 1964",Rajya Sabha,1964-08-05,HOME AFFAIRS,Jogesh Chandra Chatterjee Shri,Ordinary Bill,,,,,Withdrawn,
1762,184,LXX,"The Payment of Unemployment Allowance, Bill, 2000",Rajya Sabha,2000-12-22,LABOUR,Dipankar Mukherjee Shri,Ordinary Bill,,,,,Withdrawn,https://sansad.in/getFile/BillsTexts/RSBillTexts/Asintroduced/LXX_2000.pdf?source=legislation
1763,185,XI,"The Constitution (Amendment) Bill, 1971 [to amend articles 74 and 163]",Rajya Sabha,1971-06-18,HOME AFFAIRS,Pranab Mukherjee Shri,Ordinary Bill,,,,,Withdrawn,
1764,185,XII,"The Constitution (Amendment) Bill, 1971 [to amend article 280]",Rajya Sabha,1971-06-18,HOME AFFAIRS,Pranab Mukherjee Shri,Ordinary Bill,,,,,Withdrawn,
1765,185,XXXVIII,"The Constitution (Amendment) Bill, 1970 [insertion of new article 29A and omission of article 45]",Rajya Sabha,1970-12-11,,Pranab Mukherjee Shri,Ordinary Bill,,,,,Withdrawn,
1766,185,XVI,"The Constitution (Amendment) Bill, 1970 [to amend articles 75 and 164]",Rajya Sabha,1970-08-21,HOME AFFAIRS,Pranab Mukherjee Shri,Ordinary Bill,,,,,Withdrawn,
1767,185,XXIV,"The Constitution (Amendment) Bill, 1970 [to amend article 163]",Rajya Sabha,1970-08-07,HOME AFFAIRS,Pranab Mukherjee Shri,Ordinary Bill,,,,,Withdrawn,
1768,185,XXV,"The Constitution (Amendment) Bill, 1970 [to amend articles 105 and 194]",Rajya Sabha,1970-08-07,PARLIAMENTARY  AFFAIRS,Pranab Mukherjee Shri,Ordinary Bill,,,,,Withdrawn,
1769,185,III,"The Constitution (Amendment) Bill, 1970 [to amend article 85]",Rajya Sabha,1970-03-20,HOME AFFAIRS,Pranab Mukherjee Shri,Ordinary Bill,,,,,Withdrawn,
1770,2542,C,"The Private Universities (Prevention of Sale of Degrees) Bill, 2024",Rajya Sabha,2025-02-07,EDUCATION,Imran Pratapgarhi Shri,Ordinary Bill,,,,,Pending,https://sansad.in/getFile/BillsTexts/RSBillTexts/Asintroduced/39e214202551014PM.pdf?source=legislation
1771,2543,XCVI,"The Constitution (Amendment) Bill, 2022 (insertion of new article 44A and amendment of article 51A)",Rajya Sabha,2023-12-08,HEALTH AND FAMILY WELFARE,Anil Sukhdeorao Bonde Dr.,Constitutional Amendment Bill,,,,,Pending,https://sansad.in/getFile/BillsTexts/RSBillTexts/Asintroduced/consti insert44A_51A Bonde-E1219202363149PM.pdf?source=legislation
1772,2543,XCVIII,"The Marriage Bureau (Regulation) Bill, 2022",Rajya Sabha,2023-12-08,LAW AND JUSTICE,Anil Sukhdeorao Bonde Dr.,Financial Bill,,,,,Pending,https://sansad.in/getFile/BillsTexts/RSBillTexts/Asintroduced/marriage bureau-E1219202363251PM.pdf?source=legislation
1773,2543,XXXVI,"The Interfaith Marriages by Unlawful Conversion (Prohibition) Bill, 2023",Rajya Sabha,2023-12-08,HOME AFFAIRS,Anil Sukhdeorao Bonde Dr.,Ordinary Bill,,,,,Pending,https://sansad.in/getFile/BillsTexts/RSBillTexts/Asintroduced/interfaith_marriages-Bonde E1219202344325PM.pdf?source=legislation
1774,186,I,"The Constitution ( Amendment) Bill,1999 (insertion of new article 16 A)",Rajya Sabha,1999-09-26,LABOUR,Y. Radhakrishna Murty Dr.,Ordinary Bill,,,,,Lapsed,https://sansad.in/getFile/BillsTexts/RSBillTexts/Asintroduced/I_1999.pdf?source=legislation
1775,2544,LIX,"The Destitute Senior Citizens, Widows and Orphans (Housing Facility) Bill, 2025",Rajya Sabha,2025-12-05,Housing and Urban Affairs,Dhananjay Bhimrao Mahadik Shri,Financial Bill,,,,,Pending,https://sansad.in/getFile/BillsTexts/RSBillTexts/Asintroduced/531211202550716PM.pdf?source=legislation
1776,2544,LVIII,"The Compulsory Sports Education and Basic Infrastructure Development for Sports in Schools Bill, 2025",Rajya Sabha,2025-12-05,EDUCATION,Dhananjay Bhimrao Mahadik Shri,Financial Bill,,,,,Pending,https://sansad.in/getFile/BillsTexts/RSBillTexts/Asintroduced/511211202550648PM.pdf?source=legislation
1777,2544,LXI,"The Historical Heritage Conservation Bill, 2025",Rajya Sabha,2025-12-05,CULTURE,Dhananjay Bhimrao Mahadik Shri,Financial Bill,,,,,Pending,https://sansad.in/getFile/BillsTexts/RSBillTexts/Asintroduced/521211202550701PM.pdf?source=legislation
1778,612,IV,"The Representation of the People (Amendment) Bill, 1968",Rajya Sabha,1968-05-10,,Niranjan Varma Shri,Ordinary Bill,,,,,,
1779,2160,XLI,"The Constitution (Amendment) Bill, 2014 (amendment of article 31A)",Rajya Sabha,2015-02-27,RURAL DEVELOPMENT,Narendra Kumar Kashyap Shri,Ordinary Bill,,,,,Lapsed,https://sansad.in/getFile/BillsTexts/RSBillTexts/Asintroduced/31A- E.pdf?source=legislation
1780,2160,XLII,"The Compulsory Imparting of Moral Education in Educational Institutions Bill, 2014",Rajya Sabha,2015-02-27,HUMAN RESOURCE  DEVELOPMENT,Narendra Kumar Kashyap Shri,Ordinary Bill,,,,,Lapsed,https://sansad.in/getFile/BillsTexts/RSBillTexts/Asintroduced/moral-E.pdf?source=legislation
1781,2160,LV,"The Constitution (Scheduled Castes) Order (Amendment) Bill, 2013.",Rajya Sabha,2014-07-11,SOCIAL JUSTICE AND EMPOWERMENT,Narendra Kumar Kashyap Shri,Ordinary Bill,,,,,Lapsed,https://sansad.in/getFile/BillsTexts/RSBillTexts/Asintroduced/SC- E.pdf?source=legislation
1782,2160,LIII,"The Constitution (Amendment) Bill, 2012 (insertion of new article 335A)",Rajya Sabha,2012-12-07,"PERSONNEL,  PUBLIC  GRIEVANCES  AND  PENSIONS",Narendra Kumar Kashyap Shri,Constitutional Amendment Bill,,,,,Lapsed,https://sansad.in/getFile/BillsTexts/RSBillTexts/Asintroduced/cons-335A-E.pdf?source=legislation
1783,2160,XLVI,"The Indian Penal Code (Amendment) Bill, 2011.",Rajya Sabha,2012-04-27,HOME AFFAIRS,Narendra Kumar Kashyap Shri,Ordinary Bill,,,,,Lapsed,https://sansad.in/getFile/BillsTexts/RSBillTexts/Asintroduced/IPC NK-E.pdf?source=legislation
1784,2160,XXIX,"The Constitution (Amendment) Bill, 2011 (insertion of new article 16A)",Rajya Sabha,2011-08-19,LABOUR  AND  EMPLOYMENT,Narendra Kumar Kashyap Shri,Constitutional Amendment Bill,,,,,Lapsed,https://sansad.in/getFile/BillsTexts/RSBillTexts/Asintroduced/Cons-16A.pdf?source=legislation
1785,2160,XXVIII,"The Special Financial Assistance to the State of Uttar Pradesh Bill, 2011",Rajya Sabha,2011-08-19,FINANCE,Narendra Kumar Kashyap Shri,Ordinary Bill,,,,,Lapsed,https://sansad.in/getFile/BillsTexts/RSBillTexts/Asintroduced/UP.pdf?source=legislation
1786,2160,LXXXI,"The Prevention of Begging Bill, 2010",Rajya Sabha,2011-02-25,SOCIAL JUSTICE AND EMPOWERMENT,Narendra Kumar Kashyap Shri,Ordinary Bill,,,,,Lapsed,https://sansad.in/getFile/BillsTexts/RSBillTexts/Asintroduced/beging.pdf?source=legislation
1787,2160,LXXXIII,"The Constitution (Amendment) Bill, 2010 (to amend article 16)",Rajya Sabha,2011-02-25,SOCIAL JUSTICE AND EMPOWERMENT,Narendra Kumar Kashyap Shri,Constitutional Amendment Bill,,,,,Lapsed,https://sansad.in/getFile/BillsTexts/RSBillTexts/Asintroduced/cons-16.pdf?source=legislation
1788,1773,XI,"The Prevention of Sexual Haresment of Women Employees at these work Places Bill,1998",Rajya Sabha,1998-10-07,LABOUR,Kamla Sinha Smt.,Ordinary Bill,,,,,Lapsed,
1789,1773,XII,"The Homebased Worker ( Protection) Bill,1998",Rajya Sabha,1998-10-07,LABOUR,Kamla Sinha Smt.,Ordinary Bill,,,,,Lapsed,
1790,1773,XIX,"The Homebased Workers (Protection) Bill, 1994",Rajya Sabha,1994-05-13,LABOUR,Kamla Sinha Smt.,Ordinary Bill,,,,,Lapsed,
1791,1773,XX,"The Prevention of Sexual Harassment of Women Employees at Their Work Places Bill, 1994",Rajya Sabha,1994-05-13,HOME AFFAIRS,Kamla Sinha Smt.,Ordinary Bill,,,,,Lapsed,
1792,1773,XLI,"The Home Bosed Workers ( Protection) Bill,1992",Rajya Sabha,1992-10-07,LABOUR,Kamla Sinha Smt.,Ordinary Bill,,,,,Lapsed,
1793,1773,LX,"The Prevention of Sexual Harasment of Women Employees at Their Work Places Bill, 1990",Rajya Sabha,1991-02-27,HOME AFFAIRS,Kamla Sinha Smt.,Ordinary Bill,,,,,Lapsed,
1794,1004,XLII,"The Control of Rising Prices Bill, 2008",Rajya Sabha,2008-12-19,AGRICULTURE,V. Hanumantha Rao Shri,Ordinary Bill,,,,,Lapsed,https://sansad.in/getFile/BillsTexts/RSBillTexts/Asintroduced/rising prices XLII of 08.pdf?source=legislation
1795,1004,XLIX,"The Eradication of Unemployment Bill, 2008",Rajya Sabha,2008-12-19,LABOUR  AND  EMPLOYMENT,V. Hanumantha Rao Shri,Ordinary Bill,,,,,Lapsed,https://sansad.in/getFile/BillsTexts/RSBillTexts/Asintroduced/erad of unemp XLIX of 08.pdf?source=legislation
1796,1004,XLV,"The Chilli Growers (Welfare) Bill, 2008",Rajya Sabha,2008-12-19,AGRICULTURE,V. Hanumantha Rao Shri,Ordinary Bill,,,,,Lapsed,https://sansad.in/getFile/BillsTexts/RSBillTexts/Asintroduced/chilli grower XLV of 08.pdf?source=legislation
1797,2546,LXXIII,"The Online Hate Speech (Prevention) Bill, 2024",Rajya Sabha,2025-02-07,HOME AFFAIRS,Vikramjit Singh Sahney Dr.,Financial Bill,,,,,Pending,https://sansad.in/getFile/BillsTexts/RSBillTexts/Asintroduced/48e214202551255PM.pdf?source=legislation
1798,188,XIX,"The Constitution (Amendment) Bill, 2005 (to amend article 276)",Rajya Sabha,2005-09-12,,K. B. Krishna Murthy Shri,Ordinary Bill,,,,,,
1799,188,LXVIII,"The Constitution (Amendment) Bill, 2003 (to amend article 198).",Rajya Sabha,2004-03-12,FINANCE,K. B. Krishna Murthy Shri,Ordinary Bill,,,,,Lapsed,
1800,188,XL,"The Constitution (Amendment) Bill, 2004 (omission of article 220)",Rajya Sabha,2004-03-12,LAW AND JUSTICE,K. B. Krishna Murthy Shri,Ordinary Bill,,,,,Lapsed,
1801,188,XLVI,"The Recovery of Debts Due to Banks and Financial Institutions (Second Amendment) Bill, 2003.",Rajya Sabha,2004-03-12,,K. B. Krishna Murthy Shri,Ordinary Bill,,,,,Lapsed,
1802,188,XLIII,"The Constitution (Amendment) bill, 2003 (to amend article 202).",Rajya Sabha,2003-07-25,,K. B. Krishna Murthy Shri,Ordinary Bill,,,,,,
1803,188,XLIV,"The Constitution (Amendment) Bill, 2003 (to amend article 371).",Rajya Sabha,2003-07-25,HOME AFFAIRS,K. B. Krishna Murthy Shri,Constitutional Amendment Bill,,,,,,
1804,188,V,"The Constitution ( Amendment) Bill, 2003. (to amend article 171.)",Rajya Sabha,2003-04-25,,K. B. Krishna Murthy Shri,Constitutional Amendment Bill,,,,,Lapsed,
1805,188,II,"The Recovery of Debts Due to Banks and Financial Institutions (Amendment) Bill, 2003.",Rajya Sabha,2003-02-21,,K. B. Krishna Murthy Shri,Ordinary Bill,,,,,Lapsed,
1806,188,III,"The Social Security for senior citizens Bill, 2003",Rajya Sabha,2003-02-21,SOCIAL JUSTICE AND EMPOWERMENT,K. B. Krishna Murthy Shri,Ordinary Bill,,,,,Lapsed,
1807,188,XXIX,"The Constitution (Amendment) Bill, 2002 (to amend article316)",Rajya Sabha,2002-07-19,"PERSONNEL,  PUBLIC  GRIEVANCES  AND  PENSIONS",K. B. Krishna Murthy Shri,Ordinary Bill,,,,,Lapsed,
1808,188,XXXI,"The Disaster Managment Bill, 2002",Rajya Sabha,2002-07-19,AGRICULTURE,K. B. Krishna Murthy Shri,Ordinary Bill,,,,,Lapsed,
1809,188,XXXIV,"The Women Victims of Atrocities( Rehabilitation) Bill,2002",Rajya Sabha,2002-07-19,HUMAN RESOURCE  DEVELOPMENT,K. B. Krishna Murthy Shri,Ordinary Bill,,,,,Lapsed,
1810,188,XI,"The Prevention of Abuse of Girl Child Bill, 2001",Rajya Sabha,2001-07-27,HUMAN RESOURCE  DEVELOPMENT,K. B. Krishna Murthy Shri,Ordinary Bill,,,,,Lapsed,https://sansad.in/getFile/BillsTexts/RSBillTexts/Asintroduced/XI_2001.pdf?source=legislation
1811,188,XII,"The Family Welfare and Control of Population Bill, 2001",Rajya Sabha,2001-07-27,,K. B. Krishna Murthy Shri,Ordinary Bill,,,,,Lapsed,https://sansad.in/getFile/BillsTexts/RSBillTexts/Asintroduced/XII_2001.pdf?source=legislation
1812,188,LXXVIII,"The High Court of Karnataka (Establishment of Permanent Bench at Dharwar) Bill, 2000",Rajya Sabha,2000-12-22,,K. B. Krishna Murthy Shri,Ordinary Bill,,,,,Lapsed,https://sansad.in/getFile/BillsTexts/RSBillTexts/Asintroduced/LXXVIII_2000.pdf?source=legislation
1813,188,LXXIII,"The Code of Criminal Proceduse ( Amendment) Bill, 2002",Rajya Sabha,,HOME AFFAIRS,K. B. Krishna Murthy Shri,Ordinary Bill,,,,,Passed,
1814,188,LXXIV,"The National Non-Conventional Energy Sources Promotion Board Bill, 2002",Rajya Sabha,,"PERSONNEL,  PUBLIC  GRIEVANCES  AND  PENSIONS",K. B. Krishna Murthy Shri,Ordinary Bill,,,,,,
1815,188,LXXV,"The National Commission for Monitering National Water Policy Bill, 2002",Rajya Sabha,,WATER RESOURCES,K. B. Krishna Murthy Shri,Ordinary Bill,,,,,,
1816,1776,I,"The Companies (Amendment) Bill, 1957",Rajya Sabha,1957-05-31,,Rajendra Pratap Sinha Shri,Ordinary Bill,,,,,Withdrawn,
1817,2163,XX,"The Constitution (Amendment) Bill, 2011 (amendment of article 324)",Rajya Sabha,2011-08-05,LAW AND JUSTICE,Mohan Singh Shri,Constitutional Amendment Bill,,,,,Lapsed,https://sansad.in/getFile/BillsTexts/RSBillTexts/Asintroduced/art 324.pdf?source=legislation
1818,2163,LXIX,"The Constitution (Amendment) Bill, 2010 (insertion of new article 51B)",Rajya Sabha,2011-02-25,LAW AND JUSTICE,Mohan Singh Shri,Constitutional Amendment Bill,,,,,Lapsed,https://sansad.in/getFile/BillsTexts/RSBillTexts/Asintroduced/cons-51B.pdf?source=legislation
1819,2163,LXV,"The Pre-Examination Coaching Centres Regulatory Authority Bill, 2010",Rajya Sabha,2011-02-25,HUMAN RESOURCE  DEVELOPMENT,Mohan Singh Shri,Ordinary Bill,,,,,Lapsed,https://sansad.in/getFile/BillsTexts/RSBillTexts/Asintroduced/pre.pdf?source=legislation
1820,2163,LXVIII,"The Bureau of Accountability Bill, 2010",Rajya Sabha,2011-02-25,"PERSONNEL,  PUBLIC  GRIEVANCES  AND  PENSIONS",Mohan Singh Shri,Ordinary Bill,,,,,Lapsed,https://sansad.in/getFile/BillsTexts/RSBillTexts/Asintroduced/buro.pdf?source=legislation
1821,2163,LI,"The Political Parties (Maintenance and Auditing of Accounts) Bill, 2010",Rajya Sabha,2010-08-27,LAW AND JUSTICE,Mohan Singh Shri,Ordinary Bill,,,,,Lapsed,https://sansad.in/getFile/BillsTexts/RSBillTexts/Asintroduced/pol part LI 10.pdf?source=legislation
1822,2163,LIII,"The Fruit and Vegetable Board Bill, 2010",Rajya Sabha,2010-08-27,"CONSUMER AFFAIRS, FOOD AND PUBLIC DISTRIBUTION",Mohan Singh Shri,Ordinary Bill,,,,,Lapsed,https://sansad.in/getFile/BillsTexts/RSBillTexts/Asintroduced/frut LIII 10.pdf?source=legislation
1823,2163,LVI,"The Prevention of Female Infanticide Bill, 2010",Rajya Sabha,2010-08-27,WOMEN AND CHILD DEVELOPMENT,Mohan Singh Shri,Ordinary Bill,,,,,Lapsed,https://sansad.in/getFile/BillsTexts/RSBillTexts/Asintroduced/infant LVI 10.pdf?source=legislation
1824,189,248,"The Change of Name of Aurangabad City of the State Of Maharashtra to Sambhaji Nagar Bill, 2018",Lok Sabha,2018-12-28,HOME AFFAIRS,Chandrakant Bhaurao Khaire Shri,Financial Bill,,,,,Lapsed,https://sansad.in/getFile/BillsTexts/LSBillTexts/Asintroduced/2523as.pdf?source=legislation
1825,189,250,"The Uniform Civil Code in India Bill, 2018",Lok Sabha,2018-12-28,HOME AFFAIRS,Chandrakant Bhaurao Khaire Shri,Financial Bill,,,,,Lapsed,https://sansad.in/getFile/BillsTexts/LSBillTexts/Asintroduced/2649as.pdf?source=legislation
1826,189,252,"The Cantonments (Amendment) Bill, 2018 (Insertion of new Chapter IVA)",Lok Sabha,2018-12-28,DEFENCE,Chandrakant Bhaurao Khaire Shri,Financial Bill,,,,,Lapsed,https://sansad.in/getFile/BillsTexts/LSBillTexts/Asintroduced/2639LS.pdf?source=legislation
1827,189,19,"Right  to Free and Compulsory  Education for Children  of  Famers Living  in Drought  Prone Areas Bill, 2018",Lok Sabha,2018-08-03,HUMAN RESOURCE  DEVELOPMENT,Chandrakant Bhaurao Khaire Shri,Financial Bill,,,,,Lapsed,https://sansad.in/getFile/BillsTexts/LSBillTexts/Asintroduced/3652LS As Int....pdf?source=legislation
1828,189,20,"Unlawful Activities (Prevention) Amendment  Bill, 2018 (Insertion of new sections 23A to 23C)",Lok Sabha,2018-08-03,HOME AFFAIRS,Chandrakant Bhaurao Khaire Shri,Financial Bill,,,,,Lapsed,https://sansad.in/getFile/BillsTexts/LSBillTexts/Asintroduced/3689LS As Int....pdf?source=legislation
1829,189,23,"Juvenile justice (Care and Protection of Children) Amendment Bill, 2018 (Insertion of  new section 15A)",Lok Sabha,2018-08-03,WOMEN AND CHILD DEVELOPMENT,Chandrakant Bhaurao Khaire Shri,Ordinary Bill,,,,,Lapsed,https://sansad.in/getFile/BillsTexts/LSBillTexts/Asintroduced/3710LS As Int....pdf?source=legislation
1830,189,132,"The Supreme Court of India (Establishment of a Permanent Bench at Aurangabad) Bill, 2015",Lok Sabha,2015-12-18,LAW AND JUSTICE,Chandrakant Bhaurao Khaire Shri,Financial Bill,,,,,Lapsed,https://sansad.in/getFile/BillsTexts/LSBillTexts/Asintroduced/378LS.pdf?source=legislation
1831,189,274,"The Constitution (Amendment) Bill, 2015  (Amendment of article 371)",Lok Sabha,2015-12-18,AGRICULTURE,Chandrakant Bhaurao Khaire Shri,Ordinary Bill,,,,,Lapsed,https://sansad.in/getFile/BillsTexts/LSBillTexts/Asintroduced/2882LS.pdf?source=legislation
1832,189,307,"The Food Safety and Standards  (Amendment) Bill, 2015 (Amendment of sections 3 and 65)",Lok Sabha,2015-12-18,HEALTH AND FAMILY WELFARE,Chandrakant Bhaurao Khaire Shri,Ordinary Bill,,,,,Lapsed,https://sansad.in/getFile/BillsTexts/LSBillTexts/Asintroduced/2942LS.pdf?source=legislation
1833,189,321,"The Payment of Minimum Wages (For Workers and Others) Bill, 2015",Lok Sabha,2015-12-18,LABOUR  AND  EMPLOYMENT,Chandrakant Bhaurao Khaire Shri,Financial Bill,,,,,Lapsed,https://sansad.in/getFile/BillsTexts/LSBillTexts/Asintroduced/3087LS.pdf?source=legislation
1834,189,123,"The Constitution (Amendment) Bill, 2015 (Amendment of article 25)",Lok Sabha,2015-05-08,HOME AFFAIRS,Chandrakant Bhaurao Khaire Shri,Ordinary Bill,,,,,Lapsed,https://sansad.in/getFile/BillsTexts/LSBillTexts/Asintroduced/382LS.pdf?source=legislation
1835,189,144,"The Technology Bank of India Bill, 2015",Lok Sabha,2015-05-08,SCIENCE AND TECHNOLOGY AND EARTH SCIENCES,Chandrakant Bhaurao Khaire Shri,Financial Bill,,,,,Lapsed,https://sansad.in/getFile/BillsTexts/LSBillTexts/Asintroduced/376LS.pdf?source=legislation
1836,189,143,"The States Reorganisation Commission Bill, 2014.",Lok Sabha,2014-12-12,HOME AFFAIRS,Chandrakant Bhaurao Khaire Shri,Financial Bill,,,,,Lapsed,https://sansad.in/getFile/BillsTexts/LSBillTexts/Asintroduced/2877LS.pdf?source=legislation
1837,189,164,"The Compulsory Voting Bill, 2014.",Lok Sabha,2014-12-12,LAW AND JUSTICE,Chandrakant Bhaurao Khaire Shri,Financial Bill,,,,,Lapsed,https://sansad.in/getFile/BillsTexts/LSBillTexts/Asintroduced/2866LS.pdf?source=legislation
1838,189,119,"The Cow (Protection) Bill, 2014.",Lok Sabha,2014-11-28,ENVIRONMENT AND FORESTS,Chandrakant Bhaurao Khaire Shri,Financial Bill,,,,,Lapsed,https://sansad.in/getFile/BillsTexts/LSBillTexts/Asintroduced/2518LS.pdf?source=legislation
1839,189,120,"The Provision of Compensation to Farmers  Affected by Natural Calamities Bill, 2014.",Lok Sabha,2014-11-28,AGRICULTURE,Chandrakant Bhaurao Khaire Shri,Financial Bill,,,,,Lapsed,https://sansad.in/getFile/BillsTexts/LSBillTexts/Asintroduced/2381LS.pdf?source=legislation
1840,189,116,"The Provision of Compensation to Farmers Affected by Natural Calamities Bill, 2012.",Lok Sabha,2012-12-07,AGRICULTURE,Chandrakant Bhaurao Khaire Shri,Financial Bill,,,,,Lapsed,https://sansad.in/getFile/BillsTexts/LSBillTexts/Asintroduced/3145LS.pdf?source=legislation
1841,189,117,"The Victims of Terrorism (Provision of Compensation and Welfare Measures) Bill, 2012.",Lok Sabha,2012-12-07,HOME AFFAIRS,Chandrakant Bhaurao Khaire Shri,Financial Bill,,,,,Lapsed,https://sansad.in/getFile/BillsTexts/LSBillTexts/Asintroduced/3132LS.pdf?source=legislation
1842,189,45,"The Cotton Growers Welfare Bill, 2012.",Lok Sabha,2012-12-07,TEXTILES,Chandrakant Bhaurao Khaire Shri,Financial Bill,,,,,Lapsed,https://sansad.in/getFile/BillsTexts/LSBillTexts/Asintroduced/84LS.pdf?source=legislation
1843,189,55,"The Compulsory Voting Bill, 2012.",Lok Sabha,2012-12-07,LAW AND JUSTICE,Chandrakant Bhaurao Khaire Shri,Financial Bill,,,,,Lapsed,https://sansad.in/getFile/BillsTexts/LSBillTexts/Asintroduced/82LS.pdf?source=legislation
1844,189,106,"The Cow (Protection) Bill, 2010.",Lok Sabha,2011-02-25,AGRICULTURE,Chandrakant Bhaurao Khaire Shri,Financial Bill,,,,,Lapsed,https://sansad.in/getFile/BillsTexts/LSBillTexts/Asintroduced/3967LS.pdf?source=legislation
1845,189,34,"The Promotion of Self-Employment Bill, 2006",Lok Sabha,2006-08-14,LABOUR  AND  EMPLOYMENT,Chandrakant Bhaurao Khaire Shri,Financial Bill,,,,,Negatived,https://sansad.in/getFile/BillsTexts/LSBillTexts/Asintroduced/6793LS.pdf?source=legislation
1846,189,35,"The Girl Child (Welfare) Bill, 2006",Lok Sabha,2006-08-14,INDUSTRIAL DEVELOPMENT,Chandrakant Bhaurao Khaire Shri,Financial Bill,,,,,Lapsed,https://sansad.in/getFile/BillsTexts/LSBillTexts/Asintroduced/6791LS.pdf?source=legislation
1847,189,36,"The National Commission for Exploitation of Natural Resources Bill, 2006",Lok Sabha,2006-08-14,PLANNING,Chandrakant Bhaurao Khaire Shri,Financial Bill,,,,,Lapsed,https://sansad.in/getFile/BillsTexts/LSBillTexts/Asintroduced/6795 LS.pdf?source=legislation
1848,189,37,"The Rights of Persons suffering from Acquired Immuno Deficiency Syndrome Bill, 2006",Lok Sabha,2006-08-14,HEALTH AND FAMILY WELFARE,Chandrakant Bhaurao Khaire Shri,Ordinary Bill,,,,,Lapsed,https://sansad.in/getFile/BillsTexts/LSBillTexts/Asintroduced/6790LS.pdf?source=legislation
1849,189,31,"The Compulsory Voting Bill, 2004",Lok Sabha,2005-07-29,,Chandrakant Bhaurao Khaire Shri,Financial Bill,,,,,Lapsed,
1850,189,78,"The Airlines Regulatory Authority Bill, 2005",Lok Sabha,2005-07-29,CIVIL AVIATION,Chandrakant Bhaurao Khaire Shri,Financial Bill,,,,,Lapsed,https://sansad.in/getFile/BillsTexts/LSBillTexts/Asintroduced/1335LS.pdf?source=legislation
1851,189,81,"The Constitution (Amendment) Bill, 2005 (Insertion of new article 16A)",Lok Sabha,2005-07-29,SOCIAL JUSTICE AND EMPOWERMENT,Chandrakant Bhaurao Khaire Shri,Constitutional Amendment Bill,,,,,Lapsed,https://sansad.in/getFile/BillsTexts/LSBillTexts/Asintroduced/1308LS.pdf?source=legislation
1852,189,83,"The Constitution (Amendment) Bill, 2005 (Amendment of article 371)",Lok Sabha,2005-07-29,HOME AFFAIRS,Chandrakant Bhaurao Khaire Shri,Constitutional Amendment Bill,,,,,Lapsed,https://sansad.in/getFile/BillsTexts/LSBillTexts/Asintroduced/1309LS.pdf?source=legislation
1853,189,3,"The Constitution (Amendment) Bill, 2003 (Substitution for article 263)",Lok Sabha,2003-02-05,HOME AFFAIRS,Chandrakant Bhaurao Khaire Shri,Financial Bill,,,,,Pending,https://sansad.in/getFile/BillsTexts/LSBillTexts/Asintroduced/7135LS.pdf?source=legislation
1854,189,4,"The Ban on Religious Conversion Bill, 2003",Lok Sabha,2003-02-05,HOME AFFAIRS,Chandrakant Bhaurao Khaire Shri,Ordinary Bill,,,,,Pending,https://sansad.in/getFile/BillsTexts/LSBillTexts/Asintroduced/7194LS.pdf?source=legislation
1855,189,11,"The Fruit and Vegetable Board Bill, 2001",Lok Sabha,2001-07-27,AGRICULTURE,Chandrakant Bhaurao Khaire Shri,Financial Bill,,,,,Pending,https://sansad.in/getFile/BillsTexts/LSBillTexts/Asintroduced/6367LS.pdf?source=legislation
1856,189,7,"The Senior Citizens (Welfare) Bill, 2001",Lok Sabha,2001-07-27,SOCIAL JUSTICE AND EMPOWERMENT,Chandrakant Bhaurao Khaire Shri,Financial Bill,,,,,Pending,https://sansad.in/getFile/BillsTexts/LSBillTexts/Asintroduced/6371LS.pdf?source=legislation
1857,189,134,"The Bachelors Allowance Bill, 2000",Lok Sabha,2000-08-25,HEALTH AND FAMILY WELFARE,Chandrakant Bhaurao Khaire Shri,Financial Bill,,,,,Lapsed,https://sansad.in/getFile/BillsTexts/LSBillTexts/Asintroduced/2230LS.pdf?source=legislation
1858,189,135,"The Citizens (Identity Card) Bill, 2000",Lok Sabha,2000-08-25,HOME AFFAIRS,Chandrakant Bhaurao Khaire Shri,Financial Bill,,,,,Lapsed,https://sansad.in/getFile/BillsTexts/LSBillTexts/Asintroduced/2231LS.pdf?source=legislation
1859,189,136,"The Compulsory Home-Guard Training Bill, 2000",Lok Sabha,2000-08-25,HOME AFFAIRS,Chandrakant Bhaurao Khaire Shri,Financial Bill,,,,,Lapsed,https://sansad.in/getFile/BillsTexts/LSBillTexts/Asintroduced/2232LS.pdf?source=legislation
1860,189,140,"The Compulsory Military Training for College Students Bill, 2000",Lok Sabha,2000-08-25,DEFENCE,Chandrakant Bhaurao Khaire Shri,Financial Bill,,,,,Lapsed,https://sansad.in/getFile/BillsTexts/LSBillTexts/Asintroduced/2340LS.pdf?source=legislation
1861,1402,XI,"The Industrial Disputes (Amendment) Bill, 1960.",Rajya Sabha,1960-02-09,LABOUR,Radhakishan Malaviya Shri,Ordinary Bill,,,,,Withdrawn,
1862,2166,XII,"The Constitution (Amendment) Bill, 2012 (amendment of article 39)",Rajya Sabha,2012-05-11,SOCIAL JUSTICE AND EMPOWERMENT,Tarun Vijay Shri,Constitutional Amendment Bill,,,,,Lapsed,https://sansad.in/getFile/BillsTexts/RSBillTexts/Asintroduced/39-E.pdf?source=legislation
1863,2166,XVII,"The Constitution (Amendment) Bill, 2012 (substitution of article 220 and insertion of new article 220A)",Rajya Sabha,2012-05-11,LAW AND JUSTICE,Tarun Vijay Shri,Constitutional Amendment Bill,,,,,Lapsed,https://sansad.in/getFile/BillsTexts/RSBillTexts/Asintroduced/220-E.pdf?source=legislation
1864,2166,VI,"The Constitution (Amendment) Bill, 2011 (to amend article 15)",Rajya Sabha,2011-08-05,HOME AFFAIRS,Tarun Vijay Shri,Constitutional Amendment Bill,,,,,Lapsed,https://sansad.in/getFile/BillsTexts/RSBillTexts/Asintroduced/art-15.pdf?source=legislation
1865,2166,VII,"The Constitution (Amendment) Bill, 2011 (amendment of Eighth Schedule)",Rajya Sabha,2011-08-05,HOME AFFAIRS,Tarun Vijay Shri,Constitutional Amendment Bill,,,,,Lapsed,https://sansad.in/getFile/BillsTexts/RSBillTexts/Asintroduced/eight schd.pdf?source=legislation
1866,2551,LXXI,"The Constitution (Amendment) Bill, 2022 (amendment of articles 84 and 173).",Rajya Sabha,2022-12-09,LAW AND JUSTICE,Jayant Chaudhary Shri,Ordinary Bill,,,,,Removed,https://sansad.in/getFile/BillsTexts/RSBillTexts/Asintroduced/27 E 258 Session1213202280815PM.pdf?source=legislation
1867,193,XXX,"The Representation of the People (Amendment) Bill, 2004.",Rajya Sabha,2005-03-24,,Fali S. Nariman Shri,Ordinary Bill,,,,,Lapsed,
1868,193,88,"The Buy Indian Bill, 2004",Lok Sabha,2004-12-17,COMMERCE AND INDUSTRY,Sunil Khan Shri,Ordinary Bill,,,,,Lapsed,https://sansad.in/getFile/BillsTexts/LSBillTexts/Asintroduced/2833LS.pdf?source=legislation
1869,193,XI,"The Constitution (Amendment) Bill, 2004 (to amend articles 217 and 224).",Rajya Sabha,2004-03-12,,Fali S. Nariman Shri,Ordinary Bill,,,,,Lapsed,
1870,193,XII,"The Judicial Statistics Bill, 2004.",Rajya Sabha,2004-03-12,,Fali S. Nariman Shri,Ordinary Bill,,,,,Lapsed,https://sansad.in/getFile/BillsTexts/RSBillTexts/Asintroduced/JSB_Fali110202330533PM.pdf?source=legislation
1871,193,XXXIX,"The Disruption of Proceedings of Parliaments (Disentitlement of Allowances to Members) Bill, 2004.",Rajya Sabha,2004-03-12,PARLIAMENTARY  AFFAIRS,Fali S. Nariman Shri,Ordinary Bill,,,,,Lapsed,
1872,193,41,"The Promotion of Indigenous Iron and Steel Industries Bill, 2002",Lok Sabha,2002-07-19,STEEL,Sunil Khan Shri,Ordinary Bill,,,,,Pending,https://sansad.in/getFile/BillsTexts/LSBillTexts/Asintroduced/642LS.pdf?source=legislation
1873,1403,XXV,"The Passports ( Amendment) Bill,1995",Rajya Sabha,1995-08-04,EXTERNAL AFFAIRS,Satya Prakash Malaviya Shri,Ordinary Bill,,,,,Lapsed,
1874,1403,XXVI,"The States Reorganisation Commission Bill,1995",Rajya Sabha,1995-08-04,HOME AFFAIRS,Satya Prakash Malaviya Shri,Ordinary Bill,,,,,Lapsed,
1875,1403,LXIX,"The Constitution ( Amendment) Bill,1994 (to amend article 174 )",Rajya Sabha,1995-05-05,PARLIAMENTARY  AFFAIRS,Satya Prakash Malaviya Shri,Ordinary Bill,,,,,Lapsed,
1876,1403,LXX,"The Constitution ( Amendment) Bill,1994 ( to amend article 102)",Rajya Sabha,1995-05-05,,Satya Prakash Malaviya Shri,Ordinary Bill,,,,,Lapsed,
1877,1403,LXXI,"The Representation of the People ( Amendment) Bill,1994",Rajya Sabha,1995-05-05,,Satya Prakash Malaviya Shri,Ordinary Bill,,,,,Lapsed,
1878,1403,XLIII,"The Constitution ( Amendment) Bill,1994 ( to amend the eight Scheduled)",Rajya Sabha,1994-08-26,HOME AFFAIRS,Satya Prakash Malaviya Shri,Ordinary Bill,,,,,Lapsed,
1879,1403,XLV,"The Constitution ( Amendment) Bill,1994 ( to amend article 324)",Rajya Sabha,1994-08-26,,Satya Prakash Malaviya Shri,Ordinary Bill,,,,,Lapsed,
1880,1403,LIV,"The Allahabad University Bill,1993",Rajya Sabha,1993-08-27,HUMAN RESOURCE  DEVELOPMENT,Satya Prakash Malaviya Shri,Ordinary Bill,,,,,Lapsed,
1881,1403,XLVIII,"The Reservation of Vacancies in Posts and Services for Scheduled Castes and Schedlued Tribes Bill,1993",Rajya Sabha,1993-08-27,,Satya Prakash Malaviya Shri,Ordinary Bill,,,,,Lapsed,
1882,1403,XLV,"The Constitution ( Amendment) Bill,1993 ( insertion of new article 30 A)",Rajya Sabha,1993-08-13,,Satya Prakash Malaviya Shri,Ordinary Bill,,,,,Lapsed,
1883,1403,XLVI,The Constitution ( Amendment ) Bill 1993 ( to amend  article 156),Rajya Sabha,1993-08-13,,Satya Prakash Malaviya Shri,Ordinary Bill,,,,,Lapsed,
1884,1403,XLVII,"The Constitution ( Amendment) Bill,1993 ( insertion of new article 16-A)",Rajya Sabha,1993-08-13,,Satya Prakash Malaviya Shri,Ordinary Bill,,,,,Lapsed,
1885,1403,XLII,"The Constitution ( Amendment) Bill,1993 ( to amend article 356)",Rajya Sabha,1993-07-30,HOME AFFAIRS,Satya Prakash Malaviya Shri,Ordinary Bill,,,,,Lapsed,
1886,1403,XLIII,"The Constitution ( Amendment) Bill,1993 ( to amend article 324)",Rajya Sabha,1993-07-30,,Satya Prakash Malaviya Shri,Ordinary Bill,,,,,Lapsed,
1887,1403,XLIX,"The Indian Penal Code ( Amendment) Bill,1993",Rajya Sabha,1993-07-30,HOME AFFAIRS,Satya Prakash Malaviya Shri,Ordinary Bill,,,,,Lapsed,
1888,1403,I,"The Constiotution (Amendment) Bill, 1992 (to amend the Eighth Schedule)",Rajya Sabha,1992-03-13,HOME AFFAIRS,Satya Prakash Malaviya Shri,Ordinary Bill,,,,,Lapsed,
1889,1403,L,"The Ancient Monuments and Archeological Sites and Remains (Amendment) Bill, 1991",Rajya Sabha,1991-09-13,HUMAN RESOURCE  DEVELOPMENT,Satya Prakash Malaviya Shri,Ordinary Bill,,,,,Lapsed,
1890,1403,XLVII,"The Financial Relief to Indigent Persons Bill, 1991",Rajya Sabha,1991-09-13,,Satya Prakash Malaviya Shri,Ordinary Bill,,,,,Lapsed,
1891,1403,XLVIII,"The Code of Criminal Procedure (Amendment) BIll, 1991",Rajya Sabha,1991-09-13,HOME AFFAIRS,Satya Prakash Malaviya Shri,Ordinary Bill,,,,,Lapsed,
1892,1403,XXVI,"The Constitution (Amendment) Bill, 1991 [to amend article 16]",Rajya Sabha,1991-08-30,,Satya Prakash Malaviya Shri,Ordinary Bill,,,,,Lapsed,
1893,1403,XXVII,"The Financial Relief to Blind Persons Bill, 1991",Rajya Sabha,1991-08-30,,Satya Prakash Malaviya Shri,Ordinary Bill,,,,,Lapsed,
1894,1403,XXVIII,"The Constitution (Amendment) Bill, 1991 [Insertion of new article 32A]",Rajya Sabha,1991-08-30,,Satya Prakash Malaviya Shri,Ordinary Bill,,,,,Lapsed,
1895,1403,XXIII,"The Constitution (Amendment) Bill, 1991 [Substitution of new article for article 121]",Rajya Sabha,1991-07-26,,Satya Prakash Malaviya Shri,Ordinary Bill,,,,,Lapsed,
1896,1403,XXIV,"The Constituton (Amendment) Bill, 1991 [to amend the Tenth Schedule]",Rajya Sabha,1991-07-26,,Satya Prakash Malaviya Shri,Ordinary Bill,,,,,Lapsed,
1897,1403,XXV,"The Electropathy System of Medicine (Recognition) Bill, 1991",Rajya Sabha,1991-07-26,,Satya Prakash Malaviya Shri,Ordinary Bill,,,,,Withdrawn,
1898,1403,XV,"The Constitution (Amendment) Bill, 1990 [Insertion of new article 156]",Rajya Sabha,1990-08-31,HOME AFFAIRS,Satya Prakash Malaviya Shri,Ordinary Bill,,,,,Lapsed,
1899,1403,XXXII,"The Constitution (Amendment) Bill, 1990 [to amend the Tenth Scheduled]",Rajya Sabha,1990-08-31,,Satya Prakash Malaviya Shri,Ordinary Bill,,,,,Lapsed,
1900,1403,XXXV,"The Constitution (Amendment) Bill, 1990 [to amend article 324]",Rajya Sabha,1990-08-31,,Satya Prakash Malaviya Shri,Ordinary Bill,,,,,Lapsed,
1901,1403,XIII,"The Reservation of Vacancies of Posts & Service ( For Seheduled Castes and Scheduled Tribes) Bill,1990",Rajya Sabha,1990-08-17,,Satya Prakash Malaviya Shri,Ordinary Bill,,,,,Lapsed,
1902,1403,XIV,"The Constitition ( Amendment) Bill, 1990 (to amend article 311",Rajya Sabha,1990-08-17,,Satya Prakash Malaviya Shri,Ordinary Bill,,,,,Lapsed,
1903,1403,XIX,"The Constitution (Amendment) Bill,1990 (Sub. of new article 121)",Rajya Sabha,1990-08-17,,Satya Prakash Malaviya Shri,Ordinary Bill,,,,,Lapsed,
1904,1403,XXV,"The Code of Criminal Procedure(Amendment) Bill,1989",Rajya Sabha,1990-03-23,,Satya Prakash Malaviya Shri,Ordinary Bill,,,,,Lapsed,
1905,1403,II,"The Constitution (Amendment) Bill, 1989 [to amend article 54]",Rajya Sabha,1989-10-03,,Satya Prakash Malaviya Shri,Ordinary Bill,,,,,Lapsed,
1906,1403,IV,"The Constitution (Amendment) Bill, 1989 [Insertion of new article 16A]",Rajya Sabha,1989-10-03,LABOUR,Satya Prakash Malaviya Shri,Ordinary Bill,,,,,Lapsed,
1907,1403,XXXIII,"The Provision Of Financial Relief to Widows Bill,1988",Rajya Sabha,1988-12-08,,Satya Prakash Malaviya Shri,Ordinary Bill,,,,,Lapsed,
1908,1403,XLIII,"Financial Relief to Persons Bill,1988",Rajya Sabha,1988-11-25,,Satya Prakash Malaviya Shri,Ordinary Bill,,,,,Lapsed,https://sansad.in/getFile/BillsTexts/RSBillTexts/Asintroduced/2 the Finaicial Releif 198811222023121604PM.pdf?source=legislation
1909,1403,XLIV,"Financial Relief to Indi Gentiperons Bill,1988",Rajya Sabha,1988-11-25,,Satya Prakash Malaviya Shri,Ordinary Bill,,,,,Passed,
1910,1403,XLV,"The Constitution ( Amendment) Bill,1988 ( to amend Art. 16)",Rajya Sabha,1988-11-25,LABOUR,Satya Prakash Malaviya Shri,Ordinary Bill,,,,,Lapsed,
1911,1403,XIX,"The Electoopathy System of Medicine ( Recognition) Bill,1988",Rajya Sabha,1988-04-29,HEALTH AND FAMILY WELFARE,Satya Prakash Malaviya Shri,Ordinary Bill,,,,,Lapsed,
1912,1403,XXVII,"The Constitution ( Amendment ) Bill, 1987 ( Insertion of new art 32A)",Rajya Sabha,1987-08-28,,Satya Prakash Malaviya Shri,Ordinary Bill,,,,,Lapsed,
1913,1403,XIV,"The Constitution ( Amendment) Bill,1987 (Insertion of new article 30A etc)",Rajya Sabha,1987-04-16,HUMAN RESOURCE  DEVELOPMENT,Satya Prakash Malaviya Shri,Ordinary Bill,,,,,Lapsed,
1914,1403,I,"The Constitution ( Amendment) Bill, 1987 ( to amend article 326)",Rajya Sabha,1987-02-27,,Satya Prakash Malaviya Shri,Ordinary Bill,,,,,Lapsed,
1915,1403,XIX,"The Constitution (Amendment) Bill, 1986( to amend article 324)",Rajya Sabha,1986-07-18,,Satya Prakash Malaviya Shri,Ordinary Bill,,,,,Lapsed,
1916,1403,XXXV,"The Constition (Amendment) Bill , 1986( to amend tenth Schedule)",Rajya Sabha,1986-07-11,,Satya Prakash Malaviya Shri,Ordinary Bill,,,,,Lapsed,
1917,1403,XVI,"The Constitution (Amendment) Bill, 1986 (Insertion of new article 159A)",Rajya Sabha,1986-04-25,,Satya Prakash Malaviya Shri,Ordinary Bill,,,,,Lapsed,
1918,1403,VI,"The Declaration and publication of Assets and Liabilites of Ministers and Members of Parliament Bill,1986",Rajya Sabha,1986-02-21,PARLIAMENTARY  AFFAIRS,Satya Prakash Malaviya Shri,Ordinary Bill,,,,,Withdrawn,
1919,1403,XXIII,"The Constitution ( Amendment) Bill,1985 (to amend article 311)",Rajya Sabha,1985-11-29,"PERSONNEL,  PUBLIC  GRIEVANCES  AND  PENSIONS",Satya Prakash Malaviya Shri,Ordinary Bill,,,,,Lapsed,
1920,1403,XIV,"The Constitution ( Amendment) Bill ,1985 (to amend article 324)",Rajya Sabha,1985-10-05,,Satya Prakash Malaviya Shri,Ordinary Bill,,,,,Withdrawn,
1921,1403,XIV,"The Reservation of vacancies in posts and services ( For Scheduled Castes and Scheduled Tribes ) Bill,1984",Rajya Sabha,1984-08-17,,Satya Prakash Malaviya Shri,Ordinary Bill,,,,,Lapsed,
1922,194,XXVI,"The Prevention of Trafficking and Abuse of Children Bill, 2009.",Rajya Sabha,2009-12-04,WOMEN AND CHILD DEVELOPMENT,Jayanthi Natarajan Smt.,Ordinary Bill,,,,,Lapsed,https://sansad.in/getFile/BillsTexts/RSBillTexts/Asintroduced/trafking XXVI 09.pdf?source=legislation
1923,194,XXVII,"The Infirm Destitute and Neglected Old Women and Widow (Protection and Welfare) Bill, 2009.",Rajya Sabha,2009-12-04,WOMEN AND CHILD DEVELOPMENT,Jayanthi Natarajan Smt.,Ordinary Bill,,,,,Lapsed,https://sansad.in/getFile/BillsTexts/RSBillTexts/Asintroduced/infirm XXVII 09.pdf?source=legislation
1924,194,XXVIII,"The Prevention of Sexual Harassment of Women Employees, Girl Students, Inmates of Women Protection Homes, Housewives and Girls Bill, 2009.",Rajya Sabha,2009-12-04,WOMEN AND CHILD DEVELOPMENT,Jayanthi Natarajan Smt.,Ordinary Bill,,,,,Lapsed,https://sansad.in/getFile/BillsTexts/RSBillTexts/Asintroduced/sexual XXVIII 09 E.pdf?source=legislation
1925,2554,40,"The Secularism and Communal Harmony (Preservation) Bill, 2020",Lok Sabha,2022-02-04,LAW AND JUSTICE,Sougata Ray Prof.,Ordinary Bill,,,,,Lapsed,https://sansad.in/getFile/BillsTexts/LSBillTexts/Asintroduced/40 of 2020 as introduced .pdf?source=legislation
1926,2554,113,"The Tea Garden Workers (Timely Payment of Dues) Bill, 2019",Lok Sabha,2019-11-22,LABOUR,Sougata Ray Prof.,Financial Bill,,,,,Lapsed,https://sansad.in/getFile/BillsTexts/LSBillTexts/Asintroduced/492LS As Int....pdf?source=legislation
1927,2554,224,"The Special Financial Assistance to the State of West Bengal Bill, 2019",Lok Sabha,2019-11-22,FINANCE,Sougata Ray Prof.,Financial Bill,,,,,Lapsed,https://sansad.in/getFile/BillsTexts/LSBillTexts/Asintroduced/2900LS AS INTRO.pdf?source=legislation
1928,2554,27,"The Representation of the People (Amendment) Bill, 2017 (Insertion of new section 8B)",Lok Sabha,2017-03-10,LAW AND JUSTICE,Saugata Roy Prof.,Ordinary Bill,,,,,Lapsed,https://sansad.in/getFile/BillsTexts/LSBillTexts/Asintroduced/4239.pdf?source=legislation
1929,2554,43,"The Constitution (Amendment) Bill, 2016  (Insertion of new article 21B)",Lok Sabha,2016-04-29,LABOUR,Saugata Roy Prof.,Financial Bill,,,,,Lapsed,https://sansad.in/getFile/BillsTexts/LSBillTexts/Asintroduced/4516LS AS INTRO.pdf?source=legislation
1930,2554,44,"The Tea Garden Workers (Timely Payment of Dues) Bill, 2016",Lok Sabha,2016-04-29,LABOUR,Saugata Roy Prof.,Ordinary Bill,,,,,Lapsed,https://sansad.in/getFile/BillsTexts/LSBillTexts/Asintroduced/4517LS.pdf?source=legislation
1931,2554,74,"The Indian Penal Code (Amendment) Bill, 2016  (Substitution of new section for section 124A)",Lok Sabha,2016-04-29,HOME AFFAIRS,Saugata Roy Prof.,Ordinary Bill,,,,,Lapsed,https://sansad.in/getFile/BillsTexts/LSBillTexts/Asintroduced/5320LS.pdf?source=legislation
1932,2554,102,"The Special Financial Assistance to the State of West Bengal Bill, 2014.",Lok Sabha,2014-11-28,FINANCE,Saugata Roy Prof.,Money Bill,,,,,Lapsed,https://sansad.in/getFile/BillsTexts/LSBillTexts/Asintroduced/2063LS.pdf?source=legislation
1933,2171,XXV,"The Medical Termination of Pregnancy (Amendment) Bill, 2017.",Rajya Sabha,2017-08-04,HEALTH AND FAMILY WELFARE,Kanwar Deep Singh Dr.,Ordinary Bill,,,,,Lapsed,https://sansad.in/getFile/BillsTexts/RSBillTexts/Asintroduced/MTP-4817-E.pdf?source=legislation
1934,2171,LX,"The All-India Institute of Medical Sciences (Amendment) Bill, 2016",Rajya Sabha,2017-03-24,HEALTH AND FAMILY WELFARE,Kanwar Deep Singh Dr.,Ordinary Bill,,,,,Lapsed,https://sansad.in/getFile/BillsTexts/RSBillTexts/Asintroduced/AIIMS-24317-E.pdf?source=legislation
1935,2171,L,"The Jute Growers and Workers (Welfare) Bill, 2014",Rajya Sabha,2014-12-12,TEXTILES,Kanwar Deep Singh Dr.,Ordinary Bill,,,,,Lapsed,https://sansad.in/getFile/BillsTexts/RSBillTexts/Asintroduced/jute- E.pdf?source=legislation
1936,2171,XLVII,"The Constitution (Amendment) Bill, 2014 (amendment of article 275)",Rajya Sabha,2014-12-12,FINANCE,Kanwar Deep Singh Dr.,Constitutional Amendment Bill,,,,,Lapsed,https://sansad.in/getFile/BillsTexts/RSBillTexts/Asintroduced/275- E.pdf?source=legislation
1937,2171,XVI,"The Compulsory Gender Sensitisation Curriculum in Educational Institutions Bill, 2014",Rajya Sabha,2014-12-12,HUMAN RESOURCE  DEVELOPMENT,Kanwar Deep Singh Dr.,Ordinary Bill,,,,,Lapsed,https://sansad.in/getFile/BillsTexts/RSBillTexts/Asintroduced/curri- E.pdf?source=legislation
1938,196,72,"The Gazetted Officers of the Central Government (Compulsory Military Training) Bill, 2015",Lok Sabha,2015-03-13,DEFENCE,Maj. Gen. (Retd) Bhuwan Chandra Khanduri AVSM,Financial Bill,,,,,Lapsed,https://sansad.in/getFile/BillsTexts/LSBillTexts/Asintroduced/4762LS.pdf?source=legislation
1939,196,16,"The Electronic Waste (Handling and Disposal) Bill, 2015.",Lok Sabha,2015-02-27,ENVIRONMENT AND FORESTS,Maj. Gen. (Retd) Bhuwan Chandra Khanduri AVSM,Financial Bill,,,,,Lapsed,https://sansad.in/getFile/BillsTexts/LSBillTexts/Asintroduced/4332LS.pdf?source=legislation
1940,196,8,"The Special Financial Assistance to the  State of Uttarakhand Bill, 2014.",Lok Sabha,2015-02-27,FINANCE,Maj. Gen. (Retd) Bhuwan Chandra Khanduri AVSM,Financial Bill,,,,,Lapsed,https://sansad.in/getFile/BillsTexts/LSBillTexts/Asintroduced/4324LS.pdf?source=legislation
1941,196,140,"The Constitution (Amendment) Bill, 2014  (Amendment of article 243C).",Lok Sabha,2014-12-12,PANCHAYATI   RAJ,Maj. Gen. (Retd) Bhuwan Chandra Khanduri AVSM,Ordinary Bill,,,,,Lapsed,https://sansad.in/getFile/BillsTexts/LSBillTexts/Asintroduced/3392LS.pdf?source=legislation
1942,196,174,"The Armed Forces Covenant Bill, 2014.",Lok Sabha,2014-12-12,DEFENCE,Maj. Gen. (Retd) Bhuwan Chandra Khanduri AVSM,Financial Bill,,,,,Lapsed,https://sansad.in/getFile/BillsTexts/LSBillTexts/Asintroduced/3393LS.pdf?source=legislation
1943,197,XXXIV,"The Constitution ( Amendment) Bill,2000 ( to amnd article 80 )",Rajya Sabha,2000-08-18,,Sanjay Nirupam Shri,Ordinary Bill,,,,,Lapsed,https://sansad.in/getFile/BillsTexts/RSBillTexts/Asintroduced/XXXIV_2000.pdf?source=legislation
1944,198,45,"The Constitution (Scheduled Castes) Order (Amendment) Bill, 2003 (Amendment of the Schedule)",Lok Sabha,2003-07-25,SOCIAL JUSTICE AND EMPOWERMENT,P.R. Khute Shri,Ordinary Bill,,,,,Pending,https://sansad.in/getFile/BillsTexts/LSBillTexts/Asintroduced/1937LS.pdf?source=legislation
1945,201,XXI,"The Citizens Affected by Cyclone, Super Cyclone or Tsunami in Coastal Areas (Compensation, Rehabilitation and Welfare) Bill, 2007",Rajya Sabha,2007-08-24,HOME AFFAIRS,B. J. Panda Shri,Ordinary Bill,,,,,Lapsed,
1946,201,LXVII,"The Persons Affected by Naxalite Terrorism (Relief and Rehabilitation) Bill, 2006",Rajya Sabha,2006-08-11,HOME AFFAIRS,B. J. Panda Shri,Ordinary Bill,,,,,Lapsed,https://sansad.in/getFile/BillsTexts/RSBillTexts/Asintroduced/LXVII_2006.pdf?source=legislation
1947,201,LXVIII,"The Promotion of Two Child Norm Bill, 2006",Rajya Sabha,2006-08-11,HEALTH AND FAMILY WELFARE,B. J. Panda Shri,Ordinary Bill,,,,,Lapsed,https://sansad.in/getFile/BillsTexts/RSBillTexts/Asintroduced/LXVIII_2006.pdf?source=legislation
1948,201,LXXI,"The Illegal Immigrants and Overstaying Foreign Nationals (Identification and Deportation) Bill, 2006.",Rajya Sabha,2006-08-11,HOME AFFAIRS,B. J. Panda Shri,Ordinary Bill,,,,,Lapsed,https://sansad.in/getFile/BillsTexts/RSBillTexts/Asintroduced/LXXI_2006.pdf?source=legislation
1949,201,XL,"The Underdeveloped and Backward Areas and Regions (Special Provision for Accelrated Development) Bill, 2006",Rajya Sabha,2006-05-12,PLANNING,B. J. Panda Shri,Ordinary Bill,,,,,Lapsed,https://sansad.in/getFile/BillsTexts/RSBillTexts/Asintroduced/XL_2006.pdf?source=legislation
1950,201,XLI,"The Prevention of Unsolicited Telephonoic Calls and Protection of Privacy Bill, 2006",Rajya Sabha,2006-05-12,INFORMATION AND BROADCASTING,B. J. Panda Shri,Ordinary Bill,,,,,Lapsed,https://sansad.in/getFile/BillsTexts/RSBillTexts/Asintroduced/XLI_2006.pdf?source=legislation
1951,201,XXXIX,"The Constitution (Amendment) Bill, 2006 (amendment of article 275)",Rajya Sabha,2006-05-12,LAW AND JUSTICE,B. J. Panda Shri,Constitutional Amendment Bill,,,,,Lapsed,https://sansad.in/getFile/BillsTexts/RSBillTexts/Asintroduced/XXXIX_2006.pdf?source=legislation
1952,201,XLIV,"The Underdeveloped and Backward Areas and Regions (Special Provision for Accelerated Development) Bill, 2005.",Rajya Sabha,2005-07-29,PLANNING,B. J. Panda Shri,Ordinary Bill,,,,,Lapsed,
1953,201,XLV,"The Constitution (Amendment) Bill, 2005 ( to amend article 275).",Rajya Sabha,2005-07-29,,B. J. Panda Shri,Ordinary Bill,,,,,Lapsed,
1954,201,XLVIII,"The Prevention of Unsolicited Telephone Calls and Protection of Privacy Bill, 2005.",Rajya Sabha,2005-07-29,,B. J. Panda Shri,Ordinary Bill,,,,,Lapsed,
1955,202,XVIII,"The Railway Protection Force ( Amendment) Bill, 1994",Rajya Sabha,1994-04-29,RAILWAYS,Chandra Kala Pandey Smt.,Ordinary Bill,,,,,Lapsed,
1956,203,XL,"The Compulsory Use of Hindi and Other Indian Languages on Consumer Goods and their Advertisements Bill, 2005.",Rajya Sabha,2005-12-08,,Kripal Parmar Shri,Ordinary Bill,,,,,Lapsed,
1957,203,XLI,"The Hilly, Drought Prone and Backward Areas (Development) Bill, 2005.",Rajya Sabha,2005-12-08,AGRICULTURE,Kripal Parmar Shri,Ordinary Bill,,,,,Lapsed,
1958,203,XXXVI,"The Constitution (Amendment) Bill, 2005 (insertion of new article 371EA).",Rajya Sabha,2005-12-08,HUMAN RESOURCE  DEVELOPMENT,Kripal Parmar Shri,Ordinary Bill,,,,,Lapsed,
1959,203,XCII,"The Constitution (Amendment) Bill, 2005 (insertion of new article 45A)",Rajya Sabha,2005-09-12,HUMAN RESOURCE  DEVELOPMENT,Kripal Parmar Shri,Ordinary Bill,,,,,Lapsed,
1960,203,XCIV,"The Eradication of Homelessness Among Citizens Bill, 2005",Rajya Sabha,2005-09-12,PLANNING,Kripal Parmar Shri,Ordinary Bill,,,,,Lapsed,
1961,203,XCV,"The Constitution (Amendment) Bill, 2005 (insertion of new article 21B)",Rajya Sabha,2005-09-12,PLANNING,Kripal Parmar Shri,Ordinary Bill,,,,,Lapsed,
1962,203,XLIII,"The Cosntitution (Amendment) Bill, 2004 (to amend articles 275).",Rajya Sabha,2004-03-12,,Kripal Parmar Shri,Ordinary Bill,,,,,Lapsed,
1963,203,XLIV,"The Constitution (Amendment) Bill, 2004 (to amend articles 58, 66, 84 and 173).",Rajya Sabha,2004-03-12,,Kripal Parmar Shri,Ordinary Bill,,,,,Lapsed,
1964,203,XLV,"The Ban on Contesting Elections by Certain Persons Bill, 2004.",Rajya Sabha,2004-03-12,LAW AND JUSTICE,Kripal Parmar Shri,Ordinary Bill,,,,,Lapsed,
1965,203,LXXII,"The Ex-servicemen (Compulsory Induction into Para-Military Forces After Retiring at on Early Age and Miscellaneous Provisions) Bill, 2003.",Rajya Sabha,2003-12-19,HOME AFFAIRS,Kripal Parmar Shri,Ordinary Bill,,,,,,
1966,203,LXI,"The Neglected and Destitute Widows (Welfare) Bill, 2003.",Rajya Sabha,2003-05-12,HUMAN RESOURCE  DEVELOPMENT,Kripal Parmar Shri,Ordinary Bill,,,,,,
1967,203,LXII,"The Constitution (Amendment) Bill, 2003 (insertion of new article 48AA)",Rajya Sabha,2003-05-12,AGRICULTURE,Kripal Parmar Shri,Ordinary Bill,,,,,,
1968,203,XXVII,"The Promotion of Tourism in Hilly Areas Bill, 2003.",Rajya Sabha,2003-04-25,TOURISM AND CULTURE,Kripal Parmar Shri,Ordinary Bill,,,,,,
1969,203,XXX,"The Fruit Growers of Hilly Areas (Incentives, Packaging and Marketing Facilities) Bill, 2003.",Rajya Sabha,2003-04-25,AGRICULTURE,Kripal Parmar Shri,Ordinary Bill,,,,,,
1970,204,I,"The Constitution ( Scheduled Castes) Order ( Amendment ) Bill, 1996",Rajya Sabha,1996-07-26,,Raju Parmar Shri,Ordinary Bill,,,,,Lapsed,
1971,204,VIII,"The Indian Fisheries ( Amendment) Bill,1996",Rajya Sabha,1996-07-26,AGRICULTURE,Raju Parmar Shri,Ordinary Bill,,,,,Lapsed,
1972,204,VII,"The Payment of Unemployment Alloeance Bill,1995",Rajya Sabha,1995-03-31,LABOUR,Raju Parmar Shri,Ordinary Bill,,,,,Lapsed,
1973,204,VIII,"The Youth Welfare Board Bill,1995",Rajya Sabha,1995-03-31,HUMAN RESOURCE  DEVELOPMENT,Raju Parmar Shri,Ordinary Bill,,,,,Lapsed,
1974,204,XXIX,"The Abolition of Child Labour in Hazardous Employment Bill, 1995",Rajya Sabha,1995-01-12,LABOUR,Raju Parmar Shri,Ordinary Bill,,,,,Lapsed,
1975,204,LIV,"The Exit Poll ( Prohiblition of Publication and Broad casting During Elections ) Bill, 2002",Rajya Sabha,,,Raju Parmar Shri,Ordinary Bill,,,,,,
1976,2178,LIII,"The Criminal Laws (Amendment) Bill, 2019",Rajya Sabha,2020-02-07,HOME AFFAIRS,Husain Dalwai Shri,Ordinary Bill,,,,,Lapsed,https://sansad.in/getFile/BillsTexts/RSBillTexts/Asintroduced/crim laws-E-7 2 20.pdf?source=legislation
1977,2178,LXX,"The Refugee and Asylum Bill, 2019",Rajya Sabha,2020-02-07,HOME AFFAIRS,Husain Dalwai Shri,Ordinary Bill,,,,,Lapsed,https://sansad.in/getFile/BillsTexts/RSBillTexts/Asintroduced/Regugee-E-7 2 20.pdf?source=legislation
1978,2178,IX,"The Criminal Laws (Amendment) Bill, 2018",Rajya Sabha,2018-07-20,HOME AFFAIRS,Husain Dalwai Shri,Ordinary Bill,,,,,Lapsed,https://sansad.in/getFile/BillsTexts/RSBillTexts/Asintroduced/criminal-E-20718.pdf?source=legislation
1979,2178,XVI,"The Prevention of Gender Pay Gap Bill, 2018",Rajya Sabha,2018-07-20,LABOUR  AND  EMPLOYMENT,Husain Dalwai Shri,Ordinary Bill,,,,,Lapsed,https://sansad.in/getFile/BillsTexts/RSBillTexts/Asintroduced/genderpay-E-20718.pdf?source=legislation
1980,2178,XLIII,"The Right of Children to Free and Compulsory Education (Amendment) Bill, 2017",Rajya Sabha,2017-12-29,HUMAN RESOURCE  DEVELOPMENT,Husain Dalwai Shri,Ordinary Bill,,,,,Lapsed,https://sansad.in/getFile/BillsTexts/RSBillTexts/Asintroduced/RTE-E-291217.pdf?source=legislation
1981,2178,XLVI,"The Constitution (Amendment) Bill, 2017(amendment of article 15)",Rajya Sabha,2017-12-29,SOCIAL JUSTICE AND EMPOWERMENT,Husain Dalwai Shri,Ordinary Bill,,,,,Lapsed,https://sansad.in/getFile/BillsTexts/RSBillTexts/Asintroduced/15-E-291217.pdf?source=legislation
1982,2178,XXII,"The Armed Forces Special Powers (Amendment) Bill, 2017",Rajya Sabha,2017-08-04,HOME AFFAIRS,Husain Dalwai Shri,Ordinary Bill,,,,,Lapsed,https://sansad.in/getFile/BillsTexts/RSBillTexts/Asintroduced/armd force-4817-E.pdf?source=legislation
1983,2178,XXIV,"The Indian Penal Code (Amendment) Bill, 2017",Rajya Sabha,2017-08-04,HOME AFFAIRS,Husain Dalwai Shri,Ordinary Bill,,,,,Lapsed,https://sansad.in/getFile/BillsTexts/RSBillTexts/Asintroduced/ipc-4817-E.pdf?source=legislation
1984,2178,LXVI,"The Code of Criminal Procedure (Amendment) Bill, 2016",Rajya Sabha,2017-03-10,HOME AFFAIRS,Husain Dalwai Shri,Ordinary Bill,,,,,Lapsed,https://sansad.in/getFile/BillsTexts/RSBillTexts/Asintroduced/code of 10317-E.pdf?source=legislation
1985,2178,LXVII,"The Indian Evidence (Amendment) Bill, 2016",Rajya Sabha,2017-03-10,LAW AND JUSTICE,Husain Dalwai Shri,Ordinary Bill,,,,,Lapsed,https://sansad.in/getFile/BillsTexts/RSBillTexts/Asintroduced/ind evid 10317-E.pdf?source=legislation
1986,2178,LXXI,"The Indian Penal Code (Amendment) Bill, 2016",Rajya Sabha,2017-03-10,HOME AFFAIRS,Husain Dalwai Shri,Ordinary Bill,,,,,Lapsed,https://sansad.in/getFile/BillsTexts/RSBillTexts/Asintroduced/IPC 10317-E.pdf?source=legislation
1987,2178,XL,"The Dissolution of Muslim Marriage Bill, 2016",Rajya Sabha,2016-08-05,LAW AND JUSTICE,Husain Dalwai Shri,Ordinary Bill,,,,,Lapsed,https://sansad.in/getFile/BillsTexts/RSBillTexts/Asintroduced/muslm mar-5816-E.pdf?source=legislation
1988,2178,XXVII,"The Medical Treatment of Terminally Ill Patients (Protection of Patients and Medical Practitioners) Bill, 2016",Rajya Sabha,2016-08-05,HEALTH AND FAMILY WELFARE,Husain Dalwai Shri,Ordinary Bill,,,,,Lapsed,https://sansad.in/getFile/BillsTexts/RSBillTexts/Asintroduced/medcal tret-5816-E.pdf?source=legislation
1989,2178,XXXIX,"The Constitution (Amendment) Bill, 2016 (insertion of new article 25A)",Rajya Sabha,2016-08-05,HOME AFFAIRS,Husain Dalwai Shri,Ordinary Bill,,,,,Lapsed,https://sansad.in/getFile/BillsTexts/RSBillTexts/Asintroduced/25A-5816-E.pdf?source=legislation
1990,2178,XIV,"The Indian Penal Code (Amendment) Bill, 2016 (omission of section 309)",Rajya Sabha,2016-03-11,HOME AFFAIRS,Husain Dalwai Shri,Ordinary Bill,,,,,Lapsed,https://sansad.in/getFile/BillsTexts/RSBillTexts/Asintroduced/IPC- 11 3 16-E.pdf?source=legislation
1991,2178,LIX,"The Code of Criminal Procedure (Amendment) Bill, 2015",Rajya Sabha,2016-02-26,HOME AFFAIRS,Husain Dalwai Shri,Ordinary Bill,,,,,Lapsed,https://sansad.in/getFile/BillsTexts/RSBillTexts/Asintroduced/ccp-E-238.pdf?source=legislation
1992,2178,XL,"The Road Safety and Protection of Vulnerable Road Users Bill, 2015",Rajya Sabha,2015-08-07,ROAD TRANSPORT AND HIGHWAYS,Husain Dalwai Shri,Ordinary Bill,,,,,Lapsed,https://sansad.in/getFile/BillsTexts/RSBillTexts/Asintroduced/Rod safy-E Dalwi.pdf?source=legislation
1993,2178,X,"The Constitution (Scheduled Castes) Order (Amendment) Bill, 2015",Rajya Sabha,2015-03-13,SOCIAL JUSTICE AND EMPOWERMENT,Husain Dalwai Shri,Ordinary Bill,,,,,Lapsed,https://sansad.in/getFile/BillsTexts/RSBillTexts/Asintroduced/Sc ordr-E.pdf?source=legislation
1994,2179,XLI,"The Constitution (Amendment) Bill, 2013 (insertion of new article 323C)",Rajya Sabha,2014-07-11,"PERSONNEL,  PUBLIC  GRIEVANCES  AND  PENSIONS",Dilipbhai Pandya Shri,Constitutional Amendment Bill,,,,,Lapsed,https://sansad.in/getFile/BillsTexts/RSBillTexts/Asintroduced/cons 323 -E.pdf?source=legislation
1995,2179,XLII,"The Central Bureau of Investigation Bill, 2013.",Rajya Sabha,2014-07-11,HOME AFFAIRS,Dilipbhai Pandya Shri,Ordinary Bill,,,,,Lapsed,https://sansad.in/getFile/BillsTexts/RSBillTexts/Asintroduced/cbi- E.pdf?source=legislation
1996,205,XLV,"The Girl Child and Adolescent Girls (Protection from Malnutrition, Anaemia, Diseases and Welfare) Bill, 2014",Rajya Sabha,2014-12-12,WOMEN AND CHILD DEVELOPMENT,Ahmed Patel Shri,Ordinary Bill,,,,,Lapsed,https://sansad.in/getFile/BillsTexts/RSBillTexts/Asintroduced/girl ch-E.pdf?source=legislation
1997,205,XLVIII,"The Farmers of Arid and Desert Areas (Welfare and Other Special Provisions) Bill, 2014",Rajya Sabha,2014-12-12,AGRICULTURE,Ahmed Patel Shri,Ordinary Bill,,,,,Lapsed,https://sansad.in/getFile/BillsTexts/RSBillTexts/Asintroduced/farmr arid-E.pdf?source=legislation
1998,205,XXXVI,"The Salt Workers (Protection and Welfare) Bill, 2014",Rajya Sabha,2014-12-12,LABOUR  AND  EMPLOYMENT,Ahmed Patel Shri,Ordinary Bill,,,,,Lapsed,https://sansad.in/getFile/BillsTexts/RSBillTexts/Asintroduced/salt- E.pdf?source=legislation
1999,205,LXXIV,"The Arid and Sandy Areas (Development) Bill, 1994",Rajya Sabha,1994-12-09,,Ahmed Patel Shri,Ordinary Bill,,,,,Lapsed,
2000,205,LXXII,"The Regpickers and other Vagabond Street Children ( Rehabilitation and Welfare ) Bill,1994",Rajya Sabha,1994-09-12,HUMAN RESOURCE  DEVELOPMENT,Ahmed Patel Shri,Ordinary Bill,,,,,Withdrawn,
2001,205,LXXV,"The Prohibition of Indecent Advertisements Bill,1994",Rajya Sabha,1994-09-12,HUMAN RESOURCE  DEVELOPMENT,Ahmed Patel Shri,Ordinary Bill,,,,,Lapsed,
2002,1793,XXXII,"The Council of States (Administration) Bill, 1997",Rajya Sabha,1997-07-25,PARLIAMENTARY  AFFAIRS,Som Pal Shri,Ordinary Bill,,,,,Lapsed,
2003,1793,XXXVII,"Tthe House of the People (Administration) Bill, 1997",Rajya Sabha,1997-07-25,PARLIAMENTARY  AFFAIRS,Som Pal Shri,Ordinary Bill,,,,,Lapsed,
2004,1417,I,"The Delhi Municipal Corporation (amendment) Bill, 1961",Rajya Sabha,1961-04-21,HOME AFFAIRS,Vishnu Vinayak Sarwate Shri,Ordinary Bill,,,,,Withdrawn,
2005,200,L,"The National Drinking Water Scheme Bill, 2003.",Rajya Sabha,2003-12-19,RURAL DEVELOPMENT,Suresh Pachouri Shri,Ordinary Bill,,,,,,
2006,200,LI,"The Victims of Natural Calamities (Rehabilitation and Financial Assistance) Bill, 2003.",Rajya Sabha,2003-12-19,HOME AFFAIRS,Suresh Pachouri Shri,Ordinary Bill,,,,,,
2007,200,LII,"The Prevention of Communalisation of Education, History, Heritage and Educational Institutions Bill, 2003.",Rajya Sabha,2003-12-19,HUMAN RESOURCE  DEVELOPMENT,Suresh Pachouri Shri,Ordinary Bill,,,,,Lapsed,
2008,200,XV,"The Rural Labour Welfare Fund Bill, 2003.",Rajya Sabha,2003-09-05,LABOUR,Suresh Pachouri Shri,Ordinary Bill,,,,,,
2009,200,XVI,"The Rural Electrification Bill, 2003.",Rajya Sabha,2003-09-05,POWER,Suresh Pachouri Shri,Ordinary Bill,,,,,,
2010,200,XVII,"The Free Medical and Engineering Education to Deserving Poor Students Bill, 2003.",Rajya Sabha,2003-09-05,HUMAN RESOURCE  DEVELOPMENT,Suresh Pachouri Shri,Ordinary Bill,,,,,,
2011,200,XLIII,"The Farmers (Removal Of Indebtedness) Bill, 2002",Rajya Sabha,2002-07-19,,Suresh Pachouri Shri,Ordinary Bill,,,,,Lapsed,
2012,200,XXII,"The High Court of Madhya Pradesh (Establishment of a Permanent Bench at Bhopal) Bill, 2002",Rajya Sabha,2002-05-17,,Suresh Pachouri Shri,Ordinary Bill,,,,,Lapsed,https://sansad.in/getFile/BillsTexts/RSBillTexts/Asintroduced/XXII_2002.pdf?source=legislation
2013,200,XXIII,"The Drought Prone Areas (Special Provisions) Bill, 2002",Rajya Sabha,2002-05-17,,Suresh Pachouri Shri,Ordinary Bill,,,,,Lapsed,https://sansad.in/getFile/BillsTexts/RSBillTexts/Asintroduced/XXIII_2002.pdf?source=legislation
2014,200,XXIV,"The Slums and Jhuggi-Jhopri Areas (Basic Amenities and Clearance) Bill, 2002",Rajya Sabha,2002-05-17,URBAN DEVELOPMENT AND POVERTY ALLEVIATION,Suresh Pachouri Shri,Ordinary Bill,,,,,Lapsed,https://sansad.in/getFile/BillsTexts/RSBillTexts/Asintroduced/XXIV_2002.pdf?source=legislation
2015,200,LXIX,"The Welfare of Handicapped and Mentally Retarded Children Bill, 2001",Rajya Sabha,2001-12-07,SOCIAL JUSTICE AND EMPOWERMENT,Suresh Pachouri Shri,Ordinary Bill,,,,,Lapsed,https://sansad.in/getFile/BillsTexts/RSBillTexts/Asintroduced/LXIX_2001.pdf?source=legislation
2016,200,LXVII,"The Children of Parents Living Below Poverty Line (Special Education Facilities) Bill, 2001",Rajya Sabha,2001-12-07,HUMAN RESOURCE  DEVELOPMENT,Suresh Pachouri Shri,Ordinary Bill,,,,,Lapsed,https://sansad.in/getFile/BillsTexts/RSBillTexts/Asintroduced/LXVII_2001.pdf?source=legislation
2017,200,XIII,"The Prevention of Hoarding and Profitering Bill, 2001",Rajya Sabha,2001-07-27,"CONSUMER AFFAIRS, FOOD AND PUBLIC DISTRIBUTION",Suresh Pachouri Shri,Ordinary Bill,,,,,Lapsed,https://sansad.in/getFile/BillsTexts/RSBillTexts/Asintroduced/XIII_2001.pdf?source=legislation
2018,200,XIV,"The Victims of Natural Calamities (Rehabilitation and Financial Assistance) Bill, 2001",Rajya Sabha,2001-07-27,AGRICULTURE,Suresh Pachouri Shri,Ordinary Bill,,,,,Lapsed,https://sansad.in/getFile/BillsTexts/RSBillTexts/Asintroduced/XIV_2001.pdf?source=legislation
2019,200,XV,"The Constitution (Amendment) Bill, 2001 (to amend articles 84 and 173)",Rajya Sabha,2001-07-27,,Suresh Pachouri Shri,Ordinary Bill,,,,,Lapsed,https://sansad.in/getFile/BillsTexts/RSBillTexts/Asintroduced/XV_2001.pdf?source=legislation
2020,200,LXVIII,"The Children of Parents Living Below Poverty Line (Special Education Facilities0 Bill, 2001",Rajya Sabha,2001-07-12,HUMAN RESOURCE  DEVELOPMENT,Suresh Pachouri Shri,Ordinary Bill,,,,,Lapsed,https://sansad.in/getFile/BillsTexts/RSBillTexts/Asintroduced/LXVIII_2001.pdf?source=legislation
2021,200,LVI,"The Universalisation of Girls Education Bill,2000",Rajya Sabha,2000-11-24,HUMAN RESOURCE  DEVELOPMENT,Suresh Pachouri Shri,Ordinary Bill,,,,,Lapsed,https://sansad.in/getFile/BillsTexts/RSBillTexts/Asintroduced/LVI_2000.pdf?source=legislation
2022,200,XLV,"The Constitution ( Amendment) Bill,2000 ( to amend article29 )",Rajya Sabha,2000-08-18,HOME AFFAIRS,Suresh Pachouri Shri,Ordinary Bill,,,,,Lapsed,https://sansad.in/getFile/BillsTexts/RSBillTexts/Asintroduced/XLV_2000.pdf?source=legislation
2023,200,XVII,"The Public Financial Institutions (Obligation to Ffidelity and Secrecy) Amendment Bill, 1999",Rajya Sabha,2000-07-28,,Suresh Pachouri Shri,Ordinary Bill,,,,,Lapsed,https://sansad.in/getFile/BillsTexts/RSBillTexts/Asintroduced/XVII_1999.pdf?source=legislation
2024,200,XXXII,"The Prevention of Communalisation of Education History Heritage and Education Institution Bill,2000",Rajya Sabha,2000-07-28,HUMAN RESOURCE  DEVELOPMENT,Suresh Pachouri Shri,Ordinary Bill,,,,,Lapsed,https://sansad.in/getFile/BillsTexts/RSBillTexts/Asintroduced/XXXII_2000.pdf?source=legislation
2025,200,XIX,"The Free Medical Engineering Education to the Descring Poor Students Bill, 1999",Rajya Sabha,2000-04-28,HUMAN RESOURCE  DEVELOPMENT,Suresh Pachouri Shri,Ordinary Bill,,,,,Lapsed,https://sansad.in/getFile/BillsTexts/RSBillTexts/Asintroduced/XIX_1999.pdf?source=legislation
2026,200,XVI,"The Prevention of Communalisation and Saffranisation of Bureaucracy Bill, 2000",Rajya Sabha,2000-04-28,HOME AFFAIRS,Suresh Pachouri Shri,Ordinary Bill,,,,,Lapsed,https://sansad.in/getFile/BillsTexts/RSBillTexts/Asintroduced/XVI_2000.pdf?source=legislation
2027,200,XVIII,"The Reservation of Posts in Services and Seats in Educational Institutions for PeopleBelonging to Economically Backward Areas Bill, 1999",Rajya Sabha,2000-04-28,"PERSONNEL,  PUBLIC  GRIEVANCES  AND  PENSIONS",Suresh Pachouri Shri,Ordinary Bill,,,,,Lapsed,https://sansad.in/getFile/BillsTexts/RSBillTexts/Asintroduced/XVIII_1999.pdf?source=legislation
2028,200,XLI,"The Constitution ( Amendment ) Bill,1998 (to amend art 348)",Rajya Sabha,1998-12-18,HOME AFFAIRS,Suresh Pachouri Shri,Ordinary Bill,,,,,Lapsed,
2029,200,XLII,"The Prevention of in snets to National Hanour ( Amendment) Bill,1998",Rajya Sabha,1998-12-18,HOME AFFAIRS,Suresh Pachouri Shri,Ordinary Bill,,,,,Lapsed,
2030,200,XLIII,"The Promotion and Protertion of Seenlarism Bill,1998",Rajya Sabha,1998-12-18,HOME AFFAIRS,Suresh Pachouri Shri,Ordinary Bill,,,,,Lapsed,
2031,200,LIX,"The Prevention of Hunting in National & Sanetuaries Bill,1997",Rajya Sabha,1998-12-06,ENVIRONMENT AND FORESTS,Suresh Pachouri Shri,Ordinary Bill,,,,,Lapsed,
2032,200,LVII,"The Formers ( Removal of Indeblness) Bill,1997",Rajya Sabha,1998-12-06,,Suresh Pachouri Shri,Ordinary Bill,,,,,Lapsed,
2033,200,LVIII,"The Rural Labaur Welfare Bill,1997",Rajya Sabha,1998-12-06,LABOUR,Suresh Pachouri Shri,Ordinary Bill,,,,,Lapsed,
2034,200,XXIX,"The Banking Companies (Audit of Accounts by the Comptroller and Auditor-General of India) Bill, 1997",Rajya Sabha,1997-07-25,,Suresh Pachouri Shri,Ordinary Bill,,,,,Lapsed,
2035,200,XXVIII,"The Prevention of Environment Pollution by Distilleries Bill, 1997",Rajya Sabha,1997-07-25,ENVIRONMENT AND FORESTS,Suresh Pachouri Shri,Ordinary Bill,,,,,Lapsed,
2036,200,XXX,"The State of Uttrakhand Bill, 1997",Rajya Sabha,1997-07-25,HOME AFFAIRS,Suresh Pachouri Shri,Ordinary Bill,,,,,Withdrawn,
2037,200,XXI,"The Compulsory Maintenance of National Higthways and Roads Bill, 1997",Rajya Sabha,1997-05-16,,Suresh Pachouri Shri,Ordinary Bill,,,,,Lapsed,
2038,200,XXII,"The Prohibition of Using Images of Gods and Goddeesses as Trade Marks Bill, 1997",Rajya Sabha,1997-05-16,COMMERCE AND INDUSTRY,Suresh Pachouri Shri,Ordinary Bill,,,,,Lapsed,
2039,200,XXIII,"The Compulsory Linking of Villages with Postal and Telegraphic Services Bill, 1997",Rajya Sabha,1997-05-16,,Suresh Pachouri Shri,Ordinary Bill,,,,,Lapsed,
2040,200,I,"The Compulsory Primary Selection Bill, 1996",Rajya Sabha,1997-03-21,HUMAN RESOURCE  DEVELOPMENT,Suresh Pachouri Shri,Ordinary Bill,,,,,Lapsed,
2041,200,III,"The Constitution (Amendment) Bill, 1997 [to amend articles 19 and 51A]",Rajya Sabha,1997-03-21,,Suresh Pachouri Shri,Ordinary Bill,,,,,Lapsed,
2042,200,XI,"The Cinametograph (Amendment) Bill, 1996",Rajya Sabha,1997-03-21,,Suresh Pachouri Shri,Ordinary Bill,,,,,Lapsed,
2043,200,XIII,"The Slums and Jhuggi Jhopri Areas (Basic Amenition and Ckearance) Bill, 1997",Rajya Sabha,1997-03-21,,Suresh Pachouri Shri,Ordinary Bill,,,,,Lapsed,
2044,200,LI,"The Hindu Marriage (Amendment) Bill, 1996",Rajya Sabha,1996-12-20,,Suresh Pachouri Shri,Ordinary Bill,,,,,Withdrawn,
2045,200,LIII,"The Public Interest Litigation (Regulation) Bill, 1996",Rajya Sabha,1996-12-20,,Suresh Pachouri Shri,Ordinary Bill,,,,,Withdrawn,
2046,200,XXXIX,"The Child Welfare Bill,1996",Rajya Sabha,1996-12-20,SOCIAL JUSTICE AND EMPOWERMENT,Suresh Pachouri Shri,Ordinary Bill,,,,,Lapsed,
2047,200,XXXVIII,"The Eradication of Unemployment Bill, 1996",Rajya Sabha,1996-12-20,LABOUR,Suresh Pachouri Shri,Ordinary Bill,,,,,Withdrawn,
2048,200,XXIV,"The Rural Electrifictaion Bill,1996",Rajya Sabha,1996-12-06,POWER,Suresh Pachouri Shri,Ordinary Bill,,,,,Lapsed,
2049,200,XXI,"The Lotteries (Banning ) Bill,1996",Rajya Sabha,1996-08-30,HOME AFFAIRS,Suresh Pachouri Shri,Ordinary Bill,,,,,Lapsed,
2050,200,XXIII,"The National Drinking Water Scheme Bill,1996",Rajya Sabha,1996-08-30,RURAL DEVELOPMENT,Suresh Pachouri Shri,Ordinary Bill,,,,,Lapsed,
2051,200,XIX,"The Prevention of Stipping and outrasing modesty of Women and girls at Public place bill,1996",Rajya Sabha,1996-07-26,HOME AFFAIRS,Suresh Pachouri Shri,Ordinary Bill,,,,,Lapsed,
2052,200,XVIII,"The Prohibition Bill,1996",Rajya Sabha,1996-07-26,,Suresh Pachouri Shri,Ordinary Bill,,,,,Lapsed,
2053,200,XLI,"The Abolition Beging Bill, 1996",Rajya Sabha,1996-06-12,SOCIAL JUSTICE AND EMPOWERMENT,Suresh Pachouri Shri,Ordinary Bill,,,,,Lapsed,
2054,200,XXXVII,"The High Court of Madhya Pradesh (Establishment of a Permanent Bench at Bhopal) Bill, 1996",Rajya Sabha,1996-06-12,HOME AFFAIRS,Suresh Pachouri Shri,Ordinary Bill,,,,,Lapsed,
2055,200,XLVII,"The Prohibition of Fradulent Conversion of Religion Bill,1995",Rajya Sabha,1995-08-17,,Suresh Pachouri Shri,Ordinary Bill,,,,,Lapsed,
2056,200,XLVIII,"The Free Medical and Engineering Education to Deserving Poor Students Bill,1995",Rajya Sabha,1995-08-17,HUMAN RESOURCE  DEVELOPMENT,Suresh Pachouri Shri,Ordinary Bill,,,,,Lapsed,
2057,200,XLIII,"The Spurious Electrical and other Consumer Goods ( Prohibition of Manfacture, Distribution and Sale )",Rajya Sabha,1995-08-04,,Suresh Pachouri Shri,Ordinary Bill,,,,,Lapsed,
2058,200,XLIV,"The  Drugs and Cosmetics ( Amendment) Bill,1995",Rajya Sabha,1995-08-04,HEALTH AND FAMILY WELFARE,Suresh Pachouri Shri,Ordinary Bill,,,,,Lapsed,
2059,200,XXXV,"The Maintenance of Uninterrupted Health Services Bill,1994",Rajya Sabha,1995-08-04,HEALTH AND FAMILY WELFARE,Suresh Pachouri Shri,Ordinary Bill,,,,,Lapsed,
2060,200,XIV,"The Domestic Servants (Compulsory Police Verification of Artecedents) Bill, 1995 Bill, 1995",Rajya Sabha,1995-06-02,HOME AFFAIRS,Suresh Pachouri Shri,Ordinary Bill,1995-08-26,1995-08-22,,,Withdrawn,
2061,200,XV,"The Blood Banks ( Regulation ) Bill,1995",Rajya Sabha,1995-06-02,HEALTH AND FAMILY WELFARE,Suresh Pachouri Shri,Ordinary Bill,,,,,Lapsed,
2062,200,XXXII,"The Common Citizens ( Basic Amenities) Bill,1995",Rajya Sabha,1995-06-02,RURAL DEVELOPMENT,Suresh Pachouri Shri,Ordinary Bill,,,,,Lapsed,
2063,200,XII,"The Malaria (Prevention and Eradication) Bill,1995",Rajya Sabha,1995-05-19,HEALTH AND FAMILY WELFARE,Suresh Pachouri Shri,Ordinary Bill,,,,,Lapsed,
2064,200,XIII,"The Cycling ( Promotion and Incentives) Bill,1995",Rajya Sabha,1995-05-19,,Suresh Pachouri Shri,Ordinary Bill,,,,,Lapsed,
2065,200,XVI,"The Students ( Free Travel in Public Transpoet) Bill,1995",Rajya Sabha,1995-05-19,,Suresh Pachouri Shri,Ordinary Bill,,,,,Lapsed,
2066,200,IV,"The Farmers Old Age Allowance Bill,1995",Rajya Sabha,1995-05-05,,Suresh Pachouri Shri,Ordinary Bill,,,,,Lapsed,
2067,200,V,"The Inter-State River Projects ( Rehabilitation of Oustees ) Bill1,995",Rajya Sabha,1995-05-05,WATER RESOURCES,Suresh Pachouri Shri,Ordinary Bill,,,,,Lapsed,
2068,200,LXXXI,"The Supreme Court ( Number of Judges) Amendment Bill,1994",Rajya Sabha,1995-03-31,,Suresh Pachouri Shri,Ordinary Bill,,,,,Lapsed,
2069,200,LXXXIII,"The Adivasis ( Free Bacess to Jungle products) Bill,1995",Rajya Sabha,1995-03-31,ENVIRONMENT AND FORESTS,Suresh Pachouri Shri,Ordinary Bill,,,,,Lapsed,
2070,200,LVIII,"The Insecticides (Amendment) Bill, 1994",Rajya Sabha,1994-09-12,AGRICULTURE,Suresh Pachouri Shri,Ordinary Bill,,,,,Lapsed,
2071,200,LXXIII,"The Constitution ( Amendment) Bill,1994 (insertion of new article 22 A)",Rajya Sabha,1994-09-12,,Suresh Pachouri Shri,Ordinary Bill,,,,,Lapsed,
2072,200,LVII,"The Child Slavery ( Abolition and Rehabilitation Bill,1994",Rajya Sabha,1994-08-26,LABOUR,Suresh Pachouri Shri,Ordinary Bill,,,,,Lapsed,
2073,200,XLIV,"The Pulses Bill,1994",Rajya Sabha,1994-08-26,AGRICULTURE,Suresh Pachouri Shri,Ordinary Bill,,,,,Lapsed,
2074,200,XLIX,"The Prohibition Bill,1994",Rajya Sabha,1994-08-26,,Suresh Pachouri Shri,Ordinary Bill,,,,,Lapsed,
2075,200,XXXI,"The Prevention of Declaring  Outcast and other Social Disaisilities Bill,1994",Rajya Sabha,1994-08-26,,Suresh Pachouri Shri,Ordinary Bill,,,,,Lapsed,
2076,200,XXXIV,"The Slums and Jhuggi Jhopri Areas ( Basic Amenities and dearance ) Bill, 1994",Rajya Sabha,1994-08-26,,Suresh Pachouri Shri,Ordinary Bill,,,,,Lapsed,
2077,200,XVI,"The Reservation of Agro -based Industries for the Co-operatives of Unemployed Youth Bill,1994",Rajya Sabha,1994-05-13,AGRICULTURE,Suresh Pachouri Shri,Ordinary Bill,,,,,Lapsed,
2078,200,XVII,"The Banking Companies ( Audit of Accounts by the Comptroller and Auditor General of india) ,1994",Rajya Sabha,1994-05-13,,Suresh Pachouri Shri,Ordinary Bill,,,,,Lapsed,
2079,200,XXX,"The Hindu Marriage (Amendment) Bill, 1994",Rajya Sabha,1994-05-13,,Suresh Pachouri Shri,Ordinary Bill,,,,,Lapsed,
2080,200,IX,"The Harmful Soaps, Detergent Cakes and Powders ( Prohibition of Production Sale and Distribution ) Bill,1994",Rajya Sabha,1994-03-04,HEALTH AND FAMILY WELFARE,Suresh Pachouri Shri,Ordinary Bill,,,,,Lapsed,https://sansad.in/getFile/BillsTexts/RSBillTexts/Asintroduced/Harmful soaps1111202433926PM.pdf?source=legislation
2081,200,VI,"The Prevention of Environment Pollution by Distilleries Bill,1994",Rajya Sabha,1994-03-04,ENVIRONMENT AND FORESTS,Suresh Pachouri Shri,Ordinary Bill,,,,,Lapsed,
2082,200,VIII,"The Cpmpulsory Maintenance of National Highways and Roads Bill, 1994",Rajya Sabha,1994-03-04,,Suresh Pachouri Shri,Ordinary Bill,,,,,Lapsed,
2083,200,LXVII,"The Prevention of Stripping and Outraging Modesty of Wemen and Girls at Public Places Bill,1993",Rajya Sabha,1993-08-27,HUMAN RESOURCE  DEVELOPMENT,Suresh Pachouri Shri,Ordinary Bill,,,,,Lapsed,
2084,200,LXX,"The Compulsory Liking of Villages with Postal and Telegraphic Services Bill,1993",Rajya Sabha,1993-08-27,,Suresh Pachouri Shri,Ordinary Bill,,,,,Lapsed,
2085,200,LXXI,"The Drought Prove Areas ( Special Provisions ) Bill,1993",Rajya Sabha,1993-08-27,PLANNING,Suresh Pachouri Shri,Ordinary Bill,,,,,Lapsed,
2086,200,LII,"The Rural Electritication Bill,1993",Rajya Sabha,1993-08-13,,Suresh Pachouri Shri,Ordinary Bill,,,,,Lapsed,
2087,200,LIX,"The National Drinking Water Scheme Bill,1993",Rajya Sabha,1993-08-13,RURAL DEVELOPMENT,Suresh Pachouri Shri,Ordinary Bill,,,,,Lapsed,
2088,200,LXV,"The Motor Vehicles ( Amendment) Bill,1993",Rajya Sabha,1993-08-13,,Suresh Pachouri Shri,Ordinary Bill,,,,,Lapsed,
2089,200,XLIV,"The Prevention of Couelty to Animals Bill, 1993",Rajya Sabha,1993-07-30,ENVIRONMENT AND FORESTS,Suresh Pachouri Shri,Ordinary Bill,,,,,Lapsed,
2090,200,XXXIX,"The Prevention of Hunting in National Parks and Sanctiuaries Bill,1993",Rajya Sabha,1993-07-30,ENVIRONMENT AND FORESTS,Suresh Pachouri Shri,Ordinary Bill,,,,,Lapsed,
2091,200,XX,"The Compulsory Primary  Education bill,1993",Rajya Sabha,1993-04-30,HUMAN RESOURCE  DEVELOPMENT,Suresh Pachouri Shri,Ordinary Bill,,,,,Lapsed,
2092,200,XXII,"The Prevention of Insults to National Honour ( Amendment) Bill,1993",Rajya Sabha,1993-04-30,HOME AFFAIRS,Suresh Pachouri Shri,Ordinary Bill,,,,,Lapsed,
2093,200,XXIII,"The Constitution(Amendment) Bill , 1993 (to amend article 348)",Rajya Sabha,1993-04-30,HOME AFFAIRS,Suresh Pachouri Shri,Ordinary Bill,,,,,Lapsed,
2094,200,III,"The Renoved of Restriction on the Movement of Foodgraino Bill,1993",Rajya Sabha,1993-03-12,AGRICULTURE,Suresh Pachouri Shri,Ordinary Bill,,,,,Lapsed,
2095,200,IX,"The Promotion and Protction of Secularism Bill,1993",Rajya Sabha,1993-03-12,HOME AFFAIRS,Suresh Pachouri Shri,Ordinary Bill,,,,,Lapsed,
2096,200,XI,"The Prohibition of Smoking and littering in Public places Bill,1993",Rajya Sabha,1993-03-12,HEALTH AND FAMILY WELFARE,Suresh Pachouri Shri,Ordinary Bill,,,,,Lapsed,
2097,200,LXVI,"The Indian Penal Code ( Amendment) Bill,1992",Rajya Sabha,1993-02-26,HOME AFFAIRS,Suresh Pachouri Shri,Ordinary Bill,,,,,Lapsed,
2098,200,LXVII,"The Tobacco and Tobacco Products ( Prohibition of Advertisement and Miscellaneous Provisions) Bil,1992",Rajya Sabha,1993-02-26,HEALTH AND FAMILY WELFARE,Suresh Pachouri Shri,Ordinary Bill,,,,,Lapsed,
2099,200,LXX,"The Medical and Engineering Collages ( Resulation of Admission and opening of new Institutions) Bill,1992",Rajya Sabha,1993-02-26,HUMAN RESOURCE  DEVELOPMENT,Suresh Pachouri Shri,Ordinary Bill,,,,,Lapsed,
2100,200,LI,"The Constitution ( Amendment) Bill,1992 ( to amend the seventh schedule)",Rajya Sabha,1992-11-27,HUMAN RESOURCE  DEVELOPMENT,Suresh Pachouri Shri,Ordinary Bill,,,,,Lapsed,
2101,200,XLIX,"The IReservation of Posts in Services and Seats in Educational Institution for People Belonging to Economically Backward Areas Bill, 1992",Rajya Sabha,1992-11-27,PLANNING,Suresh Pachouri Shri,Ordinary Bill,,,,,Lapsed,
2102,200,XLVI,"The Consumer Protection( Amendment) Bill,1992",Rajya Sabha,1992-11-27,CIVIL AVIATION,Suresh Pachouri Shri,Ordinary Bill,,,,,Lapsed,
2103,200,XXXI,"The Constitution ( Amendment) Bill,1992 ( to amend article 214)",Rajya Sabha,1992-10-07,,Suresh Pachouri Shri,Ordinary Bill,,,,,Lapsed,
2104,200,XXXIV,"The Youth ( Devlopment and Welfare) Bill,1992",Rajya Sabha,1992-10-07,HUMAN RESOURCE  DEVELOPMENT,Suresh Pachouri Shri,Ordinary Bill,,,,,Lapsed,
2105,200,LV,"The Public Financial Institutions (Obligation as to Fidelity and Secrecy ) Amendment Bill,1992",Rajya Sabha,1992-08-07,,Suresh Pachouri Shri,Ordinary Bill,,,,,Lapsed,
2106,200,XLIII,"the Lotteries (Banning) Bill, 1992",Rajya Sabha,1992-08-07,,Suresh Pachouri Shri,Ordinary Bill,,,,,Lapsed,
2107,200,XLV,"The Citizens Multipurpose Identity Cards Bill,1992",Rajya Sabha,1992-08-07,HOME AFFAIRS,Suresh Pachouri Shri,Ordinary Bill,,,,,Lapsed,
2108,200,XXXII,"The Complulsory Regisration of Marriages Bill,1992",Rajya Sabha,1992-07-10,,Suresh Pachouri Shri,Ordinary Bill,,,,,Lapsed,
2109,200,XXI,"The Widows and Destitute Women (Financial Assistance and Welare) Bill,1992",Rajya Sabha,1992-03-31,,Suresh Pachouri Shri,Ordinary Bill,,,,,Lapsed,
2110,200,XXIII,"The Children of Parents Living below Poverty Line (Special Educational Facilities) Bill, 1992",Rajya Sabha,1992-03-31,HUMAN RESOURCE  DEVELOPMENT,Suresh Pachouri Shri,Ordinary Bill,,,,,Lapsed,
2111,200,XXIV,"The Freedom of Information Bill, 1992",Rajya Sabha,1992-03-31,HOME AFFAIRS,Suresh Pachouri Shri,Ordinary Bill,,,,,Lapsed,
2112,200,XI,"The Representation of the People (Amendment) Bill, 1992",Rajya Sabha,1992-03-13,,Suresh Pachouri Shri,Ordinary Bill,,,,,Lapsed,
2113,200,XII,"The Employment Exchanges (Compulsory Notification of Vacancies) Amendment Bill, 1992",Rajya Sabha,1992-03-13,LABOUR,Suresh Pachouri Shri,Ordinary Bill,,,,,Lapsed,
2114,200,XIX,"The Constitution (Amendment) Bill, 1992 (Insertion of new article 16A)",Rajya Sabha,1992-03-13,,Suresh Pachouri Shri,Ordinary Bill,,,,,Lapsed,
2115,200,IX,"The Constitution (Amendment) Bill, 1992 (to amend article 16)",Rajya Sabha,1992-02-28,"PERSONNEL,  PUBLIC  GRIEVANCES  AND  PENSIONS",Suresh Pachouri Shri,Ordinary Bill,,,,,Lapsed,
2116,200,X,"The Tourism Promotion Bill, 1992",Rajya Sabha,1992-02-28,CIVIL AVIATION,Suresh Pachouri Shri,Ordinary Bill,,,,,Lapsed,
2117,200,LXXX,"The Constitution (Amendment) Bill, 1991 [Insertion of new article 30 A]",Rajya Sabha,1991-12-20,HUMAN RESOURCE  DEVELOPMENT,Suresh Pachouri Shri,Ordinary Bill,,,,,Lapsed,
2118,200,LXXXI,"The Probibition of Teasing and Molestation of Girts and Women Bill, 1991",Rajya Sabha,1991-12-20,HOME AFFAIRS,Suresh Pachouri Shri,Ordinary Bill,,,,,Lapsed,
2119,200,LXXXII,"The Constitution (Amendment) Bill, 1991 [to amend articles 84 and 173]",Rajya Sabha,1991-12-20,,Suresh Pachouri Shri,Ordinary Bill,,,,,Lapsed,
2120,200,IV,"The Child Welfare Bill, 1991",Rajya Sabha,1991-12-07,,Suresh Pachouri Shri,Ordinary Bill,,,,,Lapsed,
2121,200,V,"The Constitution (Amendment) Bill, 1991 [to amend articles 124, 217 and 222 etc.]",Rajya Sabha,1991-12-07,,Suresh Pachouri Shri,Ordinary Bill,,,,,Lapsed,
2122,200,LIII,"The Abolition of Public and Private Schools Bill, 1991",Rajya Sabha,1991-11-22,HUMAN RESOURCE  DEVELOPMENT,Suresh Pachouri Shri,Ordinary Bill,,,,,Lapsed,
2123,200,LVI,"The High Court of Bombay (Establishment of a Permanent Bench at Pune) Bill, 1991",Rajya Sabha,1991-11-22,,Suresh Pachouri Shri,Ordinary Bill,,,,,Lapsed,
2124,200,LVII,"The Forest Conservation (Amendment) Bill, 1991",Rajya Sabha,1991-11-22,ENVIRONMENT AND FORESTS,Suresh Pachouri Shri,Ordinary Bill,,,,,Lapsed,
2125,200,LXIII,"The Constitution (Amendment) Bill, 1991 [Insertion of new article 371-J]",Rajya Sabha,1991-11-22,HOME AFFAIRS,Suresh Pachouri Shri,Ordinary Bill,,,,,Lapsed,
2126,200,XLIV,"The Small Family ( Incentive and Motivation) Bill, 1991",Rajya Sabha,1991-09-13,HEALTH AND FAMILY WELFARE,Suresh Pachouri Shri,Ordinary Bill,,,,,Withdrawn,
2127,200,XXXIX,"The Rural Labour Welfare Fund Bill, 1991",Rajya Sabha,1991-09-13,LABOUR,Suresh Pachouri Shri,Ordinary Bill,,,,,Lapsed,
2128,200,XXXV,"The Eradication of Unemployment Bill, 1991",Rajya Sabha,1991-09-13,LABOUR,Suresh Pachouri Shri,Ordinary Bill,,,,,Lapsed,
2129,200,XL,"The Environment (Protection) Amendment Bill, 1991",Rajya Sabha,1991-08-30,ENVIRONMENT AND FORESTS,Suresh Pachouri Shri,Ordinary Bill,,,,,Lapsed,
2130,200,XXXVII,"The Bhopal Gas Leak Disaster Victims (Rehabilitation, Welfare and Medical Care) Bill, 1991",Rajya Sabha,1991-08-30,CHEMICALS AND FERTILIZERS,Suresh Pachouri Shri,Ordinary Bill,,,,,Lapsed,
2131,200,XXXVIII,"The Rozi, Toti, Kapda aur Makan (Citizen Welfare) Bill, 1991",Rajya Sabha,1991-08-30,,Suresh Pachouri Shri,Ordinary Bill,,,,,Withdrawn,
2132,200,XVII,"The Durgah Khawaja Saheb (Amendment) Bill, 1991",Rajya Sabha,1991-07-12,WELFARE,Suresh Pachouri Shri,Ordinary Bill,,,,,Lapsed,https://sansad.in/getFile/BillsTexts/RSBillTexts/Asintroduced/New Document(30) (1)115202412312PM.pdf?source=legislation
2133,200,LXI,"The Farmers (Removal of Indebtness) Bill, 1991",Rajya Sabha,1991-06-12,,Suresh Pachouri Shri,Ordinary Bill,,,,,Lapsed,
2134,200,LXIV,"The Prevention of Hoarding and Profiteering Bill, 1991",Rajya Sabha,1991-06-12,CIVIL AVIATION,Suresh Pachouri Shri,Ordinary Bill,,,,,Lapsed,
2135,200,LXIX,"The Victims of Natural Calamities (Rehabilitation and Financial Assistance) Bill, 1991",Rajya Sabha,1991-06-12,AGRICULTURE,Suresh Pachouri Shri,Ordinary Bill,,,,,Lapsed,
2136,200,VIII,"The Welfare of Handicapped and Mentally Retarded Children Bill,1990",Rajya Sabha,1990-08-17,,Suresh Pachouri Shri,Ordinary Bill,,,,,Lapsed,https://sansad.in/getFile/BillsTexts/RSBillTexts/Asintroduced/5ThewelafeofHandicapped19901122202333223PM.pdf?source=legislation
2137,200,XII,"The Financial Relief to Old Persons and Widows Bill,1990",Rajya Sabha,1990-08-17,,Suresh Pachouri Shri,Ordinary Bill,,,,,Withdrawn,
2138,200,VII,"The Abolition of Begging Bill,1990",Rajya Sabha,1990-04-05,SOCIAL JUSTICE AND EMPOWERMENT,Suresh Pachouri Shri,Ordinary Bill,,,,,Lapsed,
2139,200,X,"The Ceiling on Wages Bill,1990",Rajya Sabha,1990-04-05,LABOUR,Suresh Pachouri Shri,Ordinary Bill,,,,,Lapsed,
2140,200,VII,"The Financial Relief to Old Persons and Widows Bill, 1989",Rajya Sabha,1989-10-03,,Suresh Pachouri Shri,Ordinary Bill,,,,,Lapsed,
2141,200,VIII,"The Welfare of Handicapped and Mentally Retarded Children Bill, 1989",Rajya Sabha,1989-10-03,,Suresh Pachouri Shri,Ordinary Bill,,,,,Lapsed,https://sansad.in/getFile/BillsTexts/RSBillTexts/Asintroduced/3  Handicapped 19891122202324824PM.pdf?source=legislation
2142,200,XXXV,"The Abolition of Begging, Bill1,1988",Rajya Sabha,1988-12-08,SOCIAL JUSTICE AND EMPOWERMENT,Suresh Pachouri Shri,Ordinary Bill,,,,,Lapsed,
2143,200,XXXVII,"The Curtailment of Expenditure on Marriags Bill,1988",Rajya Sabha,1988-12-08,,Suresh Pachouri Shri,Ordinary Bill,,,,,Lapsed,
2144,200,XXXXI,"The Ceiling on Wages Bill,1988",Rajya Sabha,1988-12-08,,Suresh Pachouri Shri,Ordinary Bill,,,,,Lapsed,
2145,200,XLIX,"The Sports Board Bill, 1988",Rajya Sabha,1988-11-25,HUMAN RESOURCE  DEVELOPMENT,Suresh Pachouri Shri,Ordinary Bill,,,,,Lapsed,
2146,200,XLVII,"The Essential Commodities Procurement and Distribution Authority Bill, 1988",Rajya Sabha,1988-11-25,,Suresh Pachouri Shri,Ordinary Bill,,,,,Lapsed,
2147,200,XLVIII,"The Child Welfare Boards Bill, 1988",Rajya Sabha,1988-11-25,HUMAN RESOURCE  DEVELOPMENT,Suresh Pachouri Shri,Ordinary Bill,,,,,Withdrawn,
2148,200,LVII,"The Environment Protection ( Amendment) Bill,2000",Rajya Sabha,,ENVIRONMENT AND FORESTS,Suresh Pachouri Shri,Ordinary Bill,,,,,Lapsed,https://sansad.in/getFile/BillsTexts/RSBillTexts/Asintroduced/LVII_2000.pdf?source=legislation
2149,200,LXIX,"The Constitution ( Amendment) Bill, 2002 ( Insertion of new article 19 A)",Rajya Sabha,,INFORMATION AND BROADCASTING,Suresh Pachouri Shri,Ordinary Bill,,,,,,
2150,200,LXV,"The Hindu Succession ( Amendment) Bill, 2002",Rajya Sabha,,,Suresh Pachouri Shri,Ordinary Bill,,,,,,
2151,200,LXXX,"The Prevention of Custodial Deaths Bill,1994",Rajya Sabha,,HOME AFFAIRS,Suresh Pachouri Shri,Ordinary Bill,,,,,Lapsed,
2152,200,XLIV,"The Child Slavery (Abolition and Rehabilitation) Bill, 2002",Rajya Sabha,,LABOUR,Suresh Pachouri Shri,Ordinary Bill,,,,,Lapsed,
2153,200,XVII,"The Drought Prone Areas ( Special Provisions ) Bill,1996",Rajya Sabha,,,Suresh Pachouri Shri,Ordinary Bill,,,,,Lapsed,
2154,206,128,"The Scheduled Castes, Scheduled Tribes and Other Backward  Classes (Reservation  in Services and Educational Institutions) Bill, 2005",Lok Sabha,2005-11-25,"PERSONNEL,  PUBLIC  GRIEVANCES  AND  PENSIONS",A. Krishnaswamy Shri,Ordinary Bill,,,,,Lapsed,https://sansad.in/getFile/BillsTexts/LSBillTexts/Asintroduced/3116LS.pdf?source=legislation
2155,2181,LVII,"The Constitution (Amendment) Bill, 2025 (amendment of article 107)",Rajya Sabha,2025-12-05,LAW AND JUSTICE,Derek O' Brien Shri,Constitutional Amendment Bill,,,,,Pending,https://sansad.in/getFile/BillsTexts/RSBillTexts/Asintroduced/261211202550137PM.pdf?source=legislation
2156,2181,XXI,"The Right of Children to Free and Compulsory Education (Amendment) Bill, 2025",Rajya Sabha,2025-12-05,EDUCATION,Derek O' Brien Shri,Ordinary Bill,,,,,Pending,https://sansad.in/getFile/BillsTexts/RSBillTexts/Asintroduced/251211202550123PM.pdf?source=legislation
2157,2181,XXXIX,"The National Urban Employment Guarantee Bill, 2025",Rajya Sabha,2025-12-05,LABOUR  AND  EMPLOYMENT,Derek O' Brien Shri,Financial Bill,,,,,Pending,https://sansad.in/getFile/BillsTexts/RSBillTexts/Asintroduced/241211202550043PM.pdf?source=legislation
2158,2181,XL,"The Right to Digital Literacy Bill, 2024",Rajya Sabha,2025-02-07,EDUCATION,Derek O' Brien Shri,Financial Bill,,,,,Pending,https://sansad.in/getFile/BillsTexts/RSBillTexts/Asintroduced/8e214202544040PM.pdf?source=legislation
2159,2181,XXXIX,"The Bharatiya Nyaya Sanhita (Amendment) Bill, 2024",Rajya Sabha,2025-02-07,HOME AFFAIRS,Derek O' Brien Shri,Ordinary Bill,,,,,Pending,https://sansad.in/getFile/BillsTexts/RSBillTexts/Asintroduced/9e214202544058PM.pdf?source=legislation
2160,2181,XXXVIII,"The Constitution (Amendment) Bill, 2024 (amendment of article 85)",Rajya Sabha,2025-02-07,PARLIAMENTARY  AFFAIRS,Derek O' Brien Shri,Constitutional Amendment Bill,,,,,Pending,https://sansad.in/getFile/BillsTexts/RSBillTexts/Asintroduced/7e214202544016PM.pdf?source=legislation
2161,2181,LXII,"The Information Technology (Amendment) Bill, 2023",Rajya Sabha,2024-02-02,ELECTRONICS AND INFORMATION TECHNOLOGY,Derek O' Brien Shri,Ordinary Bill,,,,,Pending,https://sansad.in/getFile/BillsTexts/RSBillTexts/Asintroduced/08_IT_Derek-E29202470826PM.pdf?source=legislation
2162,2181,LXVI,"The Public Service Integrity Bill, 2023",Rajya Sabha,2024-02-02,"PERSONNEL,  PUBLIC  GRIEVANCES  AND  PENSIONS",Derek O' Brien Shri,Financial Bill,,,,,Pending,https://sansad.in/getFile/BillsTexts/RSBillTexts/Asintroduced/09_Public Service_Derek-E29202470901PM.pdf?source=legislation
2163,2181,X,"The Elder Persons (Care and Protection) Bill, 2024",Rajya Sabha,2024-02-02,SOCIAL JUSTICE AND EMPOWERMENT,Derek O' Brien Shri,Financial Bill,,,,,Pending,https://sansad.in/getFile/BillsTexts/RSBillTexts/Asintroduced/10_ElderCare_Derek-E29202470943PM.pdf?source=legislation
2164,2181,LXII,"The Right to Digital Literacy Bill, 2022.",Rajya Sabha,2022-12-09,EDUCATION,Derek O' Brien Shri,Ordinary Bill,,,,,Lapsed,https://sansad.in/getFile/BillsTexts/RSBillTexts/Asintroduced/13- E- 258 Session1213202275605PM.pdf?source=legislation
2165,2181,LXIII,"The Indian Penal Code (Amendment) Bill, 2022.",Rajya Sabha,2022-12-09,HOME AFFAIRS,Derek O' Brien Shri,Ordinary Bill,,,,,Lapsed,https://sansad.in/getFile/BillsTexts/RSBillTexts/Asintroduced/14 E 258 Session1213202275635PM.pdf?source=legislation
2166,2181,LXXXI,"The Right of Children to Free and Compulsory Education (Amendment) Bill, 2022.",Rajya Sabha,2022-12-09,EDUCATION,Derek O' Brien Shri,Ordinary Bill,,,,,Lapsed,https://sansad.in/getFile/BillsTexts/RSBillTexts/Asintroduced/15 E 258 Session1213202275731PM.pdf?source=legislation
2167,2181,I,"The Epidemic Diseases (Prevention, Preparedness and Management) Bill, 2021",Rajya Sabha,2022-08-05,HEALTH AND FAMILY WELFARE,Derek O' Brien Shri,Ordinary Bill,,,,,Lapsed,https://sansad.in/getFile/BillsTexts/RSBillTexts/Asintroduced/1-E_257.pdf?source=legislation
2168,2181,XXX,"The Information Technology (Amendment) Bill, 2022",Rajya Sabha,2022-08-05,ELECTRONICS AND INFORMATION TECHNOLOGY,Derek O' Brien Shri,Ordinary Bill,,,,,Lapsed,https://sansad.in/getFile/BillsTexts/RSBillTexts/Asintroduced/2-E_257.pdf?source=legislation
2169,2181,LXII,"The Elder Persons (Care and Protection) Bill, 2019",Rajya Sabha,2019-12-06,SOCIAL JUSTICE AND EMPOWERMENT,Derek O' Brien Shri,Ordinary Bill,,,,,Lapsed,https://sansad.in/getFile/BillsTexts/RSBillTexts/Asintroduced/elder person-E-6 12 19.pdf?source=legislation
2170,2181,LXI,"The Constitution (Amendment) Bill, 2018 (amendment of article 85)",Rajya Sabha,2019-06-21,PARLIAMENTARY  AFFAIRS,Derek O Brien Shri,Ordinary Bill,,,,,Lapsed,https://sansad.in/getFile/BillsTexts/RSBillTexts/Asintroduced/85 only-E-21619.pdf?source=legislation
2171,207,52,"The Constitution (Scheduled Castes) and (Scheduled Tribes) Orders (Amendment) Bill, 2018 [Amendment of  the Schedules]",Lok Sabha,2018-12-28,SOCIAL JUSTICE AND EMPOWERMENT,Faggan Singh Kulaste Shri,Financial Bill,,,,,Lapsed,https://sansad.in/getFile/BillsTexts/LSBillTexts/Asintroduced/4155LS AS INTRO.pdf?source=legislation
2172,207,74,"The Constitution (Amendment) Bill, 2018 (Amendment of the  Eighth Schedule)",Lok Sabha,2018-12-28,HOME AFFAIRS,Faggan Singh Kulaste Shri,Ordinary Bill,,,,,Lapsed,https://sansad.in/getFile/BillsTexts/LSBillTexts/Asintroduced/4177LS As Int....pdf?source=legislation
2173,207,204,"The Constitution (Scheduled Castes and Scheduled Tribes) Orders (Amendment) Bill, 2015",Lok Sabha,2015-08-07,TRIBAL AFFAIRS,Faggan Singh Kulaste Shri,Financial Bill,,,,,Lapsed,https://sansad.in/getFile/BillsTexts/LSBillTexts/Asintroduced/1476LS.pdf?source=legislation
2174,1419,III,"The Indian Adoption of Children Bill, 1967",Rajya Sabha,1967-12-15,,Tara Ramchandra Sathe Smt.,Ordinary Bill,,,,,Lapsed,
2175,1419,XVII,"The Representation of the People (Amendment) Bill, 1966",Rajya Sabha,1966-02-09,,Tara Ramchandra Sathe Smt.,Ordinary Bill,,,,,Lapsed,
2176,209,LXXXIV,"The Agriculture Workers Welfare Bill, 2001",Rajya Sabha,2002-10-05,AGRICULTURE,S. Ramachandran Pillai Shri,Ordinary Bill,,,,,Lapsed,https://sansad.in/getFile/BillsTexts/RSBillTexts/Asintroduced/LXXXIV_2001.pdf?source=legislation
2177,209,LIII,"The Constitution (Amendment) Bill, 2001 (Insertion of new Chapter III A and to amend articles 123 etc.)",Rajya Sabha,2001-10-08,,S. Ramachandran Pillai Shri,Ordinary Bill,,,,,Lapsed,https://sansad.in/getFile/BillsTexts/RSBillTexts/Asintroduced/LIII_2001.pdf?source=legislation
2178,209,LXVI,"The Prevention of Corruption (Amendment) Bill, 2001",Rajya Sabha,2001-07-12,HOME AFFAIRS,S. Ramachandran Pillai Shri,Ordinary Bill,,,,,Lapsed,https://sansad.in/getFile/BillsTexts/RSBillTexts/Asintroduced/LXVI_2001.pdf?source=legislation
2179,209,V,The Constiution (Amendment) Bill 2001( I to amend articles 103 and 192 and Substitution of new Schedule for tenth Schedule).,Rajya Sabha,2001-02-23,,S. Ramachandran Pillai Shri,Ordinary Bill,,,,,Lapsed,https://sansad.in/getFile/BillsTexts/RSBillTexts/Asintroduced/V_2001.pdf?source=legislation
2180,2184,XLI,"The Bail Bill, 2017",Rajya Sabha,2017-12-15,HOME AFFAIRS,Sukhendu Sekhar Ray Shri,Ordinary Bill,,,,,Lapsed,https://sansad.in/getFile/BillsTexts/RSBillTexts/Asintroduced/bail-E-151217.pdf?source=legislation
2181,2184,XLII,"The Constitution (Amendment) Bill, 2017 (amendment of article 366)",Rajya Sabha,2017-12-15,LAW AND JUSTICE,Sukhendu Sekhar Ray Shri,Ordinary Bill,,,,,Withdrawn,https://sansad.in/getFile/BillsTexts/RSBillTexts/Asintroduced/366-E-151217.pdf?source=legislation
2182,2184,II,"The Constitution (Amendment) Bill, 2017 (amendment of article 366)",Rajya Sabha,2017-02-03,LAW AND JUSTICE,Sukhendu Sekhar Roy Shri,Ordinary Bill,,,,,Lapsed,https://sansad.in/getFile/BillsTexts/RSBillTexts/Asintroduced/366-E-3217.pdf?source=legislation
2183,2184,XVIII,"The Bail Bill, 2016",Rajya Sabha,2016-04-29,HOME AFFAIRS,Sukhendu Sekhar Roy Shri,Ordinary Bill,,,,,Lapsed,https://sansad.in/getFile/BillsTexts/RSBillTexts/Asintroduced/bail-29 4 16-E.pdf?source=legislation
2184,211,XIX,"The Constitution (Amendment) Bill, 2001 (Insertion of new articles 75A and 164A)",Rajya Sabha,2001-07-27,HOME AFFAIRS,Satish Pradhan Shri,Ordinary Bill,,,,,Lapsed,https://sansad.in/getFile/BillsTexts/RSBillTexts/Asintroduced/XIX_2001.pdf?source=legislation
2185,211,XVIII,"The Constitution (Amendment) Bill, 2001 (to amend article 80)",Rajya Sabha,2001-07-27,,Satish Pradhan Shri,Ordinary Bill,,,,,Lapsed,https://sansad.in/getFile/BillsTexts/RSBillTexts/Asintroduced/XVIII_2001.pdf?source=legislation
2186,211,XXXIV,"The Illegal  Immigrants (Identification and Deportation) Bill, 2001",Rajya Sabha,2001-07-27,HOME AFFAIRS,Satish Pradhan Shri,Ordinary Bill,,,,,Lapsed,https://sansad.in/getFile/BillsTexts/RSBillTexts/Asintroduced/XXXIV_2001.pdf?source=legislation
2187,211,XXIV,"The Forest (Conservation) Amendment Bill, 1997",Rajya Sabha,1997-07-25,ENVIRONMENT AND FORESTS,Satish Pradhan Shri,Ordinary Bill,,,,,,
2188,211,LIV,"The Constitution ( Amendment ) Bill,1994 9 to amend article 348)",Rajya Sabha,1994-08-26,HOME AFFAIRS,Satish Pradhan Shri,Ordinary Bill,,,,,Lapsed,
2189,211,LXII,"The Constitution ( Amendment ) Bill,1994 ( Insertion of new article 326 A)",Rajya Sabha,1994-08-26,,Satish Pradhan Shri,Ordinary Bill,,,,,Lapsed,
2190,211,XL,"The Constitution ( Amendment) Bill,1993 ( Omission of Article 370)",Rajya Sabha,,HOME AFFAIRS,Satish Pradhan Shri,Ordinary Bill,,,,,Negatived,
2191,2571,XLIX,"The Release of Mortal Remains by Clinical Establishments Bill, 2024",Rajya Sabha,2025-02-07,HEALTH AND FAMILY WELFARE,Kartikeya Sharma Shri,Ordinary Bill,,,,,Pending,https://sansad.in/getFile/BillsTexts/RSBillTexts/Asintroduced/14e214202545928PM.pdf?source=legislation
2192,637,XXVI,"The Employment of women (Relatation of Condiions of Eligability ) Bill,1999",Rajya Sabha,1999-12-03,HUMAN RESOURCE  DEVELOPMENT,Veena Verma Smt.,Ordinary Bill,,,,,Lapsed,https://sansad.in/getFile/BillsTexts/RSBillTexts/Asintroduced/XXVI_1999.pdf?source=legislation
2193,637,XXX,"The Child labour in 493rd  Employment ( Abolition Rehati;otatopm amd weesare) Bill,1999",Rajya Sabha,1999-03-12,LABOUR,Veena Verma Smt.,Ordinary Bill,,,,,Lapsed,https://sansad.in/getFile/BillsTexts/RSBillTexts/Asintroduced/XXX_1999.pdf?source=legislation
2194,637,XXXVII,"The Central Univercities ( Amendment) Bill,1998",Rajya Sabha,1998-12-18,HUMAN RESOURCE  DEVELOPMENT,Veena Verma Smt.,Ordinary Bill,,,,,Lapsed,
2195,637,I,"The Constitution ( Amendment) Bill,1998( to amend art 16)",Rajya Sabha,1998-12-06,"PERSONNEL,  PUBLIC  GRIEVANCES  AND  PENSIONS",Veena Verma Smt.,Ordinary Bill,,,,,Lapsed,
2196,637,III,"The Employment of Women ( Promotion) Bill,1998",Rajya Sabha,1998-12-06,"PERSONNEL,  PUBLIC  GRIEVANCES  AND  PENSIONS",Veena Verma Smt.,Ordinary Bill,,,,,Lapsed,
2197,637,XIII,"The Abolition of Capital Penishment for Women Children and Infirm Persons Bill,1998",Rajya Sabha,1998-10-07,,Veena Verma Smt.,Ordinary Bill,,,,,,
2198,637,XXVIII,"The Indigent Writers and Artists ( Protction and Welfare )Bill,1998",Rajya Sabha,1998-04-12,HUMAN RESOURCE  DEVELOPMENT,Veena Verma Smt.,Ordinary Bill,,,,,Lapsed,
2199,637,XII,"The Indian Penal Code (Amendment) Bill, 1997",Rajya Sabha,1997-03-21,HOME AFFAIRS,Veena Verma Smt.,Ordinary Bill,,,,,Lapsed,
2200,637,X,"The Constitution ( Amendment) Bill, 1996 ( to amend articles 330 and 332)",Rajya Sabha,1996-12-07,HUMAN RESOURCE  DEVELOPMENT,Veena Verma Smt.,Ordinary Bill,,,,,Lapsed,
2201,637,XII,"The Code of Criminal Pocedure ( Amendment) Bill,1996",Rajya Sabha,1996-12-07,HOME AFFAIRS,Veena Verma Smt.,Ordinary Bill,,,,,Lapsed,
2202,637,XXVIII,"The Criminal Law (Amendment) Bill,1995",Rajya Sabha,1995-08-04,HOME AFFAIRS,Veena Verma Smt.,Ordinary Bill,,,,,Lapsed,
2203,637,XXXVI,"The Muslim Women ( Protection of Eights on Divorce) Amendment Bill,1995",Rajya Sabha,1995-08-04,,Veena Verma Smt.,Ordinary Bill,,,,,Lapsed,
2204,637,XXXVII,"The Code of Criminal procedure ( Amendment ) Bill,1995",Rajya Sabha,1995-08-04,HOME AFFAIRS,Veena Verma Smt.,Ordinary Bill,,,,,Lapsed,
2205,637,XXVII,"The Working Women ( Provision of Basic Facilities and Infrastructure) Bill,1994",Rajya Sabha,1994-08-12,LABOUR,Veena Verma Smt.,Ordinary Bill,,,,,Lapsed,
2206,637,XXVIII,"The Women and Girls ( Property Rights) Bill,1994",Rajya Sabha,1994-08-12,,Veena Verma Smt.,Ordinary Bill,,,,,Lapsed,
2207,637,XXIX,"The National Commission for Children Bill, 1994",Rajya Sabha,1994-05-13,HUMAN RESOURCE  DEVELOPMENT,Veena Verma Smt.,Ordinary Bill,,,,,Lapsed,
2208,637,XXV,"The Married Women (Protection of Rights) Bill, 1994",Rajya Sabha,1994-05-13,,Veena Verma Smt.,Ordinary Bill,,,,,Withdrawn,
2209,637,XXVI,"The Reservation of Posts for Women in Government Services Bill,1994",Rajya Sabha,1994-05-13,,Veena Verma Smt.,Ordinary Bill,,,,,Lapsed,
2210,637,X,"The National Commission for Children Bill,1994.",Rajya Sabha,1994-03-04,HUMAN RESOURCE  DEVELOPMENT,Veena Verma Smt.,Ordinary Bill,,,,,Lapsed,
2211,637,XXIX,"The Working Women ( Provision of Basic Facilities and Infrastructure ) Bill,1993",Rajya Sabha,1993-04-30,LABOUR,Veena Verma Smt.,Ordinary Bill,,,,,Lapsed,
2212,637,XXVII,"The Reservation of Posts for Women in government Services Bill,1993",Rajya Sabha,1993-04-30,HUMAN RESOURCE  DEVELOPMENT,Veena Verma Smt.,Ordinary Bill,,,,,Lapsed,
2213,637,XII,"The Married Women ( Protection of Rights) Bill,1988",Rajya Sabha,1988-05-13,,Veena Verma Smt.,Ordinary Bill,,,,,Lapsed,
2214,637,XXVI,"The Children Born of Unmaried Mothers ( Determination of Paternity throungh & NATESH) Bill,1998",Rajya Sabha,,HEALTH AND FAMILY WELFARE,Veena Verma Smt.,Ordinary Bill,,,,,Lapsed,
2215,213,86,"The   Constitution (Amendment) Bill, 2007	 (Amendment of article 73)",Lok Sabha,2008-04-25,EXTERNAL AFFAIRS,Suresh Kurup Adv.,Ordinary Bill,,,,,Lapsed,https://sansad.in/getFile/BillsTexts/LSBillTexts/Asintroduced/4530ls-6.pdf?source=legislation
2216,213,140,"The Children of Parents Living Below Poverty Line (Special Educational Facilities) Bill, 2005",Lok Sabha,2005-09-12,HUMAN RESOURCE  DEVELOPMENT,Suresh Kurup Adv.,Financial Bill,,,,,Lapsed,https://sansad.in/getFile/BillsTexts/LSBillTexts/Asintroduced/3499LS.pdf?source=legislation
2217,213,82,"The Constitution (Amendment) Bill, 2005 (Substitution of new article for article 130)",Lok Sabha,2005-08-12,,Suresh Kurup Adv.,Money Bill,,,,,Lapsed,https://sansad.in/getFile/BillsTexts/LSBillTexts/Asintroduced/1276LS.pdf?source=legislation
2218,213,14,"The Constitution (Amendment) Bill, 2001 (Amendment of article 130)",Lok Sabha,2001-08-24,,Suresh Kurup Adv.,Financial Bill,,,,,Pending,https://sansad.in/getFile/BillsTexts/LSBillTexts/Asintroduced/6136LS.pdf?source=legislation
2219,213,160,"The Constitution (Amendment) Bill, 2000 (Amendment of article 248, etc.)",Lok Sabha,2001-02-23,,Suresh Kurup Adv.,Constitutional Amendment Bill,,,,,Lapsed,https://sansad.in/getFile/BillsTexts/LSBillTexts/Asintroduced/4579LS.pdf?source=legislation
2220,639,IV,"The Prohibition of Dumping of Arms and Makig Political Specials in Religious Places Bill, 1994",Rajya Sabha,1994-03-04,,Mentay Padmanabham Shri,Ordinary Bill,,,,,Lapsed,
2221,2573,LV,"The Compulsory Teaching of Lifestyle for Environment (LiFE) in Schools Bill, 2023.",Rajya Sabha,2023-12-08,EDUCATION,Biplab Kumar Deb Shri,Ordinary Bill,,,,,Removed,https://sansad.in/getFile/BillsTexts/RSBillTexts/Asintroduced/compulsory teaching of LiFE-E1219202343300PM.pdf?source=legislation
2222,2574,LX,"The Records of Court Proceedings Bill, 2025",Rajya Sabha,2025-12-05,LAW AND JUSTICE,Saket Gokhale Shri,Financial Bill,,,,,Pending,https://sansad.in/getFile/BillsTexts/RSBillTexts/Asintroduced/101211202545630PM.pdf?source=legislation
2223,2574,X,"The Right to Information (Amendment) Bill, 2025",Rajya Sabha,2025-12-05,"PERSONNEL,  PUBLIC  GRIEVANCES  AND  PENSIONS",Saket Gokhale Shri,Ordinary Bill,,,,,Pending,https://sansad.in/getFile/BillsTexts/RSBillTexts/Asintroduced/91211202545620PM.pdf?source=legislation
2224,2574,LXVIII,"The Prevention of Cruelty to Animals (Amendment) Bill, 2023",Rajya Sabha,2024-02-02,"fisheries, animal husbandry and dairying",Saket Gokhale Shri,Ordinary Bill,,,,,Pending,https://sansad.in/getFile/BillsTexts/RSBillTexts/Asintroduced/07_prevention of Cruelty_saket-E29202470802PM.pdf?source=legislation
2225,1032,I,The Indian Penal Code ( Amendment) Bill 1993,Rajya Sabha,1993-03-12,HOME AFFAIRS,Vishwarao Ramrao Patil Shri,Ordinary Bill,,,,,Lapsed,
2226,1032,X,"The Counstitution ( Amendment) Bill,1993 ( to amend article 356)",Rajya Sabha,1993-03-12,HOME AFFAIRS,Vishwarao Ramrao Patil Shri,Ordinary Bill,,,,,Lapsed,
2227,1032,XII,"The Constitution ( Amendment) Bill,1993 ( to amend article 102)",Rajya Sabha,1993-03-12,HOME AFFAIRS,Vishwarao Ramrao Patil Shri,Ordinary Bill,,,,,Lapsed,
2228,1032,XLVIII,"The Constitution ( Amendment) Bill,1992 ( to amend article 244)",Rajya Sabha,1992-08-07,HOME AFFAIRS,Vishwarao Ramrao Patil Shri,Ordinary Bill,,,,,Lapsed,
2229,1032,XLVII,"The Constitution ( Amendment) Bill,1992 ( insertion of a new article 330 A)",Rajya Sabha,1992-07-08,,Vishwarao Ramrao Patil Shri,Ordinary Bill,,,,,Lapsed,
2230,1032,L,"The Indian Veterinary Council (Amendment) Bill, 1989",Rajya Sabha,1989-02-24,AGRICULTURE,Vishwarao Ramrao Patil Shri,Ordinary Bill,,,,,Withdrawn,
2231,2196,LXX,"The Constitution (Amendment) Bill, 2016 (Amendment of Tenth Schedule)",Rajya Sabha,2017-03-24,LAW AND JUSTICE,Palvai Govardhan Reddy Shri,Ordinary Bill,,,,,Removed,https://sansad.in/getFile/BillsTexts/RSBillTexts/Asintroduced/10 sched-24317-E.pdf?source=legislation
2232,217,II,"The Schools (Uniform System and Syllabus ) Bill, 2004.",Rajya Sabha,2004-09-07,HUMAN RESOURCE  DEVELOPMENT,Kum Kum Rai Smt.,Ordinary Bill,,,,,Lapsed,
2233,217,LX,"The Constitution ( Amendment) Bill, 2002 ( to amend article 3)",Rajya Sabha,,HOME AFFAIRS,Kum Kum Rai Smt.,Ordinary Bill,,,,,,
2234,217,LXI,"The Property Rights of Women and Girls Bill, 2002",Rajya Sabha,,,Kum Kum Rai Smt.,Ordinary Bill,,,,,,
2235,217,LXII,"The Prevention of sexual Abuse and Harasment of Woman and Girls at work place Bill, 2002",Rajya Sabha,,LABOUR,Kum Kum Rai Smt.,Ordinary Bill,,,,,,
2236,1805,XXVII,"The Population Control Bill, 2002.",Rajya Sabha,2002-05-17,HEALTH AND FAMILY WELFARE,Sultan Singh Shri,Ordinary Bill,,,,,Lapsed,https://sansad.in/getFile/BillsTexts/RSBillTexts/Asintroduced/XXVII_2002.pdf?source=legislation
2237,2197,XVI,"The Labour (Welfare and Rehabilitation) Bill, 2017",Rajya Sabha,2017-12-29,LABOUR  AND  EMPLOYMENT,Vivek Gupta Shri,Ordinary Bill,,,,,Lapsed,https://sansad.in/getFile/BillsTexts/RSBillTexts/Asintroduced/labour-E-291217.pdf?source=legislation
2238,2197,XVII,"The Women (Empowerment and Welfare) Bill, 2017",Rajya Sabha,2017-12-29,WOMEN AND CHILD DEVELOPMENT,Vivek Gupta Shri,Ordinary Bill,,,,,Lapsed,https://sansad.in/getFile/BillsTexts/RSBillTexts/Asintroduced/women-E-291217.pdf?source=legislation
2239,2197,XXXIII,"The Urban Areas (Equitable Development and Regulation) Bill, 2017",Rajya Sabha,2017-12-29,HOUSING AND URBAN POVERTY ALLEVIATION,Vivek Gupta Shri,Ordinary Bill,,,,,Lapsed,https://sansad.in/getFile/BillsTexts/RSBillTexts/Asintroduced/urbanarea-E-291217.pdf?source=legislation
2240,2197,I,"The Population (Stabilization) Bill, 2017",Rajya Sabha,2017-02-03,HEALTH AND FAMILY WELFARE,Vivek Gupta Shri,Ordinary Bill,,,,,Lapsed,https://sansad.in/getFile/BillsTexts/RSBillTexts/Asintroduced/popu-E-3217.pdf?source=legislation
2241,2197,III,"The Constitution (Amendment) Bill, 2017 (insertion of new articles 275A and 371K)",Rajya Sabha,2017-02-03,FINANCE,Vivek Gupta Shri,Ordinary Bill,,,,,Lapsed,https://sansad.in/getFile/BillsTexts/RSBillTexts/Asintroduced/275A-E-3217.pdf?source=legislation
2242,2197,LII,"The Representation of the People (Amendment) Bill, 2016",Rajya Sabha,2017-02-03,LAW AND JUSTICE,Vivek Gupta Shri,Ordinary Bill,,,,,Lapsed,https://sansad.in/getFile/BillsTexts/RSBillTexts/Asintroduced/RP-E-3217.pdf?source=legislation
2243,2197,LIV,"The Inter-State River Water Authority Bill, 2016",Rajya Sabha,2016-12-02,WATER RESOURCES,Vivek Gupta Shri,Ordinary Bill,,,,,Lapsed,https://sansad.in/getFile/BillsTexts/RSBillTexts/Asintroduced/water-21216-E.pdf?source=legislation
2244,2197,XLVIII,"The Tea Workers’ (Welfare and Special Provisions) Bill, 2016",Rajya Sabha,2016-12-02,LABOUR  AND  EMPLOYMENT,Vivek Gupta Shri,Ordinary Bill,,,,,Lapsed,https://sansad.in/getFile/BillsTexts/RSBillTexts/Asintroduced/Tea-21216-E.pdf?source=legislation
2245,2197,XLI,"The Jute Growers (Remunerative Price and Welfare) Bill, 2016",Rajya Sabha,2016-08-05,TEXTILES,Vivek Gupta Shri,Ordinary Bill,,,,,Lapsed,https://sansad.in/getFile/BillsTexts/RSBillTexts/Asintroduced/jute-5816-E.pdf?source=legislation
2246,2197,XXIII,"The Right to Privacy of Personal Data Bill, 2016",Rajya Sabha,2016-08-05,"PERSONNEL,  PUBLIC  GRIEVANCES  AND  PENSIONS",Vivek Gupta Shri,Ordinary Bill,,,,,Lapsed,https://sansad.in/getFile/BillsTexts/RSBillTexts/Asintroduced/per data-5816-E.pdf?source=legislation
2247,2197,XXVIII,"The Special Financial Assistance to the State of West Bengal Bill, 2016",Rajya Sabha,2016-08-05,FINANCE,Vivek Gupta Shri,Ordinary Bill,,,,,Lapsed,https://sansad.in/getFile/BillsTexts/RSBillTexts/Asintroduced/Fin ast Wb-5816-E.pdf?source=legislation
2248,2197,IX,"The Constitution (Amendment) Bill, 2016 (amendment of articles 343 and 348)",Rajya Sabha,2016-02-26,HOME AFFAIRS,Vivek Gupta Shri,Ordinary Bill,,,,,Lapsed,https://sansad.in/getFile/BillsTexts/RSBillTexts/Asintroduced/343-E-238.pdf?source=legislation
2249,2197,X,"The Constitution (Amendment) Bill, 2016 (amendment of articles 246, 248, 254 and Seventh Schedule)",Rajya Sabha,2016-02-26,LAW AND JUSTICE,Vivek Gupta Shri,Ordinary Bill,,,,,Lapsed,https://sansad.in/getFile/BillsTexts/RSBillTexts/Asintroduced/246-E -238.pdf?source=legislation
2250,2197,LX,"The Compulsory Basic Facilities for Neglected Senior Citizens, Widows and Orphans Bill, 2015",Rajya Sabha,2015-12-18,SOCIAL JUSTICE AND EMPOWERMENT,Vivek Gupta Shri,Ordinary Bill,,,,,Lapsed,https://sansad.in/getFile/BillsTexts/RSBillTexts/Asintroduced/widow-237w-E.pdf?source=legislation
2251,2197,LII,"The Constitution (Amendment) Bill, 2015 (amendment of Eighth Schedule)",Rajya Sabha,2015-12-04,HOME AFFAIRS,Vivek Gupta Shri,Ordinary Bill,,,,,Lapsed,https://sansad.in/getFile/BillsTexts/RSBillTexts/Asintroduced/8 schd-237w-E 412.pdf?source=legislation
2252,2197,LV,"The Prevention of Addiction of Technological Gadgets Bill, 2015",Rajya Sabha,2015-12-04,COMMUNICATIONS AND INFORMATION TECHNOLOGY,Vivek Gupta Shri,Ordinary Bill,,,,,Lapsed,https://sansad.in/getFile/BillsTexts/RSBillTexts/Asintroduced/tecgadgt-237w-E.pdf?source=legislation
2253,2197,XXVI,"The Constitution (Amendment) Bill, 2015 (amendment of article 130)",Rajya Sabha,2015-08-07,LAW AND JUSTICE,Vivek Gupta Shri,Ordinary Bill,,,,,Lapsed,https://sansad.in/getFile/BillsTexts/RSBillTexts/Asintroduced/130-E Vg.pdf?source=legislation
2254,2197,XXXI,"The Consumer Goods (Right to Free Return) Bill, 2015",Rajya Sabha,2015-08-07,"CONSUMER AFFAIRS, FOOD AND PUBLIC DISTRIBUTION",Vivek Gupta Shri,Ordinary Bill,,,,,Lapsed,https://sansad.in/getFile/BillsTexts/RSBillTexts/Asintroduced/consmr-E Vg.pdf?source=legislation
2255,2197,XXXVII,"The Personal Bankruptcy (Declaration and Rehabilitation) Bill, 2015",Rajya Sabha,2015-08-07,FINANCE,Vivek Gupta Shri,Ordinary Bill,,,,,Lapsed,https://sansad.in/getFile/BillsTexts/RSBillTexts/Asintroduced/bankrcy-E.pdf?source=legislation
2256,2197,XI,"The Supreme Court (Establishment of a Permanent Bench at Kolkata) Bill, 2015",Rajya Sabha,2015-03-13,LAW AND JUSTICE,Vivek Gupta Shri,Ordinary Bill,,,,,Lapsed,https://sansad.in/getFile/BillsTexts/RSBillTexts/Asintroduced/suprm court-E.pdf?source=legislation
2257,2197,LI,"The Compulsory Promotion, Utilization, Supply and Access of Renewable Energy Bill, 2014",Rajya Sabha,2015-02-27,NON-CONVENTIONAL ENERGY SOURCES,Vivek Gupta Shri,Ordinary Bill,,,,,Lapsed,https://sansad.in/getFile/BillsTexts/RSBillTexts/Asintroduced/Renewble-E.pdf?source=legislation
2258,2197,XLVI,"The Beggars (Empowerment, Skill Development and Rehabilitation) Bill, 2014",Rajya Sabha,2015-02-27,SOCIAL JUSTICE AND EMPOWERMENT,Vivek Gupta Shri,Ordinary Bill,,,,,Lapsed,https://sansad.in/getFile/BillsTexts/RSBillTexts/Asintroduced/begar-E.pdf?source=legislation
2259,2197,XXXV,"The Compulsory Physical Fitness of Children through Sports in Schools and Development of Sports Infrastructure Bill, 2014",Rajya Sabha,2014-11-28,YOUTH AFFAIRS AND SPORTS,Vivek Gupta Shri,Ordinary Bill,,,,,Lapsed,https://sansad.in/getFile/BillsTexts/RSBillTexts/Asintroduced/sport - E.pdf?source=legislation
2260,2197,XL,"The Fertilizer (Price Control) Bill, 2013.",Rajya Sabha,2014-07-11,AGRICULTURE,Vivek Gupta Shri,Ordinary Bill,,,,,Lapsed,https://sansad.in/getFile/BillsTexts/RSBillTexts/Asintroduced/fertlizr- E.pdf?source=legislation
2261,2197,XIV,"The Micro, Small and Medium Enterprises Development (Amendment) Bill, 2013",Rajya Sabha,2013-03-08,SMALL SCALE INDUSTRIES,Vivek Gupta Shri,Ordinary Bill,,,,,Withdrawn,https://sansad.in/getFile/BillsTexts/RSBillTexts/Asintroduced/Micro-E.pdf?source=legislation
2262,2197,LXVI,"The Physically Challenged (Infrastructure for Accessibility to Public Areas) Bill, 2012",Rajya Sabha,2012-12-07,SOCIAL JUSTICE AND EMPOWERMENT,Vivek Gupta Shri,Ordinary Bill,,,,,Lapsed,https://sansad.in/getFile/BillsTexts/RSBillTexts/Asintroduced/physical-E.pdf?source=legislation
2263,2197,LXVII,"The Regulatory Authorities (Accountability) Bill, 2012",Rajya Sabha,2012-12-07,LAW AND JUSTICE,Vivek Gupta Shri,Ordinary Bill,,,,,Lapsed,https://sansad.in/getFile/BillsTexts/RSBillTexts/Asintroduced/regulator-E.pdf?source=legislation
2264,2198,LXXXIII,"The Sexual Harassment of Women at Workplace (Prevention, Prohibition and Redressal) Amendment Bill, 2024",Rajya Sabha,2025-12-05,WOMEN AND CHILD DEVELOPMENT,Mohammed Nadimul Haque Shri,Ordinary Bill,,,,,Pending,https://sansad.in/getFile/BillsTexts/RSBillTexts/Asintroduced/31211202545442PM.pdf?source=legislation
2265,2198,XLII,"The Surrogacy Laws (Amendment) Bill, 2024",Rajya Sabha,2025-12-05,HEALTH AND FAMILY WELFARE,Mohammed Nadimul Haque Shri,Ordinary Bill,,,,,Pending,https://sansad.in/getFile/BillsTexts/RSBillTexts/Asintroduced/21211202545419PM.pdf?source=legislation
2266,2198,XLIII,"The National Committee for Protection of Media Persons Bill, 2024",Rajya Sabha,2025-12-05,INFORMATION AND BROADCASTING,Mohammed Nadimul Haque Shri,Financial Bill,,,,,Pending,https://sansad.in/getFile/BillsTexts/RSBillTexts/Asintroduced/11211202545359PM.pdf?source=legislation
2267,219,VII,"The Hindu Marriage ( Amendment) Bill, 2003",Rajya Sabha,2003-04-25,,Bimba Raikar Smt.,Ordinary Bill,,,,,,
2268,219,XI,"The Women and Girls (Prevention of Stripping, Teasing, Molestation, Branding as Witches and Offering as Devadasis) Bill, 2003.",Rajya Sabha,2003-04-25,HUMAN RESOURCE  DEVELOPMENT,Bimba Raikar Smt.,Ordinary Bill,,,,,,
2269,220,12,"The Code of Criminal Procedure (Amendment) Bill, 2012 (Amendment of section 164A).",Lok Sabha,2012-04-27,HOME AFFAIRS,Sumitra Mahajan Smt.,Ordinary Bill,,,,,Lapsed,https://sansad.in/getFile/BillsTexts/LSBillTexts/Asintroduced/4107LS.pdf?source=legislation
2270,220,119,"The  Deposit Insurance and Credit Guarantee  Corporation (Amendment) Bill, 2009 (Amendment of section 21)",Lok Sabha,2010-03-05,FINANCE,Sumitra Mahajan Smt.,Ordinary Bill,,,,,Lapsed,https://sansad.in/getFile/BillsTexts/LSBillTexts/Asintroduced/5119LS.pdf?source=legislation
2271,1808,XXVI,"The Unemployment Relief Bill, 1953",Rajya Sabha,1953-12-04,LABOUR,P. Sundarayya Shri,Ordinary Bill,,,,,Lapsed,
2272,646,XXVII,"The Trade and Merehandiee marks ( Amendment) Bill,1998",Rajya Sabha,1998-04-12,COMMERCE AND INDUSTRY,V. N. Gadgil Shri,Ordinary Bill,,,,,,
2273,646,XXXIX,"The News papers ( Price and Page ) Bill,1998",Rajya Sabha,1998-02-18,INFORMATION AND BROADCASTING,V. N. Gadgil Shri,Ordinary Bill,,,,,Lapsed,
2274,646,XXXIII,"The Press and Registration of Books (Amendment) Bill, 1997",Rajya Sabha,1997-07-25,INFORMATION AND BROADCASTING,V. N. Gadgil Shri,Ordinary Bill,,,,,Lapsed,
2275,646,XXXIV,"The Compulsory Teaching of Sanskrit Language in Schools Bill, 1997",Rajya Sabha,1997-07-25,HUMAN RESOURCE  DEVELOPMENT,V. N. Gadgil Shri,Ordinary Bill,,,,,Lapsed,
2276,646,LVII,"The Bharat  Itihas Samdhodhak Mandal Bill,1996",Rajya Sabha,1996-12-20,HUMAN RESOURCE  DEVELOPMENT,V. N. Gadgil Shri,Ordinary Bill,,,,,Lapsed,
2277,646,XLV,"The Voting Right for India Citizens Living Abroad Bill, 1996",Rajya Sabha,1996-06-12,,V. N. Gadgil Shri,Ordinary Bill,,,,,Lapsed,
2278,646,XLVI,"The Constitution ( Amendment) Bill,1996 ( to amend articles 124,217 etc)",Rajya Sabha,1996-06-12,,V. N. Gadgil Shri,Ordinary Bill,,,,,Lapsed,
2279,646,XLVII,"The Disclosure of Assets by Ministers Members of Government and Public Servents Bill,1996",Rajya Sabha,1996-06-12,HOME AFFAIRS,V. N. Gadgil Shri,Ordinary Bill,,,,,Lapsed,
2280,646,XXII,"The Right to Reply in Press Bill, 1994",Rajya Sabha,1994-05-13,INFORMATION AND BROADCASTING,V. N. Gadgil Shri,Ordinary Bill,,,,,Lapsed,
2281,646,XXXIII,"The Representation of the People (Amendment) Bill, 1994",Rajya Sabha,1994-05-13,,V. N. Gadgil Shri,Ordinary Bill,,,,,Lapsed,
2282,646,XXXII,"The Copilat Punishment  Abolition Bill, 1981",Rajya Sabha,1981-12-04,,V. N. Gadgil Shri,Ordinary Bill,,,,,,
2283,646,XI,"The High Court at Bombay ( Establistment of a Permanent Bench at  Aurangabad  Bill,1979",Rajya Sabha,1979-07-24,,V. N. Gadgil Shri,Ordinary Bill,,,,,,
2284,646,XII,"The Indian Fisheries (Amendment ) Bill, 1979",Rajya Sabha,1979-04-27,AGRICULTURE,V. N. Gadgil Shri,Ordinary Bill,,,,,,
2285,646,XIII,"The Country Fishing Baots Protection Bill,1979",Rajya Sabha,1979-04-27,AGRICULTURE,V. N. Gadgil Shri,Ordinary Bill,,,,,,
2286,646,VI,"The Indian Medicine central council (Amendment) Bill,1979",Rajya Sabha,1979-03-16,HEALTH AND FAMILY WELFARE,V. N. Gadgil Shri,Ordinary Bill,,,,,,
2287,646,IX,"The Pensions (Amendment) Bill, 1977",Rajya Sabha,1977-12-02,,V. N. Gadgil Shri,Ordinary Bill,,,,,Withdrawn,
2288,646,XI,"The Trade and Marchandise Marks ( Amendemnt ) Bill, 1977",Rajya Sabha,1977-12-02,CIVIL AVIATION,V. N. Gadgil Shri,Ordinary Bill,,,,,,
2289,646,XII,"The Preventation of Social Disabilties Bill, 1977",Rajya Sabha,1977-12-02,HOME AFFAIRS,V. N. Gadgil Shri,Ordinary Bill,,,,,,
2290,646,XXIX,"The companies (Amendment) bill,1974 (subetitution of new section for section 293A)",Rajya Sabha,1974-08-16,,V. N. Gadgil Shri,Ordinary Bill,,,,,,
2291,646,V,"The Press and Registration of Books (Amendment) Bill,1974.(to amend section II)",Rajya Sabha,1974-05-03,INFORMATION AND BROADCASTING,V. N. Gadgil Shri,Ordinary Bill,,,,,Lapsed,
2292,646,VIII,"The Indian Post office (Amendment)Bill,1974 (To amend section 9)",Rajya Sabha,1974-05-03,,V. N. Gadgil Shri,Ordinary Bill,,,,,Lapsed,
2293,646,II,"The  Civil Proceduce (Amendment) Bill, 1974.",Rajya Sabha,1974-03-01,,V. N. Gadgil Shri,Ordinary Bill,,,,,Lapsed,
2294,646,XXXVI,"The working Journalists (Conditions of Service )and Mise Prooisions (Amendment)Bill,1973",Rajya Sabha,1973-12-07,INFORMATION AND BROADCASTING,V. N. Gadgil Shri,Ordinary Bill,,,,,Lapsed,
2295,646,XXXVII,"The hindu marriage (amendment)Bill,1973",Rajya Sabha,1973-12-07,,V. N. Gadgil Shri,Ordinary Bill,,,,,Lapsed,
2296,646,XXXVIII,"The code of Civil Procedure (Second Amendment)Bill,1973.",Rajya Sabha,1973-12-07,,V. N. Gadgil Shri,Ordinary Bill,,,,,Lapsed,
2297,646,XXX,"The  Trade and merchandise Marks (amendment) Bill,1973.",Rajya Sabha,1973-11-23,,V. N. Gadgil Shri,Ordinary Bill,,,,,Lapsed,
2298,646,XXXI,The code of procedure ( Amendment) bill 1973),Rajya Sabha,1973-11-23,,V. N. Gadgil Shri,Ordinary Bill,,,,,Lapsed,
2299,646,XXXII,"The Advocates (amendments) Bill,1973",Rajya Sabha,1973-11-23,,V. N. Gadgil Shri,Ordinary Bill,,,,,Lapsed,
2300,646,XII,"The pensions (amendment)Bill,1973.(to amend section 4)",Rajya Sabha,1973-05-11,,V. N. Gadgil Shri,Ordinary Bill,,,,,Lapsed,
2301,646,XXV,"The Indian Evidence (Amendment) Bill, 1971",Rajya Sabha,1971-11-26,,V. N. Gadgil Shri,Ordinary Bill,,,,,Lapsed,
2302,2202,XXXIV,"The Constitution (Amendment) Bill, 2018 (amendment of articles 85 and 174)",Rajya Sabha,2019-07-12,PARLIAMENTARY  AFFAIRS,C.M. Ramesh Shri,Ordinary Bill,,,,,Removed,https://sansad.in/getFile/BillsTexts/RSBillTexts/Asintroduced/85-E-12719.pdf?source=legislation
2303,222,XXXIII,"The Constitution (Amendment) Bill, 2004(Insertion of new article 26A)",Rajya Sabha,2006-02-17,WATER RESOURCES,Alladi P. Rajkumar Dr.,Ordinary Bill,,,,,Lapsed,https://sansad.in/getFile/BillsTexts/RSBillTexts/Asintroduced/XXXIII_2004.PDF?source=legislation
2304,222,XXXIV,"The Constitution (Amendment) Bill, 2004 (To amend articles 75 and 164)",Rajya Sabha,2006-02-17,,Alladi P. Rajkumar Dr.,Constitutional Amendment Bill,,,,,Lapsed,https://sansad.in/getFile/BillsTexts/RSBillTexts/Asintroduced/XXXIV_2004.PDF?source=legislation
2305,2582,L,"The Maintenance and Welfare of Parents and Senior Citizens (Amendment) Bill, 2025",Rajya Sabha,2025-12-05,SOCIAL JUSTICE AND EMPOWERMENT,Swati Maliwal Ms.,Ordinary Bill,,,,,Pending,https://sansad.in/getFile/BillsTexts/RSBillTexts/Asintroduced/501211202550637PM.pdf?source=legislation
2306,2582,XLVIII,"The Bharatiya Nyaya Sanhita (Amendment) Bill, 2025",Rajya Sabha,2025-12-05,HOME AFFAIRS,Swati Maliwal Ms.,Ordinary Bill,,,,,Pending,https://sansad.in/getFile/BillsTexts/RSBillTexts/Asintroduced/491211202550626PM.pdf?source=legislation
2307,223,LXXXIII,"The Securities and Exchange Board of India (Amendment) Bill, 2005",Rajya Sabha,2005-12-23,,C. Ramachandraiah Shri,Ordinary Bill,,,,,Lapsed,
2308,223,XXII,"The Constitution ( Amendment) Bill,1999 ( insertion of new article 151 A)",Rajya Sabha,1999-12-03,"PERSONNEL,  PUBLIC  GRIEVANCES  AND  PENSIONS",C. Ramachandraiah Shri,Ordinary Bill,,,,,Lapsed,https://sansad.in/getFile/BillsTexts/RSBillTexts/Asintroduced/XXII_1999.pdf?source=legislation
2309,223,IV,"The Constitution ( Amendment) Bill,1999 ( to Amend the Seventh Schedule)",Rajya Sabha,1999-03-12,,C. Ramachandraiah Shri,Ordinary Bill,,,,,Lapsed,https://sansad.in/getFile/BillsTexts/RSBillTexts/Asintroduced/IV_1999.pdf?source=legislation
2310,223,XXI,"The Constitution ( Amendment) Bill,1999 (Insertion of new article 9 A)",Rajya Sabha,1999-03-12,HOME AFFAIRS,C. Ramachandraiah Shri,Ordinary Bill,,,,,Lapsed,https://sansad.in/getFile/BillsTexts/RSBillTexts/Asintroduced/XXI_1999.pdf?source=legislation
2311,223,XXXII,"The Crop Insurance Corporation Bill,1998",Rajya Sabha,1998-12-18,AGRICULTURE,C. Ramachandraiah Shri,Ordinary Bill,,,,,Lapsed,
2312,223,XXXVI,"The Constitution ( Amendment) Bill,1998 ( to amend articles 269,270 etc)",Rajya Sabha,1998-12-18,,C. Ramachandraiah Shri,Ordinary Bill,,,,,Withdrawn,
2313,2583,LXXVI,"The Recognition of Legal Person Status of Rivers Bill, 2024",Rajya Sabha,2025-02-07,JAL SHAKTI,Satnam Singh Sandhu Shri,Financial Bill,,,,,Pending,https://sansad.in/getFile/BillsTexts/RSBillTexts/Asintroduced/37e214202550938PM.pdf?source=legislation
2314,224,1,"The Payment of Unemployment Allowance Bill, 2001",Lok Sabha,2002-03-22,LABOUR,Bir Sing Mahato Shri,Financial Bill,,,,,Pending,https://sansad.in/getFile/BillsTexts/LSBillTexts/Asintroduced/3209LS.pdf?source=legislation
2315,224,112,"The Political Parties (Assistance and Regulation) Bill, 2001",Lok Sabha,2002-03-22,,Bir Sing Mahato Shri,Financial Bill,,,,,Pending,
2316,224,60,"The Constitution (Amendment) Bill, 2000 (Amendment of the Eighth Schedule)",Lok Sabha,2000-11-08,HOME AFFAIRS,Bir Sing Mahato Shri,Ordinary Bill,,,,,Lapsed,https://sansad.in/getFile/BillsTexts/LSBillTexts/Asintroduced/4548LS.pdf?source=legislation
2317,224,89,"The Constitution (Scheduled Tribes) Order (Amendment) Bill, 1999",Lok Sabha,2000-02-25,TRIBAL AFFAIRS,Bir Sing Mahato Shri,Constitutional Amendment Bill,,,,,Lapsed,
2318,224,90,"The Special Educational Facilities (For Children Below Poverty Line) Bill, 1999",Lok Sabha,2000-02-25,HUMAN RESOURCE  DEVELOPMENT,Bir Sing Mahato Shri,Financial Bill,,,,,Pending,
2319,225,161,"The Legitimate Asylum to Refugees Bill, 2024.",Lok Sabha,2025-12-05,HOME AFFAIRS,Bhartruhari Mahtab Shri,Financial Bill,,,,,Pending,https://sansad.in/getFile/BillsTexts/LSBillTexts/Asintroduced/161 of 2024 as intro125202585055PM.pdf?source=legislation
2320,225,180,"The Specially Abled Children (Welfare) Bill, 2024.",Lok Sabha,2025-12-05,WOMEN AND CHILD DEVELOPMENT,Bhartruhari Mahtab Shri,Financial Bill,,,,,Pending,https://sansad.in/getFile/BillsTexts/LSBillTexts/Asintroduced/180 of 2024 AS125202591503PM.pdf?source=legislation
2321,225,254,"The Prevention of Slaughter and Preservation of Cattle Bill, 2024.",Lok Sabha,2025-12-05,"fisheries, animal husbandry and dairying",Bhartruhari Mahtab Shri,Financial Bill,,,,,Pending,https://sansad.in/getFile/BillsTexts/LSBillTexts/Asintroduced/254 of 2024 AS125202591410PM.pdf?source=legislation
2322,225,106,"The Juvenile Justice (Care and Protection of Children) Amendment Bill, 2022 (Amendment of section 86)",Lok Sabha,2022-08-05,WOMEN AND CHILD DEVELOPMENT,Bhartruhari Mahtab Shri,Ordinary Bill,,,,,Lapsed,https://sansad.in/getFile/BillsTexts/LSBillTexts/Asintroduced/106 of 2022 as.pdf?source=legislation
2323,225,20,"The Constitution (Amendment) Bill, 2021 (Substitution of new article and subheading thereto for article 29)",Lok Sabha,2022-02-04,LAW AND JUSTICE,Bhartruhari Mahtab Shri,Ordinary Bill,,,,,Lapsed,https://sansad.in/getFile/BillsTexts/LSBillTexts/Asintroduced/20 of 2021 AS.pdf?source=legislation
2324,225,22,"The Constitution (Amendment) Bill, 2021 (Amendment of articles 84 and 173)",Lok Sabha,2022-02-04,LAW AND JUSTICE,Bhartruhari Mahtab Shri,Ordinary Bill,,,,,Lapsed,https://sansad.in/getFile/BillsTexts/LSBillTexts/Asintroduced/22 of 2021 As Int....pdf?source=legislation
2325,225,27,"The Prevention of Acid Attacks and Rehabilitation of Acid Attack Victims Bill, 2021",Lok Sabha,2022-02-04,HOME AFFAIRS,Bhartruhari Mahtab Shri,Financial Bill,,,,,Lapsed,https://sansad.in/getFile/BillsTexts/LSBillTexts/Asintroduced/27 of 2021 AS INTRODUCED.pdf?source=legislation
2326,225,251,"The Religious Conversion (Prohibition) Bill, 2019",Lok Sabha,2021-12-03,LAW AND JUSTICE,Bhartruhari Mahtab Shri,Ordinary Bill,,,,,Lapsed,https://sansad.in/getFile/BillsTexts/LSBillTexts/Asintroduced/251 of 2019 as.pdf?source=legislation
2327,225,265,"The Indian Penal Code (Amendment) Bill, 2019  (Substitution of new section for section 124A)",Lok Sabha,2021-12-03,HOME AFFAIRS,Bhartruhari Mahtab Shri,Ordinary Bill,,,,,Lapsed,https://sansad.in/getFile/BillsTexts/LSBillTexts/Asintroduced/265 of 2019 as.pdf?source=legislation
2328,225,290,"The Constitution (Amendment) Bill, 2019  (Insertion of new article 14A, etc.)",Lok Sabha,2021-12-03,LAW AND JUSTICE,Bhartruhari Mahtab Shri,Ordinary Bill,,,,,Lapsed,https://sansad.in/getFile/BillsTexts/LSBillTexts/Asintroduced/290 of 2019 as.pdf?source=legislation
2329,225,134,"The Constitution (Amendment) Bill, 2019 (Amendment of the Preamble, etc.)",Lok Sabha,2019-07-26,HOME AFFAIRS,Bhartruhari Mahtab Shri,Ordinary Bill,,,,,Lapsed,https://sansad.in/getFile/BillsTexts/LSBillTexts/Asintroduced/991LS As Int....pdf constituion preamble.pdf?source=legislation
2330,225,136,"The Euthanasia (Regulation) Bill, 2019",Lok Sabha,2019-07-26,HEALTH AND FAMILY WELFARE,Bhartruhari Mahtab Shri,Financial Bill,,,,,Lapsed,https://sansad.in/getFile/BillsTexts/LSBillTexts/Asintroduced/916LS As Int.. Euthanasia as introduced..pdf?source=legislation
2331,225,166,"The Use of Mobile Electronic Devices by Pedestrians on Road (Regulation) Bill, 2019",Lok Sabha,2019-07-26,COMMUNICATIONS AND INFORMATION TECHNOLOGY,Bhartruhari Mahtab Shri,Ordinary Bill,,,,,Lapsed,https://sansad.in/getFile/BillsTexts/LSBillTexts/Asintroduced/1286LS As Int....pdf?source=legislation
2332,225,152,"The Code of  Civil Procedure (Amendment) Bill, 2018 (Substitution of  new sections 35A and 35B)",Lok Sabha,2018-12-28,HOME AFFAIRS,Bhartruhari Mahtab Shri,Ordinary Bill,,,,,Lapsed,https://sansad.in/getFile/BillsTexts/LSBillTexts/Asintroduced/1780LS AS INTRO.pdf?source=legislation
2333,225,158,"The Constitution (Amendment) Bill, 2018 (Amendment of  article 142)",Lok Sabha,2018-12-28,LAW AND JUSTICE,Bhartruhari Mahtab Shri,Ordinary Bill,,,,,Lapsed,https://sansad.in/getFile/BillsTexts/LSBillTexts/Asintroduced/1839LS AS INTRO.pdf?source=legislation
2334,225,129,"The Maintenance and Welfare of  Parents and Senior Citizens (Amendment) Bill, 2018 (Insertion of  new Chapter VA)",Lok Sabha,2018-08-03,SOCIAL JUSTICE AND EMPOWERMENT,Bhartruhari Mahtab Shri,Financial Bill,,,,,Lapsed,https://sansad.in/getFile/BillsTexts/LSBillTexts/Asintroduced/697 as.pdf?source=legislation
2335,225,309,"The Constitution (Amendment) Bill, 2016 (Amendment of articles 124, etc.)",Lok Sabha,2017-03-10,LAW AND JUSTICE,Bhartruhari Mahtab Shri,Ordinary Bill,,,,,Lapsed,https://sansad.in/getFile/BillsTexts/LSBillTexts/Asintroduced/3276.pdf?source=legislation
2336,225,152,"The Constitution (Amendment) Bill, 2016 (Amendment of article 75, etc.)",Lok Sabha,2016-08-05,LAW AND JUSTICE,Bhartruhari Mahtab Shri,Ordinary Bill,,,,,Lapsed,https://sansad.in/getFile/BillsTexts/LSBillTexts/Asintroduced/1044LS As.pdf?source=legislation
2337,225,75,"The Indian Penal Code (Amendment) Bill, 2016  (Substitution of new section for section 124A)",Lok Sabha,2016-04-29,HOME AFFAIRS,Bhartruhari Mahtab Shri,Ordinary Bill,,,,,Lapsed,https://sansad.in/getFile/BillsTexts/LSBillTexts/Asintroduced/5310LS.pdf?source=legislation
2338,225,288,"The Religious Conversion (Prohibition) Bill, 2015",Lok Sabha,2015-12-18,HOME AFFAIRS,Bhartruhari Mahtab Shri,Ordinary Bill,,,,,Lapsed,https://sansad.in/getFile/BillsTexts/LSBillTexts/Asintroduced/3027LS.pdf?source=legislation
2339,225,298,"The Prevention of Cruelty to Animals (Amendment) Bill, 2015 (Substitution of new section for section 28)",Lok Sabha,2015-12-18,ENVIRONMENT AND FORESTS,Bhartruhari Mahtab Shri,Ordinary Bill,,,,,Lapsed,https://sansad.in/getFile/BillsTexts/LSBillTexts/Asintroduced/2879LS.pdf?source=legislation
2340,225,166,"The Constitution (Amendment) Bill, 2015 (Amendment of the Preamble, etc.)",Lok Sabha,2015-08-07,HOME AFFAIRS,Bhartruhari Mahtab Shri,Ordinary Bill,,,,,Lapsed,https://sansad.in/getFile/BillsTexts/LSBillTexts/Asintroduced/1187LS.pdf?source=legislation
2341,225,212,"The Code of Criminal Procedure (Amendment) Bill, 2015 (Insertion of new section 199A)",Lok Sabha,2015-08-07,HOME AFFAIRS,Bhartruhari Mahtab Shri,Ordinary Bill,,,,,Pending,https://sansad.in/getFile/BillsTexts/LSBillTexts/Asintroduced/1493LS.pdf?source=legislation
2342,225,216,"The Drugs and Cosmetics (Amendment) Bill, 2015 (Insertion of new Chapter IIIA)",Lok Sabha,2015-08-07,CHEMICALS AND FERTILIZERS,Bhartruhari Mahtab Shri,Financial Bill,,,,,Pending,https://sansad.in/getFile/BillsTexts/LSBillTexts/Asintroduced/1550LS.pdf?source=legislation
2343,225,64,"The Constitution (Amendment) Bill, 2015 (Amendment of articles 123 and 213)",Lok Sabha,2015-03-13,LAW AND JUSTICE,Bhartruhari Mahtab Shri,Ordinary Bill,,,,,Lapsed,https://sansad.in/getFile/BillsTexts/LSBillTexts/Asintroduced/4750LS.pdf?source=legislation
2344,225,21,"The Domestic Workers (Welfare and Regulation of Employment) Bill, 2015.",Lok Sabha,2015-02-27,LABOUR  AND  EMPLOYMENT,Bhartruhari Mahtab Shri,Financial Bill,,,,,Lapsed,https://sansad.in/getFile/BillsTexts/LSBillTexts/Asintroduced/4204LS.pdf?source=legislation
2345,225,24,"The Constitution (Amendment) Bill, 2015  (Insertion of new article 14A, etc.).",Lok Sabha,2015-02-27,LAW AND JUSTICE,Bhartruhari Mahtab Shri,Ordinary Bill,,,,,Lapsed,https://sansad.in/getFile/BillsTexts/LSBillTexts/Asintroduced/4328LS.pdf?source=legislation
2346,225,173,"The Euthanasia (Regulation) Bill, 2014.",Lok Sabha,2014-12-12,HEALTH AND FAMILY WELFARE,Bhartruhari Mahtab Shri,Financial Bill,,,,,Lapsed,https://sansad.in/getFile/BillsTexts/LSBillTexts/Asintroduced/2873LS.pdf?source=legislation
2347,225,116,"The Acid Control, Prevention of Acid Attacks and Rehabilitation of Acid Attack Victims Bill, 2014.",Lok Sabha,2014-11-28,HOME AFFAIRS,Bhartruhari Mahtab Shri,Financial Bill,,,,,Lapsed,https://sansad.in/getFile/BillsTexts/LSBillTexts/Asintroduced/2464LS.pdf?source=legislation
2348,225,117,"The Surrogacy (Regulation) Bill, 2014.",Lok Sabha,2014-11-28,HEALTH AND FAMILY WELFARE,Bhartruhari Mahtab Shri,Ordinary Bill,,,,,Lapsed,https://sansad.in/getFile/BillsTexts/LSBillTexts/Asintroduced/2392ls.pdf?source=legislation
2349,225,41,"The Senior Citizens (Provision of Geriatric and Dementia Care) Bill, 2014.",Lok Sabha,2014-07-11,SOCIAL JUSTICE AND EMPOWERMENT,Bhartruhari Mahtab Shri,Financial Bill,,,,,Lapsed,https://sansad.in/getFile/BillsTexts/LSBillTexts/Asintroduced/779LS.pdf?source=legislation
2350,225,42,"The Water (Prevention and Control of Pollution) Amendment Bill, 2014 (Amendment of section 2, etc.).",Lok Sabha,2014-07-11,ENVIRONMENT AND FORESTS,Bhartruhari Mahtab Shri,Financial Bill,,,,,Lapsed,https://sansad.in/getFile/BillsTexts/LSBillTexts/Asintroduced/777LS.pdf?source=legislation
2351,225,43,"The Public Sector Banks (Control of Non-Performing Assets) Bill, 2014.",Lok Sabha,2014-07-11,FINANCE,Bhartruhari Mahtab Shri,Financial Bill,,,,,Lapsed,https://sansad.in/getFile/BillsTexts/LSBillTexts/Asintroduced/776LS.pdf?source=legislation
2352,225,44,"The Hindu Marriage (Amendment) Bill, 2014 (Amendment of section 3, etc.).",Lok Sabha,2014-07-11,LAW AND JUSTICE,Bhartruhari Mahtab Shri,Ordinary Bill,,,,,Lapsed,https://sansad.in/getFile/BillsTexts/LSBillTexts/Asintroduced/778LS.pdf?source=legislation
2353,225,114,"The Water (Prevention and Control of Pollution) Amendment Bill, 2012 (Amendment of section 2, etc.).",Lok Sabha,2012-12-07,ENVIRONMENT AND FORESTS,Bhartruhari Mahtab Shri,Financial Bill,,,,,Lapsed,https://sansad.in/getFile/BillsTexts/LSBillTexts/Asintroduced/3206ls.pdf?source=legislation
2354,1435,XV,"The Hindu Marriage (Amendment) Bill, 1966",Rajya Sabha,1966-02-09,,R.K. Bhuwalka Shri,Ordinary Bill,,,,,Lapsed,
2355,2585,XIX,"The Prevention of Cruelty to Animals (Amendment) Bill, 2025",Rajya Sabha,2025-12-05,"fisheries, animal husbandry and dairying",Sudha Murty Smt.,Financial Bill,,,,,Pending,https://sansad.in/getFile/BillsTexts/RSBillTexts/Asintroduced/141211202545712PM.pdf?source=legislation
2356,2207,III,"The Constitution (Amendment) Bill, 2016 (amendment of article 72)",Rajya Sabha,2016-03-11,HOME AFFAIRS,Mansukh L. Mandaviya Shri,Ordinary Bill,,,,,Lapsed,https://sansad.in/getFile/BillsTexts/RSBillTexts/Asintroduced/72- 11 3 16-E.pdf?source=legislation
2357,2207,IV,"The National Authority for Rehabilitation and Welfare of Persons Living Around Railway Tracks Bill, 2016",Rajya Sabha,2016-03-11,RAILWAYS,Mansukh L. Mandaviya Shri,Ordinary Bill,,,,,Lapsed,https://sansad.in/getFile/BillsTexts/RSBillTexts/Asintroduced/track 11 3 16-E.pdf?source=legislation
2358,2207,VI,"The Teaching of Sanskrit as a Compulsory Language in Schools Bill, 2016",Rajya Sabha,2016-03-11,HUMAN RESOURCE  DEVELOPMENT,Mansukh L. Mandaviya Shri,Ordinary Bill,,,,,Lapsed,https://sansad.in/getFile/BillsTexts/RSBillTexts/Asintroduced/sanskrt-11 3 16-E.pdf?source=legislation
2359,2207,XXI,"The Prohibition of Using Telecommunication System for Hoax Calls Bill, 2015",Rajya Sabha,2015-12-04,COMMUNICATIONS AND INFORMATION TECHNOLOGY,Mansukh L. Mandaviya Shri,Ordinary Bill,,,,,Lapsed,https://sansad.in/getFile/BillsTexts/RSBillTexts/Asintroduced/hox cal-237w-E.pdf?source=legislation
2360,2207,XXII,"The Deposit Insurance and Credit Guarantee Corporation (Amendment) Bill, 2015",Rajya Sabha,2015-12-04,FINANCE,Mansukh L. Mandaviya Shri,Ordinary Bill,,,,,Lapsed,https://sansad.in/getFile/BillsTexts/RSBillTexts/Asintroduced/depost ins-237w-E.pdf?source=legislation
2361,2207,XXIII,"The Constitution (Amendment) Bill, 2015 (amendment of article 348)",Rajya Sabha,2015-12-04,LAW AND JUSTICE,Mansukh L. Mandaviya Shri,Ordinary Bill,,,,,Lapsed,https://sansad.in/getFile/BillsTexts/RSBillTexts/Asintroduced/348-237w-E.pdf?source=legislation
2362,2207,II,"The Constitution (Amendment) Bill, 2015 (amendment of article 58)",Rajya Sabha,2015-03-13,HOME AFFAIRS,Mansukh L. Mandaviya Shri,Constitutional Amendment Bill,,,,,Lapsed,https://sansad.in/getFile/BillsTexts/RSBillTexts/Asintroduced/58 -E.pdf?source=legislation
2363,2207,VI,"The Compulsory Registration of Callers Using Public Telephone Bill, 2015",Rajya Sabha,2015-03-13,COMMUNICATIONS AND INFORMATION TECHNOLOGY,Mansukh L. Mandaviya Shri,Ordinary Bill,,,,,Lapsed,https://sansad.in/getFile/BillsTexts/RSBillTexts/Asintroduced/teleph- E.pdf?source=legislation
2364,2207,XXIX,"The Constitution (Amendment) Bill, 2014 (amendment of article 130)",Rajya Sabha,2014-11-28,LAW AND JUSTICE,Mansukh L. Mandaviya Shri,Constitutional Amendment Bill,,,,,Lapsed,https://sansad.in/getFile/BillsTexts/RSBillTexts/Asintroduced/130 -E.pdf?source=legislation
2365,2207,XXX,"The Constitution (Amendment) Bill, 2014 (amendment of article 155)",Rajya Sabha,2014-11-28,LAW AND JUSTICE,Mansukh L. Mandaviya Shri,Constitutional Amendment Bill,,,,,Lapsed,https://sansad.in/getFile/BillsTexts/RSBillTexts/Asintroduced/155- E.pdf?source=legislation
2366,2207,XXXI,"The Constitution (Amendment) Bill, 2014 (amendment of article 107)",Rajya Sabha,2014-11-28,PARLIAMENTARY  AFFAIRS,Mansukh L. Mandaviya Shri,Constitutional Amendment Bill,,,,,Lapsed,https://sansad.in/getFile/BillsTexts/RSBillTexts/Asintroduced/107 -E.pdf?source=legislation
2367,2207,XXIV,"The Immoral Traffic (Prevention) Amendment Bill, 2013.",Rajya Sabha,2014-07-11,WOMEN AND CHILD DEVELOPMENT,Mansukh L. Mandaviya Shri,Ordinary Bill,,,,,Lapsed,https://sansad.in/getFile/BillsTexts/RSBillTexts/Asintroduced/Im trafic-E.pdf?source=legislation
2368,2207,XXV,"The Motor Vehicles (Amendment) Bill, 2013.",Rajya Sabha,2014-07-11,ROAD TRANSPORT AND HIGHWAYS,Mansukh L. Mandaviya Shri,Ordinary Bill,,,,,Lapsed,https://sansad.in/getFile/BillsTexts/RSBillTexts/Asintroduced/motor-E.pdf?source=legislation
2369,2207,XXVI,"The High Court of Gujarat (Establishment of a Permanent Bench at Surat) Bill, 2013.",Rajya Sabha,2014-07-11,LAW AND JUSTICE,Mansukh L. Mandaviya Shri,Ordinary Bill,,,,,Lapsed,https://sansad.in/getFile/BillsTexts/RSBillTexts/Asintroduced/h court-E.pdf?source=legislation
2370,1815,XXV,"The Agricultural Workers Bill,1983",Rajya Sabha,1983-12-22,LABOUR,Harkishan Singh Surjeet Shri,Ordinary Bill,,,,,Lapsed,
2371,227,LXII,"The Removal of Homelessness Bill, 2001",Rajya Sabha,2002-10-05,SOCIAL JUSTICE AND EMPOWERMENT,Dasari Narayana Rao Dr.,Ordinary Bill,,,,,Lapsed,https://sansad.in/getFile/BillsTexts/RSBillTexts/Asintroduced/LXII_2001.pdf?source=legislation
2372,227,XLV,"The Girl Child Born of Parents Living Below Poverty Line (Special Provisions for Upbringing and Welfare) Bill, 2001",Rajya Sabha,2001-10-08,HUMAN RESOURCE  DEVELOPMENT,Dasari Narayana Rao Dr.,Ordinary Bill,,,,,Lapsed,https://sansad.in/getFile/BillsTexts/RSBillTexts/Asintroduced/XLV_2001.pdf?source=legislation
2373,227,XXIII,"The Children Pavement Dwellers and Sex Workers (Prevention of Abuse and Welfare Measures) Bill, 2001",Rajya Sabha,2001-10-08,SOCIAL JUSTICE AND EMPOWERMENT,Dasari Narayana Rao Dr.,Ordinary Bill,,,,,Lapsed,https://sansad.in/getFile/BillsTexts/RSBillTexts/Asintroduced/XXIII_2001.pdf?source=legislation
2374,227,LXI,"The Coastal Areas Vulnarable to Cyclones (Establishment of Early Warnng Centres and Introduction of Disaster Resistant Construction Technoques) Bill, 2001",Rajya Sabha,2001-10-05,AGRICULTURE,Dasari Narayana Rao Dr.,Ordinary Bill,,,,,Lapsed,https://sansad.in/getFile/BillsTexts/RSBillTexts/Asintroduced/LXI_2001.pdf?source=legislation
2375,227,XXXI,"The Compulsory Roof-Top Rainwater Harvesting Bill, 2001",Rajya Sabha,2001-10-05,WATER RESOURCES,Dasari Narayana Rao Dr.,Ordinary Bill,,,,,Lapsed,https://sansad.in/getFile/BillsTexts/RSBillTexts/Asintroduced/XXXI_2001.pdf?source=legislation
2376,227,X,"The Hawkers, Vendors, Rickshaw Pullers and Roadside Mechanics (Freedom of Earning Livelihood) Bill, 2001",Rajya Sabha,2001-08-10,LABOUR,Dasari Narayana Rao Dr.,Ordinary Bill,,,,,Lapsed,https://sansad.in/getFile/BillsTexts/RSBillTexts/Asintroduced/X_2001.pdf?source=legislation
2377,227,LIX,"The Draughe-prone, Poor backward preas (Development on Priority) Bill,2000",Rajya Sabha,2000-11-24,,Dasari Narayana Rao Dr.,Ordinary Bill,,,,,Lapsed,https://sansad.in/getFile/BillsTexts/RSBillTexts/Asintroduced/LIX_2000.pdf?source=legislation
2378,227,LVIII,"The Fishermen ( Protection and Welfare ) Bill,2000",Rajya Sabha,2000-11-24,AGRICULTURE,Dasari Narayana Rao Dr.,Ordinary Bill,,,,,Lapsed,https://sansad.in/getFile/BillsTexts/RSBillTexts/Asintroduced/LVIII_2000.pdf?source=legislation
2379,227,LX,"The Farmers Affected by Natural Calamities (Adequate Compensation and miscellaneous Provisions) Bill,2000",Rajya Sabha,2000-11-24,AGRICULTURE,Dasari Narayana Rao Dr.,Ordinary Bill,,,,,Lapsed,https://sansad.in/getFile/BillsTexts/RSBillTexts/Asintroduced/LX_2000.pdf?source=legislation
2380,2209,XIII,"The Representation of the People (Amendment) Bill, 2016 (amendment of section 14)",Rajya Sabha,2016-03-11,LAW AND JUSTICE,Rangasayee Ramakrishna Shri,Ordinary Bill,,,,,Lapsed,https://sansad.in/getFile/BillsTexts/RSBillTexts/Asintroduced/R P - 11 3 16-E.pdf?source=legislation
2381,1047,LIII,"The Constitution (Amendment) Bill, 1990 [Insertion of new article 51A]",Rajya Sabha,1990-08-31,,John F. Fernandes Shri,Ordinary Bill,,,,,Lapsed,
2382,230,LXXVI,"The High Court of Andhra Pradesh ( Establishment of a parmanent Bench at guinter) Bill,1992",Rajya Sabha,1993-02-26,,Yadlapati Venkat Rao Shri,Ordinary Bill,,,,,Lapsed,
2383,2210,XLII,"The Adaptation to Climate Change (Resilience, Rehabilitation and Resettlement) Bill, 2023",Rajya Sabha,2023-12-08,ENVIRONMENT AND FORESTS,Vandana Chavan Smt.,Ordinary Bill,,,,,Removed,https://sansad.in/getFile/BillsTexts/RSBillTexts/Asintroduced/adaptation to climate-E- Final1219202342730PM.pdf?source=legislation
2384,2210,LIX,"The Right of Children to Free and Compulsory Education (Amendment) Bill, 2018",Rajya Sabha,2019-07-12,HUMAN RESOURCE  DEVELOPMENT,Vandana Chavan Smt.,Ordinary Bill,,,,,Removed,https://sansad.in/getFile/BillsTexts/RSBillTexts/Asintroduced/RTE-E-12719.pdf?source=legislation
2385,2210,XLV,"The Children with Specific Learning Disabilities (Identification and Support in Education) Bill, 2018",Rajya Sabha,2019-07-12,SOCIAL JUSTICE AND EMPOWERMENT,Vandana Chavan Smt.,Ordinary Bill,,,,,Removed,https://sansad.in/getFile/BillsTexts/RSBillTexts/Asintroduced/children-E-12719.pdf?source=legislation
2386,2210,XLVI,"The Contract Labour (Regulation and Abolition) Amendment Bill, 2018",Rajya Sabha,2019-07-12,LABOUR  AND  EMPLOYMENT,Vandana Chavan Smt.,Ordinary Bill,,,,,Removed,https://sansad.in/getFile/BillsTexts/RSBillTexts/Asintroduced/contract-E-12719.pdf?source=legislation
2387,2210,LXVIII,"The Children with Specific Learning Disabilities (Identification and Support in Education) Bill, 2016",Rajya Sabha,2017-03-24,WOMEN AND CHILD DEVELOPMENT,Vandana Chavan Smt.,Ordinary Bill,,,,,Lapsed,https://sansad.in/getFile/BillsTexts/RSBillTexts/Asintroduced/children-24317-E.pdf?source=legislation
2388,1818,LIX,"The Constitution ( Amendment) Bill,1994 ( to amend articles 15 and 16)",Rajya Sabha,1994-08-26,,G. Swaminathan Shri,Ordinary Bill,,,,,Lapsed,
2389,2590,LXV,"The Constitution (Amendment) Bill, 2025 (amendment of the Preamble)",Rajya Sabha,2025-12-05,HOME AFFAIRS,Bhim Singh Dr.,Constitutional Amendment Bill,,,,,Pending,https://sansad.in/getFile/BillsTexts/RSBillTexts/Asintroduced/51211202545518PM.pdf?source=legislation
2390,2590,LXXII,"The Urban Areas (Development and Regulation) Bill, 2024",Rajya Sabha,2025-12-05,Housing and Urban Affairs,Bhim Singh Dr.,Financial Bill,,,,,Pending,https://sansad.in/getFile/BillsTexts/RSBillTexts/Asintroduced/41211202545504PM.pdf?source=legislation
2391,231,XXVIII,"The High Court Of Andhra Pradesh ( Establishment of Permanent Bench at Vijaywada) Bill, 2002",Rajya Sabha,,,K. Rama Mohana Rao Shri,Ordinary Bill,,,,,,
2392,232,12,"The Agricultural Workers (Employment, Conditions of Service and Welfare) Bill, 2001",Lok Sabha,2002-03-22,LABOUR,Gowdar Mallikarjunappa Shri,Financial Bill,,,,,Pending,
2393,232,5,"The Cinematograph (Amendment) Bill, 2001 (Amendment  of  section 5B)",Lok Sabha,2002-03-22,INFORMATION AND BROADCASTING,Gowdar Mallikarjunappa Shri,Ordinary Bill,,,,,Pending,
2394,2212,III,"The Constitution (Amendment) Bill, 2020 (insertion of new article 47A)",Rajya Sabha,2020-02-07,HEALTH AND FAMILY WELFARE,Anil Desai Shri,Ordinary Bill,,,,,Removed,https://sansad.in/getFile/BillsTexts/RSBillTexts/Asintroduced/47A-E-7 2 20.pdf?source=legislation
2395,1821,VI,"The Cow Protection Bill, 2017",Rajya Sabha,2017-03-24,AGRICULTURE,Subramanian Swamy Dr.,Ordinary Bill,,,,,Withdrawn,https://sansad.in/getFile/BillsTexts/RSBillTexts/Asintroduced/cow-24317-E.pdf?source=legislation
2396,1821,XLV,"The Protection of Children from Sexual Offences (Amendment) Bill, 2016",Rajya Sabha,2016-11-18,WOMEN AND CHILD DEVELOPMENT,Subramanian Swamy Dr.,Ordinary Bill,,,,,Withdrawn,https://sansad.in/getFile/BillsTexts/RSBillTexts/Asintroduced/prot child-181116-E.pdf?source=legislation
2397,234,VI,"The Legal Services Authorities (Amendment) Bill, 2002.",Rajya Sabha,2003-07-25,,N. K. Premachandran Shri,Ordinary Bill,,,,,,
2398,234,I,"The High Court of Kerela (Establishment of a permanent Bench at Thiruvanantha puram ) Bill,2003",Rajya Sabha,2003-02-21,,N. K. Premachandran Shri,Ordinary Bill,,,,,Lapsed,
2399,234,69,"The Most Backward Classes (Proportional Representation in Services and Educational Institutions) BIll, 2002",Lok Sabha,2002-11-22,SOCIAL JUSTICE AND EMPOWERMENT,Brahmanand Mandal Shri,Financial Bill,,,,,Pending,https://sansad.in/getFile/BillsTexts/LSBillTexts/Asintroduced/3621LS.pdf?source=legislation
2400,235,XXXVIII,"The Constitution (Amendment) Bill, 2001 (Insertion of new article 214)",Rajya Sabha,2001-07-27,WATER RESOURCES,Bharati Ray Prof.(Smt),Ordinary Bill,,,,,Lapsed,https://sansad.in/getFile/BillsTexts/RSBillTexts/Asintroduced/XXXVIII_2001.pdf?source=legislation
2401,237,XLII,"The Quality and Accountability in Education Bill, 2009.",Rajya Sabha,2009-12-18,HUMAN RESOURCE  DEVELOPMENT,Mabel Rebello Ms.,Ordinary Bill,,,,,Lapsed,https://sansad.in/getFile/BillsTexts/RSBillTexts/Asintroduced/quality XLII 09.pdf?source=legislation
2402,237,XLIII,"The Naxalite Affected Areas (Special Provisions) Bill, 2009.",Rajya Sabha,2009-12-18,HOME AFFAIRS,Mabel Rebello Ms.,Ordinary Bill,,,,,Lapsed,https://sansad.in/getFile/BillsTexts/RSBillTexts/Asintroduced/naxa XLIII 09.pdf?source=legislation
2403,237,XLV,"The Prevention of Hunger and Malnutrition and Right to Food Bill, 2009.",Rajya Sabha,2009-12-18,"CONSUMER AFFAIRS, FOOD AND PUBLIC DISTRIBUTION",Mabel Rebello Ms.,Ordinary Bill,,,,,Lapsed,https://sansad.in/getFile/BillsTexts/RSBillTexts/Asintroduced/hunger XLV 09.pdf?source=legislation
2404,1448,XXVI,"The Constitution (Amendment) Bill, 1971 [Substitution of new article for article 37]",Rajya Sabha,1971-11-26,HOME AFFAIRS,A. D. Mani Shri,Ordinary Bill,,,,,Lapsed,
2405,1448,XXIII,"The Indian Telegraph (Amendment) Bill, 1969",Rajya Sabha,1969-11-28,,A. D. Mani Shri,Ordinary Bill,,,,,Withdrawn,
2406,1448,III,"The Representation of the People (Amendment) Bill, 1969",Rajya Sabha,1969-02-27,,A. D. Mani Shri,Ordinary Bill,,,,,Lapsed,
2407,1448,XXXVI,"The Industrial Disputes (Amendment) Bill, 1968",Rajya Sabha,1968-11-29,,A. D. Mani Shri,Ordinary Bill,,,,,Lapsed,
2408,1448,IX,"The Constitution (Amendment) Bill, 1966 (to amend article 101)",Rajya Sabha,1966-05-08,,A. D. Mani Shri,Ordinary Bill,,,,,Lapsed,
2409,1448,III,"The Constitution (Amendment) Bill, 1965 (to amend the article 101)",Rajya Sabha,1965-02-26,,A. D. Mani Shri,Ordinary Bill,,,,,Lapsed,
2410,1448,XXVII,"The Constitution (Amendment) Bill, 1963 (to amend article 143)",Rajya Sabha,1963-08-23,,A. D. Mani Shri,Ordinary Bill,,,,,Negatived,
2411,672,II,"The Insurance (Amendment) Bill, 1955",Rajya Sabha,1955-03-25,,Bimal Comar Ghose Shri,Ordinary Bill,,,,,Withdrawn,
2412,239,IV,"The Children (Compulsory Learning and Imparting Basic Education in mother tongue) Bill, 2003",Rajya Sabha,2003-02-21,HUMAN RESOURCE  DEVELOPMENT,C. Narayana Reddy Dr.,Ordinary Bill,,,,,Lapsed,
2413,673,XI,"The Constitution ( Amendment) Bill, 1974 (To amend article 344,345,346. etc)",Rajya Sabha,1974-05-03,HOME AFFAIRS,Jagatpal Singh Thakur,Ordinary Bill,,,,,Lapsed,
2414,1058,XXII,"The Indian Trade Unions (Amendment) Bill, 1954",Rajya Sabha,1954-12-17,LABOUR,T.V. Kamalaswamy Shri,Ordinary Bill,,,,,Negatived,
2415,240,IX,"The Education of Unemployment Bill, 2002.",Rajya Sabha,2002-07-19,LABOUR,P. Prabhakar Reddy Shri,Ordinary Bill,,,,,Lapsed,
2416,240,XIII,"The Tourism Promotion Bill, 2002",Rajya Sabha,2002-07-19,TOURISM AND CULTURE,P. Prabhakar Reddy Shri,Ordinary Bill,,,,,Lapsed,
2417,240,XXIV,"The Prohibition of Publication of Pre-Election Survey Bill, 2001",Rajya Sabha,2001-10-08,,P. Prabhakar Reddy Shri,Ordinary Bill,,,,,Lapsed,https://sansad.in/getFile/BillsTexts/RSBillTexts/Asintroduced/XXIV_2001.pdf?source=legislation
2418,240,XXVI,"The Securities and Exchange Board of India (Amendment) Bill, 2001",Rajya Sabha,2001-10-08,,P. Prabhakar Reddy Shri,Ordinary Bill,,,,,Lapsed,https://sansad.in/getFile/BillsTexts/RSBillTexts/Asintroduced/XXVI_2001.pdf?source=legislation
2419,240,XXVII,"The Foreign Aid Fund of India (Regulation) Bill, 2001",Rajya Sabha,2001-08-10,,P. Prabhakar Reddy Shri,Ordinary Bill,,,,,Lapsed,https://sansad.in/getFile/BillsTexts/RSBillTexts/Asintroduced/XXVII_2001.pdf?source=legislation
2420,240,XV,"The Constitution ( Amendment) Bill,20009 To amend article 324)",Rajya Sabha,2000-12-22,,P. Prabhakar Reddy Shri,Ordinary Bill,,,,,Lapsed,https://sansad.in/getFile/BillsTexts/RSBillTexts/Asintroduced/XV_2000.pdf?source=legislation
2421,240,XXI,"The Small Family Norms (Incentire) Bill,2000",Rajya Sabha,2000-12-22,HEALTH AND FAMILY WELFARE,P. Prabhakar Reddy Shri,Ordinary Bill,,,,,Lapsed,https://sansad.in/getFile/BillsTexts/RSBillTexts/Asintroduced/XXI_2000.pdf?source=legislation
2422,240,XXXI,"The Constitution ( Amendment) Bill,1999 (to amend article 171)",Rajya Sabha,2000-12-22,,P. Prabhakar Reddy Shri,Ordinary Bill,,,,,Lapsed,https://sansad.in/getFile/BillsTexts/RSBillTexts/Asintroduced/XXXI_1999.pdf?source=legislation
2423,240,XIII,"The Commissions of Inquiry ( Amendment) Bill,1999",Rajya Sabha,1999-03-12,,P. Prabhakar Reddy Shri,Ordinary Bill,,,,,Lapsed,https://sansad.in/getFile/BillsTexts/RSBillTexts/Asintroduced/XIII_1999.pdf?source=legislation
2424,240,XIV,"The Abolition of Begging Bill,1999",Rajya Sabha,1999-03-12,SOCIAL JUSTICE AND EMPOWERMENT,P. Prabhakar Reddy Shri,Ordinary Bill,,,,,Lapsed,https://sansad.in/getFile/BillsTexts/RSBillTexts/Asintroduced/XIV_1999.pdf?source=legislation
2425,240,II,"The Constitution ( Amendment) Bill,1999 (Insertion of new article 30 A)",Rajya Sabha,1999-03-01,RURAL DEVELOPMENT,P. Prabhakar Reddy Shri,Ordinary Bill,,,,,Lapsed,https://sansad.in/getFile/BillsTexts/RSBillTexts/Asintroduced/II_1999.pdf?source=legislation
2426,240,XX,"The Constitution ( Amendment) Bill,1998 ( to amend article 80)",Rajya Sabha,1998-04-12,HOME AFFAIRS,P. Prabhakar Reddy Shri,Ordinary Bill,,,,,Lapsed,
2427,240,XXI,"The Constitution ( Amendment) Bill,1998 ( insertion of new articles of 74 A and 163 A)",Rajya Sabha,1998-04-12,HOME AFFAIRS,P. Prabhakar Reddy Shri,Ordinary Bill,,,,,Lapsed,
2428,240,XXX,"The Constitution ( Amendment) Bill,1998 ( to amend art 48 A)",Rajya Sabha,1998-04-12,ENVIRONMENT AND FORESTS,P. Prabhakar Reddy Shri,Ordinary Bill,,,,,Lapsed,
2429,240,LXXIX,"The Constitution (Amendment) Bill,2002 ( to armend article 275)",Rajya Sabha,,,P. Prabhakar Reddy Shri,Ordinary Bill,,,,,,
2430,1828,V,"The Hindu Marriage (Amendment) Bill, 1958",Rajya Sabha,1958-09-12,,Waman Sheodas Barlingay Dr.,Ordinary Bill,,,,,Lapsed,
2431,242,XLVI,"The Farmers (Old Age Allowance Bill,2000",Rajya Sabha,2000-08-18,RURAL DEVELOPMENT,Solipeta Ramachandra Reddy Shri,Ordinary Bill,,,,,Lapsed,https://sansad.in/getFile/BillsTexts/RSBillTexts/Asintroduced/XLVI_2000.pdf?source=legislation
2432,242,XVII,"The Constitution (Amendment) Bill, 2000 (to amend the Tenth Schedule)",Rajya Sabha,2000-04-28,,Solipeta Ramachandra Reddy Shri,Ordinary Bill,,,,,Lapsed,https://sansad.in/getFile/BillsTexts/RSBillTexts/Asintroduced/XVII_2000.pdf?source=legislation
2433,242,XXIII,"The Prevention of Production,Distribution and Sale of Sythentic Milk Bill, 1999",Rajya Sabha,2000-04-28,HEALTH AND FAMILY WELFARE,Solipeta Ramachandra Reddy Shri,Ordinary Bill,,,,,Lapsed,https://sansad.in/getFile/BillsTexts/RSBillTexts/Asintroduced/XXIII_1999.pdf?source=legislation
2434,242,XXIII,"The Neglected Abundoned and Indigent, Widows (Welfare) Bill, 2000",Rajya Sabha,2000-04-28,SOCIAL JUSTICE AND EMPOWERMENT,Solipeta Ramachandra Reddy Shri,Ordinary Bill,,,,,Lapsed,https://sansad.in/getFile/BillsTexts/RSBillTexts/Asintroduced/XXIII_2000.pdf?source=legislation
2435,242,IX,"The Small and Marginal Farmers (Welfare) Bill,1999",Rajya Sabha,1999-12-03,AGRICULTURE,Solipeta Ramachandra Reddy Shri,Ordinary Bill,,,,,Lapsed,https://sansad.in/getFile/BillsTexts/RSBillTexts/Asintroduced/IX_1999.pdf?source=legislation
2436,242,XVI,"The Agricultural Workers ( Protision for Continuons Employment Condctions of Science and Welfare measures) Bill,1999",Rajya Sabha,1999-03-12,AGRICULTURE,Solipeta Ramachandra Reddy Shri,Ordinary Bill,,,,,Lapsed,https://sansad.in/getFile/BillsTexts/RSBillTexts/Asintroduced/XVI_1999.pdf?source=legislation
2437,242,XXXIV,"The Cyelone Prone Coastal Areas (Spl Financial Packag for Devalopment and Miseellaneans Provisions ) Bill,1998",Rajya Sabha,1998-12-18,,Solipeta Ramachandra Reddy Shri,Ordinary Bill,,,,,,
2438,242,XIX,"The Handloom Weavers ( viable working Condition and other welfare measure ) Bill,1998",Rajya Sabha,1998-04-12,TEXTILES,Solipeta Ramachandra Reddy Shri,Ordinary Bill,,,,,Lapsed,
2439,242,XXV,"The Constitution ( Amendment) Bill,1998 ( to amend art 124)",Rajya Sabha,,,Solipeta Ramachandra Reddy Shri,Ordinary Bill,,,,,Lapsed,
2440,2224,XLVI,"The High Courts (Use of Official Languages) Bill, 2016",Rajya Sabha,2017-03-10,HOME AFFAIRS,Bhupender Yadav Shri,Ordinary Bill,,,,,Lapsed,https://sansad.in/getFile/BillsTexts/RSBillTexts/Asintroduced/high crt 10317-E.pdf?source=legislation
2441,2224,XI,"The Vexatious Litigation (Prevention) Bill, 2016",Rajya Sabha,2016-03-11,LAW AND JUSTICE,Bhupender Yadav Shri,Ordinary Bill,,,,,Lapsed,https://sansad.in/getFile/BillsTexts/RSBillTexts/Asintroduced/Vex- 11 3 16-E.pdf?source=legislation
2442,2224,XVI,"The Right of Children to Free and Compulsory Education (Amendment) Bill, 2016",Rajya Sabha,2016-03-11,HUMAN RESOURCE  DEVELOPMENT,Bhupender Yadav Shri,Ordinary Bill,,,,,Lapsed,https://sansad.in/getFile/BillsTexts/RSBillTexts/Asintroduced/RTE - 11 3 16-E.pdf?source=legislation
2443,1830,XVI,"The Constitution (Amendment)Bill, 1974 (Insertion of new art 29 A &omission of art 45.)",Rajya Sabha,1974-08-18,,N.P. Chaudhari Shri,Ordinary Bill,,,,,Withdrawn,
2444,1830,XIX,"The Constitution (amendment)Bill,1974(Amendment of article850",Rajya Sabha,1974-08-16,HOME AFFAIRS,N.P. Chaudhari Shri,Ordinary Bill,,,,,Withdrawn,
2445,1830,XVII,"The Constitution (Amendment) Bill, 1974( amendment of arts 105& 194)",Rajya Sabha,1974-08-16,HOME AFFAIRS,N.P. Chaudhari Shri,Ordinary Bill,,,,,Withdrawn,
2446,1830,XV,"The Constitution (Amendment) Bill, 1974 (To amend articles 74 and 163",Rajya Sabha,1974-08-02,,N.P. Chaudhari Shri,Ordinary Bill,,,,,Withdrawn,
2447,1830,XVIII,"The Constitution (Amendment )Bill,1974. (Substitution of new article for article 163)",Rajya Sabha,1974-08-02,,N.P. Chaudhari Shri,Ordinary Bill,,,,,Withdrawn,
2448,1830,XX,"The Constitution (Amendment) bill,1974( to amend articles 75 and 164)",Rajya Sabha,1974-08-02,,N.P. Chaudhari Shri,Ordinary Bill,,,,,Withdrawn,
2449,1830,XLII,"The Indian Divorce (Amendment) Bill,1973.",Rajya Sabha,1973-12-21,,N.P. Chaudhari Shri,Ordinary Bill,,,,,Lapsed,
2450,1064,LII,"The Constitution (Amendment) Bill, 2001 (to amend article 75,84, 99 etc.)",Rajya Sabha,2001-10-08,,Ravi Shankar Pandit,Ordinary Bill,,,,,Lapsed,https://sansad.in/getFile/BillsTexts/RSBillTexts/Asintroduced/LII_2001.pdf?source=legislation
2451,2605,LXXI,"The Food Safety and Standards (Amendment) Bill, 2025",Rajya Sabha,2025-12-05,HEALTH AND FAMILY WELFARE,Medha Vishram Kulkarni Dr.,Ordinary Bill,,,,,Pending,https://sansad.in/getFile/BillsTexts/RSBillTexts/Asintroduced/431211202550505PM.pdf?source=legislation
2452,2605,LXXIII,"The Protection of All Religions and Promotion of Mutual Respect for Faiths Bill, 2025",Rajya Sabha,2025-12-05,HOME AFFAIRS,Medha Vishram Kulkarni Dr.,Financial Bill,,,,,Pending,https://sansad.in/getFile/BillsTexts/RSBillTexts/Asintroduced/441211202550517PM.pdf?source=legislation
2453,2605,XXXVII,"The Bharatiya Nagarik Suraksha Sanhita (Amendment) Bill, 2025",Rajya Sabha,2025-12-05,HOME AFFAIRS,Medha Vishram Kulkarni Dr.,Ordinary Bill,,,,,Pending,https://sansad.in/getFile/BillsTexts/RSBillTexts/Asintroduced/421211202550452PM.pdf?source=legislation
2454,1457,XXVIII,"The Freedom of Infaormation Bill,1983",Rajya Sabha,1983-12-22,INFORMATION AND BROADCASTING,G.C. Bhattacharya Shri,Ordinary Bill,,,,,Lapsed,
2455,1457,XXXVI,"The Civil Servants ( Disclosure  and seruting of Finsncial Assts) Bill, 1983",Rajya Sabha,1983-12-22,,G.C. Bhattacharya Shri,Ordinary Bill,,,,,,
2456,680,XXXIII,"The Central Civil Services ( conduct) Bill, 1981",Rajya Sabha,1981-12-04,,Dipen Ghosh Shri,Ordinary Bill,,,,,,
2457,2606,LXX,"The Astrology (Regulation and Promotion) Bill, 2025",Rajya Sabha,2025-12-05,EDUCATION,Ajeet Madhavrao Gopchade Dr.,Financial Bill,,,,,Pending,https://sansad.in/getFile/BillsTexts/RSBillTexts/Asintroduced/291211202550214PM.pdf?source=legislation
2458,2606,XLII,"The National Blood Transfusion Bill, 2025",Rajya Sabha,2025-12-05,HEALTH AND FAMILY WELFARE,Ajeet Madhavrao Gopchade Dr.,Financial Bill,,,,,Pending,https://sansad.in/getFile/BillsTexts/RSBillTexts/Asintroduced/281211202550200PM.pdf?source=legislation
2459,2606,XXVIII,"The Information Technology (Amendment) Bill, 2025",Rajya Sabha,2025-12-05,ELECTRONICS AND INFORMATION TECHNOLOGY,Ajeet Madhavrao Gopchade Dr.,Ordinary Bill,,,,,Pending,https://sansad.in/getFile/BillsTexts/RSBillTexts/Asintroduced/271211202550148PM.pdf?source=legislation
2460,2606,LIX,"The Constitution (Amendment) Bill, 2024 (insertion of new articles 48-B and 51-B)",Rajya Sabha,2025-02-07,LAW AND JUSTICE,Ajeet Madhavrao Gopchade Dr.,Constitutional Amendment Bill,,,,,Pending,https://sansad.in/getFile/BillsTexts/RSBillTexts/Asintroduced/27e214202550358PM.pdf?source=legislation
2461,2606,LXVIII,"The Public Works (Quality Assurance and Transparency) Bill, 2024",Rajya Sabha,2025-02-07,Housing and Urban Affairs,Ajeet Madhavrao Gopchade Dr.,Financial Bill,,,,,Pending,https://sansad.in/getFile/BillsTexts/RSBillTexts/Asintroduced/28e214202550416PM.pdf?source=legislation
2462,683,VII,"The Constitution (Amendment) Bill, 1961.",Rajya Sabha,1961-03-10,,Sudhir Ghosh Shri,Ordinary Bill,,,,,,
2463,1462,XIX,"The Reservation of posts in central Govt services and seats in Educations the Backward classes Bill,1983",Rajya Sabha,1983-09-12,,Murasoli Maran Shri,Ordinary Bill,,,,,Lapsed,
2464,1462,XVIII,"The Representation of people ( Amendment) Bill,1983",Rajya Sabha,1983-09-12,,Murasoli Maran Shri,Ordinary Bill,,,,,Lapsed,
2465,1462,II,"The Representation of the people ( Amendment) Bill,183 ( to ensert new section 9B,10,B 33B, and 11)",Rajya Sabha,1983-03-18,,Murasoli Maran Shri,Ordinary Bill,,,,,,
2466,1462,XV,The Reservation of Posts in the Central Government services and reats in Educational Institution Backward classes Bill 1982,Rajya Sabha,1982-08-06,,Murasoli Maran Shri,Ordinary Bill,,,,,,
2467,1462,IV,"The Constitution (Amendment) Bill,1978 (to amend articles 120,210,etc)",Rajya Sabha,1978-12-01,HOME AFFAIRS,Murasoli Maran Shri,Ordinary Bill,,,,,,
2468,1462,VIII,"The Constitution (Amendment) Bill, 1977 (to amend articles 120,210,etc.)",Rajya Sabha,1977-12-16,HOME AFFAIRS,Murasoli Maran Shri,Ordinary Bill,,,,,Negatived,
2469,251,39,"The Delimitation (Amendment) Bill, 2006 (Amendment of section 2)",Lok Sabha,2006-12-05,LAW AND JUSTICE,Punnulal Mohale Shri,Ordinary Bill,,,,,Pending,https://sansad.in/getFile/BillsTexts/LSBillTexts/Asintroduced/97LS.pdf?source=legislation
2470,251,LXXX,"The Pre-Election Survey Results (Prevention of Publication) Bill, 2005.",Rajya Sabha,2005-08-25,,Manoj Bhattacharya Shri,Ordinary Bill,,,,,Lapsed,
2471,251,LXXXI,"The Foreign Aid Fund of India (Creation, control and Regulation) Bill, 2005.",Rajya Sabha,2005-08-25,,Manoj Bhattacharya Shri,Ordinary Bill,,,,,Lapsed,
2472,251,LXVI,"The Constitution (Amendment) Bill, 2005 (to amend Seventh Schedule).",Rajya Sabha,2005-07-29,,Manoj Bhattacharya Shri,Ordinary Bill,,,,,Lapsed,
2473,251,LXVIII,"The Consumer Protection (Amendment) Bill, 2005.",Rajya Sabha,2005-07-29,,Manoj Bhattacharya Shri,Ordinary Bill,,,,,Lapsed,
2474,251,16,"The Constitution (Scheduled Castes) Order (Amendment) Bill, 2004 (Amendment of the Schedule)",Lok Sabha,2004-09-07,SOCIAL JUSTICE AND EMPOWERMENT,Punnulal Mohale Shri,Constitutional Amendment Bill,,,,,Pending,https://sansad.in/getFile/BillsTexts/LSBillTexts/Asintroduced/740LS.pdf?source=legislation
2475,251,XXVIII,"The Computer and Management Training Centres (Regulation and Control) Bill, 2003.",Rajya Sabha,2003-04-25,HUMAN RESOURCE  DEVELOPMENT,Manoj Bhattacharya Shri,Ordinary Bill,,,,,,
2476,251,XXXII,"The Cinematograph (Amendment) Bill, 2003.",Rajya Sabha,2003-04-25,,Manoj Bhattacharya Shri,Ordinary Bill,,,,,,
2477,252,3,"The Constitution (Scheduled Tribes) Order (Amendment) Bill, 2002 (Amendment of the Schedule)",Lok Sabha,2002-05-03,TRIBAL AFFAIRS,Mohan Ponnuswamy Shri,Constitutional Amendment Bill,,,,,Lapsed,https://sansad.in/getFile/BillsTexts/LSBillTexts/Asintroduced/4594LS.pdf?source=legislation
2478,252,XLIX,"The Payment of Bonus (Amendment) Bill, 1996",Rajya Sabha,1997-02-21,LABOUR,E. Balanandan Shri,Ordinary Bill,,,,,Lapsed,
2479,252,LXIX,"The  Constitution (Scheduled Tribes) Order (Amendment) Bill, 1995",Rajya Sabha,1996-07-12,,E. Balanandan Shri,Ordinary Bill,,,,,Lapsed,
2480,252,LXIX,"The Constitution ( Scheduled Tribes) order ( Amendment) Bill,1995",Rajya Sabha,,,E. Balanandan Shri,Ordinary Bill,,,,,Lapsed,
2481,1463,XXV,"The Hoarding and Profiteering Prevention Bill, 1960",Rajya Sabha,1960-09-12,,Seeta Yudhvir Smt.,Ordinary Bill,,,,,Withdrawn,
2482,253,141,"The Compulsory Registration of Marriages Bill, 2005",Lok Sabha,2006-07-28,,Subodh Mohite Shri,Ordinary Bill,,,,,Pending,
2483,253,142,"The Code of Criminal Procedure (Amendment) Bill, 2005 (Amendment of section 2, etc.)",Lok Sabha,2006-07-28,HOME AFFAIRS,Subodh Mohite Shri,Financial Bill,,,,,Pending,
2484,253,144,"The Indian Medicines Development Corporation Bill, 2005",Lok Sabha,2006-07-28,HEALTH AND FAMILY WELFARE,Subodh Mohite Shri,Financial Bill,,,,,Pending,
2485,253,145,Cinematograph (Amendment) Bill 2005 (Amendment of section 5B),Lok Sabha,2006-07-28,INFORMATION AND BROADCASTING,Subodh Mohite Shri,Ordinary Bill,,,,,Pending,
2486,253,50,"The States Reorganisation Commission Bill, 2005",Lok Sabha,2005-07-29,HOME AFFAIRS,Subodh Mohite Shri,Financial Bill,,,,,Pending,https://sansad.in/getFile/BillsTexts/LSBillTexts/Asintroduced/5479LS.pdf?source=legislation
2487,253,53,"The Backward Areas Development Board Bill, 2005",Lok Sabha,2005-07-29,PLANNING,Subodh Mohite Shri,Financial Bill,,,,,Pending,https://sansad.in/getFile/BillsTexts/LSBillTexts/Asintroduced/5507LS.pdf?source=legislation
2488,253,57,"The Constitution (Amendment) Bill, 2005 (Insertion of new article 24A)",Lok Sabha,2005-07-29,"PERSONNEL,  PUBLIC  GRIEVANCES  AND  PENSIONS",Subodh Mohite Shri,Constitutional Amendment Bill,,,,,Pending,https://sansad.in/getFile/BillsTexts/LSBillTexts/Asintroduced/58LS.pdf?source=legislation
2489,253,59,"The National Parks Bill, 2005",Lok Sabha,2005-07-29,ENVIRONMENT AND FORESTS,Subodh Mohite Shri,Financial Bill,,,,,Pending,https://sansad.in/getFile/BillsTexts/LSBillTexts/Asintroduced/02LS.pdf?source=legislation
2490,253,107,"The Railways (Amendment) Bill, 2001  (Amendment  of article 126, etc.)",Lok Sabha,2002-03-22,RAILWAYS,Subodh Mohite Shri,Financial Bill,,,,,Pending,
2491,253,108,"The Code of Criminal Procedure (Amendment) Bill, 2001 (Amendment of sections 154 and 161)",Lok Sabha,2002-03-22,HOME AFFAIRS,Subodh Mohite Shri,Ordinary Bill,,,,,Pending,
2492,253,109,"The Government Employees (Protection From  Harassment) Bill, 2001",Lok Sabha,2002-03-22,"PERSONNEL,  PUBLIC  GRIEVANCES  AND  PENSIONS",Subodh Mohite Shri,Ordinary Bill,,,,,Pending,
2493,253,113,"The Indian Medical Council (Amendment) Bill, 2001 (Amendment of section 13, etc.)",Lok Sabha,2002-03-22,HEALTH AND FAMILY WELFARE,Subodh Mohite Shri,Ordinary Bill,,,,,Pending,
2494,253,158,The Constitution (Amendment) Bill 2000,Lok Sabha,2001-07-27,,Subodh Mohite Shri,Constitutional Amendment Bill,,,,,Pending,https://sansad.in/getFile/BillsTexts/LSBillTexts/Asintroduced/158_2000.pdf?source=legislation
2495,253,161,"The Constitution (Amendment) Bill, 2000 (Insertion of new Part XXIA, etc.)",Lok Sabha,2001-07-27,AGRICULTURE,Subodh Mohite Shri,Ordinary Bill,,,,,Lapsed,https://sansad.in/getFile/BillsTexts/LSBillTexts/Asintroduced/161-2000.pdf?source=legislation
2496,253,167,"The National Parks Bill, 2000",Lok Sabha,2001-07-27,ENVIRONMENT AND FORESTS,Subodh Mohite Shri,Ordinary Bill,,,,,Lapsed,https://sansad.in/getFile/BillsTexts/LSBillTexts/Asintroduced/4623LS.pdf?source=legislation
2497,253,121,"The Forest Conservation (Amendment) Bill, 2000 (Amendment of section 2, etc.)",Lok Sabha,2000-11-08,ENVIRONMENT AND FORESTS,Subodh Mohite Shri,Ordinary Bill,,,,,Lapsed,https://sansad.in/getFile/BillsTexts/LSBillTexts/Asintroduced/1785LS.pdf?source=legislation
2498,253,114,"The Compulsory Registration of Marriages Bill, 2000",Lok Sabha,2000-07-28,,Subodh Mohite Shri,Ordinary Bill,,,,,Lapsed,https://sansad.in/getFile/BillsTexts/LSBillTexts/Asintroduced/1629LS.pdf?source=legislation
2499,253,116,"The Cinematograph (Amendment) Bill, 2000",Lok Sabha,2000-07-28,INFORMATION AND BROADCASTING,Subodh Mohite Shri,Ordinary Bill,,,,,Lapsed,https://sansad.in/getFile/BillsTexts/LSBillTexts/Asintroduced/1633LS.pdf?source=legislation
2500,253,118,"The Indian Medicines Development Corporation Bill, 2000",Lok Sabha,2000-07-28,HEALTH AND FAMILY WELFARE,Subodh Mohite Shri,Financial Bill,,,,,Lapsed,https://sansad.in/getFile/BillsTexts/LSBillTexts/Asintroduced/1574LS.pdf?source=legislation
2501,253,174,"The States Reorganisation Commission Bill, 2000",Lok Sabha,2000-07-27,HOME AFFAIRS,Subodh Mohite Shri,Ordinary Bill,,,,,Lapsed,https://sansad.in/getFile/BillsTexts/LSBillTexts/Asintroduced/4661LS.pdf?source=legislation
2502,253,13,"The Backward Areas Development Board Bill, 2000",Lok Sabha,2000-04-20,PLANNING,Subodh Mohite Shri,Financial Bill,,,,,Lapsed,https://sansad.in/getFile/BillsTexts/LSBillTexts/Asintroduced/3456LS.pdf?source=legislation
2503,253,17,"The Freedom of Information Bill, 2000",Lok Sabha,2000-04-20,"PERSONNEL,  PUBLIC  GRIEVANCES  AND  PENSIONS",Subodh Mohite Shri,Financial Bill,,,,,Lapsed,https://sansad.in/getFile/BillsTexts/LSBillTexts/Asintroduced/3520LS.pdf?source=legislation
2504,253,20,"The Code of Criminal Procedure (Amendment) Bill, 2000 (Amendment of section 2, etc.)",Lok Sabha,2000-04-20,HOME AFFAIRS,Subodh Mohite Shri,Financial Bill,,,,,Lapsed,https://sansad.in/getFile/BillsTexts/LSBillTexts/Asintroduced/3519LS.pdf?source=legislation
2505,253,34,"The All-India Services (Amendment) Bill, 2000 (Insertion of new sections 2B and 2I)",Lok Sabha,2000-04-20,"PERSONNEL,  PUBLIC  GRIEVANCES  AND  PENSIONS",Subodh Mohite Shri,Ordinary Bill,,,,,Lapsed,https://sansad.in/getFile/BillsTexts/LSBillTexts/Asintroduced/3582LS.pdf?source=legislation
2506,689,XVI,"The All India Services (Amendment) Bill, 1963",Rajya Sabha,1963-08-23,HOME AFFAIRS,Jerlie E. Tariang Shri,Ordinary Bill,,,,,Lapsed,
2507,1466,XII,"The Employees Provident Funds (Amendment) Bill, 1956",Rajya Sabha,1956-03-09,LABOUR,N.C. Sekhar Shri,Ordinary Bill,,,,,Negatived,
2508,2237,XL,"The Working Women (Basic Facilities and Welfare) Bill, 2014",Rajya Sabha,2014-12-12,WOMEN AND CHILD DEVELOPMENT,K.C. Tyagi Shri,Ordinary Bill,,,,,Lapsed,https://sansad.in/getFile/BillsTexts/RSBillTexts/Asintroduced/workng-E.pdf?source=legislation
2509,255,85,"The Constitution (Amendment) Bill, 2005 (Amendment of article 200, etc.)",Lok Sabha,2005-07-29,HOME AFFAIRS,Hannan Mollah Shri,Constitutional Amendment Bill,,,,,Lapsed,https://sansad.in/getFile/BillsTexts/LSBillTexts/Asintroduced/1278LS.pdf?source=legislation
2510,255,87,"The Agricultural Workers Welfare Bill, 2005",Lok Sabha,2005-07-29,,Hannan Mollah Shri,Financial Bill,,,,,Withdrawn,
2511,255,120,"The Agricultural Workers Welfare Bill, 2001",Lok Sabha,2002-03-22,LABOUR,Hannan Mollah Shri,Financial Bill,,,,,Pending,
2512,255,95,"The Farmers and Agricultural Workers Compensation Fund Bill, 2001",Lok Sabha,2002-03-22,LABOUR,Hannan Mollah Shri,Financial Bill,,,,,Pending,
2513,255,188,"The Constitution (Amendment) Bill, 2000 (Amendment of Eighth Schedule)",Lok Sabha,2001-07-27,HOME AFFAIRS,Hannan Mollah Shri,Constitutional Amendment Bill,,,,,Pending,
2514,255,40,"The Constitution (Amendment) Bill, 2001 (Amendment of First Schedule)",Lok Sabha,2001-07-27,HOME AFFAIRS,Hannan Mollah Shri,Constitutional Amendment Bill,,,,,Pending,https://sansad.in/getFile/BillsTexts/LSBillTexts/Asintroduced/509LS.pdf?source=legislation
2515,255,43,"The Constitution (Amendment) Bill, 2001 (Amendment  of article 103, etc.)",Lok Sabha,2001-07-27,,Hannan Mollah Shri,Constitutional Amendment Bill,,,,,Pending,https://sansad.in/getFile/BillsTexts/LSBillTexts/Asintroduced/544LS.pdf?source=legislation
2516,255,189,"The Constituiton (Amendment) Bill, 2000 (Amendment  of  article 200, etc.)",Lok Sabha,2001-02-23,HOME AFFAIRS,Hannan Mollah Shri,Ordinary Bill,,,,,Lapsed,https://sansad.in/getFile/BillsTexts/LSBillTexts/Asintroduced/5163LS.pdf?source=legislation
2517,255,199,"The Representation of the People (Amendment) Bill, 2000 (Amendment of section 77)",Lok Sabha,2001-02-23,,Hannan Mollah Shri,Ordinary Bill,,,,,Lapsed,https://sansad.in/getFile/BillsTexts/LSBillTexts/Asintroduced/5256LS.pdf?source=legislation
2518,255,213,"The Payment of Unemployment Allowance Bill, 2000",Lok Sabha,2001-02-23,LABOUR,Hannan Mollah Shri,Financial Bill,,,,,Lapsed,https://sansad.in/getFile/BillsTexts/LSBillTexts/Asintroduced/5425LS.pdf?source=legislation
2519,255,216,"The National Highways (Amendment) Bill, 2000 (Amendment  of  section 5)",Lok Sabha,2001-02-23,ROAD TRANSPORT AND HIGHWAYS,Hannan Mollah Shri,Financial Bill,,,,,Lapsed,https://sansad.in/getFile/BillsTexts/LSBillTexts/Asintroduced/5430LS.pdf?source=legislation
2520,255,XXXI,"The Constitution ( Amendment )Bill, 1974 (Amendment0f article 352 &mission of articles 356,357,358,359and 360.)",Rajya Sabha,1974-08-16,HOME AFFAIRS,Aas Mohammad Shri,Ordinary Bill,,,,,Lapsed,
2521,255,XIX,"The Hindu Minority and Guardianship (Amendment) Bill, 1960",Rajya Sabha,1960-08-19,,Aas Mohammad Shri,Ordinary Bill,,,,,Lapsed,
2522,258,VI,"The Constitution ( Amendment) Bill,1995 ( to amend article 267)",Rajya Sabha,1995-03-31,,Govindrao Adik Shri,Ordinary Bill,,,,,Lapsed,
2523,258,LXI,"The Constitution (Amendment) Bill, 1994 [to amend article 371]",Rajya Sabha,1994-08-26,HOME AFFAIRS,Govindrao Adik Shri,Ordinary Bill,,,,,Lapsed,
2524,258,XLI,"The Prohibition of Ragging Bill, 1994",Rajya Sabha,1994-05-13,HUMAN RESOURCE  DEVELOPMENT,Govindrao Adik Shri,Ordinary Bill,,,,,Lapsed,
2525,258,XXIII,"The Indian Penal Code (Amendment) Bill, 1994",Rajya Sabha,1994-05-13,HOME AFFAIRS,Govindrao Adik Shri,Ordinary Bill,,,,,Lapsed,
2526,1846,XXXII,"The Code of Criminal Procedure (Amendment) Bill,2002",Rajya Sabha,,HOME AFFAIRS,S. G. Indira Smt.,Ordinary Bill,,,,,,
2527,1846,XXXIII,"The Code of Criminal Proceduse ( Second Amendment) Bill, 2002",Rajya Sabha,,HOME AFFAIRS,S. G. Indira Smt.,Ordinary Bill,,,,,,
2528,1849,XXXIV,"The Employment Opportunity and Unemployment Allowance for the Youth Bill, 2003.",Rajya Sabha,2004-09-07,LABOUR,R. Sarath Kumar Shri,Ordinary Bill,,,,,,
2529,1849,XXXV,"The Entertainment Industry (protection and Development) Bill, 2003.",Rajya Sabha,2004-09-07,,R. Sarath Kumar Shri,Ordinary Bill,,,,,,
2530,1849,XVII,"The Equitable Distribution of Inter-State River Water Bill, 2004.",Rajya Sabha,2004-03-12,WATER RESOURCES,R. Sarath Kumar Shri,Ordinary Bill,,,,,Lapsed,
2531,1472,XXXIV,"The Home Based Workers ( Protection) Bill,1988",Rajya Sabha,1988-07-29,LABOUR,Ela Ramesh Bhatt Smt.,Ordinary Bill,,,,,Lapsed,
2532,1851,XIII,"The Workers Education scheme Bill , 1976",Rajya Sabha,1976-01-30,LABOUR,Jagannath Bhardwarj Shri,Ordinary Bill,,,,,,
2533,2621,LXXVII,"The Constitution (Amendment) Bill, 2024 (amendment of the Seventh Schedule)",Rajya Sabha,2025-02-07,EARTH SCIENCES,Sagarika Ghose Smt.,Constitutional Amendment Bill,,,,,Pending,https://sansad.in/getFile/BillsTexts/RSBillTexts/Asintroduced/40e214202551040PM.pdf?source=legislation
2534,2247,XXII,"The Rights of Persons Affected by Leprosy and Members of their Family (Protection against Discrimination and Guarantee of Social Welfare) Bill, 2021.",Rajya Sabha,2021-12-03,HEALTH AND FAMILY WELFARE,K.T.S. Tulsi Shri,Financial Bill,,,,,Pending,https://sansad.in/getFile/BillsTexts/RSBillTexts/Asintroduced/LEPROSY-E.pdf?source=legislation
2535,2247,XXIX,"The Criminal Laws (Amendment) Bill, 2021.",Rajya Sabha,2021-12-03,HOME AFFAIRS,K.T.S. Tulsi Shri,Ordinary Bill,,,,,Lapsed,https://sansad.in/getFile/BillsTexts/RSBillTexts/Asintroduced/crpc-E.pdf?source=legislation
2536,2247,XXXIV,"The Constitution (Amendment) Bill, 2021 (amendment of the Tenth Schedule).",Rajya Sabha,2021-12-03,LAW AND JUSTICE,K.T.S. Tulsi Shri,Constitutional Amendment Bill,,,,,Pending,https://sansad.in/getFile/BillsTexts/RSBillTexts/Asintroduced/const amend 10th sch-E.pdf?source=legislation
2537,2247,XVI,"The Criminal Law (Amendment) Bill, 2019",Rajya Sabha,2019-07-12,HOME AFFAIRS,K.T.S. Tulsi Shri,Ordinary Bill,,,,,Lapsed,https://sansad.in/getFile/BillsTexts/RSBillTexts/Asintroduced/crimnal-E-12719.pdf?source=legislation
2538,2247,XLIV,"The Protection from Lynching Bill, 2017",Rajya Sabha,2017-12-29,HOME AFFAIRS,K.T.S. Tulsi Shri,Ordinary Bill,,,,,Lapsed,https://sansad.in/getFile/BillsTexts/RSBillTexts/Asintroduced/lynch-E-291217.pdf?source=legislation
2539,2247,XXXII,"The Rights of Persons Affected by Leprosy and Members of their Family (Protection Against Discrimination and Guarantee of Social Welfare) Bill, 2017",Rajya Sabha,2017-12-29,HEALTH AND FAMILY WELFARE,K.T.S. Tulsi Shri,Ordinary Bill,,,,,Lapsed,https://sansad.in/getFile/BillsTexts/RSBillTexts/Asintroduced/rightpersn-E-291217.pdf?source=legislation
2540,697,VII,"The Adoption of Children Bill, 1970",Rajya Sabha,1970-05-08,,Mangla Devi Talwar Dr.(Smt.),Ordinary Bill,,,,,Lapsed,
2541,1475,VII,"The Hindu Marriage (Amendment) Bill, 1965",Rajya Sabha,1965-12-03,,Sharda Bhargava Smt.,Ordinary Bill,,,,,Lapsed,
2542,1475,XI,"The Constitution (Amendment) Bill, 1965 (to amend the Seventh Schedule)",Rajya Sabha,1965-05-14,,Sharda Bhargava Smt.,Ordinary Bill,,,,,Lapsed,
2543,1475,IX,"The Hindu Marriage (Amendment) Bill, 1961",Rajya Sabha,1961-04-21,,Sharda Bhargava Smt.,Ordinary Bill,,,,,Lapsed,
2544,1087,LXII,"The Constitution (Amendment) Bill, 1991 [to amend article 332]",Rajya Sabha,1991-11-22,HOME AFFAIRS,Narayan Kar Shri,Ordinary Bill,,,,,Lapsed,
2545,266,III,"The Muslim Personal Law (Shariat) Application (Amendment) Bill,1989",Rajya Sabha,1989-12-22,,Abdul Shakoor Maulana,Ordinary Bill,,,,,Lapsed,
2546,267,40,"The Constitution (Amendment) Bill, 2002 (Amendment of article 275)",Lok Sabha,2002-07-19,,S. Murugesan Shri,Constitutional Amendment Bill,,,,,Pending,https://sansad.in/getFile/BillsTexts/LSBillTexts/Asintroduced/730LS.pdf?source=legislation
2547,1855,XII,"The Patents (Amendment) Bill, 2005.",Rajya Sabha,2005-03-24,,Ekanath K. Thakur Shri,Ordinary Bill,,,,,Lapsed,
2548,1477,XVIII,"The Presidential and Vice-Presidential Elections (Amendment) Bill, 1969",Rajya Sabha,1969-08-01,,Mahabir Prasad Bhargava Shri,Ordinary Bill,,,,,Lapsed,
2549,1477,XLI,"The Insurance (Amendment) Bill, 1968",Rajya Sabha,1968-12-13,,Mahabir Prasad Bhargava Shri,Ordinary Bill,,,,,Lapsed,
2550,1477,XXI,"The Code of Criminal Procedure (Amendment) Bill, 1968",Rajya Sabha,1968-08-22,HOME AFFAIRS,Mahabir Prasad Bhargava Shri,Ordinary Bill,,,,,,
2551,1477,XVII,"The Engineering Graduates and Diploma holders (Training and Employment) Bill, 1968",Rajya Sabha,1968-05-10,,Mahabir Prasad Bhargava Shri,Ordinary Bill,,,,,,
2552,1477,II,The Representation of the People (Amendment) Bill 1968,Rajya Sabha,1968-02-22,,Mahabir Prasad Bhargava Shri,Ordinary Bill,,,,,Lapsed,
2553,1477,XX,"The Bombay Port Trust (Amendment) Bill, 1964",Rajya Sabha,1964-11-27,,Mahabir Prasad Bhargava Shri,Ordinary Bill,,,,,Lapsed,
2554,1477,XXI,"The Calcutta Port (Amendment) Bill, 1964",Rajya Sabha,1964-11-27,,Mahabir Prasad Bhargava Shri,Ordinary Bill,,,,,Lapsed,
2555,1477,XXIII,"The Major Port Trusts (Amendment) Bill, 1964",Rajya Sabha,1964-11-27,,Mahabir Prasad Bhargava Shri,Ordinary Bill,,,,,Lapsed,
2556,1477,XIX,"The Port Protection Force Bill, 1964",Rajya Sabha,1964-11-12,,Mahabir Prasad Bhargava Shri,Ordinary Bill,,,,,Lapsed,
2557,1477,XXII,"The Madras Port Trust (Amendment) Bill, 1964  [to amend 55, 39, 40 and 110 and substitution of S, 111]",Rajya Sabha,1964-11-12,,Mahabir Prasad Bhargava Shri,Ordinary Bill,,,,,Lapsed,
2558,1477,VI,"The Representation of the People (Amendment) Bill, 1964",Rajya Sabha,1964-08-05,,Mahabir Prasad Bhargava Shri,Ordinary Bill,,,,,Withdrawn,
2559,1477,VII,"The Delhi Rent Control (Amendment) Bill, 1964",Rajya Sabha,1964-08-05,HOME AFFAIRS,Mahabir Prasad Bhargava Shri,Ordinary Bill,,,,,Withdrawn,
2560,1477,XXVI,"The Delhi Rent Control (Amendment) Bill, 1963",Rajya Sabha,1963-08-23,HOME AFFAIRS,Mahabir Prasad Bhargava Shri,Ordinary Bill,,,,,Lapsed,
2561,1477,XVII,"The Representation of the People (Amendment) Bill, 1962",Rajya Sabha,1962-11-16,,Mahabir Prasad Bhargava Shri,Ordinary Bill,,,,,Lapsed,
2562,1477,I,"The Indian Marine Insurance Bill, 1959",Rajya Sabha,1959-02-20,SHIPPING,Mahabir Prasad Bhargava Shri,Ordinary Bill,1963-04-05,1963-03-08,,11 /1963,Assented,
2563,268,152,"The Supreme Court  of India (Establishment of a Permanent Bench at Nagpur) Bill, 2000",Lok Sabha,2001-02-23,,Vilas Baburao Muttemwar Shri,Money Bill,,,,,Pending,
2564,268,120,"The Constitution (Amendment) Bill, 2000 (Amendment of article 103, etc.)",Lok Sabha,2000-11-08,,Vilas Baburao Muttemwar Shri,Financial Bill,,,,,Lapsed,https://sansad.in/getFile/BillsTexts/LSBillTexts/Asintroduced/1703LS.pdf?source=legislation
2565,268,109,"The Constitution (Amendment) Bill, 2000 (Amendment of article 324)",Lok Sabha,2000-07-28,,Vilas Baburao Muttemwar Shri,Ordinary Bill,,,,,Lapsed,https://sansad.in/getFile/BillsTexts/LSBillTexts/Asintroduced/1602LS.pdf?source=legislation
2566,268,110,"The Constitution (Amendment) Bill, 2000 (Insertion of new articles 75A and 164A)",Lok Sabha,2000-07-28,HOME AFFAIRS,Vilas Baburao Muttemwar Shri,Ordinary Bill,,,,,Pending,https://sansad.in/getFile/BillsTexts/LSBillTexts/Asintroduced/1601LS.pdf?source=legislation
2567,268,113,"The Constitution (Amendment) Bill, 2000 (Insertion of new articles 151A to 151C)",Lok Sabha,2000-07-28,,Vilas Baburao Muttemwar Shri,Financial Bill,,,,,Lapsed,https://sansad.in/getFile/BillsTexts/LSBillTexts/Asintroduced/1628LS.pdf?source=legislation
2568,268,28,"The Constitution (Amendment)  Bill,  2000 (Amendment  of  article   85)",Lok Sabha,2000-05-05,PARLIAMENTARY  AFFAIRS,Vilas Baburao Muttemwar Shri,Ordinary Bill,,,,,Lapsed,https://sansad.in/getFile/BillsTexts/LSBillTexts/Asintroduced/3497LS.pdf?source=legislation
2569,268,10,"The Ragpicking and Other Vagabond Street children  (Rehabilitation and Welfare) Bill, 2000",Lok Sabha,2000-02-25,SOCIAL JUSTICE AND EMPOWERMENT,Vilas Baburao Muttemwar Shri,Financial Bill,,,,,Lapsed,https://sansad.in/getFile/BillsTexts/LSBillTexts/Asintroduced/3188LS.pdf?source=legislation
2570,268,2,"The Cinematograph (Amendment) Bill, 1999 (Substitution of new section forsection 3, etc.)",Lok Sabha,2000-02-25,INFORMATION AND BROADCASTING,Vilas Baburao Muttemwar Shri,Ordinary Bill,,,,,Lapsed,https://sansad.in/getFile/BillsTexts/LSBillTexts/Asintroduced/3226LS.pdf?source=legislation
2571,268,5,"The Compulsory Military Taining Bill, 2000",Lok Sabha,2000-02-25,DEFENCE,Vilas Baburao Muttemwar Shri,Financial Bill,,,,,Lapsed,https://sansad.in/getFile/BillsTexts/LSBillTexts/Asintroduced/3189LS.pdf?source=legislation
2572,268,105,"The Youth Welfare Bill, 1999",Lok Sabha,1999-12-17,URBAN DEVELOPMENT AND POVERTY ALLEVIATION,Vilas Baburao Muttemwar Shri,Financial Bill,,,,,,https://sansad.in/getFile/BillsTexts/LSBillTexts/Asintroduced/1877LS.pdf?source=legislation
2573,268,106,"The Constitution (Scheduled Tribes) Order Bill, 1999 (Amendment of the Schedule)",Lok Sabha,1999-12-17,SOCIAL JUSTICE AND EMPOWERMENT,Vilas Baburao Muttemwar Shri,Ordinary Bill,,,,,Pending,
2574,268,111,"The National Child Welfare Board Bill, 1999",Lok Sabha,1999-12-17,HUMAN RESOURCE  DEVELOPMENT,Vilas Baburao Muttemwar Shri,Financial Bill,,,,,Pending,https://sansad.in/getFile/BillsTexts/LSBillTexts/Asintroduced/1962LS.pdf?source=legislation
2575,268,113,"The Compulsory Voting Bill, 1999",Lok Sabha,1999-12-17,,Vilas Baburao Muttemwar Shri,Financial Bill,,,,,Pending,https://sansad.in/getFile/BillsTexts/LSBillTexts/Asintroduced/1971LS.pdf?source=legislation
2576,268,83,"The Constitution (Scheduled Tribes)  Order (Amendment) Bill, 1998",Lok Sabha,1998-07-24,,Vilas Baburao Muttemwar Shri,Ordinary Bill,,,,,Pending,https://sansad.in/getFile/BillsTexts/LSBillTexts/Asintroduced/1485LS.pdf?source=legislation
2577,706,I,"The Salaries and Allowances of Members of Parliament (Amendment) Bill, 1964",Rajya Sabha,1964-02-21,PARLIAMENTARY  AFFAIRS,Tajamul Husain Shri,Ordinary Bill,,,,,Lapsed,
2578,706,XVII,"The Films Artistes Welfare Fund Bill, 1963",Rajya Sabha,1963-08-23,,Tajamul Husain Shri,Ordinary Bill,,,,,Lapsed,
2579,703,XIX,The Historical Records (of Natural importance) Prevention Bill 1955,Rajya Sabha,1955-12-09,,Raghbir Singh Gill Shri,Ordinary Bill,,,,,Withdrawn,
2580,703,XVIII,"The Historical Record (Declaration of National Importance) Bill, 1955",Rajya Sabha,1955-12-09,,Raghbir Singh Gill Shri,Ordinary Bill,,,,,Withdrawn,
2581,703,XXI,"The Ancient and Historical Momuments and Archealogical Sites and Remains (Deoteration of National Important Second Amendment Bill, 1954",Rajya Sabha,1954-12-03,,Raghbir Singh Gill Shri,Ordinary Bill,1956-12-07,1956-08-24,,70 /1956,Assented,
2582,1857,XL,"The Compulsory Periodical   Desiltation of Dams, Reservoirs and Rivers Bill, 2019",Rajya Sabha,2019-12-06,WATER RESOURCES,Rajkumar Dhoot Shri,Ordinary Bill,,,,,Lapsed,https://sansad.in/getFile/BillsTexts/RSBillTexts/Asintroduced/comp period-E-6 12 19.pdf?source=legislation
2583,1857,XXXIII,"The Mangrove Forests (Special Provisions) Bill, 2019",Rajya Sabha,2019-12-06,ENVIRONMENT AND FORESTS,Rajkumar Dhoot Shri,Ordinary Bill,,,,,Lapsed,https://sansad.in/getFile/BillsTexts/RSBillTexts/Asintroduced/mangrove-E-6 12 19.pdf?source=legislation
2584,1857,XXXIX,"The Victims of Flood Caused by Heavy Rains, Cyclones and Other Reasons (Rehabilitation and Welfare) Bill, 2019",Rajya Sabha,2019-12-06,HOME AFFAIRS,Rajkumar Dhoot Shri,Ordinary Bill,,,,,Lapsed,https://sansad.in/getFile/BillsTexts/RSBillTexts/Asintroduced/victim flood-E-6 12 19.pdf?source=legislation
2585,1857,XXIII,"The Compulsory Yoga and Sports Education in Schools Bill, 2018.",Rajya Sabha,2019-06-21,HUMAN RESOURCE  DEVELOPMENT,Rajkumar Dhoot Shri,Ordinary Bill,,,,,Lapsed,https://sansad.in/getFile/BillsTexts/RSBillTexts/Asintroduced/com yoga-E-21619.pdf?source=legislation
2586,1857,XXV,The Prevention of Contamination of Groundwater Bill 2018.,Rajya Sabha,2019-06-21,WATER RESOURCES,Rajkumar Dhoot Shri,Ordinary Bill,,,,,Lapsed,https://sansad.in/getFile/BillsTexts/RSBillTexts/Asintroduced/Pre conta-E-21619.pdf?source=legislation
2587,1857,XXVII,The Protection of Farmers Families Bill 2018.,Rajya Sabha,2019-06-21,AGRICULTURE,Rajkumar Dhoot Shri,Ordinary Bill,,,,,Lapsed,https://sansad.in/getFile/BillsTexts/RSBillTexts/Asintroduced/protection-E-21619.pdf?source=legislation
2588,1857,XXVII,"The Environment Protection (Management of Landfill Sites and Control of Non-Biodegradable Garbage) Bill, 2017",Rajya Sabha,2018-02-02,ENVIRONMENT AND FORESTS,Rajkumar Dhoot Shri,Ordinary Bill,,,,,Lapsed,https://sansad.in/getFile/BillsTexts/RSBillTexts/Asintroduced/Env-E-2 2 18.pdf?source=legislation
2589,1857,XXVIII,"The Heritage Cities and Sites (Conservation and Development) Bill, 2017",Rajya Sabha,2018-02-02,CULTURE,Rajkumar Dhoot Shri,Ordinary Bill,,,,,Lapsed,https://sansad.in/getFile/BillsTexts/RSBillTexts/Asintroduced/heritage-E-2 2 18.pdf?source=legislation
2590,1857,XXXVI,"The Compulsory Protection of Witnesses and Victims of Crimes Bill, 2017.",Rajya Sabha,2018-02-02,HOME AFFAIRS,Rajkumar Dhoot Shri,Ordinary Bill,,,,,Lapsed,https://sansad.in/getFile/BillsTexts/RSBillTexts/Asintroduced/witness-E-2 2 18.pdf?source=legislation
2591,1857,XIII,"The Constitution (Amendment) Bill, 2017 (insertion of new article 24A)",Rajya Sabha,2017-07-21,WATER RESOURCES,Rajkumar Dhoot Shri,Ordinary Bill,,,,,Lapsed,https://sansad.in/getFile/BillsTexts/RSBillTexts/Asintroduced/24A-21717-E.pdf?source=legislation
2592,1857,XIV,"The Tribal Children and Lactating Women in Maharashtra and Other States (Removal of Hunger, Malnutrition and Prevention of Starvation Deaths) Bill, 2017.",Rajya Sabha,2017-07-21,WOMEN AND CHILD DEVELOPMENT,Rajkumar Dhoot Shri,Ordinary Bill,,,,,Lapsed,https://sansad.in/getFile/BillsTexts/RSBillTexts/Asintroduced/tribal child-21717-E.pdf?source=legislation
2593,1857,XV,"The Water Scarce Regions of Marathwada, Vidharbha, Bundelkhand and in Eastern and Southern Parts (Prohibition of Growing Water Intensive Crops and Setting up of Thermal Power Plants and Other Large Sc",Rajya Sabha,2017-07-21,AGRICULTURE,Rajkumar Dhoot Shri,Ordinary Bill,,,,,Lapsed,https://sansad.in/getFile/BillsTexts/RSBillTexts/Asintroduced/water-21717-E.pdf?source=legislation
2594,1857,XXXIV,"The Compulsory Health Insurance for Senior Citizens, Mentally Retarded Children and Disabled Persons Bill, 2016",Rajya Sabha,2017-03-10,HEALTH AND FAMILY WELFARE,Rajkumar Dhoot Shri,Ordinary Bill,,,,,Lapsed,https://sansad.in/getFile/BillsTexts/RSBillTexts/Asintroduced/health ins 10317-E.pdf?source=legislation
2595,1857,XXXV,"The Youth (Eradication of Unemployment and Miscellaneous Provisions) Bill, 2016",Rajya Sabha,2017-03-10,LABOUR  AND  EMPLOYMENT,Rajkumar Dhoot Shri,Ordinary Bill,,,,,Lapsed,https://sansad.in/getFile/BillsTexts/RSBillTexts/Asintroduced/youth 10317-E.pdf?source=legislation
2596,1857,XXXVII,"The Water Conservation Authority of India Bill, 2016",Rajya Sabha,2017-03-10,WATER RESOURCES,Rajkumar Dhoot Shri,Ordinary Bill,,,,,Lapsed,https://sansad.in/getFile/BillsTexts/RSBillTexts/Asintroduced/water cons 10317-E.pdf?source=legislation
2597,1857,II,"The Distressed Widows and Single Women (Protection, Rehabilitation and Welfare) Bill, 2016",Rajya Sabha,2016-02-26,WOMEN AND CHILD DEVELOPMENT,Rajkumar Dhoot Shri,Ordinary Bill,,,,,Lapsed,https://sansad.in/getFile/BillsTexts/RSBillTexts/Asintroduced/distrsd womn-E-238.pdf?source=legislation
2598,1857,VII,"The Special Financial Assistance to the State of Maharashtra Bill, 2016",Rajya Sabha,2016-02-26,FINANCE,Rajkumar Dhoot Shri,Ordinary Bill,,,,,Lapsed,https://sansad.in/getFile/BillsTexts/RSBillTexts/Asintroduced/fin ast maha-E-238.pdf?source=legislation
2599,1857,VIII,"The Promotion of Cycling and Provision of Compulsory Dedicated Cycle Corridor Along Major Roads and Highways Bill, 2016",Rajya Sabha,2016-02-26,ROAD TRANSPORT AND HIGHWAYS,Rajkumar Dhoot Shri,Ordinary Bill,,,,,Lapsed,https://sansad.in/getFile/BillsTexts/RSBillTexts/Asintroduced/cycle-E-238.pdf?source=legislation
2600,1857,XXXIV,"The Prevention of Deaths due to Heat and Cold Waves Bill, 2015",Rajya Sabha,2015-12-18,HOME AFFAIRS,Rajkumar Dhoot Shri,Ordinary Bill,,,,,Lapsed,https://sansad.in/getFile/BillsTexts/RSBillTexts/Asintroduced/deatheat-237w-E.pdf?source=legislation
2601,1857,XXXV,"The Missing Children (Faster Tracking and Reuniting) Bill, 2015",Rajya Sabha,2015-12-18,WOMEN AND CHILD DEVELOPMENT,Rajkumar Dhoot Shri,Ordinary Bill,,,,,Lapsed,https://sansad.in/getFile/BillsTexts/RSBillTexts/Asintroduced/misng child-E.pdf?source=legislation
2602,1857,XXXVI,"The Victims of Acid Attack, Sexually Abused and Trafficked Girls and Women (Compensation and Rehabilitation) Bill, 2015",Rajya Sabha,2015-12-18,WOMEN AND CHILD DEVELOPMENT,Rajkumar Dhoot Shri,Ordinary Bill,,,,,Lapsed,https://sansad.in/getFile/BillsTexts/RSBillTexts/Asintroduced/acid-237w-E.pdf?source=legislation
2603,1857,I,"The Cow and Other Milch Animals (Prohibition of Slaughter, Cruelty and Other Provisions) Bill, 2015",Rajya Sabha,2015-03-13,ENVIRONMENT AND FORESTS,Rajkumar Dhoot Shri,Ordinary Bill,,,,,Lapsed,https://sansad.in/getFile/BillsTexts/RSBillTexts/Asintroduced/cow-E.pdf?source=legislation
2604,1857,V,"The Drought Affected and Drought Prone Areas (Special Provisions) Bill, 2015",Rajya Sabha,2015-03-13,AGRICULTURE,Rajkumar Dhoot Shri,Ordinary Bill,,,,,Lapsed,https://sansad.in/getFile/BillsTexts/RSBillTexts/Asintroduced/drought- E.pdf?source=legislation
2605,1857,VII,"The Underprivileged, Orphan, Vagabond and Other Street Children (Prevention of Abuse, Rehabilitation and Welfare) Bill, 2015",Rajya Sabha,2015-03-13,WOMEN AND CHILD DEVELOPMENT,Rajkumar Dhoot Shri,Ordinary Bill,,,,,Lapsed,https://sansad.in/getFile/BillsTexts/RSBillTexts/Asintroduced/orphan-E.pdf?source=legislation
2606,1857,XXV,"The Constitution (Amendment) Bill, 2014 (amendment of article 371)",Rajya Sabha,2014-11-28,PLANNING,Rajkumar Dhoot Shri,Constitutional Amendment Bill,,,,,Lapsed,https://sansad.in/getFile/BillsTexts/RSBillTexts/Asintroduced/371- E.pdf?source=legislation
2607,1857,XXVI,"The Illegal Immigrants and Missing Foreign Nationals Identification and Deportation Authority of India Bill, 2014",Rajya Sabha,2014-11-28,HOME AFFAIRS,Rajkumar Dhoot Shri,Ordinary Bill,,,,,Lapsed,https://sansad.in/getFile/BillsTexts/RSBillTexts/Asintroduced/Immi -E.pdf?source=legislation
2608,1857,XXVII,"The Homeless Pavement Dwellers (Welfare) Bill, 2014",Rajya Sabha,2014-11-28,HOUSING AND URBAN POVERTY ALLEVIATION,Rajkumar Dhoot Shri,Ordinary Bill,,,,,Lapsed,https://sansad.in/getFile/BillsTexts/RSBillTexts/Asintroduced/homless -E.pdf?source=legislation
2609,1857,XI,"The Exploited, Indebted and Poverty Stricken Farmers (Protection, Prevention of Suicides and Welfare) Bill, 2014.",Rajya Sabha,2014-07-11,AGRICULTURE,Rajkumar Dhoot Shri,Ordinary Bill,,,,,Lapsed,https://sansad.in/getFile/BillsTexts/RSBillTexts/Asintroduced/explo- E.pdf?source=legislation
2610,1857,XII,"The Central Vigilance Commission (Amendment) Bill, 2014",Rajya Sabha,2014-07-11,"PERSONNEL,  PUBLIC  GRIEVANCES  AND  PENSIONS",Rajkumar Dhoot Shri,Ordinary Bill,,,,,Lapsed,https://sansad.in/getFile/BillsTexts/RSBillTexts/Asintroduced/CVC dht-E.pdf?source=legislation
2611,1857,XIII,"The Onion and Cotton Growers (Remunerative Prices and Welfare) Bill, 2014.",Rajya Sabha,2014-07-11,AGRICULTURE,Rajkumar Dhoot Shri,Ordinary Bill,,,,,Lapsed,https://sansad.in/getFile/BillsTexts/RSBillTexts/Asintroduced/onon-E.pdf?source=legislation
2612,1857,III,"The Illegal Immigrants and Missing Foreign Nationals Identification and Deportation Authority of India Bill, 2011",Rajya Sabha,2012-12-07,HOME AFFAIRS,Rajkumar Dhoot Shri,Ordinary Bill,,,,,Lapsed,https://sansad.in/getFile/BillsTexts/RSBillTexts/Asintroduced/illegal imm-E.pdf?source=legislation
2613,1857,IV,"The Homeless Pavement Dwellers (Welfare) Bill, 2011",Rajya Sabha,2012-12-07,HOUSING AND URBAN POVERTY ALLEVIATION,Rajkumar Dhoot Shri,Ordinary Bill,,,,,Lapsed,https://sansad.in/getFile/BillsTexts/RSBillTexts/Asintroduced/Homelss-E.pdf?source=legislation
2614,1857,VIII,"The Exploited, Indebted and Poverty Stricken Farmers (Protection, Prevention of Suicides and Welfare) Bill, 2011",Rajya Sabha,2012-12-07,AGRICULTURE,Rajkumar Dhoot Shri,Ordinary Bill,,,,,Lapsed,https://sansad.in/getFile/BillsTexts/RSBillTexts/Asintroduced/exploted-E.pdf?source=legislation
2615,1857,IX,"The Victims of Terrorism (Compensation and Rehabilitation) Bill, 2004.",Rajya Sabha,2004-03-12,HOME AFFAIRS,Rajkumar Dhoot Shri,Ordinary Bill,,,,,Lapsed,
2616,1857,VII,"The Neglected, Exploited and Under Privileged Children (Welfare) Bill, 2004.",Rajya Sabha,2004-03-12,HUMAN RESOURCE  DEVELOPMENT,Rajkumar Dhoot Shri,Ordinary Bill,,,,,Lapsed,
2617,1857,X,"The Prevention of Distress Sale of Agricultural Produce by Farmers Through Compulsory Market Intervention and Other Means Bill, 2004.",Rajya Sabha,2004-03-12,AGRICULTURE,Rajkumar Dhoot Shri,Ordinary Bill,,,,,Lapsed,
2618,1858,XVII,"The Unemployment Allowances Bill, 2005.",Rajya Sabha,2005-03-24,,Datta Meghe Shri,Ordinary Bill,,,,,Lapsed,
2619,1858,XXV,"The Cotton Growers (Welfare) Bill, 2005.",Rajya Sabha,2005-03-24,AGRICULTURE,Datta Meghe Shri,Ordinary Bill,,,,,Lapsed,
2620,707,CVI,"The Women Workers (Equal Pay and Welfare) Bill, 2006",Rajya Sabha,2006-12-08,WOMEN AND CHILD DEVELOPMENT,Syeda Anwara Taimur Smt.,Ordinary Bill,,,,,Lapsed,https://sansad.in/getFile/BillsTexts/RSBillTexts/Asintroduced/CVI_2006.pdf?source=legislation
2621,707,CVII,"The Child Labour (Abolition and Rehabilitation) Bill, 2006",Rajya Sabha,2006-12-08,LABOUR,Syeda Anwara Taimur Smt.,Ordinary Bill,,,,,Lapsed,https://sansad.in/getFile/BillsTexts/RSBillTexts/Asintroduced/CVII_2006.pdf?source=legislation
2622,707,XCVII,"The Women Welfare Bill, 2006",Rajya Sabha,2006-12-08,WOMEN AND CHILD DEVELOPMENT,Syeda Anwara Taimur Smt.,Ordinary Bill,,,,,Lapsed,https://sansad.in/getFile/BillsTexts/RSBillTexts/Asintroduced/XCVII_ 2006.pdf?source=legislation
2623,1092,IV,"The Prihibtion of smoking Bill, 1999.",Rajya Sabha,2000-04-28,HEALTH AND FAMILY WELFARE,Kartar Singh Shri,Ordinary Bill,,,,,Negatived,
2624,1860,LXIII,"The Constitution (Amendment) Bill, 2007 (amendment of article 15)",Rajya Sabha,2007-09-07,SOCIAL JUSTICE AND EMPOWERMENT,Pramila Bohidar Ms.,Constitutional Amendment Bill,,,,,Lapsed,
2625,1860,XIX,"The Compulsory Imparting of Moral Education in Educational Institutions Bill, 2007",Rajya Sabha,2007-04-27,HUMAN RESOURCE  DEVELOPMENT,Pramila Bohidar Ms.,Ordinary Bill,,,,,Lapsed,https://sansad.in/getFile/BillsTexts/RSBillTexts/Asintroduced/1768rs.pdf?source=legislation
2626,1860,I,"The Divorcee Women Welfare Bill, 2007",Rajya Sabha,2007-03-16,WOMEN AND CHILD DEVELOPMENT,Pramila Bohidar Ms.,Ordinary Bill,,,,,Lapsed,https://sansad.in/getFile/BillsTexts/RSBillTexts/Asintroduced/1209rs.pdf?source=legislation
2627,273,I,"Teh Dowry prohibtion ( amendment) Bill, 1975.",Rajya Sabha,1975-02-28,,Sushila Shankar Adivarekar Smt.,Ordinary Bill,,,,,,
2628,1862,XIX,"The Government Employees (Social Security Rights) Bill, 2004.",Rajya Sabha,2004-03-12,"PERSONNEL,  PUBLIC  GRIEVANCES  AND  PENSIONS",R. Shunmugasundaram Shri,Ordinary Bill,,,,,Lapsed,
2629,2257,L,"The Women Workers (Equal Pay and Welfare) Bill, 2016",Rajya Sabha,2016-12-02,LABOUR  AND  EMPLOYMENT,Sasikala Pushpa Smt.,Ordinary Bill,,,,,Lapsed,https://sansad.in/getFile/BillsTexts/RSBillTexts/Asintroduced/women work-21216-E.pdf?source=legislation
2630,2257,LI,"The Women (Reservation in Services) Bill, 2016",Rajya Sabha,2016-12-02,"PERSONNEL,  PUBLIC  GRIEVANCES  AND  PENSIONS",Sasikala Pushpa Smt.,Ordinary Bill,,,,,Lapsed,https://sansad.in/getFile/BillsTexts/RSBillTexts/Asintroduced/women res-21216-E.pdf?source=legislation
2631,2257,LV,"The Women Welfare Bill, 2016",Rajya Sabha,2016-12-02,WOMEN AND CHILD DEVELOPMENT,Sasikala Pushpa Smt.,Ordinary Bill,,,,,Lapsed,https://sansad.in/getFile/BillsTexts/RSBillTexts/Asintroduced/women wel-21216-E.pdf?source=legislation
2632,2258,XIV,"The Visually Impaired Persons (Protection of Rights) Bill, 2019",Rajya Sabha,2019-06-21,SOCIAL JUSTICE AND EMPOWERMENT,Vijila Sathyananth Smt.,Ordinary Bill,,,,,Lapsed,https://sansad.in/getFile/BillsTexts/RSBillTexts/Asintroduced/visualy-e-21619.pdf?source=legislation
2633,275,XXIII,"The Indian Post Office ( Amendment ) Bill, 1981",Rajya Sabha,1981-09-11,,Lal K. Advani Shri,Ordinary Bill,,,,,,
2634,1487,LV,"The Constitution (Amendment) Bill, 1991 [to amend article 356]",Rajya Sabha,1991-12-06,HOME AFFAIRS,Sukomal Sen Shri,Ordinary Bill,,,,,Lapsed,
2635,1487,LX,"The Constitution (Amendment) Bill, 1991 [Insertion of new article 313]",Rajya Sabha,1991-06-12,LABOUR,Sukomal Sen Shri,Ordinary Bill,,,,,Lapsed,
2636,1487,LVIII,"The Constitution (Amendment) Bill, 1990 [to amend articles 310 and 311]",Rajya Sabha,1990-12-28,,Sukomal Sen Shri,Ordinary Bill,,,,,Lapsed,
2637,1487,II,"The Constitution (Amendment) Bill,1986 ( to amend article 248,etc)",Rajya Sabha,1986-02-21,,Sukomal Sen Shri,Ordinary Bill,,,,,Lapsed,
2638,1487,VI,"The Payment of Gratuity (Amendment) Bill,1983",Rajya Sabha,1983-03-18,LABOUR,Sukomal Sen Shri,Ordinary Bill,,,,,Lapsed,
2639,714,IV,"The Aligarh Muslim University (Amendment )Bill,1977.",Rajya Sabha,1977-08-05,EDUCATION,Triloki Singh Shri,Ordinary Bill,,1979-03-02,,,Passed,https://sansad.in/getFile/BillsTexts/RSBillTexts/Asintroduced/_compressed---13202521608PM.pdf?source=legislation
2640,1865,LXXIX,"The Indian Nursing Council (Amendment) Bill, 2006",Rajya Sabha,2006-08-25,HEALTH AND FAMILY WELFARE,C. Perumal Shri,Constitutional Amendment Bill,,,,,Lapsed,https://sansad.in/getFile/BillsTexts/RSBillTexts/Asintroduced/LXXIX_2006.pdf?source=legislation
2641,1865,LXXVII,"The Abolition of Child Labour Bill, 2006",Rajya Sabha,2006-08-25,,C. Perumal Shri,Ordinary Bill,,,,,Lapsed,https://sansad.in/getFile/BillsTexts/RSBillTexts/Asintroduced/LXXVII_2006.pdf?source=legislation
2642,1865,LXXVIII,"The Cinema Aartists Welfare Bill, 2006",Rajya Sabha,2006-08-25,INFORMATION AND BROADCASTING,C. Perumal Shri,Ordinary Bill,,,,,Lapsed,https://sansad.in/getFile/BillsTexts/RSBillTexts/Asintroduced/LXXVIII_2006.pdf?source=legislation
2643,1865,CXIII,"The Inter-State Rivers (Regulation) Bill, 2005",Rajya Sabha,2006-02-17,WATER RESOURCES,C. Perumal Shri,Ordinary Bill,,,,,Lapsed,
2644,1865,CXIV,"The Palm Industry Workers Welfare Bill, 2005",Rajya Sabha,2006-02-17,,C. Perumal Shri,Ordinary Bill,,,,,Lapsed,https://sansad.in/getFile/BillsTexts/RSBillTexts/Asintroduced/CXIV_2005.PDF?source=legislation
2645,1865,XLIX,"The Electronic Media (Regulation) Bill, 2005.",Rajya Sabha,2005-07-29,INFORMATION AND BROADCASTING,C. Perumal Shri,Ordinary Bill,,,,,Lapsed,
2646,1490,LXXIV,"The Representation of People (Amendment) Bill, 1991",Rajya Sabha,1991-12-20,,Murlidhar Chandrakant Bhandare Shri,Ordinary Bill,,,,,Withdrawn,
2647,1490,XLVI,The Constitution ( Amendment) Bill 1987 ( Inserition of new art 17 A),Rajya Sabha,1987-04-12,HOME AFFAIRS,Murlidhar Chandrakant Bhandare Shri,Ordinary Bill,,,,,Lapsed,
2648,1490,XLVII,"The Prevention of Misuse of Religion and Religious  Institutions Bill,1987",Rajya Sabha,1987-04-12,HOME AFFAIRS,Murlidhar Chandrakant Bhandare Shri,Ordinary Bill,,,,,Lapsed,
2649,2263,L,"The National Commission for Social Security Benefits Bill, 2018",Rajya Sabha,2019-07-26,SOCIAL JUSTICE AND EMPOWERMENT,Ritabrata Banerjee Shri,Ordinary Bill,,,,,Lapsed,https://sansad.in/getFile/BillsTexts/RSBillTexts/Asintroduced/NC SS-E-26 7 19.pdf?source=legislation
2650,2263,XLVII,"The Adolescent Mental Health Bill, 2018",Rajya Sabha,2019-07-26,HEALTH AND FAMILY WELFARE,Ritabrata Banerjee Shri,Ordinary Bill,,,,,Lapsed,https://sansad.in/getFile/BillsTexts/RSBillTexts/Asintroduced/Adol-E-26 7 19.pdf?source=legislation
2651,1104,XXXI,"The Constitution (Amendment) Bill, 1964 (to amend the article 319)",Rajya Sabha,1965-02-26,HOME AFFAIRS,J. Sivashanmugam Pillai Shri,Ordinary Bill,,,,,Withdrawn,
2652,1494,I,"The Representation of the People (amendment) Bill, 1976.",Rajya Sabha,1976-01-16,,Dwijendra Lal Sen Gupta Shri,Ordinary Bill,,,,,Lapsed,
2653,1494,III,"The Industrial Disputes (Amendments)Bill,1976.",Rajya Sabha,1976-01-16,LABOUR,Dwijendra Lal Sen Gupta Shri,Ordinary Bill,,,,,Lapsed,
2654,1494,III,"The Industrial Disputes (Amendment) Bill,1975. (Amendmentof sections 25B,25F, 25FFA, and 25FFF)",Rajya Sabha,1975-02-28,LABOUR,Dwijendra Lal Sen Gupta Shri,Ordinary Bill,,,,,,
2655,1494,LVI,"The Industrial Disputes (Secound Amendment)Bill,1974.",Rajya Sabha,1974-12-13,LABOUR,Dwijendra Lal Sen Gupta Shri,Ordinary Bill,,,,,Lapsed,
2656,1494,XXXIV,"The Industrial Disputes ( Amendment )Bill,1974( to amend section 2 and II",Rajya Sabha,1974-08-30,LABOUR,Dwijendra Lal Sen Gupta Shri,Ordinary Bill,,,,,Lapsed,
2657,1494,XXXVI,"The Representation of the people (Amendment) Bill,1974",Rajya Sabha,1974-08-30,,Dwijendra Lal Sen Gupta Shri,Ordinary Bill,,,,,Lapsed,
2658,1494,XXXIII,The Industrial disputes (Appellate tribunal) Bill1973,Rajya Sabha,1973-11-23,LABOUR,Dwijendralal Sen Gupta Shri,Ordinary Bill,,,,,Lapsed,
2659,1494,XXII,The special marriage (Amendment ) Bill 1973. (Amendment of section 6& of the second sehedule),Rajya Sabha,1973-08-17,,Dwijendra Lal Sen Gupta Shri,Ordinary Bill,,,,,Lapsed,
2660,1494,IV,"The Supreme Court (use of tape recorder for recording proceedings) Bill,1973",Rajya Sabha,1973-03-02,,Dwijendra Lal Sen Gupta Shri,Ordinary Bill,,,,,Lapsed,
2661,1494,I,"The Constitution (Amendment) bill, 1973 (to insert new articles 23A 23B, and 23C)",Rajya Sabha,1973-02-03,,Dwijendra Lal Sen Gupta Shri,Ordinary Bill,,,,,Lapsed,
2662,1494,XXXIII,The Judges (Prohibition on Hearing in Certain Cares)Bill 1972,Rajya Sabha,1972-12-22,,Dwijendra Lal Sen Gupta Shri,Ordinary Bill,,,,,Lapsed,
2663,1494,XIV,"The High Court (Abolition of Original Side) Bill, 1972",Rajya Sabha,1972-08-11,,Dwijendra Lal Sen Gupta Shri,Ordinary Bill,,,,,Lapsed,
2664,1494,VII,"The Constitution (Amendment) Bill, 1972 [to amend the First Schedule and the Fourth Schedule]",Rajya Sabha,1972-04-14,HOME AFFAIRS,Dwijendra Lal Sen Gupta Shri,Ordinary Bill,,,,,Lapsed,
2665,1494,XXXIII,"The Constitution (Amendment) Bill, 1970 [to amend article 240 and the First Schedule]",Rajya Sabha,1970-11-27,HOME AFFAIRS,Dwijendra Lal Sen Gupta Shri,Ordinary Bill,,,,,Withdrawn,
2666,1494,XXXIV,"The Industrial Disputes (Amendment) Bill, 1970",Rajya Sabha,1970-11-27,,Dwijendra Lal Sen Gupta Shri,Ordinary Bill,,,,,Withdrawn,
2667,1494,XXXV,"The Payment of Bonus (Amendment) Bill, 1970",Rajya Sabha,1970-11-27,,Dwijendra Lal Sen Gupta Shri,Ordinary Bill,,,,,Withdrawn,
2668,1494,XXI,"The Prohibition of Bigamous Marriages Bill, 1970",Rajya Sabha,1970-08-07,,Dwijendra Lal Sen Gupta Shri,Ordinary Bill,,,,,Withdrawn,
2669,1494,XXII,"The Trade Unions (Amendment) Bill, 1970",Rajya Sabha,1970-08-07,,Dwijendra Lal Sen Gupta Shri,Ordinary Bill,,,,,Withdrawn,
2670,1494,XXIII,"The Industrial Disputes (Amendment) Bill, 1970",Rajya Sabha,1970-08-07,,Dwijendra Lal Sen Gupta Shri,Ordinary Bill,,,,,Negatived,
2671,1494,II,"The Trade Unions (Amendment) Bill, 1970",Rajya Sabha,1970-03-20,,Dwijendra Lal Sen Gupta Shri,Ordinary Bill,,,,,Lapsed,
2672,1494,XXIV,"The Constitution (Amendment) Bill, 1969 [to amend the Eighth Schedule]",Rajya Sabha,1969-11-28,HOME AFFAIRS,Dwijendra Lal Sen Gupta Shri,Ordinary Bill,,,,,Lapsed,
2673,1494,XXVI,"The Payment of Bonus (Amendment) Bill, 1969",Rajya Sabha,1969-11-28,,Dwijendra Lal Sen Gupta Shri,Ordinary Bill,,,,,Lapsed,
2674,1494,XXVII,"The Industrial Disputes (Amendment) Bill, 1969",Rajya Sabha,1969-11-28,,Dwijendra Lal Sen Gupta Shri,Ordinary Bill,,,,,Lapsed,
2675,1494,XXXVII,"The Constitution (Amendment) Bill, 1968 [to amend article 240 and the First Schedule]",Rajya Sabha,1968-12-13,HOME AFFAIRS,Dwijendra Lal Sen Gupta Shri,Ordinary Bill,,,,,Lapsed,
2676,1494,XXXVIII,"The Industrial Disputes (Amendment) Bill, 1968",Rajya Sabha,1968-12-13,,Dwijendra Lal Sen Gupta Shri,Ordinary Bill,,,,,Lapsed,
2677,1494,XIX,"The Prohibiton of Bigamous Marriages Bill, 1966",Rajya Sabha,1966-11-25,,Dwijendra Lal Sen Gupta Shri,Ordinary Bill,,,,,Lapsed,
2678,1494,X,"The Constitution (Amendment) Bill, 1965 (to amend article 120)",Rajya Sabha,1965-05-14,HOME AFFAIRS,Dwijendra Lal Sen Gupta Shri,Ordinary Bill,,,,,Withdrawn,
2679,2267,LXIX,"The Right to Breathe Clean Air Bill, 2019",Rajya Sabha,2019-12-06,ENVIRONMENT AND FORESTS,R. K. Sinha Shri,Ordinary Bill,,,,,Lapsed,https://sansad.in/getFile/BillsTexts/RSBillTexts/Asintroduced/brathe-E-6 12 19.pdf?source=legislation
2680,283,XLIV,"The Delhi University (Amendment) Bill, 1974.",Rajya Sabha,1974-12-13,,Ahmad Hussain Kazi,Ordinary Bill,,,,,Lapsed,
2681,283,XXV,"The Constitution (amendment) Bill, 1973 (to amend article 16.)",Rajya Sabha,1973-08-31,HOME AFFAIRS,Ahmad Hussain Kazi,Ordinary Bill,,,,,,
2682,2268,XXXII,"The Freedom of Marriage and Association and Prohibition of Crimes in the name of Honour Bill, 2023",Rajya Sabha,2023-12-08,HOME AFFAIRS,Ram Nath Thakur Shri,Ordinary Bill,,,,,Removed,https://sansad.in/getFile/BillsTexts/RSBillTexts/Asintroduced/freedom_of_marriage_RN-E1219202344530PM.pdf?source=legislation
2683,1872,VIII,"The Constitution (Amendment) Bill, 2018. (substitution of new article for article 48A and amendment of article 51A)",Rajya Sabha,2019-12-06,ENVIRONMENT AND FORESTS,T. Subbarami Reddy Dr.,Ordinary Bill,,,,,Lapsed,https://sansad.in/getFile/BillsTexts/RSBillTexts/Asintroduced/48A-E-6 12 19.pdf?source=legislation
2684,1872,XXXVI,"The Nationalisation of Inter-State Rivers Bill, 2019",Rajya Sabha,2019-12-06,WATER RESOURCES,T. Subbarami Reddy Dr.,Ordinary Bill,,,,,Lapsed,https://sansad.in/getFile/BillsTexts/RSBillTexts/Asintroduced/inter stat river-E-6 12 19.pdf?source=legislation
2685,1872,XXXVII,"The Right to Adequate Housing Bill, 2019",Rajya Sabha,2019-12-06,Housing and Urban Affairs,T. Subbarami Reddy Dr.,Ordinary Bill,,,,,Lapsed,https://sansad.in/getFile/BillsTexts/RSBillTexts/Asintroduced/right adequate-E-6 12 19.pdf?source=legislation
2686,1872,III,"The Micro, Small and Medium Enterprises Development Amendment) Bill, 2018 (insertion of new sections 10A and 10B).",Rajya Sabha,2019-06-21,"MICRO, SMALL AND MEDIUM ENTERPRISES",T. Subbarami Reddy Dr.,Ordinary Bill,,,,,Lapsed,https://sansad.in/getFile/BillsTexts/RSBillTexts/Asintroduced/Micro-E-21619.pdf?source=legislation
2687,1872,V,The Employment Bill 2018.,Rajya Sabha,2019-06-21,LABOUR  AND  EMPLOYMENT,T. Subbarami Reddy Dr.,Ordinary Bill,,,,,Lapsed,https://sansad.in/getFile/BillsTexts/RSBillTexts/Asintroduced/Employment-E-21619.pdf?source=legislation
2688,1872,XIV,The Railways (Amendment) Bill 2018.,Rajya Sabha,2019-06-21,RAILWAYS,T. Subbarami Reddy Dr.,Ordinary Bill,,,,,Lapsed,https://sansad.in/getFile/BillsTexts/RSBillTexts/Asintroduced/railway-E-21619.pdf?source=legislation
2689,1872,XXXIV,"The Flood and Drought Control Bill, 2017",Rajya Sabha,2017-12-15,AGRICULTURE,T. Subbarami Reddy Dr.,Ordinary Bill,,,,,Lapsed,https://sansad.in/getFile/BillsTexts/RSBillTexts/Asintroduced/flood-E-151217.pdf?source=legislation
2690,1872,XXXV,"The Play Schools (Regulation) Bill, 2017",Rajya Sabha,2017-12-15,HUMAN RESOURCE  DEVELOPMENT,T. Subbarami Reddy Dr.,Ordinary Bill,,,,,Lapsed,https://sansad.in/getFile/BillsTexts/RSBillTexts/Asintroduced/playschl-E-151217.pdf?source=legislation
2691,1872,XIX,"The Gymnasiums and Fitness Centres (Regulation) Bill, 2017",Rajya Sabha,2017-07-21,YOUTH AFFAIRS AND SPORTS,T. Subbarami Reddy Dr.,Ordinary Bill,,,,,Lapsed,https://sansad.in/getFile/BillsTexts/RSBillTexts/Asintroduced/gym-21717-E.pdf?source=legislation
2692,1872,LXXIII,"The Surrogate Advertisements (Prohibition) Bill, 2016",Rajya Sabha,2017-03-10,INFORMATION AND BROADCASTING,T. Subbarami Reddy Dr.,Ordinary Bill,,,,,Lapsed,https://sansad.in/getFile/BillsTexts/RSBillTexts/Asintroduced/surogat 10317-E.pdf?source=legislation
2693,1872,LXXIV,"The Right of Children to Free and Compulsory Education (Amendment) Bill, 2016",Rajya Sabha,2017-03-10,HUMAN RESOURCE  DEVELOPMENT,T. Subbarami Reddy Dr.,Ordinary Bill,,,,,Lapsed,https://sansad.in/getFile/BillsTexts/RSBillTexts/Asintroduced/RTE 10317-E.pdf?source=legislation
2694,1872,XXXI,"The Solid Waste Management Bill, 2016",Rajya Sabha,2016-08-05,ENVIRONMENT AND FORESTS,T. Subbarami Reddy Dr.,Ordinary Bill,,,,,Withdrawn,https://sansad.in/getFile/BillsTexts/RSBillTexts/Asintroduced/Solid-5816-E.pdf?source=legislation
2695,1872,XXXII,"The Education Loan Bill, 2016",Rajya Sabha,2016-08-05,FINANCE,T. Subbarami Reddy Dr.,Ordinary Bill,,,,,Lapsed,https://sansad.in/getFile/BillsTexts/RSBillTexts/Asintroduced/Eduloan-5816-E.pdf?source=legislation
2696,1872,I,"The Youth (Development and Welfare) Bill, 2016",Rajya Sabha,2016-03-11,YOUTH AFFAIRS AND SPORTS,T. Subbarami Reddy Dr.,Ordinary Bill,,,,,Lapsed,https://sansad.in/getFile/BillsTexts/RSBillTexts/Asintroduced/youth -11 3 16-E.pdf?source=legislation
2697,1872,XXXII,"The Andhra Pradesh Reorganisation (Amendment)) Bill, 2015",Rajya Sabha,2015-12-04,HOME AFFAIRS,T. Subbarami Reddy Dr.,Ordinary Bill,,,,,Lapsed,https://sansad.in/getFile/BillsTexts/RSBillTexts/Asintroduced/AP-237w-E.pdf?source=legislation
2698,1872,XXXIII,"The Supreme Court (Establishment of a Permanent Bench at Visakhapatnam) Bill, 2015",Rajya Sabha,2015-12-04,LAW AND JUSTICE,T. Subbarami Reddy Dr.,Ordinary Bill,,,,,Lapsed,https://sansad.in/getFile/BillsTexts/RSBillTexts/Asintroduced/SC Visa-237w-E.pdf?source=legislation
2699,1872,XXXIX,"The Financial Assistance to Girl Child Belonging to Parents Living Below Poverty Line Bill, 2015",Rajya Sabha,2015-12-04,WOMEN AND CHILD DEVELOPMENT,T. Subbarami Reddy Dr.,Ordinary Bill,,,,,Lapsed,https://sansad.in/getFile/BillsTexts/RSBillTexts/Asintroduced/finasst-237w-E.pdf?source=legislation
2700,1872,XVII,"The Central Vigilance Commission (Amendment) Bill, 2014",Rajya Sabha,2014-08-08,"PERSONNEL,  PUBLIC  GRIEVANCES  AND  PENSIONS",T. Subbarami Reddy Dr.,Ordinary Bill,,,,,Lapsed,https://sansad.in/getFile/BillsTexts/RSBillTexts/Asintroduced/CVC- E.pdf?source=legislation
2701,1872,XVIII,"The Constitution (Amendment) Bill, 2014 (amendment of article 151)",Rajya Sabha,2014-08-08,FINANCE,T. Subbarami Reddy Dr.,Constitutional Amendment Bill,,,,,Lapsed,https://sansad.in/getFile/BillsTexts/RSBillTexts/Asintroduced/cons 151-E.pdf?source=legislation
2702,1872,LII,"The Special Financial Assistance to the State of Andhra Pradesh Bill, 2012",Rajya Sabha,2013-03-08,FINANCE,T. Subbarami Reddy Dr.,Ordinary Bill,,,,,Lapsed,https://sansad.in/getFile/BillsTexts/RSBillTexts/Asintroduced/AP-E.pdf?source=legislation
2703,1872,LV,"The Youth (Development and Welfare) Bill, 2012",Rajya Sabha,2013-03-08,YOUTH AFFAIRS AND SPORTS,T. Subbarami Reddy Dr.,Ordinary Bill,,,,,Lapsed,https://sansad.in/getFile/BillsTexts/RSBillTexts/Asintroduced/Youth-E.pdf?source=legislation
2704,1872,LVIII,"The Financial Assistance to Girl Child Belonging to Parents Living Below Poverty Line Bill, 2012",Rajya Sabha,2013-03-08,WOMEN AND CHILD DEVELOPMENT,T. Subbarami Reddy Dr.,Ordinary Bill,,,,,Lapsed,https://sansad.in/getFile/BillsTexts/RSBillTexts/Asintroduced/BPL-E.pdf?source=legislation
2705,1872,L,"The Girl Child (Free and Compulsory Education) Bill, 2010",Rajya Sabha,2011-08-19,HUMAN RESOURCE  DEVELOPMENT,T. Subbarami Reddy Dr.,Ordinary Bill,,,,,Lapsed,https://sansad.in/getFile/BillsTexts/RSBillTexts/Asintroduced/gal child.pdf?source=legislation
2706,1872,I,"The Two Child Norm Bill, 2010",Rajya Sabha,2010-05-03,HEALTH AND FAMILY WELFARE,T. Subbarami Reddy Dr.,Ordinary Bill,,,,,Lapsed,https://sansad.in/getFile/BillsTexts/RSBillTexts/Asintroduced/Two child I of 10.pdf?source=legislation
2707,1872,VI,"The Flood and Drought Control Bill, 2010",Rajya Sabha,2010-05-03,WATER RESOURCES,T. Subbarami Reddy Dr.,Ordinary Bill,,,,,Lapsed,https://sansad.in/getFile/BillsTexts/RSBillTexts/Asintroduced/Flood VI of 10.pdf?source=legislation
2708,1872,VII,"The Constitution (Amendment) Bill, 2010 (insertion of new article 21B)",Rajya Sabha,2010-05-03,LABOUR  AND  EMPLOYMENT,T. Subbarami Reddy Dr.,Constitutional Amendment Bill,,,,,Lapsed,https://sansad.in/getFile/BillsTexts/RSBillTexts/Asintroduced/Cons VII of 10.pdf?source=legislation
2709,1872,XLIV,"The Compulsory Registration of Marriages Bill, 2009.",Rajya Sabha,2009-12-18,LAW AND JUSTICE,T. Subbarami Reddy Dr.,Ordinary Bill,,,,,Lapsed,https://sansad.in/getFile/BillsTexts/RSBillTexts/Asintroduced/marrige XLIV 09.pdf?source=legislation
2710,1872,XXIII,"The Constitution (Amendment) Bill, 2009 (to amend article 51-A)",Rajya Sabha,2009-12-18,WOMEN AND CHILD DEVELOPMENT,T. Subbarami Reddy Dr.,Constitutional Amendment Bill,,,,,Lapsed,https://sansad.in/getFile/BillsTexts/RSBillTexts/Asintroduced/const XXIII 09.pdf?source=legislation
2711,1872,XXIV,"The Constitution (Amendment) Bill, 2009 (to amend articles 124 and 217)",Rajya Sabha,2009-12-18,LAW AND JUSTICE,T. Subbarami Reddy Dr.,Constitutional Amendment Bill,,,,,Lapsed,https://sansad.in/getFile/BillsTexts/RSBillTexts/Asintroduced/const XXIV 09.pdf?source=legislation
2712,1872,L,"The Constitution (Amendment) Bill, 2008 (insertion of new article 21B)",Rajya Sabha,2009-07-03,PLANNING,T. Subbarami Reddy Dr.,Constitutional Amendment Bill,,,,,Lapsed,https://sansad.in/getFile/BillsTexts/RSBillTexts/Asintroduced/const L of 08.pdf?source=legislation
2713,1872,LI,"The Employment Bill, 2008",Rajya Sabha,2009-07-03,LABOUR  AND  EMPLOYMENT,T. Subbarami Reddy Dr.,Ordinary Bill,,,,,Lapsed,https://sansad.in/getFile/BillsTexts/RSBillTexts/Asintroduced/emp LII of 08.pdf?source=legislation
2714,1872,LXII,"The Constitution (Amendment) Bill, 2008 (to amend article 130)",Rajya Sabha,2009-07-03,LAW AND JUSTICE,T. Subbarami Reddy Dr.,Constitutional Amendment Bill,,,,,Lapsed,https://sansad.in/getFile/BillsTexts/RSBillTexts/Asintroduced/const LXII of 08.pdf?source=legislation
2715,1872,LXVII,"The Girls (Free and Compulsory Education) Bill, 2005",Rajya Sabha,2005-09-12,HUMAN RESOURCE  DEVELOPMENT,T. Subbarami Reddy Dr.,Ordinary Bill,,,,,Lapsed,
2716,1872,LXXIII,"The Constitution (Amendment) Bill, 2005 (to amend articles 124 and 217)",Rajya Sabha,2005-09-12,,T. Subbarami Reddy Dr.,Ordinary Bill,,,,,Lapsed,
2717,1872,XIII,"The Constitution (Amendment) Bill, 2005 (to amend article 51A).",Rajya Sabha,2005-05-06,HUMAN RESOURCE  DEVELOPMENT,T. Subbarami Reddy Dr.,Ordinary Bill,,,,,Lapsed,
2718,1872,XIV,"The Two Child Norm Bill, 2005.",Rajya Sabha,2005-05-06,HEALTH AND FAMILY WELFARE,T. Subbarami Reddy Dr.,Ordinary Bill,,,,,Lapsed,
2719,1872,XVIII,"The Constitution (Amendment) Bill, 2005 (Insertion of new article 21B).",Rajya Sabha,2005-05-06,PLANNING,T. Subbarami Reddy Dr.,Ordinary Bill,,,,,Lapsed,
2720,1872,XIII,"The Preention of Food Adulteration (Amendment) Bill, 2004.",Rajya Sabha,2004-03-12,HEALTH AND FAMILY WELFARE,T. Subbarami Reddy Dr.,Ordinary Bill,,,,,Lapsed,
2721,1872,XIV,"The Constitution (Amendment) Bill, 2004 (to amend article 275).",Rajya Sabha,2004-03-12,,T. Subbarami Reddy Dr.,Ordinary Bill,,,,,Lapsed,
2722,1872,XV,"The Constitution (Amendment) Bill, 2004 (to amend articles 243ZD and 243 ZE).",Rajya Sabha,2004-03-12,URBAN DEVELOPMENT AND POVERTY ALLEVIATION,T. Subbarami Reddy Dr.,Ordinary Bill,,,,,Lapsed,
2723,1872,LXIX,"The Constitution (Amendment) Bill, 2003 (to amend article 130).",Rajya Sabha,2003-12-19,,T. Subbarami Reddy Dr.,Ordinary Bill,,,,,Lapsed,
2724,1872,XLV,"The Compulsory Military Training to Central Government Employees Bill, 2003.",Rajya Sabha,2003-05-12,DEFENCE,T. Subbarami Reddy Dr.,Ordinary Bill,,,,,Lapsed,
2725,1872,XLVII,"The Slums and Jhuggi Jhopri Dwellers (Basic Amenities and Rehabilitation) Bill, 2003.",Rajya Sabha,2003-05-12,URBAN DEVELOPMENT AND POVERTY ALLEVIATION,T. Subbarami Reddy Dr.,Ordinary Bill,,,,,Lapsed,
2726,1872,LVI,"The Employment Bill, 2002",Rajya Sabha,2003-04-25,LABOUR,T. Subbarami Reddy Dr.,Ordinary Bill,,,,,Lapsed,
2727,1872,LXXVI,"The Constitution ( Amendment) Bill, 2002 ( To amend article 124).",Rajya Sabha,2003-04-25,,T. Subbarami Reddy Dr.,Ordinary Bill,,,,,Lapsed,
2728,1872,LXXXI,"The Compulsory Registration of Marraiges Bill,2002",Rajya Sabha,2003-04-25,,T. Subbarami Reddy Dr.,Ordinary Bill,,,,,Lapsed,
2729,286,15,"The Narcotic Drugs and Psychotropic Substances (Amendment) Bill, 2008 (Amendment of section 2, etc.)",Lok Sabha,2008-04-25,FINANCE,Laxminarayan Pandey Dr.,Ordinary Bill,,,,,Lapsed,https://sansad.in/getFile/BillsTexts/LSBillTexts/Asintroduced/292LS-19.pdf?source=legislation
2730,286,102,"The Use of Indian Languages in Commercial Advertisements and on Packages of Consumer Goods Bill, 2000",Lok Sabha,2000-11-08,,Laxminarayan Pandey Dr.,Ordinary Bill,,,,,Lapsed,https://sansad.in/getFile/BillsTexts/LSBillTexts/Asintroduced/1413LS.pdf?source=legislation
2731,286,85,"The Official Languages (Repeal) Bill, 2000",Lok Sabha,2000-11-08,HOME AFFAIRS,Laxminarayan Pandey Dr.,Ordinary Bill,,,,,Lapsed,https://sansad.in/getFile/BillsTexts/LSBillTexts/Asintroduced/245LS.pdf?source=legislation
2732,287,52,"The Indian Penal Code (Amendment) Bill, 2003 (Amendment of section 302)",Lok Sabha,2003-08-22,HOME AFFAIRS,P.H. Pandian Shri,Ordinary Bill,,,,,Pending,https://sansad.in/getFile/BillsTexts/LSBillTexts/Asintroduced/2053LS.pdf?source=legislation
2733,287,55,"The Code of Criminal Procedure (Amendment) Bill, 2003 (Insertion of new section 389A)",Lok Sabha,2003-08-22,HOME AFFAIRS,P.H. Pandian Shri,Ordinary Bill,,,,,Pending,https://sansad.in/getFile/BillsTexts/LSBillTexts/Asintroduced/2141LS.pdf?source=legislation
2734,1110,XXXII,"The Publication of Political Party Accounts Bill, 1968",Rajya Sabha,1968-11-29,,Pitamber Das Shri,Ordinary Bill,,,,,Withdrawn,
2735,288,XVI,"The Silk Textile  Undertalaigs ( National saction) ( Amendment ) Bill,1981",Rajya Sabha,1981-08-28,,M. Ajmal Khan Shri,Ordinary Bill,,,,,Withdrawn,
2736,728,XXVI,"The Constitution (Amendment) Bill, 2020 (omission of article 248 and amendment of Seventh Schedule).",Rajya Sabha,2021-12-03,LAW AND JUSTICE,Vaiko Shri,Ordinary Bill,,,,,Removed,https://sansad.in/getFile/BillsTexts/RSBillTexts/Asintroduced/const amnd omisn-248-E.pdf?source=legislation
2737,728,XXXVIII,"The Constitution (Amendment) Bill, 2019 (amendment of article 343)",Rajya Sabha,2019-11-22,HOME AFFAIRS,Vaiko Shri,Ordinary Bill,,,,,Removed,https://sansad.in/getFile/BillsTexts/RSBillTexts/Asintroduced/343-E-22 11 19.pdf?source=legislation
2738,728,XI,"The Capital Funishment Afolition Bill,1985",Rajya Sabha,1985-02-08,,V. Gopalsamy Shri,Ordinary Bill,,,,,Lapsed,
2739,728,XII,"The Interception of messags and postal Articles ( Renoval of power ) Bill,1985",Rajya Sabha,1985-02-08,,V. Gopalsamy Shri,Ordinary Bill,,,,,Negatived,
2740,730,XXVIII,"The Union Territories Secondary Education Bill, 1971",Rajya Sabha,1971-12-10,,Narayan Ganesh Goray Shri,Ordinary Bill,,,,,Lapsed,
2741,730,XIII,"The Film Industry Workers (Improvement of Working Conditions) Bill, 1971",Rajya Sabha,1971-06-18,,Narayan Ganesh Goray Shri,Ordinary Bill,,,,,Withdrawn,
2742,290,190,"The Income Tax (Amendment) Bill, 2000 (Amendment  of section 1, etc.)",Lok Sabha,2001-02-23,,Prakash Vishwanath Paranjpe Shri,Money Bill,,,,,Lapsed,https://sansad.in/getFile/BillsTexts/LSBillTexts/Asintroduced/4951LS.pdf?source=legislation
2743,731,XXXI,"Th Constitution ( Amendment) Bill,1982 (to amend article 6,9&30 omission of 347)",Rajya Sabha,1982-10-22,,Biswa Goswami Shri,Ordinary Bill,,,,,,
2744,2276,LVII,"The National Commission for Senior Citizens Bill, 2019",Rajya Sabha,2019-12-06,SOCIAL JUSTICE AND EMPOWERMENT,Selja Kumari,Ordinary Bill,,,,,Lapsed,https://sansad.in/getFile/BillsTexts/RSBillTexts/Asintroduced/com sr citizen-E-6 12 19.pdf?source=legislation
2745,2276,XLIX,"The Right of Persons with Disabilities (Amendment) Bill, 2019",Rajya Sabha,2019-12-06,SOCIAL JUSTICE AND EMPOWERMENT,Selja Kumari,Ordinary Bill,,,,,Lapsed,https://sansad.in/getFile/BillsTexts/RSBillTexts/Asintroduced/person disab-E-6 12 19.pdf?source=legislation
2746,1116,XXI,"The Hindu Marriage (Amendment) Bill, 1967",Rajya Sabha,1967-02-06,,Raghunath Prasad Khaitan Shri,Ordinary Bill,,,,,Withdrawn,
2747,1885,L,"The School Education (Removal of Disparities between Government and Private Schools Through Uniform System and Syllabus) Bill, 2007",Rajya Sabha,2007-09-07,HUMAN RESOURCE  DEVELOPMENT,Alka  Balram Kshatriya Prof.,Ordinary Bill,,,,,Lapsed,
2748,1885,XLIX,"The Small Family Bill, 2007",Rajya Sabha,2007-09-07,HEALTH AND FAMILY WELFARE,Alka  Balram Kshatriya Prof.,Ordinary Bill,,,,,Lapsed,
2749,1885,XLVIII,"The Destitute, Abandoned and Neglected Widows and Old Women (Welfare and Rehabilitation) Bill, 2007",Rajya Sabha,2007-09-07,WOMEN AND CHILD DEVELOPMENT,Alka  Balram Kshatriya Prof.,Ordinary Bill,,,,,Lapsed,
2750,1885,XXIV,"The Atrocities Against Women (Prevention, Special Courts and Miscellaneous Provisions) Bill, 2007",Rajya Sabha,2007-04-27,WOMEN AND CHILD DEVELOPMENT,Alka  Balram Kshatriya Prof.,Ordinary Bill,,,,,Lapsed,https://sansad.in/getFile/BillsTexts/RSBillTexts/Asintroduced/1772rs.pdf?source=legislation
2751,1885,XXVII,"The Tribal Girls (Prevention of Abuse, Rehabilitation and Welfare) Bill, 2007",Rajya Sabha,2007-04-27,WOMEN AND CHILD DEVELOPMENT,Alka  Balram Kshatriya Prof.,Ordinary Bill,,,,,Lapsed,https://sansad.in/getFile/BillsTexts/RSBillTexts/Asintroduced/1774rs.pdf?source=legislation
2752,1885,XXVIII,"The Constitution (Amendment) Bill, 2007 (insertion of new article 16A)",Rajya Sabha,2007-04-27,LABOUR  AND  EMPLOYMENT,Alka  Balram Kshatriya Prof.,Constitutional Amendment Bill,,,,,Lapsed,https://sansad.in/getFile/BillsTexts/RSBillTexts/Asintroduced/1776rs.pdf?source=legislation
2753,2281,LVIII,"The Old Delhi Conservation Authority Bill, 2019",Rajya Sabha,2019-12-06,Housing and Urban Affairs,Vijay Goel Shri,Ordinary Bill,,,,,Lapsed,https://sansad.in/getFile/BillsTexts/RSBillTexts/Asintroduced/old delhi-E-6 12 19.pdf?source=legislation
2754,2281,LXV,"The Prohibition Multi-digit Lotteries Bill, 2019",Rajya Sabha,2019-12-06,HOME AFFAIRS,Vijay Goel Shri,Ordinary Bill,,,,,Lapsed,https://sansad.in/getFile/BillsTexts/RSBillTexts/Asintroduced/multi digit-E-6 12 19.pdf?source=legislation
2755,2281,LIV,"The Prohibition of Lotteries Bill, 2015",Rajya Sabha,2015-12-04,HOME AFFAIRS,Vijay Goel Shri,Ordinary Bill,,,,,Lapsed,https://sansad.in/getFile/BillsTexts/RSBillTexts/Asintroduced/lotri-237w-E.pdf?source=legislation
2756,2283,VII,"The Code of Criminal Procedure (Amendment) Bill, 2019.",Rajya Sabha,2019-06-21,HOME AFFAIRS,Narayan Lal Panchariya Shri,Ordinary Bill,,,,,Lapsed,https://sansad.in/getFile/BillsTexts/RSBillTexts/Asintroduced/code crim-Narayan-E-21619.pdf?source=legislation
2757,2283,XXXVI,"The Code of Civil Procedure (Amendment) Bill, 2018.",Rajya Sabha,2019-06-21,HOME AFFAIRS,Narayan Lal Panchariya Shri,Ordinary Bill,,,,,Lapsed,https://sansad.in/getFile/BillsTexts/RSBillTexts/Asintroduced/CCP-E-21619.pdf?source=legislation
2758,2283,XIII,"The Universal Health Insurance and Healthcare Coverage Bill, 2018",Rajya Sabha,2018-08-03,HEALTH AND FAMILY WELFARE,Narayan Lal Panchariya Shri,Ordinary Bill,,,,,Lapsed,https://sansad.in/getFile/BillsTexts/RSBillTexts/Asintroduced/Uni health-E-3818.pdf?source=legislation
2759,2283,XIX,"The Illegal Immigrants (Identification and Deportation) Bill, 2018",Rajya Sabha,2018-08-03,HOME AFFAIRS,Narayan Lal Panchariya Shri,Ordinary Bill,,,,,Lapsed,https://sansad.in/getFile/BillsTexts/RSBillTexts/Asintroduced/Ilegal-E-3818.pdf?source=legislation
2760,2283,XX,"The Information Technology (Amendment) Bill, 2018",Rajya Sabha,2018-08-03,COMMUNICATIONS AND INFORMATION TECHNOLOGY,Narayan Lal Panchariya Shri,Ordinary Bill,,,,,Lapsed,https://sansad.in/getFile/BillsTexts/RSBillTexts/Asintroduced/IT-E-3818.pdf?source=legislation
2761,2283,XL,"The Vedic Education (Compulsory Teaching in Educational Institutions) Bill, 2017",Rajya Sabha,2017-12-15,HUMAN RESOURCE  DEVELOPMENT,Narayan Lal Panchariya Shri,Ordinary Bill,,,,,Lapsed,https://sansad.in/getFile/BillsTexts/RSBillTexts/Asintroduced/vedic-E-151217.pdf?source=legislation
2762,2283,XXXIX,"The Solar Power (Development Promotion and Mandatory Use) Bill, 2017",Rajya Sabha,2017-12-15,NON-CONVENTIONAL ENERGY SOURCES,Narayan Lal Panchariya Shri,Ordinary Bill,,,,,Lapsed,https://sansad.in/getFile/BillsTexts/RSBillTexts/Asintroduced/solar-E-151217.pdf?source=legislation
2763,2283,XXXVIII,"The Judicial Statistics Bill, 2017",Rajya Sabha,2017-12-15,LAW AND JUSTICE,Narayan Lal Panchariya Shri,Ordinary Bill,,,,,Lapsed,https://sansad.in/getFile/BillsTexts/RSBillTexts/Asintroduced/judicial-E-151217.pdf?source=legislation
2764,2283,XXI,"The Indian Contract (Amendment) Bill, 2017",Rajya Sabha,2017-08-04,AGRICULTURE,Narayan Lal Panchariya Shri,Ordinary Bill,,,,,Lapsed,https://sansad.in/getFile/BillsTexts/RSBillTexts/Asintroduced/ind contract-4817-E.pdf?source=legislation
2765,2283,XXVI,"The Prevention of Acid Attacks and Rehabilitation of Acid Attack Victims Bill, 2017",Rajya Sabha,2017-08-04,HOME AFFAIRS,Narayan Lal Panchariya Shri,Ordinary Bill,,,,,Lapsed,https://sansad.in/getFile/BillsTexts/RSBillTexts/Asintroduced/Acid atak-4817-E.pdf?source=legislation
2766,2283,IX,"The Constitution (Amendment) Bill, 2017 (amendment of articles 83 and 172)",Rajya Sabha,2017-04-07,LAW AND JUSTICE,Narayan Lal Panchariya Shri,Ordinary Bill,,,,,Lapsed,https://sansad.in/getFile/BillsTexts/RSBillTexts/Hindi/Asintroduced/83-7417-H.pdf?source=legislation
2767,2284,LXI,"The Women (Equal Participation in Decision Making) Bill, 2015",Rajya Sabha,2015-12-18,WOMEN AND CHILD DEVELOPMENT,Anubhav Mohanty Shri,Ordinary Bill,,,,,Lapsed,https://sansad.in/getFile/BillsTexts/RSBillTexts/Asintroduced/womenequl-237w-E.pdf?source=legislation
2768,2284,LXII,"The Abolition of Begging and Rehabilitation of Beggars Bill, 2015",Rajya Sabha,2015-12-18,SOCIAL JUSTICE AND EMPOWERMENT,Anubhav Mohanty Shri,Ordinary Bill,,,,,Lapsed,https://sansad.in/getFile/BillsTexts/RSBillTexts/Asintroduced/beging-237w-E.pdf?source=legislation
2769,1513,VII,"The Counstution ( Amendment) Bill, 1981 ( to amend article 29)",Rajya Sabha,1981-08-28,,Mazhar Imam Syed,Ordinary Bill,,,,,,
2770,1513,VIII,"The Foreogners ( Amendment) Bill, 1981.",Rajya Sabha,1981-08-28,,Mazhar Imam Syed,Ordinary Bill,,,,,,
2771,1513,XV,"The Land Aquisition ( Amendment) Bill, 1980 ( to amend section 4)",Rajya Sabha,1980-11-28,AGRICULTURE,Mazhar Imam Syed,Ordinary Bill,,,,,,
2772,1513,XVI,"The code pf criminal proceduce (Amendment) Bill, 1980 ( to amend section 125,127)",Rajya Sabha,1980-11-28,,Mazhar Imam Syed,Ordinary Bill,,,,,,
2773,1513,III,"The  National Committee for Haj and Ziarat Bill ,1980",Rajya Sabha,1980-06-20,,Mazhar Imam Syed,Ordinary Bill,,,,,,
2774,2285,XLIV,"The Constitution (Amendment) Bill, 2016 (insertion of new article 16A)",Rajya Sabha,2016-11-18,LABOUR  AND  EMPLOYMENT,Vishambhar Prasad Nishad Shri,Ordinary Bill,,,,,Lapsed,https://sansad.in/getFile/BillsTexts/RSBillTexts/Asintroduced/16A-181116-E.pdf?source=legislation
2775,2285,XLIX,"The Special Financial Assistance to the Bundelkhand Region of the State of Uttar Pradesh Bill, 2016",Rajya Sabha,2016-11-18,FINANCE,Vishambhar Prasad Nishad Shri,Ordinary Bill,,,,,Lapsed,https://sansad.in/getFile/BillsTexts/RSBillTexts/Asintroduced/bundel-181116-E.pdf?source=legislation
2776,2285,XXIV,"The Constitution (Scheduled Castes) Order (Amendment) Bill, 2014",Rajya Sabha,2014-11-28,SOCIAL JUSTICE AND EMPOWERMENT,Vishambhar Prasad Nishad Shri,Ordinary Bill,,,,,Negatived,https://sansad.in/getFile/BillsTexts/RSBillTexts/Asintroduced/SC order-E.pdf?source=legislation
2777,740,XX,"The Representation of the people ( Amendment) Bill,1982 ( to amend section 13 A 13AA, 13B of act 1950",Rajya Sabha,1982-08-06,,J.P. Goyal Shri,Ordinary Bill,,,,,Withdrawn,
2778,740,XXI,"The Constitution ( Amendment) Bill, 1982 ( to amend Article 74,75)",Rajya Sabha,1982-08-06,,J.P. Goyal Shri,Ordinary Bill,,,,,Withdrawn,
2779,1127,XX,The Prevention of Misuse of Religions places Bill 1985,Rajya Sabha,1985-02-08,,Adinarayana Reddy Shri,Ordinary Bill,,,,,Lapsed,
2780,1127,XXVII,"The Abolition of caste and Relegions Titles from Names Bill,1983",Rajya Sabha,1983-09-12,,Adinarayana Reddy Shri,Ordinary Bill,,,,,,
2781,742,II,"The Working Journalists (Conditions of Service) and Miscellaneous Provisions (Amendment) Bill, 1965",Rajya Sabha,1965-12-03,,Inder Kumar Gujral Shri,Ordinary Bill,,,,,Withdrawn,
2782,1515,III,"The Factories (Amendment) Bill, 1956",Rajya Sabha,1956-05-11,LABOUR,Satyendra Narayan Mazumdar Shri,Ordinary Bill,,,,,Lapsed,
2783,1515,XI,"The motor Veicles ( Amendment) Bill,1956",Rajya Sabha,1956-03-09,LABOUR,Satyendra Narayan Mazumdar Shri,Ordinary Bill,,,,,Lapsed,
2784,1515,XI,"The Motor Vehicles (Amendment) Bill, 1956",Rajya Sabha,1956-03-09,LABOUR,Satyendra Narayan Mazumdar Shri,Ordinary Bill,,,,,,
2785,1890,XXII,"The Destitute and Neglected Women (Welfare) Bill, 2006.",Rajya Sabha,2006-07-28,,Prema Cariappa Smt.,Ordinary Bill,,,,,Lapsed,https://sansad.in/getFile/BillsTexts/RSBillTexts/Asintroduced/XXII_2006.pdf?source=legislation
2786,1890,XXXI,"The Indian Penal Code (Amendment) Bill, 2006.",Rajya Sabha,2006-07-28,HOME AFFAIRS,Prema Cariappa Smt.,Constitutional Amendment Bill,,,,,Lapsed,https://sansad.in/getFile/BillsTexts/RSBillTexts/Asintroduced/XXXI_2006.pdf?source=legislation
2787,1890,CXIX,"The Population Control Bill, 2005",Rajya Sabha,2005-12-23,HEALTH AND FAMILY WELFARE,Prema Cariappa Smt.,Ordinary Bill,,,,,Lapsed,
2788,1890,CXVIII,"The Prevention of Suicide by Farmers Affected by National Calamity and Other Provisions Bill, 2005",Rajya Sabha,2005-12-23,AGRICULTURE,Prema Cariappa Smt.,Ordinary Bill,,,,,Lapsed,
2789,1890,LVI,"The Prohibition of Begging and Rehabilitation of Beggars Bill, 2005.",Rajya Sabha,2005-08-25,SOCIAL JUSTICE AND EMPOWERMENT,Prema Cariappa Smt.,Ordinary Bill,,,,,Lapsed,
2790,1890,LVII,"The Prohibition of Extravagant and Wasteful Expenditure on Marriages Bill, 2005.",Rajya Sabha,2005-08-25,,Prema Cariappa Smt.,Ordinary Bill,,,,,Lapsed,
2791,1890,LVIII,"The Marriages (Compulsory Registration and Miscellaneous Provisions) Bill, 2005.",Rajya Sabha,2005-08-25,,Prema Cariappa Smt.,Ordinary Bill,,,,,Lapsed,
2792,1890,I,"The Homebased Women Entrepreneurs and Workers (Security of Regular Work, Reasonable Remuneration and Other Welfare Measures) Bill, 2005.",Rajya Sabha,2005-03-24,LABOUR,Prema Cariappa Smt.,Ordinary Bill,,,,,Lapsed,
2793,1890,V,"The Women (Empowerment for Equal Participation) Bill, 2005.",Rajya Sabha,2005-03-24,HUMAN RESOURCE  DEVELOPMENT,Prema Cariappa Smt.,Ordinary Bill,,,,,Lapsed,
2794,1890,VII,"The Women Workers of Agricultural, Plantations and Fisheries Sectors (Equal Wages, Basic Facilities and Other Welfare Measures) Bill, 2005.",Rajya Sabha,2005-03-24,,Prema Cariappa Smt.,Ordinary Bill,,,,,Lapsed,
2795,1890,XXXVI,"The Prohibition of Publication or Telecast of Vulgar, Obscene and Surrogate Advertisements and Re-Mix Songs by Print and Electronic Media Bill, 2004.",Rajya Sabha,2004-12-03,,Prema Cariappa Smt.,Ordinary Bill,,,,,Lapsed,
2796,1890,III,"The Farmers (Old Age Allowance, Removal of Indebtness and Miscellaneous Provisions) Bill, 2004.",Rajya Sabha,2004-09-07,SOCIAL JUSTICE AND EMPOWERMENT,Prema Cariappa Smt.,Ordinary Bill,,,,,Lapsed,
2797,1890,V,"The Constitution (Amendment) Bill, 2004 (Amendment of Articles 124, 130 and 216).",Rajya Sabha,2004-09-07,,Prema Cariappa Smt.,Ordinary Bill,,,,,Lapsed,
2798,1890,VI,"The Compulsory Maintenance of Aged Parents, Wife and Dependent Children by Citizen Bill, 2004.",Rajya Sabha,2004-09-07,SOCIAL JUSTICE AND EMPOWERMENT,Prema Cariappa Smt.,Ordinary Bill,,,,,Lapsed,
2799,1890,XXXV,"The Housemaids and Domestic Servants (Conditions of Service and Welfare) Bill, 2004.",Rajya Sabha,2004-03-12,LABOUR,Prema Cariappa Smt.,Ordinary Bill,,,,,Lapsed,
2800,1890,XXXVIII,"The Constitution (Amendment) Bill, 2004 (to amend the Eighth Schedule).",Rajya Sabha,2004-03-12,HOME AFFAIRS,Prema Cariappa Smt.,Ordinary Bill,,,,,Lapsed,
2801,1890,LIX,"The Prevention of Sexual Assault on Girls and Women Bill, 2003.",Rajya Sabha,2003-05-12,HOME AFFAIRS,Prema Cariappa Smt.,Ordinary Bill,,,,,,
2802,1890,LVII,"The Constitution (Amendment) Bill, 2003.  (to amend article 16).",Rajya Sabha,2003-05-12,HUMAN RESOURCE  DEVELOPMENT,Prema Cariappa Smt.,Ordinary Bill,,,,,,
2803,1890,LVIII,"The Girl Child (Elimination of Discrimination and Violation of Rights & Other Welfare Measures) Bill, 2003.",Rajya Sabha,2003-05-12,HUMAN RESOURCE  DEVELOPMENT,Prema Cariappa Smt.,Ordinary Bill,,,,,,
2804,1130,XXI,"The Andhra Pradesh  legislative council ( Amendment) Bill, 1983",Rajya Sabha,1983-11-18,,B. Satyanarayan Reddy Shri,Ordinary Bill,,,,,Lapsed,
2805,1130,IV,"The Constitution ( Amendment) Bill,1982 ( to amend article 51)",Rajya Sabha,1982-04-30,,B. Satyanarayan Reddy Shri,Ordinary Bill,,,,,,
2806,1129,VIII,"The Supreme Court of India (Establishment of a Permanent ) Bench as Nagpur( Bill,1999",Rajya Sabha,1999-12-03,,Saroj Khaparde Ms.,Ordinary Bill,,,,,Lapsed,https://sansad.in/getFile/BillsTexts/RSBillTexts/Asintroduced/VIII_1999.pdf?source=legislation
2807,1129,II,"The Right to Housing Bill, 1998",Rajya Sabha,1998-10-07,,Saroj Khaparde Ms.,Ordinary Bill,,,,,Lapsed,
2808,1129,XVIII,"The Constitution ( Amendment) Bill,1998 ( insertion of new art 18 A)",Rajya Sabha,1998-04-12,"CONSUMER AFFAIRS, FOOD AND PUBLIC DISTRIBUTION",Saroj Khaparde Ms.,Ordinary Bill,,,,,Lapsed,
2809,1129,XXII,"The Constitution ( Amendment) Bill,1998 ( to amend articles 75,164and the schedule)",Rajya Sabha,1998-04-12,HOME AFFAIRS,Saroj Khaparde Ms.,Ordinary Bill,,,,,,
2810,1129,IV,"The Frauit Grovers of Vidarbha Region and Other Areas (Incentires Packaging and Marketing Facilities) Bill, 1998",Rajya Sabha,1998-02-04,AGRICULTURE,Saroj Khaparde Ms.,Ordinary Bill,,,,,Lapsed,
2811,1129,XXXI,"The Poverty Striken and Backword Regions (Development) Bill, 1997",Rajya Sabha,1997-07-25,,Saroj Khaparde Ms.,Ordinary Bill,,,,,Lapsed,
2812,1129,XXXV,"The Electricity (Priority Supply to Rural Areas and Agriculture Sector) Bill, 1997",Rajya Sabha,1997-07-25,POWER,Saroj Khaparde Ms.,Ordinary Bill,,,,,Lapsed,
2813,1129,XIX,"The Old Age Allowance Bill, 1997",Rajya Sabha,1997-05-16,RURAL DEVELOPMENT,Saroj Khaparde Ms.,Ordinary Bill,,,,,Lapsed,
2814,1129,XVIII,"The Compulsory Maintenance and Care of Spouse, Children and Old Parents Bill, 1997",Rajya Sabha,1997-05-16,SOCIAL JUSTICE AND EMPOWERMENT,Saroj Khaparde Ms.,Ordinary Bill,,,,,Lapsed,
2815,1129,XX,"The Prevention of False Claim of Marriage, Succession and Parenthood Bill, 1997",Rajya Sabha,1997-05-16,,Saroj Khaparde Ms.,Ordinary Bill,,,,,,
2816,1129,LV,"The Glorification of Accoholic digner Consumption in Motion TelevisionSevrals, Telifilms and Dramas (Probition0 Bill,1996",Rajya Sabha,1997-03-21,,Saroj Khaparde Ms.,Ordinary Bill,,,,,Lapsed,
2817,1129,XLII,"Prohibition of Levish and Extrevane Expenditure on Marriage and Birthday Celebration Bill,1996",Rajya Sabha,1997-03-21,HUMAN RESOURCE  DEVELOPMENT,Saroj Khaparde Ms.,Ordinary Bill,,,,,Lapsed,
2818,1129,XXXV,"The Child Prostitution ( Prevention and Welfare Bill,1996",Rajya Sabha,1996-12-20,SOCIAL JUSTICE AND EMPOWERMENT,Saroj Khaparde Ms.,Ordinary Bill,,,,,Lapsed,
2819,1129,XXXVI,The Indigent Neglected and Homless Widows ( Rehabilitation and Welfare) Bill1996,Rajya Sabha,1996-12-20,SOCIAL JUSTICE AND EMPOWERMENT,Saroj Khaparde Ms.,Ordinary Bill,,,,,Lapsed,
2820,1129,LXI,"The Soiled and Damaged Currency Notes (Compulsory Exchange by Banks) Bill, 1995",Rajya Sabha,1996-12-07,,Saroj Khaparde Ms.,Ordinary Bill,,,,,Lapsed,
2821,1129,XXII,"The Children Born of Prostituties, Women Jail Immates and Mentally Ill or Reported Women (Upbringing and Welfare) Bill,1996",Rajya Sabha,1996-09-13,HUMAN RESOURCE  DEVELOPMENT,Saroj Khaparde Ms.,Ordinary Bill,,,,,Lapsed,https://sansad.in/getFile/BillsTexts/RSBillTexts/Asintroduced/11The Children born  Bill 19961122202333945PM.pdf?source=legislation
2822,1129,XXXIII,"The Reservation Bill,1996",Rajya Sabha,1996-09-13,SOCIAL JUSTICE AND EMPOWERMENT,Saroj Khaparde Ms.,Ordinary Bill,,,,,Lapsed,
2823,1129,XXIX,"The Girl Child ( Egnal Care Compulsory Education and other Welfare Measuse Bill ,1996",Rajya Sabha,1996-08-30,HUMAN RESOURCE  DEVELOPMENT,Saroj Khaparde Ms.,Ordinary Bill,,,,,Lapsed,
2824,1129,XXX,"The Senior Citizen ( Proper Care Protection and Welfare Bill,1996",Rajya Sabha,1996-08-30,SOCIAL JUSTICE AND EMPOWERMENT,Saroj Khaparde Ms.,Ordinary Bill,,,,,Lapsed,
2825,1129,XXXI,The Women Afflicted with Aegnired Deficiency ( Human Appwach and Medical Case Bill1996,Rajya Sabha,1996-08-30,HEALTH AND FAMILY WELFARE,Saroj Khaparde Ms.,Ordinary Bill,,,,,Lapsed,
2826,1129,XIV,"The Equal Status of Mother in Parental Recognition Bill,1996",Rajya Sabha,1996-07-26,HUMAN RESOURCE  DEVELOPMENT,Saroj Khaparde Ms.,Ordinary Bill,,,,,Lapsed,
2827,1129,XV,"The Housemaids ( Conditions of Service Humanitarian Approach and other welfare Measures) Bill,1996",Rajya Sabha,1996-07-26,,Saroj Khaparde Ms.,Ordinary Bill,,,,,Lapsed,
2828,1129,XX,"The Women ( Equal Participation in the Governance of the National ) Bill,1996",Rajya Sabha,1996-07-26,HUMAN RESOURCE  DEVELOPMENT,Saroj Khaparde Ms.,Ordinary Bill,,,,,Lapsed,
2829,1129,VII,"The Housevives (Compulsory Weekly Holiday from Domestic Chores) Bill, 1996",Rajya Sabha,1996-07-12,HUMAN RESOURCE  DEVELOPMENT,Saroj Khaparde Ms.,Ordinary Bill,,,,,Lapsed,
2830,1129,XLVI,"The Indecent Representation of Women (Prohibition) Amendment Bill, 1995",Rajya Sabha,1995-08-17,HUMAN RESOURCE  DEVELOPMENT,Saroj Khaparde Ms.,Ordinary Bill,,,,,Withdrawn,
2831,1129,LXV,"The Prevention of Barbarous and Beastly Cruelty Against Women Bill, 1995",Rajya Sabha,1995-01-12,HOME AFFAIRS,Saroj Khaparde Ms.,Ordinary Bill,,,,,Withdrawn,
2832,1129,LIV,"The Women Agricultural Warkers ( Egnnrewages amd Basic Facilities ) Bill,1996",Rajya Sabha,,AGRICULTURE,Saroj Khaparde Ms.,Ordinary Bill,,,,,Lapsed,
2833,1129,XLIII,"The Blind and Hadiicapped Women and Girls ( Education and employment and other welfare Bill,1996",Rajya Sabha,,SOCIAL JUSTICE AND EMPOWERMENT,Saroj Khaparde Ms.,Ordinary Bill,,,,,Lapsed,https://sansad.in/getFile/BillsTexts/RSBillTexts/Asintroduced/8 The Blind a Girls 19961122202333426PM.pdf?source=legislation
2834,1893,I,"The Neglected and Suffering Widows (Protection and welfare) Bill, 2006",Rajya Sabha,2006-02-17,HUMAN RESOURCE  DEVELOPMENT,Maya Singh Smt.,Ordinary Bill,,,,,Lapsed,https://sansad.in/getFile/BillsTexts/RSBillTexts/Asintroduced/I_2006.PDF?source=legislation
2835,1893,LXXXIX,"The Public Employment (Reseration for Women) Bill, 2005",Rajya Sabha,2005-09-12,"PERSONNEL,  PUBLIC  GRIEVANCES  AND  PENSIONS",Maya Singh Smt.,Ordinary Bill,,,,,Withdrawn,
2836,1893,XC,"The Destitute and Poor (Rehailitation and Welfare) Bill, 2005",Rajya Sabha,2005-09-12,SOCIAL JUSTICE AND EMPOWERMENT,Maya Singh Smt.,Ordinary Bill,,,,,Lapsed,
2837,745,VI,"The Constitution (Amendment) Bill, 1977 (to amend the Second Sechdule)",Rajya Sabha,1977-12-16,HOME AFFAIRS,Bhupesh Gupta Shri,Ordinary Bill,,,,,Withdrawn,
2838,745,VII,"The Maintenance of Internal Security (Repeal) Bill, 1977",Rajya Sabha,1977-12-16,HOME AFFAIRS,Bhupesh Gupta Shri,Ordinary Bill,,,,,,
2839,745,XXXII,"Teh Parlimentry Proceedings (Protection of publication) Bill,1976",Rajya Sabha,1976-08-20,INFORMATION AND BROADCASTING,Bhupesh Gupta Shri,Ordinary Bill,,,,,Withdrawn,
2840,745,XXXIV,"The Constitution (Amendment) Bill,1976 (insertion of new articles 117 and 207A.",Rajya Sabha,1976-08-20,PARLIAMENTARY  AFFAIRS,Bhupesh Gupta Shri,Ordinary Bill,,,,,Negatived,
2841,745,XXXV,"The Constitution (Amendment )Bill 1976 (to amend articles 15,19,etc.)",Rajya Sabha,1976-08-20,HOME AFFAIRS,Bhupesh Gupta Shri,Ordinary Bill,,,,,Lapsed,
2842,745,III,"The Constitution (Amendment) Bill, 1971 [to amend article 326]",Rajya Sabha,1971-06-04,,Bhupesh Gupta Shri,Ordinary Bill,,,,,Withdrawn,
2843,745,I,"The Constitution (Amendment) Bill, 1971 [to amend article 368]",Rajya Sabha,1971-03-26,,Bhupesh Gupta Shri,Ordinary Bill,,,,,Lapsed,
2844,745,II,"The Constitution (Amendment) Bill, 1971 [to amend article 124 and 217]",Rajya Sabha,1971-03-26,HOME AFFAIRS,Bhupesh Gupta Shri,Ordinary Bill,,,,,Lapsed,
2845,745,IV,"The Constitution (Amendment) Bill,  1971 [to amend article 368 - to make provision for amendment of any part of the Constitution]",Rajya Sabha,1971-03-26,,Bhupesh Gupta Shri,Ordinary Bill,,,,,Withdrawn,
2846,745,XII,"The Members of Parliament and State Legislatures (Immunity from Detention) Bill, 1970",Rajya Sabha,1970-08-07,HOME AFFAIRS,Bhupesh Gupta Shri,Ordinary Bill,,,,,,
2847,745,XIII,"The Constitution (Amendment) Bill, 1970 [substitution of article 120]",Rajya Sabha,1970-08-07,HOME AFFAIRS,Bhupesh Gupta Shri,Ordinary Bill,,,,,Lapsed,
2848,745,XX,"The Constitution (Amendment) Bill, 1970 [to ament articles 74 and 163]",Rajya Sabha,1970-08-07,HOME AFFAIRS,Bhupesh Gupta Shri,Ordinary Bill,,,,,Withdrawn,
2849,745,IX,"The Constitution (Amendment) Bill, 1970 [Omission of article 314]",Rajya Sabha,1970-05-08,HOME AFFAIRS,Bhupesh Gupta Shri,Ordinary Bill,,,,,Lapsed,
2850,745,X,"The Constitution (Amendment) Bill, 1970 [to amend article 291]",Rajya Sabha,1970-05-08,HOME AFFAIRS,Bhupesh Gupta Shri,Ordinary Bill,,,,,Lapsed,
2851,745,XI,"The Constitution (Amendment) Bill, 1970 [to amend article 143]",Rajya Sabha,1970-05-08,,Bhupesh Gupta Shri,Ordinary Bill,,,,,Withdrawn,
2852,745,VIII,"The Constitution (Amendment) Bill, 1965 (to amend article 120)",Rajya Sabha,1965-05-14,HOME AFFAIRS,Bhupesh Gupta Shri,Ordinary Bill,,,,,Lapsed,
2853,745,IX,"The Constitution (Amendment) Bill, 1964 (to amend article 143)",Rajya Sabha,1964-09-18,,Bhupesh Gupta Shri,Ordinary Bill,,,,,Lapsed,
2854,745,VIII,"The Constitution (Amendment) Bill, 1964 (to amend article 291)",Rajya Sabha,1964-09-18,HOME AFFAIRS,Bhupesh Gupta Shri,Ordinary Bill,,,,,Lapsed,
2855,745,XI,"The Members of Parliament and State Legislatives (Immunity from Detention) Bill, 1964",Rajya Sabha,1964-09-18,PARLIAMENTARY  AFFAIRS,Bhupesh Gupta Shri,Ordinary Bill,,,,,Lapsed,
2856,745,X,"The Constitution (Amendment) Bill, 1964 (to amend articles 352 and 359 and insertion of new article 360A)",Rajya Sabha,1964-03-10,HOME AFFAIRS,Bhupesh Gupta Shri,Ordinary Bill,,,,,Negatived,
2857,745,XXXV,"The Members of Parliament and State Legislatures (Immuniting from Detention) Bill, 1964",Rajya Sabha,1964-02-21,HOME AFFAIRS,Bhupesh Gupta Shri,Ordinary Bill,,,,,Lapsed,
2858,745,XXIV,"The Constitution (Amendment) Bill, 1963 (to amend article 143)",Rajya Sabha,1963-12-13,LAW AND JUSTICE,Bhupesh Gupta Shri,Constitutional Amendment Bill,,,,,Lapsed,
2859,745,XXV,"The Constitution (Amendment) Bill, 1963 {to amend artoc;e 354, 359 and 360A)",Rajya Sabha,1963-06-09,HOME AFFAIRS,Bhupesh Gupta Shri,Ordinary Bill,,,,,Lapsed,
2860,745,VIII,"The Constitution (Amendment) Bill, 1962( to amend article 291)",Rajya Sabha,1962-11-16,LAW AND JUSTICE,Bhupesh Gupta Shri,Constitutional Amendment Bill,,,,,Lapsed,
2861,745,II,"The Constitution (Amendment) Bill, 1961 ((First Schedule)",Rajya Sabha,1961-10-03,,Bhupesh Gupta Shri,Ordinary Bill,,,,,Negatived,
2862,745,III,"The Constitution (Amendment) Bill, 1961 (Article 72(1)",Rajya Sabha,1961-10-03,,Bhupesh Gupta Shri,Ordinary Bill,,,,,Negatived,
2863,745,IV,"The Constitution (Amendment) Bill, 1961 (to amend articles 74, 123, 124, 217 and Second Schedule)",Rajya Sabha,1961-10-03,,Bhupesh Gupta Shri,Ordinary Bill,,,,,Withdrawn,
2864,745,VI,"The Constitution (Amendment) Bill, 1961 (Article 57)",Rajya Sabha,1961-10-03,,Bhupesh Gupta Shri,Ordinary Bill,,,,,Withdrawn,
2865,745,XV,"The Constitution (Amendment) Bill, 1960",Rajya Sabha,1960-08-19,,Bhupesh Gupta Shri,Ordinary Bill,,,,,Lapsed,
2866,745,XVI,"The Ceilings on Salary (In Private Sector) Bill, 1960.",Rajya Sabha,1960-08-19,,Bhupesh Gupta Shri,Ordinary Bill,,,,,Negatived,
2867,745,XII,"The Representation of the People (Amendment) Bill, 1959",Rajya Sabha,1959-08-21,,Bhupesh Gupta Shri,Ordinary Bill,,,,,Negatived,
2868,745,XVIII,"The Catholic Church Premises and Ecelesiastie Order (Restructio of Political Activity) Bill, 1959",Rajya Sabha,1959-04-12,HOME AFFAIRS,Bhupesh Gupta Shri,Ordinary Bill,,,,,Negatived,
2869,745,III,"The Companies (Amendment) Bill, 1958",Rajya Sabha,1958-08-29,COMMERCE AND INDUSTRY,Bhupesh Gupta Shri,Ordinary Bill,,,,,Lapsed,
2870,745,IV,"The Code of Criminal Procedure (Amendment) Bill, 1958",Rajya Sabha,1958-08-29,HOME AFFAIRS,Bhupesh Gupta Shri,Ordinary Bill,,,,,Negatived,
2871,306,317,"The Import of Consumer Goods (Regulation) Bill, 2016.",Lok Sabha,2017-03-10,"CONSUMER AFFAIRS, FOOD AND PUBLIC DISTRIBUTION",Prahlad Singh Patel Shri,Financial Bill,,,,,Lapsed,https://sansad.in/getFile/BillsTexts/LSBillTexts/Asintroduced/3406.pdf?source=legislation
2872,306,77,"The Population Control Bill, 2016",Lok Sabha,2017-03-10,HEALTH AND FAMILY WELFARE,Prahlad Singh Patel Shri,Financial Bill,,,,,Lapsed,https://sansad.in/getFile/BillsTexts/LSBillTexts/Asintroduced/27LS.pdf?source=legislation
2873,306,66,"The Private Vehicles (Exemption from Toll) Bill, 2015",Lok Sabha,2015-03-13,ROAD TRANSPORT AND HIGHWAYS,Prahlad Singh Patel Shri,Financial Bill,,,,,Lapsed,https://sansad.in/getFile/BillsTexts/LSBillTexts/Asintroduced/4774LS.pdf?source=legislation
2874,306,67,"The Orphan Child (Welfare) Bill, 2015",Lok Sabha,2015-03-13,WOMEN AND CHILD DEVELOPMENT,Prahlad Singh Patel Shri,Financial Bill,,,,,Lapsed,https://sansad.in/getFile/BillsTexts/LSBillTexts/Asintroduced/4761LS.pdf?source=legislation
2875,306,68,"The Television Broadcasting Companies (Regulation) Bill, 2015",Lok Sabha,2015-03-13,INFORMATION AND BROADCASTING,Prahlad Singh Patel Shri,Financial Bill,,,,,Lapsed,https://sansad.in/getFile/BillsTexts/LSBillTexts/Asintroduced/4755LS.pdf?source=legislation
2876,306,69,"The Indian Penal Code (Amendment) Bill, 2015 (Amendment of section 376)",Lok Sabha,2015-03-13,HOME AFFAIRS,Prahlad Singh Patel Shri,Ordinary Bill,,,,,Lapsed,https://sansad.in/getFile/BillsTexts/LSBillTexts/Asintroduced/4773LS.pdf?source=legislation
2877,306,159,"The Constitution (Amendment) Bill, 2002",Lok Sabha,2001-07-27,YOUTH AFFAIRS AND SPORTS,Prahlad Singh Patel Shri,Constitutional Amendment Bill,,,,,Pending,https://sansad.in/getFile/BillsTexts/LSBillTexts/Asintroduced/159_2000.pdf?source=legislation
2878,2292,LVII,"The Reserve Bank of India (Amendment) Bill, 2018",Rajya Sabha,2019-07-12,FINANCE,M.V. Rajeev Gowda Prof.,Ordinary Bill,,,,,Lapsed,https://sansad.in/getFile/BillsTexts/RSBillTexts/Asintroduced/RBI-E-12719.pdf?source=legislation
2879,2292,XII,"The Constitution (Amendment) Bill, 2016 (amendment of articles 15 & 16)",Rajya Sabha,2016-04-29,SOCIAL JUSTICE AND EMPOWERMENT,M.V. Rajeev Gowda Prof.,Ordinary Bill,,,,,Lapsed,https://sansad.in/getFile/BillsTexts/RSBillTexts/Asintroduced/15-29 4 16-E.pdf?source=legislation
2880,2292,XLIII,"The Representation of the People (Amendment) Bill, 2014",Rajya Sabha,2014-12-12,LAW AND JUSTICE,M.V. Rajeev Gowda Prof.,Ordinary Bill,,,,,Withdrawn,https://sansad.in/getFile/BillsTexts/RSBillTexts/Asintroduced/RP -E.pdf?source=legislation
2881,308,17,"The Government of Union Territory of Daman and Diu Bill,2005",Lok Sabha,2005-03-11,HOME AFFAIRS,Dahya Bhai V. Patel Shri,Financial Bill,,,,,Lapsed,
2882,308,156,"The Government of Union Territory of Daman and Diu Bill, 2000",Lok Sabha,2000-11-24,HOME AFFAIRS,Dahya Bhai V. Patel Shri,Financial Bill,,,,,Lapsed,https://sansad.in/getFile/BillsTexts/LSBillTexts/Asintroduced/4157LS.pdf?source=legislation
2883,2293,LV,"The Single-Use Plastic (Regulation) Bill, 2019",Rajya Sabha,2019-12-06,ENVIRONMENT AND FORESTS,Ronald Sapa Tlau Shri,Ordinary Bill,,,,,Lapsed,https://sansad.in/getFile/BillsTexts/RSBillTexts/Asintroduced/single use-E-6 12 19.pdf?source=legislation
2884,1900,LV,"The Scheduled Tribes and Other Traditional Forest Dwellers (Recognition of Forest Rights) Amendment Bill, 2009.",Rajya Sabha,2009-12-18,TRIBAL AFFAIRS,Matilal Sarkar Shri,Ordinary Bill,,,,,Lapsed,https://sansad.in/getFile/BillsTexts/RSBillTexts/Asintroduced/ST LV 09.pdf?source=legislation
2885,1900,LVI,"The Constitution (Amendment) Bill, 2009 (insertion of new article 2A)",Rajya Sabha,2009-12-18,LABOUR  AND  EMPLOYMENT,Matilal Sarkar Shri,Constitutional Amendment Bill,,,,,Lapsed,https://sansad.in/getFile/BillsTexts/RSBillTexts/Asintroduced/const LVI 09.pdf?source=legislation
2886,1900,XXXVIII,"The Constitution (Amendment) Bill, 2009 (to amend article 16)",Rajya Sabha,2009-12-04,"PERSONNEL,  PUBLIC  GRIEVANCES  AND  PENSIONS",Matilal Sarkar Shri,Constitutional Amendment Bill,,,,,Lapsed,https://sansad.in/getFile/BillsTexts/RSBillTexts/Asintroduced/const XXXVIII 09.pdf?source=legislation
2887,310,X,"The Scik Textile Undertakings ( Nationalisation) Amendment Bill,1978",Rajya Sabha,1978-07-28,,Jagjit Singh Anand Shri,Ordinary Bill,,,,,,
2888,1896,XCIII,"The Constitutional (Amendment) Bill, 2006 (insertion of new articles 275A and 371J)",Rajya Sabha,2006-12-08,FINANCE,Prabha Thakur Dr.,Constitutional Amendment Bill,,,,,Lapsed,https://sansad.in/getFile/BillsTexts/RSBillTexts/Asintroduced/XCIII_2006.pdf?source=legislation
2889,1896,XCIV,"The Constitutional (Amendment) Bill, 2006 (insertion of new article 21B)",Rajya Sabha,2006-12-08,RURAL DEVELOPMENT,Prabha Thakur Dr.,Constitutional Amendment Bill,,,,,Lapsed,https://sansad.in/getFile/BillsTexts/RSBillTexts/Asintroduced/XCIV_ 2006.pdf?source=legislation
2890,1896,C,"The Constitution (Amendment) Bill, 2005 9 to amend the Eighth Schedule)",Rajya Sabha,2005-12-23,HOME AFFAIRS,Prabha Thakur Dr.,Ordinary Bill,,,,,Lapsed,
2891,1896,CII,"The Children of Families Living Below Poverty Line (Welfare) Bill, 2005",Rajya Sabha,2005-12-23,HUMAN RESOURCE  DEVELOPMENT,Prabha Thakur Dr.,Ordinary Bill,,,,,Lapsed,
2892,1896,CIII,"The Constitution (Amendment) Bill, 2005 ( insertion of new article 21B and omission of article 41)",Rajya Sabha,2005-12-23,SOCIAL JUSTICE AND EMPOWERMENT,Prabha Thakur Dr.,Ordinary Bill,,,,,Lapsed,
2893,1896,II,"The Safe Potable Water (Special Provisions for Desert and Drought Prone Areas) Bill, 2005.",Rajya Sabha,2005-03-24,RURAL DEVELOPMENT,Prabha Thakur Dr.,Ordinary Bill,,,,,Lapsed,
2894,1896,III,"The Constitution (Amendment) Bill, 2005 (insertion of new article 16A and to amend article 39).",Rajya Sabha,2005-03-24,LABOUR,Prabha Thakur Dr.,Ordinary Bill,,,,,Lapsed,
2895,1896,IV,"The Comprehensive Crop and Livestock Insurance Scheme Bill, 2005.",Rajya Sabha,2005-03-24,AGRICULTURE,Prabha Thakur Dr.,Ordinary Bill,,,,,,
2896,1896,XXIX,"The Girl Child Victim of Prostitution (Rescue, Rehabilitation and Miscellaneous Provisions) Bill, 2004.",Rajya Sabha,2004-03-12,HUMAN RESOURCE  DEVELOPMENT,Prabha Thakur Dr.,Ordinary Bill,,,,,Lapsed,
2897,1896,XXVI,"The Agriculture in Arid, Desert and Drought Prone Areas (Special Incentives) Bill, 2004.",Rajya Sabha,2004-03-12,AGRICULTURE,Prabha Thakur Dr.,Ordinary Bill,,,,,Lapsed,
2898,1896,XXVIII,"The Destitute, Poor and Infirm Citizens (Maintenance Rehabilitation and Other Welfare Measures) Bill, 2004.",Rajya Sabha,2004-03-12,SOCIAL JUSTICE AND EMPOWERMENT,Prabha Thakur Dr.,Ordinary Bill,,,,,Lapsed,
2899,2295,L,"The Representation of the People (Amendment) Bill, 2023",Rajya Sabha,2023-12-08,LAW AND JUSTICE,Javed Ali Khan Shri,Ordinary Bill,,,,,Pending,https://sansad.in/getFile/BillsTexts/RSBillTexts/Asintroduced/RoP_Javed Ali-E1219202342933PM.pdf?source=legislation
2900,2295,LVI,"The Prevention of Insult to the Father of the Nation and other Icons of Freedom Movement Bill, 2022.",Rajya Sabha,2022-12-09,HOME AFFAIRS,Javed Ali Khan Shri,Ordinary Bill,,,,,Pending,https://sansad.in/getFile/BillsTexts/RSBillTexts/Asintroduced/LVI_2022-E731202484715PM.pdf?source=legislation
2901,2295,LVII,"The Constitution (Amendment) Bill, 2022 (amendment of article 16).",Rajya Sabha,2022-12-09,SOCIAL JUSTICE AND EMPOWERMENT,Javed Ali Khan Shri,Constitutional Amendment Bill,,,,,Pending,https://sansad.in/getFile/BillsTexts/RSBillTexts/Asintroduced/10 E - 258 SessionRS1213202275406PM.pdf?source=legislation
2902,2295,XLVI,"The Prevention of Insult to the Father of the Nation and Other Icons of Freedom Movement Bill, 2019",Rajya Sabha,2019-12-06,HOME AFFAIRS,Javed Ali Khan Shri,Ordinary Bill,,,,,Lapsed,https://sansad.in/getFile/BillsTexts/RSBillTexts/Asintroduced/freedom move-E-6 12 19.pdf?source=legislation
2903,2295,XLVIII,"The Constitution (Amendment) Bill, 2018 (amendment of article 16)",Rajya Sabha,2019-06-21,"PERSONNEL,  PUBLIC  GRIEVANCES  AND  PENSIONS",Javed Ali Khan Shri,Ordinary Bill,,,,,Lapsed,https://sansad.in/getFile/BillsTexts/RSBillTexts/Asintroduced/16-E-21619.pdf?source=legislation
2904,312,53,"The Alternate Fuel Resources Board Bill, 2000",Lok Sabha,2000-05-05,NON-CONVENTIONAL ENERGY SOURCES,Anna Saheb M.K. Patil Shri,Financial Bill,,,,,Lapsed,https://sansad.in/getFile/BillsTexts/LSBillTexts/Asintroduced/4399LS.pdf?source=legislation
2905,313,43,"The States and Union Territories Reorganisation Commission Bill, 2008",Lok Sabha,2008-12-12,HOME AFFAIRS,Balasaheb Vikhe Patil Shri,Financial Bill,,,,,Lapsed,https://sansad.in/getFile/BillsTexts/LSBillTexts/Asintroduced/2331ls-05.pdf?source=legislation
2906,313,110,"The Promotion of Small Family Bill, 2005",Lok Sabha,2005-08-25,HEALTH AND FAMILY WELFARE,Balasaheb Vikhe Patil Shri,Financial Bill,,,,,Lapsed,https://sansad.in/getFile/BillsTexts/LSBillTexts/Asintroduced/2086LS.pdf?source=legislation
2907,313,117,"The Agricultural Insurance Scheme Bill, 2005",Lok Sabha,2005-08-25,AGRICULTURE,Balasaheb Vikhe Patil Shri,Financial Bill,,,,,Lapsed,https://sansad.in/getFile/BillsTexts/LSBillTexts/Asintroduced/2483LS.pdf?source=legislation
2908,313,119,"The National Social Security Bill, 2005",Lok Sabha,2005-08-25,SOCIAL JUSTICE AND EMPOWERMENT,Balasaheb Vikhe Patil Shri,Financial Bill,,,,,Pending,https://sansad.in/getFile/BillsTexts/LSBillTexts/Asintroduced/2548LS.pdf?source=legislation
2909,2297,VIII,"The Arsenic Contamination (Prevention) Bill, 2017",Rajya Sabha,2017-04-07,WATER RESOURCES,Neeraj Shekhar Shri,Ordinary Bill,,,,,Lapsed,https://sansad.in/getFile/BillsTexts/RSBillTexts/Asintroduced/arsenic-E.pdf?source=legislation
2910,2298,IX,"The Children belonging to the Scheduled Castes and the Scheduled Tribes (Reservation and Compulsory Display of Seats by Educational Institutions) Bill, 2015",Rajya Sabha,2015-04-24,HUMAN RESOURCE  DEVELOPMENT,P.L. Punia Shri,Ordinary Bill,,,,,Lapsed,https://sansad.in/getFile/BillsTexts/RSBillTexts/Asintroduced/Chidren sc IX-E.pdf?source=legislation
2911,2298,XV,"The Scheduled Castes and the Scheduled Tribes (Compulsory Notification and filling up of Reserved Vacancies) Bill, 2015",Rajya Sabha,2015-04-24,"PERSONNEL,  PUBLIC  GRIEVANCES  AND  PENSIONS",P.L. Punia Shri,Ordinary Bill,,,,,Lapsed,https://sansad.in/getFile/BillsTexts/RSBillTexts/Asintroduced/SC vacan-E.pdf?source=legislation
2912,2298,XVI,"The Scheduled Castes and Scheduled Tribes Sub Plans (Budgetary Allocation and Special Schemes) Bill, 2015",Rajya Sabha,2015-04-24,FINANCE,P.L. Punia Shri,Ordinary Bill,,,,,Lapsed,https://sansad.in/getFile/BillsTexts/RSBillTexts/Asintroduced/sub plan-E.pdf?source=legislation
2913,1140,II,"The Constitution (Amendment) Bill,1977(to amend article 101)",Rajya Sabha,1977-06-24,,F.M. Khan Shri,Ordinary Bill,,,,,,
2914,317,XIII,"The Prohibition of Hydrogenating Vegetable Oil Bill, 1960.",Rajya Sabha,1960-08-19,,Jugal Kishore Shri,Ordinary Bill,,,,,Withdrawn,
2915,317,XIX,"The Colouring of Vanaspati Bill, 1959",Rajya Sabha,1959-04-12,,Jugal Kishore Shri,Ordinary Bill,,,,,Withdrawn,
2916,317,IX,"The  Dowry Restraint Bill, 1958",Rajya Sabha,1958-12-05,,Jugal Kishore Shri,Ordinary Bill,,,,,Withdrawn,
2917,1908,XV,"The Constitution (Amendment) Bill, 2005 (to amend articles 75 and 164).",Rajya Sabha,2005-03-24,,P. C. Alexander Dr.,Ordinary Bill,,,,,Lapsed,
2918,1907,XLIV,"The Constitution (Amendment) Bill, 2006 (amendment of Eighth Shedule).",Rajya Sabha,2006-07-28,HOME AFFAIRS,Lalhming Liana Shri,Constitutional Amendment Bill,,,,,Negatived,https://sansad.in/getFile/BillsTexts/RSBillTexts/Asintroduced/XLIV_2006.pdf?source=legislation
2919,1909,XXIII,"The Salary, Allowances and Pension of Members of Parliament (Amendment) Bill, 2004.",Rajya Sabha,2004-12-17,PARLIAMENTARY  AFFAIRS,Lalit Suri Shri,Ordinary Bill,,,,,Withdrawn,
2920,1909,XLVII,"The Constitution (Amendment) Bill, 2004 (to amend articles 153, 156 etc.).",Rajya Sabha,2004-03-12,HOME AFFAIRS,Lalit Suri Shri,Ordinary Bill,,,,,Lapsed,
2921,1909,XVIII,"The Salaries and Allowances of Officers of Parliament (Amendment) Bill, 2004.",Rajya Sabha,2004-03-12,PARLIAMENTARY  AFFAIRS,Lalit Suri Shri,Ordinary Bill,,,,,Lapsed,
2922,1909,LXXI,"The Salaries and Allowances o Officers of Parliament (amendment) Bill, 2003.",Rajya Sabha,2003-12-19,PARLIAMENTARY  AFFAIRS,Lalit Suri Shri,Ordinary Bill,,,,,,
2923,1909,LXIV,"The Salary, Allowances & Pension of Members of Parliament (Amendment) Bill, 2003.",Rajya Sabha,2003-05-12,PARLIAMENTARY  AFFAIRS,Lalit Suri Shri,Ordinary Bill,,,,,,
2924,760,IX,"The Constitution (Amendment) Bill, 1971 [to amend articles 19 and 39]",Rajya Sabha,1971-06-18,,M. S. Gurupadaswamy Shri,Ordinary Bill,,,,,Lapsed,
2925,760,VIII,"The Constitution (Amendment) Bill, 1971 [to amend articles 154, 163 and 164]",Rajya Sabha,1971-06-18,HOME AFFAIRS,M. S. Gurupadaswamy Shri,Ordinary Bill,,,,,Lapsed,
2926,322,XXVIII,"The Constitution (Amendment) Bill, 1964 [to amend articles 148 and 319]",Rajya Sabha,1965-02-26,HOME AFFAIRS,Jethalal Harikrishna Joshi Shri,Ordinary Bill,,,,,Lapsed,
2927,2306,LIII,"The Physiotherapy Central Council Bill, 2018",Rajya Sabha,2019-06-21,HEALTH AND FAMILY WELFARE,Amar Shankar Sable Shri,Ordinary Bill,,,,,Lapsed,https://sansad.in/getFile/BillsTexts/RSBillTexts/Asintroduced/Physio-E-21619.pdf?source=legislation
2928,2306,XLIV,"The Tour Operators and Travel Agents (Regulation) Bill, 2018.",Rajya Sabha,2019-06-21,TOURISM,Amar Shankar Sable Shri,Ordinary Bill,,,,,Lapsed,https://sansad.in/getFile/BillsTexts/RSBillTexts/Asintroduced/Tour-E-21619.pdf?source=legislation
2929,2306,XXVIII,"The Agricultural and other Rural Workers (Protection and Welfare) Bill, 2018",Rajya Sabha,2018-08-03,AGRICULTURE,Amar Shankar Sable Shri,Ordinary Bill,,,,,Lapsed,https://sansad.in/getFile/BillsTexts/RSBillTexts/Asintroduced/agricul-E-3818.pdf?source=legislation
2930,2306,XXXI,"The Downtrodden, Backward and Oppressed Youth (Development and Welfare) Bill, 2018",Rajya Sabha,2018-08-03,SOCIAL JUSTICE AND EMPOWERMENT,Amar Shankar Sable Shri,Ordinary Bill,,,,,Lapsed,https://sansad.in/getFile/BillsTexts/RSBillTexts/Asintroduced/downtrodn-E-3818.pdf?source=legislation
2931,323,107,"The Constitution (Amendment) Bill, 1999 (Amendment of articles 74 and 163)",Lok Sabha,1999-03-12,HOME AFFAIRS,Uttamrao Deorao Patil Shri,Ordinary Bill,,,,,Pending,https://sansad.in/getFile/BillsTexts/LSBillTexts/Asintroduced/1827LS.pdf?source=legislation
2932,762,VIII,"The Constitution (Amendment) Bill,1978 (to amend article 217)",Rajya Sabha,1978-07-28,,Bishambhar Nath Pande Shri,Ordinary Bill,,,,,Withdrawn,
2933,1912,IV,"The Prevention of Cruelty to Animals (Amendment) Bill, 2004.",Rajya Sabha,2004-03-12,ENVIRONMENT AND FORESTS,Abu Asim Azmi Shri,Ordinary Bill,,,,,Lapsed,
2934,1912,LXX,"The Constitution (Amendment) Bill, 2003 (insertion of new article 24A and to amend article 39).",Rajya Sabha,2003-12-19,LABOUR,Abu Asim Azmi Shri,Ordinary Bill,,,,,,
2935,2308,LVI,"The Constitution (Amendment) Bill, 2019 (amendment of article 16)",Rajya Sabha,2019-12-06,SOCIAL JUSTICE AND EMPOWERMENT,K.K. Ragesh Shri,Ordinary Bill,,,,,Lapsed,https://sansad.in/getFile/BillsTexts/RSBillTexts/Asintroduced/16-E-6 12 19.pdf?source=legislation
2936,2308,XXII,"The Farmers’ Right to Guaranteed Remunerative Minimum Support Prices for Agricultural Commodities Bill, 2018",Rajya Sabha,2018-07-20,AGRICULTURE,K.K. Ragesh Shri,Ordinary Bill,,,,,Lapsed,https://sansad.in/getFile/BillsTexts/RSBillTexts/Asintroduced/farmr right-E-20718.pdf?source=legislation
2937,2308,XLV,"The Indian Penal Code (Amendment) Bill, 2017",Rajya Sabha,2017-12-29,HOME AFFAIRS,K.K. Ragesh Shri,Ordinary Bill,,,,,Lapsed,https://sansad.in/getFile/BillsTexts/RSBillTexts/Asintroduced/IPC-E-291217.pdf?source=legislation
2938,2308,XII,"The Constitution (Amendment) Bill, 2017 (insertion of new article 21B)",Rajya Sabha,2017-07-21,HOUSING AND URBAN POVERTY ALLEVIATION,K.K. Ragesh Shri,Ordinary Bill,,,,,Lapsed,https://sansad.in/getFile/BillsTexts/RSBillTexts/Asintroduced/21B-21717-E.pdf?source=legislation
2939,2308,LIX,"The Constitution (Amendment) Bill, 2016 (insertion of new article 21B)",Rajya Sabha,2016-12-02,HEALTH AND FAMILY WELFARE,K.K. Ragesh Shri,Ordinary Bill,,,,,Lapsed,https://sansad.in/getFile/BillsTexts/RSBillTexts/Asintroduced/21B-21216-E.pdf?source=legislation
2940,2308,LVII,"The Self-Financing Professional Educational Institutions (Control and Regulation) Bill, 2015",Rajya Sabha,2015-12-18,HUMAN RESOURCE  DEVELOPMENT,K.K. Ragesh Shri,Ordinary Bill,,,,,Withdrawn,https://sansad.in/getFile/BillsTexts/RSBillTexts/Asintroduced/selfinancing-237w-E.pdf?source=legislation
2941,764,V,"The Factories (Amendment) Bill, 1952",Rajya Sabha,1952-12-08,LABOUR,S. Guruswami Shri,Ordinary Bill,,,,,Withdrawn,
2942,1916,XX,"The Constitution (Amendment) Bill, 2015 (amendment of articles 341 and 342)",Rajya Sabha,2015-08-07,LAW AND JUSTICE,Veer Singh Shri,Ordinary Bill,,,,,Lapsed,https://sansad.in/getFile/BillsTexts/RSBillTexts/Asintroduced/341-E Veer.pdf?source=legislation
2943,1916,LIX,"The Constitution (Amendment) Bill, 2012 (amendment of articles 341 and 342)",Rajya Sabha,2012-12-07,HOME AFFAIRS,Veer Singh Shri,Constitutional Amendment Bill,,,,,Lapsed,https://sansad.in/getFile/BillsTexts/RSBillTexts/Asintroduced/cons-341-E.pdf?source=legislation
2944,1916,LVII,"The Constitution (Amendment) Bill, 2012 (amendment of article 15)",Rajya Sabha,2012-12-07,"PERSONNEL,  PUBLIC  GRIEVANCES  AND  PENSIONS",Veer Singh Shri,Constitutional Amendment Bill,,,,,Lapsed,https://sansad.in/getFile/BillsTexts/RSBillTexts/Asintroduced/cons-15-E.pdf?source=legislation
2945,328,XXV,"The Constitution (Scheduled Castes ) Order (Amendment) Bill ,1986",Rajya Sabha,1986-07-18,,Valampuri John Shri,Ordinary Bill,,,,,Lapsed,
2946,329,VI,"The Constitution (Amendment) Bill, 1989 [Insertion of new article 16A]",Rajya Sabha,,,Ajit  P.K. Jogi Shri,Ordinary Bill,,,,,Lapsed,
2947,2313,XLII,"The Armed Forces (Special Powers) Repeal Bill, 2018.",Rajya Sabha,2019-06-21,HUMAN RESOURCE  DEVELOPMENT,Ripun Bora Shri,Ordinary Bill,,,,,Lapsed,https://sansad.in/getFile/BillsTexts/RSBillTexts/Asintroduced/Armed-E-21619.pdf?source=legislation
2948,2313,XXXIX,"The Women (Equal Participation in International Peace Negotiations, Treaties and Agreements) Bill, 2018.",Rajya Sabha,2019-06-21,EXTERNAL AFFAIRS,Ripun Bora Shri,Ordinary Bill,,,,,Lapsed,https://sansad.in/getFile/BillsTexts/RSBillTexts/Asintroduced/women eql-E-21619.pdf?source=legislation
2949,2313,XXXVIII,"The National Anthem (Modification) Bill, 2018.",Rajya Sabha,2019-06-21,HOME AFFAIRS,Ripun Bora Shri,Ordinary Bill,,,,,Lapsed,https://sansad.in/getFile/BillsTexts/RSBillTexts/Asintroduced/Anthem-E-21619.pdf?source=legislation
2950,2313,VII,"The Constitution (Amendment) Bill, 2018, (insertion of new article 21B)",Rajya Sabha,2018-07-20,HEALTH AND FAMILY WELFARE,Ripun Bora Shri,Ordinary Bill,,,,,Lapsed,https://sansad.in/getFile/BillsTexts/RSBillTexts/Asintroduced/21B-E-20718.pdf?source=legislation
2951,2313,X,"The Companies (Amendment) Bill, 2018",Rajya Sabha,2018-07-20,CORPORATE AFFAIRS,Ripun Bora Shri,Ordinary Bill,,,,,Lapsed,https://sansad.in/getFile/BillsTexts/RSBillTexts/Asintroduced/companies-E-20718.pdf?source=legislation
2952,332,V,"The Blind Persons (Employment) Bill, 1980",Rajya Sabha,1980-06-20,LABOUR,Shiva Chandra Jha Shri,Ordinary Bill,,,,,,https://sansad.in/getFile/BillsTexts/RSBillTexts/Asintroduced/1 the Blind Persons 198011222023115734AM.pdf?source=legislation
2953,2316,XXIII,"The Reservation in Employment in Disinvested Public Sector Undertakings Bill, 2022",Rajya Sabha,2022-04-01,FINANCE,K. Somaprasad Shri,Ordinary Bill,,,,,Lapsed,https://sansad.in/getFile/BillsTexts/RSBillTexts/Asintroduced/Reservation in Employment-E.pdf?source=legislation
